Time,Driver,DriverNumber,LapTime,LapNumber,Stint,PitOutTime,PitInTime,Sector1Time,Sector2Time,Sector3Time,Sector1SessionTime,Sector2SessionTime,Sector3SessionTime,SpeedI1,SpeedI2,SpeedFL,SpeedST,IsPersonalBest,Compound,TyreLife,FreshTyre,Team,LapStartTime,LapStartDate,TrackStatus,Position,Deleted,DeletedReason,FastF1Generated,IsAccurate
0 days 00:51:23.686000,NOR,1,,1.0,1.0,0 days 00:49:34.126000,,,0 days 00:00:50.014000,0 days 00:00:21.331000,,0 days 00:51:02.744000,0 days 00:51:23.884000,269.0,178.0,250.0,250.0,False,SOFT,1.0,True,McLaren,0 days 00:49:34.126000,,1,,False,,False,False
0 days 00:52:55.149000,NOR,1,0 days 00:01:31.463000,2.0,1.0,,,0 days 00:00:32.836000,0 days 00:00:40.437000,0 days 00:00:18.190000,0 days 00:51:56.522000,0 days 00:52:36.959000,0 days 00:52:55.149000,269.0,312.0,260.0,274.0,True,SOFT,2.0,True,McLaren,0 days 00:51:23.686000,,1,,False,,False,True
0 days 00:55:07.849000,NOR,1,0 days 00:02:12.700000,3.0,1.0,,,0 days 00:00:50.333000,0 days 00:01:02.424000,0 days 00:00:19.943000,0 days 00:53:45.482000,0 days 00:54:47.906000,0 days 00:55:07.849000,177.0,280.0,255.0,260.0,False,SOFT,3.0,True,McLaren,0 days 00:52:55.149000,,1,,False,,False,True
0 days 00:56:38.943000,NOR,1,0 days 00:01:31.094000,4.0,1.0,,,0 days 00:00:32.770000,0 days 00:00:40.263000,0 days 00:00:18.061000,0 days 00:55:40.619000,0 days 00:56:20.882000,0 days 00:56:38.943000,272.0,316.0,256.0,275.0,True,SOFT,4.0,True,McLaren,0 days 00:55:07.849000,,1,,False,,False,True
0 days 00:58:53.120000,NOR,1,0 days 00:02:14.177000,5.0,1.0,,,0 days 00:00:47.014000,0 days 00:01:05.508000,0 days 00:00:21.655000,0 days 00:57:25.957000,0 days 00:58:31.465000,0 days 00:58:53.120000,160.0,191.0,256.0,223.0,False,SOFT,5.0,True,McLaren,0 days 00:56:38.943000,,12,,False,,False,True
0 days 01:00:31.258000,NOR,1,0 days 00:01:38.138000,6.0,1.0,,0 days 01:00:29.894000,0 days 00:00:33.013000,0 days 00:00:42.203000,0 days 00:00:22.922000,0 days 00:59:26.133000,0 days 01:00:08.336000,0 days 01:00:31.258000,273.0,323.0,,239.0,False,SOFT,6.0,True,McLaren,0 days 00:58:53.120000,,1,,False,,False,False
0 days 01:06:42.869000,NOR,1,,7.0,2.0,0 days 01:04:47.212000,,,0 days 00:00:51.126000,0 days 00:00:24.825000,,0 days 01:06:18.483000,0 days 01:06:43.036000,262.0,199.0,255.0,150.0,False,SOFT,1.0,True,McLaren,0 days 01:00:31.258000,,1,,False,,False,False
0 days 01:08:13.469000,NOR,1,0 days 00:01:30.600000,8.0,2.0,,,0 days 00:00:32.643000,0 days 00:00:40.146000,0 days 00:00:17.811000,0 days 01:07:15.512000,0 days 01:07:55.658000,0 days 01:08:13.469000,272.0,324.0,252.0,279.0,True,SOFT,2.0,True,McLaren,0 days 01:06:42.869000,,1,,False,,False,True
0 days 01:10:40.723000,NOR,1,0 days 00:02:27.254000,9.0,2.0,,,0 days 00:00:52.458000,0 days 00:01:06.244000,0 days 00:00:28.552000,0 days 01:09:05.927000,0 days 01:10:12.171000,0 days 01:10:40.723000,179.0,129.0,252.0,148.0,False,SOFT,3.0,True,McLaren,0 days 01:08:13.469000,,1,,False,,False,True
0 days 01:12:11.407000,NOR,1,0 days 00:01:30.684000,10.0,2.0,,,0 days 00:00:32.790000,0 days 00:00:39.943000,0 days 00:00:17.951000,0 days 01:11:13.513000,0 days 01:11:53.456000,0 days 01:12:11.407000,273.0,318.0,253.0,276.0,False,SOFT,4.0,True,McLaren,0 days 01:10:40.723000,,1,,False,,False,True
0 days 01:14:10.408000,NOR,1,0 days 00:01:59.001000,11.0,2.0,,,0 days 00:00:49.229000,0 days 00:00:50.743000,0 days 00:00:19.029000,0 days 01:13:00.636000,0 days 01:13:51.379000,0 days 01:14:10.408000,221.0,276.0,254.0,260.0,False,SOFT,5.0,True,McLaren,0 days 01:12:11.407000,,1,,False,,False,True
0 days 01:16:15.966000,NOR,1,0 days 00:02:05.558000,12.0,2.0,,,0 days 00:00:39.207000,0 days 00:00:53.544000,0 days 00:00:32.807000,0 days 01:14:49.615000,0 days 01:15:43.159000,0 days 01:16:15.966000,206.0,233.0,29.0,201.0,False,SOFT,6.0,True,McLaren,0 days 01:14:10.408000,,1,,False,,False,True
0 days 01:18:55.893000,NOR,1,,13.0,2.0,,0 days 01:18:54.280000,0 days 00:01:22.992000,0 days 00:00:50.215000,0 days 00:00:26.514000,0 days 01:17:39.207000,0 days 01:18:29.428000,0 days 01:18:55.893000,244.0,239.0,,239.0,False,SOFT,7.0,True,McLaren,0 days 01:16:15.966000,,1,,False,,False,False
0 days 00:33:50.102000,VER,3,,1.0,1.0,0 days 00:32:01.811000,,,0 days 00:00:48.297000,0 days 00:00:24.143000,,0 days 00:33:26.318000,0 days 00:33:50.230000,144.0,257.0,269.0,149.0,False,MEDIUM,1.0,True,Red Bull Racing,0 days 00:32:01.811000,,1,,False,,False,False
0 days 00:35:21.658000,VER,3,0 days 00:01:31.556000,2.0,1.0,,,0 days 00:00:32.996000,0 days 00:00:40.839000,0 days 00:00:17.721000,0 days 00:34:23.098000,0 days 00:35:03.937000,0 days 00:35:21.658000,271.0,336.0,261.0,288.0,True,MEDIUM,2.0,True,Red Bull Racing,0 days 00:33:50.102000,,1,,False,,False,True
0 days 00:37:30.786000,VER,3,0 days 00:02:09.128000,3.0,1.0,,0 days 00:37:29.612000,0 days 00:00:51.306000,0 days 00:00:52.575000,0 days 00:00:25.247000,0 days 00:36:12.964000,0 days 00:37:05.539000,0 days 00:37:30.786000,208.0,268.0,,238.0,False,MEDIUM,3.0,True,Red Bull Racing,0 days 00:35:21.658000,,1,,False,,False,False
0 days 00:39:43.199000,VER,3,0 days 00:02:12.413000,4.0,2.0,0 days 00:37:56.004000,,0 days 00:01:00.174000,0 days 00:00:47.289000,0 days 00:00:24.950000,0 days 00:38:30.960000,0 days 00:39:18.249000,0 days 00:39:43.199000,252.0,201.0,267.0,157.0,False,MEDIUM,4.0,False,Red Bull Racing,0 days 00:37:30.786000,,1,,False,,False,False
0 days 00:41:14.553000,VER,3,0 days 00:01:31.354000,5.0,2.0,,,0 days 00:00:33.017000,0 days 00:00:40.625000,0 days 00:00:17.712000,0 days 00:40:16.216000,0 days 00:40:56.841000,0 days 00:41:14.553000,272.0,333.0,257.0,287.0,True,MEDIUM,5.0,False,Red Bull Racing,0 days 00:39:43.199000,,1,,False,,False,True
0 days 00:43:18.675000,VER,3,0 days 00:02:04.122000,6.0,2.0,,,0 days 00:00:47.335000,0 days 00:00:49.568000,0 days 00:00:27.219000,0 days 00:42:01.888000,0 days 00:42:51.456000,0 days 00:43:18.675000,209.0,270.0,262.0,176.0,False,MEDIUM,6.0,False,Red Bull Racing,0 days 00:41:14.553000,,1,,False,,False,True
0 days 00:44:50.072000,VER,3,0 days 00:01:31.397000,7.0,2.0,,,0 days 00:00:32.931000,0 days 00:00:40.684000,0 days 00:00:17.782000,0 days 00:43:51.606000,0 days 00:44:32.290000,0 days 00:44:50.072000,271.0,329.0,258.0,283.0,False,MEDIUM,7.0,False,Red Bull Racing,0 days 00:43:18.675000,,1,,False,,False,True
0 days 00:46:44.738000,VER,3,0 days 00:01:54.666000,8.0,2.0,,0 days 00:46:43.567000,0 days 00:00:41.986000,0 days 00:00:48.355000,0 days 00:00:24.325000,0 days 00:45:32.058000,0 days 00:46:20.413000,0 days 00:46:44.738000,214.0,204.0,,254.0,False,MEDIUM,8.0,False,Red Bull Racing,0 days 00:44:50.072000,,1,,False,,False,False
0 days 00:48:44.402000,VER,3,0 days 00:01:59.664000,9.0,3.0,0 days 00:47:11.161000,,0 days 00:00:59.366000,0 days 00:00:42.035000,0 days 00:00:18.263000,0 days 00:47:44.104000,0 days 00:48:26.139000,0 days 00:48:44.402000,269.0,316.0,282.0,277.0,False,MEDIUM,9.0,False,Red Bull Racing,0 days 00:46:44.738000,,1,,False,,False,False
0 days 00:50:17.334000,VER,3,0 days 00:01:32.932000,10.0,3.0,,,0 days 00:00:33.684000,0 days 00:00:41.290000,0 days 00:00:17.958000,0 days 00:49:18.086000,0 days 00:49:59.376000,0 days 00:50:17.334000,268.0,319.0,282.0,278.0,False,MEDIUM,10.0,False,Red Bull Racing,0 days 00:48:44.402000,,1,,False,,False,True
0 days 00:51:50.271000,VER,3,0 days 00:01:32.937000,11.0,3.0,,,0 days 00:00:33.658000,0 days 00:00:41.422000,0 days 00:00:17.857000,0 days 00:50:50.992000,0 days 00:51:32.414000,0 days 00:51:50.271000,269.0,313.0,282.0,276.0,False,MEDIUM,11.0,False,Red Bull Racing,0 days 00:50:17.334000,,1,,False,,False,True
0 days 00:53:23.897000,VER,3,0 days 00:01:33.626000,12.0,3.0,,,0 days 00:00:33.935000,0 days 00:00:41.267000,0 days 00:00:18.424000,0 days 00:52:24.206000,0 days 00:53:05.473000,0 days 00:53:23.897000,270.0,317.0,282.0,280.0,False,MEDIUM,12.0,False,Red Bull Racing,0 days 00:51:50.271000,,1,,False,,False,True
0 days 00:54:59.873000,VER,3,0 days 00:01:35.976000,13.0,3.0,,0 days 00:54:58.628000,0 days 00:00:33.741000,0 days 00:00:41.224000,0 days 00:00:21.011000,0 days 00:53:57.638000,0 days 00:54:38.862000,0 days 00:54:59.873000,268.0,319.0,,279.0,False,MEDIUM,13.0,False,Red Bull Racing,0 days 00:53:23.897000,,1,,False,,False,False
0 days 01:02:00.670000,VER,3,,14.0,4.0,0 days 01:00:15.642000,,,0 days 00:00:44.933000,0 days 00:00:25.369000,,0 days 01:01:35.589000,0 days 01:02:00.790000,253.0,195.0,269.0,184.0,False,SOFT,1.0,True,Red Bull Racing,0 days 00:54:59.873000,,12,,False,,False,False
0 days 01:03:31.580000,VER,3,0 days 00:01:30.910000,15.0,4.0,,,0 days 00:00:32.659000,0 days 00:00:40.516000,0 days 00:00:17.735000,0 days 01:02:33.329000,0 days 01:03:13.845000,0 days 01:03:31.580000,275.0,332.0,256.0,284.0,True,SOFT,2.0,True,Red Bull Racing,0 days 01:02:00.670000,,1,,False,,False,True
0 days 01:05:27.467000,VER,3,0 days 00:01:55.887000,16.0,4.0,,0 days 01:05:26.226000,0 days 00:00:43.446000,0 days 00:00:48.041000,0 days 00:00:24.400000,0 days 01:04:15.026000,0 days 01:05:03.067000,0 days 01:05:27.467000,240.0,258.0,,238.0,False,SOFT,3.0,True,Red Bull Racing,0 days 01:03:31.580000,,1,,False,,False,False
0 days 01:07:49.299000,VER,3,0 days 00:02:21.832000,17.0,5.0,0 days 01:05:53.792000,,0 days 00:01:04.987000,0 days 00:00:51.156000,0 days 00:00:25.689000,0 days 01:06:32.454000,0 days 01:07:23.610000,0 days 01:07:49.299000,148.0,208.0,266.0,169.0,False,SOFT,4.0,False,Red Bull Racing,0 days 01:05:27.467000,,1,,False,,False,False
0 days 01:09:20.232000,VER,3,0 days 00:01:30.933000,18.0,5.0,,,0 days 00:00:32.687000,0 days 00:00:40.457000,0 days 00:00:17.789000,0 days 01:08:21.986000,0 days 01:09:02.443000,0 days 01:09:20.232000,273.0,325.0,259.0,280.0,False,SOFT,5.0,False,Red Bull Racing,0 days 01:07:49.299000,,1,,False,,False,True
0 days 01:11:09.006000,VER,3,0 days 00:01:48.774000,19.0,5.0,,0 days 01:11:07.750000,0 days 00:00:40.912000,0 days 00:00:44.698000,0 days 00:00:23.164000,0 days 01:10:01.144000,0 days 01:10:45.842000,0 days 01:11:09.006000,255.0,273.0,,267.0,False,SOFT,6.0,False,Red Bull Racing,0 days 01:09:20.232000,,1,,False,,False,False
0 days 01:13:43.422000,VER,3,,20.0,6.0,0 days 01:11:28.766000,,0 days 00:01:22.210000,0 days 00:00:51.391000,0 days 00:00:20.689000,0 days 01:12:31.474000,0 days 01:13:22.910000,0 days 01:13:43.500000,253.0,183.0,245.0,244.0,False,SOFT,7.0,False,Red Bull Racing,0 days 01:11:09.006000,,1,,False,,False,False
0 days 01:15:39.125000,VER,3,0 days 00:01:55.703000,21.0,6.0,,,0 days 00:00:36.164000,0 days 00:00:46.946000,0 days 00:00:32.593000,0 days 01:14:19.586000,0 days 01:15:06.532000,0 days 01:15:39.125000,260.0,134.0,98.0,151.0,False,SOFT,8.0,False,Red Bull Racing,0 days 01:13:43.422000,,1,,False,,False,True
0 days 01:18:03.958000,VER,3,0 days 00:02:24.833000,22.0,6.0,,0 days 01:18:02.519000,0 days 00:01:18.314000,0 days 00:00:44.177000,0 days 00:00:22.342000,0 days 01:16:57.439000,0 days 01:17:41.616000,0 days 01:18:03.958000,250.0,279.0,,235.0,False,SOFT,9.0,False,Red Bull Racing,0 days 01:15:39.125000,,1,,False,,False,False
0 days 00:26:43.413000,BOR,5,,1.0,1.0,0 days 00:24:59.758000,,,0 days 00:00:45.452000,0 days 00:00:21.330000,,0 days 00:26:22.393000,0 days 00:26:43.672000,265.0,258.0,257.0,213.0,False,MEDIUM,1.0,True,Audi,0 days 00:24:59.758000,,1,,False,,False,False
0 days 00:28:15.564000,BOR,5,0 days 00:01:32.151000,2.0,1.0,,,0 days 00:00:33.240000,0 days 00:00:40.928000,0 days 00:00:17.983000,0 days 00:27:16.653000,0 days 00:27:57.581000,0 days 00:28:15.564000,274.0,319.0,265.0,278.0,True,MEDIUM,2.0,True,Audi,0 days 00:26:43.413000,,1,,False,,False,True
0 days 00:30:33.246000,BOR,5,0 days 00:02:17.682000,3.0,1.0,,,0 days 00:00:51.005000,0 days 00:01:02.472000,0 days 00:00:24.205000,0 days 00:29:06.569000,0 days 00:30:09.041000,0 days 00:30:33.246000,132.0,265.0,260.0,229.0,False,MEDIUM,3.0,True,Audi,0 days 00:28:15.564000,,1,,False,,False,True
0 days 00:32:04.819000,BOR,5,0 days 00:01:31.573000,4.0,1.0,,,0 days 00:00:33.124000,0 days 00:00:40.595000,0 days 00:00:17.854000,0 days 00:31:06.370000,0 days 00:31:46.965000,0 days 00:32:04.819000,278.0,324.0,266.0,283.0,True,MEDIUM,4.0,True,Audi,0 days 00:30:33.246000,,1,,False,,False,True
0 days 00:34:03.833000,BOR,5,0 days 00:01:59.014000,5.0,1.0,,0 days 00:34:02.402000,0 days 00:00:46.551000,0 days 00:00:48.891000,0 days 00:00:23.572000,0 days 00:32:51.370000,0 days 00:33:40.261000,0 days 00:34:03.833000,251.0,262.0,,239.0,False,MEDIUM,5.0,True,Audi,0 days 00:32:04.819000,,1,,False,,False,False
0 days 00:36:20.867000,BOR,5,0 days 00:02:17.034000,6.0,2.0,0 days 00:34:30.871000,,0 days 00:01:06.030000,0 days 00:00:47.160000,0 days 00:00:23.844000,0 days 00:35:09.863000,0 days 00:35:57.023000,0 days 00:36:20.867000,268.0,260.0,257.0,215.0,False,MEDIUM,6.0,False,Audi,0 days 00:34:03.833000,,1,,False,,False,False
0 days 00:37:52.368000,BOR,5,0 days 00:01:31.501000,7.0,2.0,,,0 days 00:00:33.207000,0 days 00:00:40.501000,0 days 00:00:17.793000,0 days 00:36:54.074000,0 days 00:37:34.575000,0 days 00:37:52.368000,276.0,322.0,268.0,280.0,True,MEDIUM,7.0,False,Audi,0 days 00:36:20.867000,,1,,False,,False,True
0 days 00:39:52.994000,BOR,5,0 days 00:02:00.626000,8.0,2.0,,,0 days 00:00:43.448000,0 days 00:00:53.188000,0 days 00:00:23.990000,0 days 00:38:35.816000,0 days 00:39:29.004000,0 days 00:39:52.994000,206.0,278.0,258.0,213.0,False,MEDIUM,8.0,False,Audi,0 days 00:37:52.368000,,1,,False,,False,True
0 days 00:41:24.095000,BOR,5,0 days 00:01:31.101000,9.0,2.0,,,0 days 00:00:32.883000,0 days 00:00:40.584000,0 days 00:00:17.634000,0 days 00:40:25.877000,0 days 00:41:06.461000,0 days 00:41:24.095000,279.0,332.0,266.0,288.0,True,MEDIUM,9.0,False,Audi,0 days 00:39:52.994000,,1,,False,,False,True
0 days 00:43:23.237000,BOR,5,0 days 00:01:59.142000,10.0,2.0,,0 days 00:43:21.918000,0 days 00:00:40.360000,0 days 00:00:47.882000,0 days 00:00:30.900000,0 days 00:42:04.455000,0 days 00:42:52.337000,0 days 00:43:23.237000,270.0,264.0,,193.0,False,MEDIUM,10.0,False,Audi,0 days 00:41:24.095000,,1,,False,,False,False
0 days 00:55:22.105000,BOR,5,,11.0,3.0,0 days 00:53:31.415000,,,0 days 00:00:46.865000,0 days 00:00:28.312000,,0 days 00:54:54.001000,0 days 00:55:22.235000,271.0,268.0,257.0,215.0,False,SOFT,1.0,True,Audi,0 days 00:43:23.237000,,1,,False,,False,False
0 days 00:56:59.146000,BOR,5,0 days 00:01:37.041000,12.0,3.0,,0 days 00:56:57.711000,0 days 00:00:33.014000,0 days 00:00:40.172000,0 days 00:00:23.855000,0 days 00:55:55.119000,0 days 00:56:35.291000,0 days 00:56:59.146000,277.0,327.0,,287.0,False,SOFT,2.0,True,Audi,0 days 00:55:22.105000,,12,,False,,False,False
0 days 00:59:26.899000,BOR,5,0 days 00:02:27.753000,13.0,4.0,0 days 00:57:29.519000,,0 days 00:01:15.741000,0 days 00:00:49.853000,0 days 00:00:22.159000,0 days 00:58:14.887000,0 days 00:59:04.740000,0 days 00:59:26.899000,223.0,259.0,256.0,214.0,False,SOFT,3.0,False,Audi,0 days 00:56:59.146000,,1,,False,,False,False
0 days 01:00:57.899000,BOR,5,0 days 00:01:31,14.0,4.0,,,0 days 00:00:32.811000,0 days 00:00:40.384000,0 days 00:00:17.805000,0 days 00:59:59.710000,0 days 01:00:40.094000,0 days 01:00:57.899000,276.0,323.0,265.0,282.0,True,SOFT,4.0,False,Audi,0 days 00:59:26.899000,,1,,False,,False,True
0 days 01:03:14.949000,BOR,5,0 days 00:02:17.050000,15.0,4.0,,0 days 01:03:13.350000,0 days 00:00:51.157000,0 days 00:01:00.218000,0 days 00:00:25.675000,0 days 01:01:49.056000,0 days 01:02:49.274000,0 days 01:03:14.949000,168.0,270.0,,223.0,False,SOFT,5.0,False,Audi,0 days 01:00:57.899000,,1,,False,,False,False
0 days 01:05:17.192000,BOR,5,0 days 00:02:02.243000,16.0,5.0,0 days 01:03:32.380000,,0 days 00:00:53.973000,0 days 00:00:46.472000,0 days 00:00:21.798000,0 days 01:04:08.922000,0 days 01:04:55.394000,0 days 01:05:17.192000,268.0,260.0,256.0,214.0,False,SOFT,6.0,False,Audi,0 days 01:03:14.949000,,1,,False,,False,False
0 days 01:06:48.259000,BOR,5,0 days 00:01:31.067000,17.0,5.0,,,0 days 00:00:32.908000,0 days 00:00:40.345000,0 days 00:00:17.814000,0 days 01:05:50.100000,0 days 01:06:30.445000,0 days 01:06:48.259000,277.0,324.0,266.0,283.0,False,SOFT,7.0,False,Audi,0 days 01:05:17.192000,,1,,False,,False,True
0 days 01:08:45.785000,BOR,5,0 days 00:01:57.526000,18.0,5.0,,0 days 01:08:44.205000,0 days 00:00:39.842000,0 days 00:00:51.848000,0 days 00:00:25.836000,0 days 01:07:28.101000,0 days 01:08:19.949000,0 days 01:08:45.785000,205.0,225.0,,193.0,False,SOFT,8.0,False,Audi,0 days 01:06:48.259000,,1,,False,,False,False
0 days 01:13:49.629000,BOR,5,,19.0,6.0,0 days 01:11:54.999000,,,0 days 00:00:51.524000,0 days 00:00:22.569000,,0 days 01:13:27.060000,0 days 01:13:49.662000,161.0,259.0,248.0,242.0,False,SOFT,9.0,False,Audi,0 days 01:08:45.785000,,1,,False,,False,False
0 days 01:15:48.495000,BOR,5,0 days 00:01:58.866000,20.0,6.0,,,0 days 00:00:42.801000,0 days 00:00:50.216000,0 days 00:00:25.849000,0 days 01:14:32.430000,0 days 01:15:22.646000,0 days 01:15:48.495000,193.0,258.0,148.0,255.0,False,SOFT,10.0,False,Audi,0 days 01:13:49.629000,,1,,False,,False,True
0 days 01:18:16.030000,BOR,5,0 days 00:02:27.535000,21.0,6.0,,0 days 01:18:14.252000,0 days 00:01:15.965000,0 days 00:00:46.930000,0 days 00:00:24.640000,0 days 01:17:04.460000,0 days 01:17:51.390000,0 days 01:18:16.030000,273.0,261.0,,211.0,False,SOFT,11.0,False,Audi,0 days 01:15:48.495000,,1,,False,,False,False
0 days 00:33:35.677000,HAD,6,,1.0,1.0,0 days 00:31:43.427000,,,0 days 00:00:47.526000,0 days 00:00:22.933000,,0 days 00:33:13.093000,0 days 00:33:35.930000,249.0,265.0,267.0,200.0,False,MEDIUM,1.0,True,Red Bull Racing,0 days 00:31:43.427000,,1,,False,,False,False
0 days 00:35:07.863000,HAD,6,0 days 00:01:32.186000,2.0,1.0,,,0 days 00:00:33.440000,0 days 00:00:40.924000,0 days 00:00:17.822000,0 days 00:34:09.117000,0 days 00:34:50.041000,0 days 00:35:07.863000,273.0,327.0,258.0,283.0,True,MEDIUM,2.0,True,Red Bull Racing,0 days 00:33:35.677000,,1,,False,,False,True
0 days 00:37:23.001000,HAD,6,0 days 00:02:15.138000,3.0,1.0,,,0 days 00:00:55.953000,0 days 00:00:55.429000,0 days 00:00:23.756000,0 days 00:36:03.816000,0 days 00:36:59.245000,0 days 00:37:23.001000,173.0,237.0,267.0,156.0,False,MEDIUM,3.0,True,Red Bull Racing,0 days 00:35:07.863000,,1,,False,,False,True
0 days 00:38:54.698000,HAD,6,0 days 00:01:31.697000,4.0,1.0,,,0 days 00:00:33.216000,0 days 00:00:40.737000,0 days 00:00:17.744000,0 days 00:37:56.217000,0 days 00:38:36.954000,0 days 00:38:54.698000,273.0,327.0,266.0,283.0,True,MEDIUM,4.0,True,Red Bull Racing,0 days 00:37:23.001000,,1,,False,,False,True
0 days 00:41:06.693000,HAD,6,0 days 00:02:11.995000,5.0,1.0,,,0 days 00:00:51.018000,0 days 00:00:52.180000,0 days 00:00:28.797000,0 days 00:39:45.716000,0 days 00:40:37.896000,0 days 00:41:06.693000,210.0,188.0,268.0,129.0,False,MEDIUM,5.0,True,Red Bull Racing,0 days 00:38:54.698000,,1,,False,,False,True
0 days 00:42:38.217000,HAD,6,0 days 00:01:31.524000,6.0,1.0,,,0 days 00:00:32.911000,0 days 00:00:40.672000,0 days 00:00:17.941000,0 days 00:41:39.604000,0 days 00:42:20.276000,0 days 00:42:38.217000,277.0,315.0,272.0,278.0,True,MEDIUM,6.0,True,Red Bull Racing,0 days 00:41:06.693000,,1,,False,,False,True
0 days 00:44:28.783000,HAD,6,0 days 00:01:50.566000,7.0,1.0,,,0 days 00:00:46.294000,0 days 00:00:46.089000,0 days 00:00:18.183000,0 days 00:43:24.511000,0 days 00:44:10.600000,0 days 00:44:28.783000,200.0,315.0,272.0,276.0,False,MEDIUM,7.0,True,Red Bull Racing,0 days 00:42:38.217000,,1,,False,,False,True
0 days 00:46:02.780000,HAD,6,0 days 00:01:33.997000,8.0,1.0,,,0 days 00:00:33.956000,0 days 00:00:41.913000,0 days 00:00:18.128000,0 days 00:45:02.739000,0 days 00:45:44.652000,0 days 00:46:02.780000,268.0,310.0,277.0,276.0,False,MEDIUM,8.0,True,Red Bull Racing,0 days 00:44:28.783000,,1,,False,,False,True
0 days 00:47:36.302000,HAD,6,0 days 00:01:33.522000,9.0,1.0,,,0 days 00:00:33.841000,0 days 00:00:41.696000,0 days 00:00:17.985000,0 days 00:46:36.621000,0 days 00:47:18.317000,0 days 00:47:36.302000,267.0,316.0,279.0,278.0,False,MEDIUM,9.0,True,Red Bull Racing,0 days 00:46:02.780000,,1,,False,,False,True
0 days 00:49:09.615000,HAD,6,0 days 00:01:33.313000,10.0,1.0,,,0 days 00:00:33.743000,0 days 00:00:41.666000,0 days 00:00:17.904000,0 days 00:48:10.045000,0 days 00:48:51.711000,0 days 00:49:09.615000,266.0,318.0,280.0,281.0,False,MEDIUM,10.0,True,Red Bull Racing,0 days 00:47:36.302000,,1,,False,,False,True
0 days 00:50:46.259000,HAD,6,0 days 00:01:36.644000,11.0,1.0,,,0 days 00:00:33.732000,0 days 00:00:41.568000,0 days 00:00:21.344000,0 days 00:49:43.347000,0 days 00:50:24.915000,0 days 00:50:46.259000,274.0,326.0,236.0,287.0,False,MEDIUM,11.0,True,Red Bull Racing,0 days 00:49:09.615000,,1,,False,,False,True
0 days 00:52:24.042000,HAD,6,0 days 00:01:37.783000,12.0,1.0,,0 days 00:52:22.699000,0 days 00:00:34.599000,0 days 00:00:42.552000,0 days 00:00:20.632000,0 days 00:51:20.858000,0 days 00:52:03.410000,0 days 00:52:24.042000,268.0,282.0,,269.0,False,MEDIUM,12.0,True,Red Bull Racing,0 days 00:50:46.259000,,1,,False,,False,False
0 days 01:02:45.303000,HAD,6,,13.0,2.0,0 days 01:00:44.909000,,,0 days 00:00:47.589000,0 days 00:00:23.443000,,0 days 01:02:22.011000,0 days 01:02:45.452000,234.0,210.0,266.0,219.0,False,SOFT,1.0,True,Red Bull Racing,0 days 00:52:24.042000,,12,,False,,False,False
0 days 01:04:16.397000,HAD,6,0 days 00:01:31.094000,14.0,2.0,,,0 days 00:00:32.756000,0 days 00:00:40.566000,0 days 00:00:17.772000,0 days 01:03:18.059000,0 days 01:03:58.625000,0 days 01:04:16.397000,278.0,331.0,259.0,287.0,True,SOFT,2.0,True,Red Bull Racing,0 days 01:02:45.303000,,1,,False,,False,True
0 days 01:06:25.051000,HAD,6,0 days 00:02:08.654000,15.0,2.0,,,0 days 00:00:52.793000,0 days 00:00:53.762000,0 days 00:00:22.099000,0 days 01:05:09.190000,0 days 01:06:02.952000,0 days 01:06:25.051000,222.0,251.0,226.0,230.0,False,SOFT,3.0,True,Red Bull Racing,0 days 01:04:16.397000,,1,,False,,False,True
0 days 01:08:19.198000,HAD,6,0 days 00:01:54.147000,16.0,2.0,,,0 days 00:00:41.144000,0 days 00:00:47.439000,0 days 00:00:25.564000,0 days 01:07:06.195000,0 days 01:07:53.634000,0 days 01:08:19.198000,247.0,263.0,266.0,206.0,False,SOFT,4.0,True,Red Bull Racing,0 days 01:06:25.051000,,1,,False,,False,True
0 days 01:10:18.178000,HAD,6,0 days 00:01:58.980000,17.0,2.0,,,0 days 00:00:32.885000,0 days 00:01:03.421000,0 days 00:00:22.674000,0 days 01:08:52.083000,0 days 01:09:55.504000,0 days 01:10:18.178000,267.0,190.0,221.0,248.0,False,SOFT,5.0,True,Red Bull Racing,0 days 01:08:19.198000,,1,,False,,False,True
0 days 01:12:09.893000,HAD,6,0 days 00:01:51.715000,18.0,2.0,,,0 days 00:00:39.509000,0 days 00:00:47.017000,0 days 00:00:25.189000,0 days 01:10:57.687000,0 days 01:11:44.704000,0 days 01:12:09.893000,258.0,248.0,266.0,199.0,False,SOFT,6.0,True,Red Bull Racing,0 days 01:10:18.178000,,1,,False,,False,True
0 days 01:13:53.834000,HAD,6,0 days 00:01:43.941000,19.0,2.0,,,0 days 00:00:32.907000,0 days 00:00:46.035000,0 days 00:00:24.999000,0 days 01:12:42.800000,0 days 01:13:28.835000,0 days 01:13:53.834000,275.0,168.0,207.0,219.0,False,SOFT,7.0,True,Red Bull Racing,0 days 01:12:09.893000,,1,,False,,False,True
0 days 01:15:58.002000,HAD,6,0 days 00:02:04.168000,20.0,2.0,,,0 days 00:00:44.292000,0 days 00:00:47.730000,0 days 00:00:32.146000,0 days 01:14:38.126000,0 days 01:15:25.856000,0 days 01:15:58.002000,243.0,272.0,69.0,168.0,False,SOFT,8.0,True,Red Bull Racing,0 days 01:13:53.834000,,1,,False,,False,True
0 days 01:18:24.531000,HAD,6,0 days 00:02:26.529000,21.0,2.0,,0 days 01:18:23.157000,0 days 00:01:22.400000,0 days 00:00:42.735000,0 days 00:00:21.394000,0 days 01:17:20.402000,0 days 01:18:03.137000,0 days 01:18:24.531000,263.0,283.0,,268.0,False,SOFT,9.0,True,Red Bull Racing,0 days 01:15:58.002000,,1,,False,,False,False
0 days 00:18:22.045000,GAS,10,,1.0,1.0,0 days 00:16:35.994000,,,0 days 00:00:45.953000,0 days 00:00:22.155000,,0 days 00:18:00.182000,0 days 00:18:22.328000,254.0,255.0,260.0,255.0,False,MEDIUM,1.0,True,Alpine,0 days 00:16:35.994000,,1,,False,,False,False
0 days 00:19:54.905000,GAS,10,0 days 00:01:32.860000,2.0,1.0,,,0 days 00:00:33.897000,0 days 00:00:40.998000,0 days 00:00:17.965000,0 days 00:18:55.942000,0 days 00:19:36.940000,0 days 00:19:54.905000,275.0,323.0,268.0,279.0,True,MEDIUM,2.0,True,Alpine,0 days 00:18:22.045000,,1,,False,,False,True
0 days 00:22:19.148000,GAS,10,0 days 00:02:24.243000,3.0,1.0,,,0 days 00:00:57.081000,0 days 00:01:04.126000,0 days 00:00:23.036000,0 days 00:20:51.986000,0 days 00:21:56.112000,0 days 00:22:19.148000,145.0,249.0,260.0,248.0,False,MEDIUM,3.0,True,Alpine,0 days 00:19:54.905000,,1,,False,,False,True
0 days 00:23:51.399000,GAS,10,0 days 00:01:32.251000,4.0,1.0,,,0 days 00:00:33.511000,0 days 00:00:40.753000,0 days 00:00:17.987000,0 days 00:22:52.659000,0 days 00:23:33.412000,0 days 00:23:51.399000,275.0,322.0,266.0,275.0,True,MEDIUM,4.0,True,Alpine,0 days 00:22:19.148000,,1,,False,,False,True
0 days 00:26:18.487000,GAS,10,0 days 00:02:27.088000,5.0,1.0,,,0 days 00:00:56.968000,0 days 00:01:06.459000,0 days 00:00:23.661000,0 days 00:24:48.367000,0 days 00:25:54.826000,0 days 00:26:18.487000,108.0,251.0,259.0,173.0,False,MEDIUM,5.0,True,Alpine,0 days 00:23:51.399000,,1,,False,,False,True
0 days 00:27:50.049000,GAS,10,0 days 00:01:31.562000,6.0,1.0,,,0 days 00:00:33.332000,0 days 00:00:40.509000,0 days 00:00:17.721000,0 days 00:26:51.819000,0 days 00:27:32.328000,0 days 00:27:50.049000,273.0,326.0,267.0,279.0,True,MEDIUM,6.0,True,Alpine,0 days 00:26:18.487000,,1,,False,,False,True
0 days 00:29:56.842000,GAS,10,0 days 00:02:06.793000,7.0,1.0,,0 days 00:29:55.451000,0 days 00:00:46.232000,0 days 00:00:53.428000,0 days 00:00:27.133000,0 days 00:28:36.281000,0 days 00:29:29.709000,0 days 00:29:56.842000,221.0,239.0,,210.0,False,MEDIUM,7.0,True,Alpine,0 days 00:27:50.049000,,1,,False,,False,False
0 days 00:43:52.229000,GAS,10,,8.0,2.0,0 days 00:42:07.949000,,,0 days 00:00:45.015000,0 days 00:00:21.906000,,0 days 00:43:30.354000,0 days 00:43:52.241000,257.0,257.0,263.0,256.0,False,MEDIUM,8.0,False,Alpine,0 days 00:29:56.842000,,1,,False,,False,False
0 days 00:45:32.939000,GAS,10,0 days 00:01:40.710000,9.0,2.0,,0 days 00:45:31.521000,0 days 00:00:33.576000,0 days 00:00:40.944000,0 days 00:00:26.190000,0 days 00:44:25.805000,0 days 00:45:06.749000,0 days 00:45:32.939000,271.0,323.0,,197.0,False,MEDIUM,9.0,False,Alpine,0 days 00:43:52.229000,,1,,False,,False,False
0 days 00:48:28.094000,GAS,10,,10.0,3.0,0 days 00:45:55.305000,,0 days 00:01:33.456000,0 days 00:00:58.237000,0 days 00:00:23.417000,0 days 00:47:06.558000,0 days 00:48:04.724000,0 days 00:48:28.094000,131.0,251.0,264.0,253.0,False,MEDIUM,10.0,False,Alpine,0 days 00:45:32.939000,,1,,False,,False,False
0 days 00:50:11.190000,GAS,10,0 days 00:01:43.096000,11.0,3.0,,0 days 00:50:09.486000,0 days 00:00:33.550000,0 days 00:00:40.827000,0 days 00:00:28.719000,0 days 00:49:01.644000,0 days 00:49:42.471000,0 days 00:50:11.190000,271.0,306.0,,203.0,False,MEDIUM,11.0,False,Alpine,0 days 00:48:28.094000,,1,,False,,False,False
0 days 01:02:14.967000,GAS,10,,12.0,4.0,0 days 01:00:28.006000,,,0 days 00:00:45.021000,0 days 00:00:24.721000,,0 days 01:01:50.496000,0 days 01:02:15.121000,255.0,256.0,253.0,252.0,False,SOFT,1.0,True,Alpine,0 days 00:50:11.190000,,12,,False,,False,False
0 days 01:03:46.092000,GAS,10,0 days 00:01:31.125000,13.0,4.0,,,0 days 00:00:32.972000,0 days 00:00:40.377000,0 days 00:00:17.776000,0 days 01:02:47.939000,0 days 01:03:28.316000,0 days 01:03:46.092000,274.0,328.0,269.0,282.0,True,SOFT,2.0,True,Alpine,0 days 01:02:14.967000,,1,,False,,False,True
0 days 01:06:13.262000,GAS,10,0 days 00:02:27.170000,14.0,4.0,,,0 days 00:00:53.581000,0 days 00:01:06.424000,0 days 00:00:27.165000,0 days 01:04:39.673000,0 days 01:05:46.097000,0 days 01:06:13.262000,154.0,172.0,180.0,184.0,False,SOFT,3.0,True,Alpine,0 days 01:03:46.092000,,1,,False,,False,True
0 days 01:08:13.287000,GAS,10,0 days 00:02:00.025000,15.0,4.0,,,0 days 00:00:51.459000,0 days 00:00:47.479000,0 days 00:00:21.087000,0 days 01:07:04.721000,0 days 01:07:52.200000,0 days 01:08:13.287000,208.0,257.0,257.0,254.0,False,SOFT,4.0,True,Alpine,0 days 01:06:13.262000,,1,,False,,False,True
0 days 01:09:44.369000,GAS,10,0 days 00:01:31.082000,16.0,4.0,,,0 days 00:00:32.971000,0 days 00:00:40.346000,0 days 00:00:17.765000,0 days 01:08:46.258000,0 days 01:09:26.604000,0 days 01:09:44.369000,275.0,325.0,267.0,280.0,True,SOFT,5.0,True,Alpine,0 days 01:08:13.287000,,1,,False,,False,True
0 days 01:12:03.710000,GAS,10,0 days 00:02:19.341000,17.0,4.0,,,0 days 00:00:55.464000,0 days 00:01:02.369000,0 days 00:00:21.508000,0 days 01:10:39.833000,0 days 01:11:42.202000,0 days 01:12:03.710000,136.0,273.0,264.0,262.0,False,SOFT,6.0,True,Alpine,0 days 01:09:44.369000,,1,,False,,False,True
0 days 01:13:35.286000,GAS,10,0 days 00:01:31.576000,18.0,4.0,,,0 days 00:00:33.026000,0 days 00:00:40.818000,0 days 00:00:17.732000,0 days 01:12:36.736000,0 days 01:13:17.554000,0 days 01:13:35.286000,273.0,330.0,266.0,282.0,False,SOFT,7.0,True,Alpine,0 days 01:12:03.710000,,1,,False,,False,True
0 days 01:15:45.826000,GAS,10,0 days 00:02:10.540000,19.0,4.0,,,0 days 00:00:46.780000,0 days 00:00:53.795000,0 days 00:00:29.965000,0 days 01:14:22.066000,0 days 01:15:15.861000,0 days 01:15:45.826000,214.0,240.0,93.0,174.0,False,SOFT,8.0,True,Alpine,0 days 01:13:35.286000,,1,,False,,False,True
0 days 01:18:11.693000,GAS,10,0 days 00:02:25.867000,20.0,4.0,,0 days 01:18:10.328000,0 days 00:01:13.862000,0 days 00:00:43.259000,0 days 00:00:28.746000,0 days 01:16:59.688000,0 days 01:17:42.947000,0 days 01:18:11.693000,277.0,252.0,,192.0,False,SOFT,9.0,True,Alpine,0 days 01:15:45.826000,,1,,False,,False,False
0 days 00:18:58.693000,PER,11,,1.0,1.0,0 days 00:17:14.939000,,,0 days 00:00:44.058000,0 days 00:00:22.004000,,0 days 00:18:36.872000,0 days 00:18:58.778000,264.0,267.0,246.0,242.0,False,SOFT,1.0,True,Cadillac,0 days 00:17:14.939000,,1,,False,,False,False
0 days 00:20:45.041000,PER,11,0 days 00:01:46.348000,2.0,1.0,,,0 days 00:00:34.598000,0 days 00:00:46.555000,0 days 00:00:25.195000,0 days 00:19:33.291000,0 days 00:20:19.846000,0 days 00:20:45.041000,252.0,251.0,201.0,188.0,True,SOFT,2.0,True,Cadillac,0 days 00:18:58.693000,,1,,False,,False,True
0 days 00:22:46.238000,PER,11,0 days 00:02:01.197000,3.0,1.0,,,0 days 00:00:44.369000,0 days 00:00:52.284000,0 days 00:00:24.544000,0 days 00:21:29.410000,0 days 00:22:21.694000,0 days 00:22:46.238000,239.0,270.0,262.0,216.0,False,SOFT,3.0,True,Cadillac,0 days 00:20:45.041000,,1,,False,,False,True
0 days 00:24:19.562000,PER,11,0 days 00:01:33.324000,4.0,1.0,,,0 days 00:00:33.747000,0 days 00:00:41.124000,0 days 00:00:18.453000,0 days 00:23:19.985000,0 days 00:24:01.109000,0 days 00:24:19.562000,277.0,325.0,243.0,279.0,True,SOFT,4.0,True,Cadillac,0 days 00:22:46.238000,,1,,False,,False,True
0 days 00:26:53.734000,PER,11,,5.0,1.0,,,0 days 00:01:03.757000,0 days 00:01:08.726000,0 days 00:00:21.722000,0 days 00:25:23.474000,0 days 00:26:32.201000,0 days 00:26:53.826000,164.0,234.0,266.0,254.0,False,SOFT,5.0,True,Cadillac,0 days 00:24:19.562000,,1,,False,,False,False
0 days 00:28:29.680000,PER,11,0 days 00:01:35.946000,6.0,1.0,,,0 days 00:00:33.620000,0 days 00:00:41.157000,0 days 00:00:21.169000,0 days 00:27:27.354000,0 days 00:28:08.511000,0 days 00:28:29.680000,279.0,318.0,217.0,277.0,False,SOFT,6.0,True,Cadillac,0 days 00:26:53.734000,,1,,True,TRACK LIMITS AT TURN 17 LAP 7 ,False,True
0 days 00:30:55.958000,PER,11,0 days 00:02:26.278000,7.0,1.0,,0 days 00:30:54.395000,0 days 00:01:04.736000,0 days 00:00:56.994000,0 days 00:00:24.548000,0 days 00:29:34.416000,0 days 00:30:31.410000,0 days 00:30:55.958000,99.0,275.0,,262.0,False,SOFT,7.0,True,Cadillac,0 days 00:28:29.680000,,1,,False,,False,False
0 days 00:48:36.043000,PER,11,,8.0,2.0,0 days 00:46:51.431000,,,0 days 00:00:44.416000,0 days 00:00:21.452000,,0 days 00:48:14.630000,0 days 00:48:36.043000,262.0,270.0,257.0,258.0,False,SOFT,8.0,False,Cadillac,0 days 00:30:55.958000,,1,,False,,False,False
0 days 00:50:09.391000,PER,11,0 days 00:01:33.348000,9.0,2.0,,,0 days 00:00:33.787000,0 days 00:00:41.230000,0 days 00:00:18.331000,0 days 00:49:09.830000,0 days 00:49:51.060000,0 days 00:50:09.391000,276.0,321.0,255.0,277.0,False,SOFT,9.0,False,Cadillac,0 days 00:48:36.043000,,1,,False,,False,True
0 days 00:52:27.747000,PER,11,0 days 00:02:18.356000,10.0,2.0,,,0 days 00:01:03.209000,0 days 00:00:53.974000,0 days 00:00:21.173000,0 days 00:51:12.600000,0 days 00:52:06.574000,0 days 00:52:27.747000,252.0,272.0,250.0,263.0,False,SOFT,10.0,False,Cadillac,0 days 00:50:09.391000,,1,,False,,False,True
0 days 00:54:09.177000,PER,11,0 days 00:01:41.430000,11.0,2.0,,0 days 00:54:07.650000,0 days 00:00:34.361000,0 days 00:00:42.068000,0 days 00:00:25.001000,0 days 00:53:02.108000,0 days 00:53:44.176000,0 days 00:54:09.177000,265.0,295.0,,266.0,False,SOFT,11.0,False,Cadillac,0 days 00:52:27.747000,,1,,False,,False,False
0 days 01:06:22.799000,PER,11,,12.0,3.0,0 days 01:04:34.620000,,,0 days 00:00:47.016000,0 days 00:00:24.228000,,0 days 01:05:58.681000,0 days 01:06:22.814000,266.0,268.0,256.0,210.0,False,SOFT,1.0,True,Cadillac,0 days 00:54:09.177000,,12,,False,,False,False
0 days 01:07:55.339000,PER,11,0 days 00:01:32.540000,13.0,3.0,,,0 days 00:00:33.471000,0 days 00:00:40.963000,0 days 00:00:18.106000,0 days 01:06:56.270000,0 days 01:07:37.233000,0 days 01:07:55.339000,266.0,329.0,250.0,282.0,True,SOFT,2.0,True,Cadillac,0 days 01:06:22.799000,,1,,False,,False,True
0 days 01:10:17.329000,PER,11,0 days 00:02:21.990000,14.0,3.0,,,0 days 00:00:54.871000,0 days 00:01:03.781000,0 days 00:00:23.338000,0 days 01:08:50.210000,0 days 01:09:53.991000,0 days 01:10:17.329000,126.0,264.0,244.0,215.0,False,SOFT,3.0,True,Cadillac,0 days 01:07:55.339000,,1,,False,,False,True
0 days 01:12:15.087000,PER,11,0 days 00:01:57.758000,15.0,3.0,,,0 days 00:00:41.177000,0 days 00:00:48.446000,0 days 00:00:28.135000,0 days 01:10:58.506000,0 days 01:11:46.952000,0 days 01:12:15.087000,267.0,211.0,242.0,224.0,False,SOFT,4.0,True,Cadillac,0 days 01:10:17.329000,,1,,False,,False,True
0 days 01:13:47.745000,PER,11,0 days 00:01:32.658000,16.0,3.0,,,0 days 00:00:33.717000,0 days 00:00:40.916000,0 days 00:00:18.025000,0 days 01:12:48.804000,0 days 01:13:29.720000,0 days 01:13:47.745000,278.0,329.0,255.0,283.0,False,SOFT,5.0,True,Cadillac,0 days 01:12:15.087000,,1,,False,,False,True
0 days 01:16:00.156000,PER,11,0 days 00:02:12.411000,17.0,3.0,,,0 days 00:00:51.277000,0 days 00:00:49.293000,0 days 00:00:31.841000,0 days 01:14:39.022000,0 days 01:15:28.315000,0 days 01:16:00.156000,174.0,271.0,58.0,191.0,False,SOFT,6.0,True,Cadillac,0 days 01:13:47.745000,,1,,False,,False,True
0 days 01:18:40.497000,PER,11,,18.0,3.0,,0 days 01:18:39.019000,0 days 00:01:33.318000,0 days 00:00:42.411000,0 days 00:00:24.609000,0 days 01:17:33.613000,0 days 01:18:16.118000,0 days 01:18:40.497000,256.0,308.0,,220.0,False,SOFT,7.0,True,Cadillac,0 days 01:16:00.156000,,1,,False,,False,False
0 days 00:29:36.186000,ANT,12,,1.0,1.0,0 days 00:27:52.739000,,,0 days 00:00:44.861000,0 days 00:00:20.906000,,0 days 00:29:15.448000,0 days 00:29:36.319000,255.0,253.0,251.0,251.0,False,SOFT,1.0,True,Mercedes,0 days 00:27:52.739000,,1,,False,,False,False
0 days 00:31:06.604000,ANT,12,0 days 00:01:30.418000,2.0,1.0,,,0 days 00:00:32.426000,0 days 00:00:40.064000,0 days 00:00:17.928000,0 days 00:30:08.612000,0 days 00:30:48.676000,0 days 00:31:06.604000,274.0,315.0,265.0,277.0,True,SOFT,2.0,True,Mercedes,0 days 00:29:36.186000,,1,,False,,False,True
0 days 00:33:12.430000,ANT,12,0 days 00:02:05.826000,3.0,1.0,,0 days 00:33:11.031000,0 days 00:00:45.672000,0 days 00:00:53.104000,0 days 00:00:27.050000,0 days 00:31:52.276000,0 days 00:32:45.380000,0 days 00:33:12.430000,215.0,236.0,,209.0,False,SOFT,3.0,True,Mercedes,0 days 00:31:06.604000,,1,,False,,False,False
0 days 00:36:02.178000,ANT,12,,4.0,2.0,0 days 00:34:07.830000,,0 days 00:01:39.343000,0 days 00:00:48.716000,0 days 00:00:21.639000,0 days 00:34:52.046000,0 days 00:35:40.643000,0 days 00:36:02.178000,259.0,252.0,255.0,252.0,False,SOFT,4.0,False,Mercedes,0 days 00:33:12.430000,,1,,False,,False,False
0 days 00:37:32.614000,ANT,12,0 days 00:01:30.436000,5.0,2.0,,,0 days 00:00:32.264000,0 days 00:00:40.304000,0 days 00:00:17.868000,0 days 00:36:34.442000,0 days 00:37:14.746000,0 days 00:37:32.614000,276.0,316.0,268.0,275.0,False,SOFT,5.0,False,Mercedes,0 days 00:36:02.178000,,1,,False,,False,True
0 days 00:39:51.678000,ANT,12,0 days 00:02:19.064000,6.0,2.0,,0 days 00:39:50.284000,0 days 00:00:53.367000,0 days 00:01:00.269000,0 days 00:00:25.428000,0 days 00:38:25.981000,0 days 00:39:26.250000,0 days 00:39:51.678000,209.0,230.0,,217.0,False,SOFT,6.0,False,Mercedes,0 days 00:37:32.614000,,1,,False,,False,False
0 days 00:42:05.175000,ANT,12,0 days 00:02:13.497000,7.0,3.0,0 days 00:40:18.849000,,0 days 00:01:06.764000,0 days 00:00:45.571000,0 days 00:00:21.162000,0 days 00:40:58.442000,0 days 00:41:44.013000,0 days 00:42:05.175000,246.0,254.0,252.0,252.0,False,SOFT,7.0,False,Mercedes,0 days 00:39:51.678000,,1,,False,,False,False
0 days 00:43:35.104000,ANT,12,0 days 00:01:29.929000,8.0,3.0,,,0 days 00:00:32.321000,0 days 00:00:39.922000,0 days 00:00:17.686000,0 days 00:42:37.496000,0 days 00:43:17.418000,0 days 00:43:35.104000,276.0,321.0,265.0,277.0,True,SOFT,8.0,False,Mercedes,0 days 00:42:05.175000,,1,,False,,False,True
0 days 00:45:20.243000,ANT,12,0 days 00:01:45.139000,9.0,3.0,,0 days 00:45:18.757000,0 days 00:00:37.661000,0 days 00:00:43.141000,0 days 00:00:24.337000,0 days 00:44:12.765000,0 days 00:44:55.906000,0 days 00:45:20.243000,252.0,289.0,,271.0,False,SOFT,9.0,False,Mercedes,0 days 00:43:35.104000,,1,,False,,False,False
0 days 00:53:54.293000,ANT,12,,10.0,4.0,0 days 00:52:09.885000,,,0 days 00:00:47.296000,0 days 00:00:20.924000,,0 days 00:53:33.500000,0 days 00:53:54.293000,259.0,267.0,254.0,257.0,False,SOFT,1.0,True,Mercedes,0 days 00:45:20.243000,,1,,False,,False,False
0 days 00:55:23.655000,ANT,12,0 days 00:01:29.362000,11.0,4.0,,,0 days 00:00:32.159000,0 days 00:00:39.646000,0 days 00:00:17.557000,0 days 00:54:26.452000,0 days 00:55:06.098000,0 days 00:55:23.655000,280.0,325.0,265.0,280.0,True,SOFT,2.0,True,Mercedes,0 days 00:53:54.293000,,1,,False,,False,True
0 days 00:57:27.669000,ANT,12,0 days 00:02:04.014000,12.0,4.0,,0 days 00:57:26.147000,0 days 00:00:39.223000,0 days 00:00:55.716000,0 days 00:00:29.075000,0 days 00:56:02.878000,0 days 00:56:58.594000,0 days 00:57:27.669000,265.0,172.0,,202.0,False,SOFT,3.0,True,Mercedes,0 days 00:55:23.655000,,12,,False,,False,False
0 days 01:04:19.509000,ANT,12,,13.0,5.0,0 days 01:02:32.611000,,,0 days 00:00:44.870000,0 days 00:00:24.312000,,0 days 01:03:55.300000,0 days 01:04:19.619000,261.0,255.0,258.0,250.0,False,SOFT,4.0,False,Mercedes,0 days 00:57:27.669000,,1,,False,,False,False
0 days 01:05:49.022000,ANT,12,0 days 00:01:29.513000,14.0,5.0,,,0 days 00:00:32.227000,0 days 00:00:39.766000,0 days 00:00:17.520000,0 days 01:04:51.736000,0 days 01:05:31.502000,0 days 01:05:49.022000,276.0,321.0,267.0,281.0,False,SOFT,5.0,False,Mercedes,0 days 01:04:19.509000,,1,,False,,False,True
0 days 01:07:54.330000,ANT,12,0 days 00:02:05.308000,15.0,5.0,,0 days 01:07:52.881000,0 days 00:00:47.937000,0 days 00:00:47.684000,0 days 00:00:29.687000,0 days 01:06:36.959000,0 days 01:07:24.643000,0 days 01:07:54.330000,274.0,229.0,,144.0,False,SOFT,6.0,False,Mercedes,0 days 01:05:49.022000,,1,,False,,False,False
0 days 01:14:46.866000,ANT,12,,16.0,6.0,0 days 01:13:00.377000,,,0 days 00:00:44.968000,0 days 00:00:20.099000,,0 days 01:14:26.767000,0 days 01:14:46.876000,240.0,306.0,186.0,271.0,False,SOFT,10.0,False,Mercedes,0 days 01:07:54.330000,,1,,False,,False,False
0 days 01:16:55.802000,ANT,12,0 days 00:02:08.936000,17.0,6.0,,,0 days 00:00:43.811000,0 days 00:00:49.633000,0 days 00:00:35.492000,0 days 01:15:30.677000,0 days 01:16:20.310000,0 days 01:16:55.802000,254.0,248.0,77.0,159.0,False,SOFT,11.0,False,Mercedes,0 days 01:14:46.866000,,1,,False,,False,True
0 days 01:19:33.396000,ANT,12,,18.0,6.0,,0 days 01:19:31.888000,0 days 00:01:27.922000,0 days 00:00:44.960000,0 days 00:00:24.780000,0 days 01:18:23.789000,0 days 01:19:08.777000,0 days 01:19:33.396000,260.0,280.0,,223.0,False,SOFT,12.0,False,Mercedes,0 days 01:16:55.802000,,1,,False,,False,False
0 days 00:25:26.448000,ALO,14,,1.0,1.0,0 days 00:23:38.568000,,,0 days 00:00:48.127000,0 days 00:00:23.058000,,0 days 00:25:03.463000,0 days 00:25:26.448000,246.0,262.0,255.0,247.0,False,SOFT,1.0,True,Aston Martin,0 days 00:23:38.568000,,1,,False,,False,False
0 days 00:27:00.792000,ALO,14,0 days 00:01:34.344000,2.0,1.0,,,0 days 00:00:34.195000,0 days 00:00:41.823000,0 days 00:00:18.326000,0 days 00:26:00.643000,0 days 00:26:42.466000,0 days 00:27:00.792000,262.0,312.0,255.0,268.0,True,SOFT,2.0,True,Aston Martin,0 days 00:25:26.448000,,1,,False,,False,True
0 days 00:29:11.038000,ALO,14,0 days 00:02:10.246000,3.0,1.0,,,0 days 00:00:53.934000,0 days 00:00:54.465000,0 days 00:00:21.847000,0 days 00:27:54.726000,0 days 00:28:49.191000,0 days 00:29:11.038000,231.0,256.0,250.0,246.0,False,SOFT,3.0,True,Aston Martin,0 days 00:27:00.792000,,1,,False,,False,True
0 days 00:30:45.456000,ALO,14,0 days 00:01:34.418000,4.0,1.0,,,0 days 00:00:33.948000,0 days 00:00:41.860000,0 days 00:00:18.610000,0 days 00:29:44.986000,0 days 00:30:26.846000,0 days 00:30:45.456000,267.0,319.0,258.0,272.0,False,SOFT,4.0,True,Aston Martin,0 days 00:29:11.038000,,1,,False,,False,True
0 days 00:32:55.783000,ALO,14,0 days 00:02:10.327000,5.0,1.0,,0 days 00:32:54.414000,0 days 00:00:48.930000,0 days 00:00:53.083000,0 days 00:00:28.314000,0 days 00:31:34.386000,0 days 00:32:27.469000,0 days 00:32:55.783000,190.0,260.0,,214.0,False,SOFT,5.0,True,Aston Martin,0 days 00:30:45.456000,,1,,False,,False,False
0 days 00:49:06.440000,ALO,14,,6.0,2.0,0 days 00:47:15.148000,,,0 days 00:00:48.779000,0 days 00:00:25.780000,,0 days 00:48:40.796000,0 days 00:49:06.533000,248.0,252.0,260.0,244.0,False,SOFT,6.0,False,Aston Martin,0 days 00:32:55.783000,,1,,False,,False,False
0 days 00:50:40.960000,ALO,14,0 days 00:01:34.520000,7.0,2.0,,,0 days 00:00:34.430000,0 days 00:00:41.835000,0 days 00:00:18.255000,0 days 00:49:40.870000,0 days 00:50:22.705000,0 days 00:50:40.960000,266.0,324.0,245.0,276.0,False,SOFT,7.0,False,Aston Martin,0 days 00:49:06.440000,,1,,False,,False,True
0 days 00:52:37.733000,ALO,14,0 days 00:01:56.773000,8.0,2.0,,0 days 00:52:36.212000,0 days 00:00:37.060000,0 days 00:00:54.168000,0 days 00:00:25.545000,0 days 00:51:18.020000,0 days 00:52:12.188000,0 days 00:52:37.733000,239.0,199.0,,198.0,False,SOFT,8.0,False,Aston Martin,0 days 00:50:40.960000,,1,,False,,False,False
0 days 01:05:33.119000,ALO,14,,9.0,3.0,0 days 01:03:46.244000,,,0 days 00:00:48.782000,0 days 00:00:22.045000,,0 days 01:05:11.251000,0 days 01:05:33.212000,247.0,260.0,268.0,249.0,False,SOFT,1.0,True,Aston Martin,0 days 00:52:37.733000,,12,,False,,False,False
0 days 01:07:06.648000,ALO,14,0 days 00:01:33.529000,10.0,3.0,,,0 days 00:00:33.877000,0 days 00:00:41.483000,0 days 00:00:18.169000,0 days 01:06:06.996000,0 days 01:06:48.479000,0 days 01:07:06.648000,267.0,328.0,246.0,282.0,True,SOFT,2.0,True,Aston Martin,0 days 01:05:33.119000,,1,,False,,False,True
0 days 01:09:08.118000,ALO,14,0 days 00:02:01.470000,11.0,3.0,,,0 days 00:00:48.872000,0 days 00:00:50.180000,0 days 00:00:22.418000,0 days 01:07:55.520000,0 days 01:08:45.700000,0 days 01:09:08.118000,231.0,256.0,263.0,213.0,False,SOFT,3.0,True,Aston Martin,0 days 01:07:06.648000,,1,,False,,False,True
0 days 01:11:04.376000,ALO,14,0 days 00:01:56.258000,12.0,3.0,,,0 days 00:00:33.807000,0 days 00:01:01.446000,0 days 00:00:21.005000,0 days 01:09:41.925000,0 days 01:10:43.371000,0 days 01:11:04.376000,266.0,249.0,263.0,244.0,False,SOFT,4.0,True,Aston Martin,0 days 01:09:08.118000,,1,,False,,False,True
0 days 01:12:47.543000,ALO,14,0 days 00:01:43.167000,13.0,3.0,,0 days 01:12:46.176000,0 days 00:00:33.947000,0 days 00:00:45.294000,0 days 00:00:23.926000,0 days 01:11:38.323000,0 days 01:12:23.617000,0 days 01:12:47.543000,270.0,263.0,,252.0,False,SOFT,5.0,True,Aston Martin,0 days 01:11:04.376000,,1,,False,,False,False
0 days 01:15:10.753000,ALO,14,0 days 00:02:23.210000,14.0,4.0,0 days 01:13:04.601000,0 days 01:15:09.360000,0 days 00:01:10.033000,0 days 00:00:49.236000,0 days 00:00:23.941000,0 days 01:13:57.576000,0 days 01:14:46.812000,0 days 01:15:10.753000,234.0,199.0,,222.0,False,SOFT,6.0,False,Aston Martin,0 days 01:12:47.543000,,1,,False,,False,False
0 days 00:27:40.855000,LEC,16,,1.0,1.0,0 days 00:25:52.651000,,,0 days 00:00:50.378000,0 days 00:00:20.587000,,0 days 00:27:20.369000,0 days 00:27:40.928000,269.0,251.0,258.0,249.0,False,SOFT,1.0,True,Ferrari,0 days 00:25:52.651000,,1,,False,,False,False
0 days 00:29:11.873000,LEC,16,0 days 00:01:31.018000,2.0,1.0,,,0 days 00:00:32.678000,0 days 00:00:40.523000,0 days 00:00:17.817000,0 days 00:28:13.533000,0 days 00:28:54.056000,0 days 00:29:11.873000,279.0,331.0,251.0,285.0,True,SOFT,2.0,True,Ferrari,0 days 00:27:40.855000,,1,,False,,False,True
0 days 00:31:46.937000,LEC,16,,3.0,1.0,,,0 days 00:01:01.211000,0 days 00:01:09.842000,0 days 00:00:24.140000,0 days 00:30:13.319000,0 days 00:31:23.103000,0 days 00:31:47.116000,143.0,273.0,260.0,263.0,False,SOFT,3.0,True,Ferrari,0 days 00:29:11.873000,,1,,False,,False,False
0 days 00:33:17.473000,LEC,16,0 days 00:01:30.536000,4.0,1.0,,,0 days 00:00:32.566000,0 days 00:00:40.136000,0 days 00:00:17.834000,0 days 00:32:19.503000,0 days 00:32:59.639000,0 days 00:33:17.473000,281.0,325.0,248.0,281.0,True,SOFT,4.0,True,Ferrari,0 days 00:31:46.937000,,1,,False,,False,True
0 days 00:35:43.832000,LEC,16,0 days 00:02:26.359000,5.0,1.0,,,0 days 00:00:59.853000,0 days 00:01:06.231000,0 days 00:00:20.275000,0 days 00:34:17.326000,0 days 00:35:23.557000,0 days 00:35:43.832000,120.0,254.0,262.0,254.0,False,SOFT,5.0,True,Ferrari,0 days 00:33:17.473000,,1,,False,,False,True
0 days 00:37:14.061000,LEC,16,0 days 00:01:30.229000,6.0,1.0,,,0 days 00:00:32.385000,0 days 00:00:40.228000,0 days 00:00:17.616000,0 days 00:36:16.217000,0 days 00:36:56.445000,0 days 00:37:14.061000,280.0,332.0,249.0,286.0,True,SOFT,6.0,True,Ferrari,0 days 00:35:43.832000,,1,,False,,False,True
0 days 00:39:25.932000,LEC,16,0 days 00:02:11.871000,7.0,1.0,,0 days 00:39:24.670000,0 days 00:00:42.807000,0 days 00:01:04.517000,0 days 00:00:24.547000,0 days 00:37:56.868000,0 days 00:39:01.385000,0 days 00:39:25.932000,135.0,252.0,,255.0,False,SOFT,7.0,True,Ferrari,0 days 00:37:14.061000,,1,,False,,False,False
0 days 00:41:41,LEC,16,0 days 00:02:15.068000,8.0,2.0,0 days 00:40:02.464000,,0 days 00:01:11.748000,0 days 00:00:43.591000,0 days 00:00:19.729000,0 days 00:40:37.680000,0 days 00:41:21.271000,0 days 00:41:41,272.0,260.0,264.0,258.0,False,SOFT,8.0,False,Ferrari,0 days 00:39:25.932000,,1,,False,,False,False
0 days 00:43:43.846000,LEC,16,0 days 00:02:02.846000,9.0,2.0,,0 days 00:43:42.494000,0 days 00:00:32.453000,0 days 00:01:00.813000,0 days 00:00:29.580000,0 days 00:42:13.453000,0 days 00:43:14.266000,0 days 00:43:43.846000,282.0,139.0,,190.0,False,SOFT,9.0,False,Ferrari,0 days 00:41:41,,1,,False,,False,False
0 days 01:00:07.826000,LEC,16,,10.0,3.0,0 days 00:58:08.814000,,,0 days 00:00:42.885000,0 days 00:00:28.059000,,0 days 00:59:39.868000,0 days 01:00:07.837000,278.0,295.0,229.0,222.0,False,SOFT,1.0,True,Ferrari,0 days 00:43:43.846000,,12,,False,,False,False
0 days 01:01:53.742000,LEC,16,0 days 00:01:45.916000,11.0,3.0,,,0 days 00:00:38.705000,0 days 00:00:47.460000,0 days 00:00:19.751000,0 days 01:00:46.531000,0 days 01:01:33.991000,0 days 01:01:53.742000,241.0,297.0,264.0,265.0,False,SOFT,2.0,True,Ferrari,0 days 01:00:07.826000,,1,,False,,False,True
0 days 01:03:24.047000,LEC,16,0 days 00:01:30.305000,12.0,3.0,,,0 days 00:00:32.318000,0 days 00:00:40.078000,0 days 00:00:17.909000,0 days 01:02:26.060000,0 days 01:03:06.138000,0 days 01:03:24.047000,282.0,325.0,243.0,283.0,False,SOFT,3.0,True,Ferrari,0 days 01:01:53.742000,,1,,False,,False,True
0 days 01:06:00.236000,LEC,16,,13.0,3.0,,,0 days 00:00:57.149000,0 days 00:01:18.678000,0 days 00:00:20.453000,0 days 01:04:21.297000,0 days 01:05:39.854000,0 days 01:06:00.309000,127.0,253.0,263.0,254.0,False,SOFT,4.0,True,Ferrari,0 days 01:03:24.047000,,1,,False,,False,False
0 days 01:07:42.487000,LEC,16,0 days 00:01:42.251000,14.0,3.0,,,0 days 00:00:34.046000,0 days 00:00:45.329000,0 days 00:00:22.876000,0 days 01:06:34.282000,0 days 01:07:19.611000,0 days 01:07:42.487000,274.0,256.0,262.0,173.0,False,SOFT,5.0,True,Ferrari,0 days 01:06:00.236000,,1,,False,,False,True
0 days 01:09:28.538000,LEC,16,0 days 00:01:46.051000,15.0,3.0,,,0 days 00:00:32.372000,0 days 00:00:46.240000,0 days 00:00:27.439000,0 days 01:08:14.859000,0 days 01:09:01.099000,0 days 01:09:28.538000,281.0,174.0,182.0,178.0,False,SOFT,6.0,True,Ferrari,0 days 01:07:42.487000,,1,,True,TRACK LIMITS AT TURN 13 LAP 16 ,False,True
0 days 01:11:51.187000,LEC,16,0 days 00:02:22.649000,16.0,3.0,,,0 days 00:00:54.356000,0 days 00:01:08.554000,0 days 00:00:19.739000,0 days 01:10:22.894000,0 days 01:11:31.448000,0 days 01:11:51.187000,131.0,262.0,266.0,255.0,False,SOFT,7.0,True,Ferrari,0 days 01:09:28.538000,,1,,False,,False,True
0 days 01:13:21.678000,LEC,16,0 days 00:01:30.491000,17.0,3.0,,,0 days 00:00:32.447000,0 days 00:00:40.195000,0 days 00:00:17.849000,0 days 01:12:23.634000,0 days 01:13:03.829000,0 days 01:13:21.678000,281.0,329.0,250.0,284.0,False,SOFT,8.0,True,Ferrari,0 days 01:11:51.187000,,1,,False,,False,True
0 days 01:15:19.889000,LEC,16,0 days 00:01:58.211000,18.0,3.0,,,0 days 00:00:45.201000,0 days 00:00:49.178000,0 days 00:00:23.832000,0 days 01:14:06.879000,0 days 01:14:56.057000,0 days 01:15:19.889000,192.0,221.0,187.0,208.0,False,SOFT,9.0,True,Ferrari,0 days 01:13:21.678000,,1,,False,,False,True
0 days 01:17:19.275000,LEC,16,0 days 00:01:59.386000,19.0,3.0,,,0 days 00:00:40.229000,0 days 00:00:50.670000,0 days 00:00:28.487000,0 days 01:16:00.118000,0 days 01:16:50.788000,0 days 01:17:19.275000,229.0,237.0,72.0,176.0,False,SOFT,10.0,True,Ferrari,0 days 01:15:19.889000,,1,,False,,False,True
0 days 01:19:34.485000,LEC,16,0 days 00:02:15.210000,20.0,3.0,,0 days 01:19:33.038000,0 days 00:01:06.256000,0 days 00:00:43.903000,0 days 00:00:25.051000,0 days 01:18:25.531000,0 days 01:19:09.434000,0 days 01:19:34.485000,255.0,285.0,,194.0,False,SOFT,11.0,True,Ferrari,0 days 01:17:19.275000,,1,,False,,False,False
0 days 00:21:22.014000,STR,18,,1.0,1.0,0 days 00:19:27.346000,,,0 days 00:00:47.687000,0 days 00:00:28.948000,,0 days 00:20:53.199000,0 days 00:21:22.113000,247.0,153.0,256.0,203.0,False,SOFT,1.0,True,Aston Martin,0 days 00:19:27.346000,,1,,False,,False,False
0 days 00:22:57.530000,STR,18,0 days 00:01:35.516000,2.0,1.0,,,0 days 00:00:34.790000,0 days 00:00:42.453000,0 days 00:00:18.273000,0 days 00:21:56.804000,0 days 00:22:39.257000,0 days 00:22:57.530000,263.0,319.0,255.0,271.0,True,SOFT,2.0,True,Aston Martin,0 days 00:21:22.014000,,1,,False,,False,True
0 days 00:25:19.863000,STR,18,0 days 00:02:22.333000,3.0,1.0,,,0 days 00:00:52.344000,0 days 00:01:03.091000,0 days 00:00:26.898000,0 days 00:23:49.874000,0 days 00:24:52.965000,0 days 00:25:19.863000,170.0,235.0,258.0,190.0,False,SOFT,3.0,True,Aston Martin,0 days 00:22:57.530000,,1,,False,,False,True
0 days 00:26:54.554000,STR,18,0 days 00:01:34.691000,4.0,1.0,,,0 days 00:00:34.534000,0 days 00:00:41.887000,0 days 00:00:18.270000,0 days 00:25:54.397000,0 days 00:26:36.284000,0 days 00:26:54.554000,264.0,318.0,257.0,271.0,True,SOFT,4.0,True,Aston Martin,0 days 00:25:19.863000,,1,,False,,False,True
0 days 00:29:18.774000,STR,18,0 days 00:02:24.220000,5.0,1.0,,0 days 00:29:18.148000,0 days 00:00:57.470000,0 days 00:00:59.024000,0 days 00:00:27.726000,0 days 00:27:52.024000,0 days 00:28:51.048000,0 days 00:29:18.774000,172.0,259.0,,149.0,False,SOFT,5.0,True,Aston Martin,0 days 00:26:54.554000,,1,,False,,False,False
0 days 00:47:29.851000,STR,18,,6.0,2.0,0 days 00:45:40.344000,,,0 days 00:00:49.279000,0 days 00:00:23.232000,,0 days 00:47:06.771000,0 days 00:47:29.882000,254.0,230.0,258.0,234.0,False,SOFT,6.0,False,Aston Martin,0 days 00:29:18.774000,,1,,False,,False,False
0 days 00:49:04.358000,STR,18,0 days 00:01:34.507000,7.0,2.0,,,0 days 00:00:34.280000,0 days 00:00:41.898000,0 days 00:00:18.329000,0 days 00:48:04.131000,0 days 00:48:46.029000,0 days 00:49:04.358000,263.0,317.0,258.0,271.0,True,SOFT,7.0,False,Aston Martin,0 days 00:47:29.851000,,1,,False,,False,True
0 days 00:51:05.714000,STR,18,0 days 00:02:01.356000,8.0,2.0,,,0 days 00:00:50.532000,0 days 00:00:49.053000,0 days 00:00:21.771000,0 days 00:49:54.890000,0 days 00:50:43.943000,0 days 00:51:05.714000,238.0,255.0,261.0,248.0,False,SOFT,8.0,False,Aston Martin,0 days 00:49:04.358000,,1,,False,,False,True
0 days 00:52:40.125000,STR,18,0 days 00:01:34.411000,9.0,2.0,,,0 days 00:00:34.291000,0 days 00:00:41.753000,0 days 00:00:18.367000,0 days 00:51:40.005000,0 days 00:52:21.758000,0 days 00:52:40.125000,264.0,317.0,257.0,271.0,True,SOFT,9.0,False,Aston Martin,0 days 00:51:05.714000,,1,,False,,False,True
0 days 00:54:33.271000,STR,18,0 days 00:01:53.146000,10.0,2.0,,0 days 00:54:31.863000,0 days 00:00:42.087000,0 days 00:00:47.944000,0 days 00:00:23.115000,0 days 00:53:22.212000,0 days 00:54:10.156000,0 days 00:54:33.271000,236.0,256.0,,231.0,False,SOFT,10.0,False,Aston Martin,0 days 00:52:40.125000,,1,,False,,False,False
0 days 01:02:31.607000,STR,18,,11.0,3.0,0 days 01:00:35.807000,,,0 days 00:00:46.609000,0 days 00:00:24.385000,,0 days 01:02:07.532000,0 days 01:02:31.807000,249.0,251.0,258.0,137.0,False,SOFT,1.0,True,Aston Martin,0 days 00:54:33.271000,,12,,False,,False,False
0 days 01:04:05.092000,STR,18,0 days 00:01:33.485000,12.0,3.0,,,0 days 00:00:33.791000,0 days 00:00:41.577000,0 days 00:00:18.117000,0 days 01:03:05.398000,0 days 01:03:46.975000,0 days 01:04:05.092000,268.0,322.0,261.0,275.0,True,SOFT,2.0,True,Aston Martin,0 days 01:02:31.607000,,1,,False,,False,True
0 days 01:06:22.601000,STR,18,0 days 00:02:17.509000,13.0,3.0,,0 days 01:06:21.237000,0 days 00:00:51.469000,0 days 00:00:57.904000,0 days 00:00:28.136000,0 days 01:04:56.561000,0 days 01:05:54.465000,0 days 01:06:22.601000,186.0,191.0,,227.0,False,SOFT,3.0,True,Aston Martin,0 days 01:04:05.092000,,1,,False,,False,False
0 days 01:09:00.294000,STR,18,,14.0,4.0,0 days 01:07:08.564000,,0 days 00:01:27.378000,0 days 00:00:48.180000,0 days 00:00:21.962000,0 days 01:07:50.285000,0 days 01:08:38.396000,0 days 01:09:00.426000,227.0,255.0,253.0,223.0,False,SOFT,4.0,False,Aston Martin,0 days 01:06:22.601000,,1,,False,,False,False
0 days 01:10:33.842000,STR,18,0 days 00:01:33.548000,15.0,4.0,,,0 days 00:00:33.937000,0 days 00:00:41.533000,0 days 00:00:18.078000,0 days 01:09:34.231000,0 days 01:10:15.764000,0 days 01:10:33.842000,268.0,321.0,261.0,274.0,False,SOFT,5.0,False,Aston Martin,0 days 01:09:00.294000,,1,,False,,False,True
0 days 01:12:56.842000,STR,18,0 days 00:02:23,16.0,4.0,,,0 days 00:00:54.173000,0 days 00:01:02.598000,0 days 00:00:26.229000,0 days 01:11:28.015000,0 days 01:12:30.613000,0 days 01:12:56.842000,176.0,214.0,255.0,213.0,False,SOFT,6.0,False,Aston Martin,0 days 01:10:33.842000,,1,,False,,False,True
0 days 01:14:30.566000,STR,18,0 days 00:01:33.724000,17.0,4.0,,,0 days 00:00:34.092000,0 days 00:00:41.589000,0 days 00:00:18.043000,0 days 01:13:30.934000,0 days 01:14:12.523000,0 days 01:14:30.566000,266.0,325.0,261.0,276.0,False,SOFT,7.0,False,Aston Martin,0 days 01:12:56.842000,,1,,False,,False,True
0 days 01:16:53.519000,STR,18,0 days 00:02:22.953000,18.0,4.0,,,0 days 00:00:47.443000,0 days 00:00:59.578000,0 days 00:00:35.932000,0 days 01:15:18.009000,0 days 01:16:17.587000,0 days 01:16:53.519000,182.0,214.0,96.0,155.0,False,SOFT,8.0,False,Aston Martin,0 days 01:14:30.566000,,1,,False,,False,True
0 days 01:19:27.224000,STR,18,,19.0,4.0,,0 days 01:19:25.858000,0 days 00:01:18.480000,0 days 00:00:47.811000,0 days 00:00:27.426000,0 days 01:18:12.105000,0 days 01:18:59.928000,0 days 01:19:27.224000,254.0,219.0,,200.0,False,SOFT,9.0,False,Aston Martin,0 days 01:16:53.519000,,1,,False,,False,False
0 days 00:33:41.289000,ALB,23,,1.0,1.0,0 days 00:31:50.307000,,,0 days 00:00:47.136000,0 days 00:00:24.308000,,0 days 00:33:17.273000,0 days 00:33:41.447000,260.0,253.0,265.0,132.0,False,SOFT,1.0,True,Williams,0 days 00:31:50.307000,,1,,False,,False,False
0 days 00:35:13.594000,ALB,23,0 days 00:01:32.305000,2.0,1.0,,,0 days 00:00:33.616000,0 days 00:00:40.776000,0 days 00:00:17.913000,0 days 00:34:14.905000,0 days 00:34:55.681000,0 days 00:35:13.594000,276.0,333.0,265.0,285.0,True,SOFT,2.0,True,Williams,0 days 00:33:41.289000,,1,,False,,False,True
0 days 00:37:35.141000,ALB,23,0 days 00:02:21.547000,3.0,1.0,,,0 days 00:00:56.666000,0 days 00:00:58.415000,0 days 00:00:26.466000,0 days 00:36:10.260000,0 days 00:37:08.675000,0 days 00:37:35.141000,171.0,247.0,261.0,230.0,False,SOFT,3.0,True,Williams,0 days 00:35:13.594000,,1,,False,,False,True
0 days 00:39:32.474000,ALB,23,0 days 00:01:57.333000,4.0,1.0,,,0 days 00:00:33.675000,0 days 00:00:59.607000,0 days 00:00:24.051000,0 days 00:38:08.816000,0 days 00:39:08.423000,0 days 00:39:32.474000,276.0,222.0,265.0,184.0,False,SOFT,4.0,True,Williams,0 days 00:37:35.141000,,1,,False,,False,True
0 days 00:41:04.870000,ALB,23,0 days 00:01:32.396000,5.0,1.0,,,0 days 00:00:33.712000,0 days 00:00:40.792000,0 days 00:00:17.892000,0 days 00:40:06.186000,0 days 00:40:46.978000,0 days 00:41:04.870000,275.0,323.0,266.0,281.0,False,SOFT,5.0,True,Williams,0 days 00:39:32.474000,,1,,False,,False,True
0 days 00:43:12.102000,ALB,23,0 days 00:02:07.232000,6.0,1.0,,,0 days 00:00:48.383000,0 days 00:00:57.148000,0 days 00:00:21.701000,0 days 00:41:53.253000,0 days 00:42:50.401000,0 days 00:43:12.102000,171.0,287.0,242.0,224.0,False,SOFT,6.0,True,Williams,0 days 00:41:04.870000,,1,,False,,False,True
0 days 00:45:06.739000,ALB,23,0 days 00:01:54.637000,7.0,1.0,,,0 days 00:00:48.287000,0 days 00:00:46.209000,0 days 00:00:20.141000,0 days 00:44:00.389000,0 days 00:44:46.598000,0 days 00:45:06.739000,253.0,273.0,266.0,237.0,False,SOFT,7.0,True,Williams,0 days 00:43:12.102000,,1,,False,,False,True
0 days 00:46:38.878000,ALB,23,0 days 00:01:32.139000,8.0,1.0,,,0 days 00:00:33.484000,0 days 00:00:40.743000,0 days 00:00:17.912000,0 days 00:45:40.223000,0 days 00:46:20.966000,0 days 00:46:38.878000,275.0,326.0,262.0,279.0,True,SOFT,8.0,True,Williams,0 days 00:45:06.739000,,1,,False,,False,True
0 days 00:48:33.810000,ALB,23,0 days 00:01:54.932000,9.0,1.0,,0 days 00:48:32.575000,0 days 00:00:44.067000,0 days 00:00:46.783000,0 days 00:00:24.082000,0 days 00:47:22.945000,0 days 00:48:09.728000,0 days 00:48:33.810000,225.0,276.0,,266.0,False,SOFT,9.0,True,Williams,0 days 00:46:38.878000,,1,,False,,False,False
0 days 00:59:57.068000,ALB,23,,10.0,2.0,0 days 00:57:53.821000,,,0 days 00:00:48.167000,0 days 00:00:30.568000,,0 days 00:59:26.813000,0 days 00:59:57.163000,250.0,223.0,265.0,177.0,False,SOFT,1.0,True,Williams,0 days 00:48:33.810000,,12,,False,,False,False
0 days 01:01:29.090000,ALB,23,0 days 00:01:32.022000,11.0,2.0,,,0 days 00:00:33.472000,0 days 00:00:40.642000,0 days 00:00:17.908000,0 days 01:00:30.540000,0 days 01:01:11.182000,0 days 01:01:29.090000,278.0,326.0,263.0,282.0,True,SOFT,2.0,True,Williams,0 days 00:59:57.068000,,1,,False,,False,True
0 days 01:03:52.247000,ALB,23,0 days 00:02:23.157000,12.0,2.0,,,0 days 00:00:58.500000,0 days 00:00:59.449000,0 days 00:00:25.208000,0 days 01:02:27.590000,0 days 01:03:27.039000,0 days 01:03:52.247000,174.0,161.0,233.0,197.0,False,SOFT,3.0,True,Williams,0 days 01:01:29.090000,,1,,False,,False,True
0 days 01:05:51.918000,ALB,23,0 days 00:01:59.671000,13.0,2.0,,,0 days 00:00:40.598000,0 days 00:00:56.456000,0 days 00:00:22.617000,0 days 01:04:32.845000,0 days 01:05:29.301000,0 days 01:05:51.918000,208.0,264.0,265.0,261.0,False,SOFT,4.0,True,Williams,0 days 01:03:52.247000,,1,,False,,False,True
0 days 01:07:23.651000,ALB,23,0 days 00:01:31.733000,14.0,2.0,,,0 days 00:00:33.446000,0 days 00:00:40.533000,0 days 00:00:17.754000,0 days 01:06:25.364000,0 days 01:07:05.897000,0 days 01:07:23.651000,276.0,331.0,259.0,285.0,True,SOFT,5.0,True,Williams,0 days 01:05:51.918000,,1,,False,,False,True
0 days 01:09:37.370000,ALB,23,0 days 00:02:13.719000,15.0,2.0,,,0 days 00:00:48.429000,0 days 00:00:59.145000,0 days 00:00:26.145000,0 days 01:08:12.080000,0 days 01:09:11.225000,0 days 01:09:37.370000,226.0,247.0,250.0,116.0,False,SOFT,6.0,True,Williams,0 days 01:07:23.651000,,1,,False,,False,True
0 days 01:11:28.385000,ALB,23,0 days 00:01:51.015000,16.0,2.0,,,0 days 00:00:43.064000,0 days 00:00:47.427000,0 days 00:00:20.524000,0 days 01:10:20.434000,0 days 01:11:07.861000,0 days 01:11:28.385000,240.0,256.0,261.0,254.0,False,SOFT,7.0,True,Williams,0 days 01:09:37.370000,,1,,False,,False,True
0 days 01:13:00.721000,ALB,23,0 days 00:01:32.336000,17.0,2.0,,,0 days 00:00:33.466000,0 days 00:00:40.866000,0 days 00:00:18.004000,0 days 01:12:01.851000,0 days 01:12:42.717000,0 days 01:13:00.721000,275.0,327.0,262.0,281.0,False,SOFT,8.0,True,Williams,0 days 01:11:28.385000,,1,,False,,False,True
0 days 01:15:15.393000,ALB,23,0 days 00:02:14.672000,18.0,2.0,,,0 days 00:00:49.134000,0 days 00:01:00.991000,0 days 00:00:24.547000,0 days 01:13:49.855000,0 days 01:14:50.846000,0 days 01:15:15.393000,172.0,216.0,225.0,189.0,False,SOFT,9.0,True,Williams,0 days 01:13:00.721000,,1,,False,,False,True
0 days 01:17:06.481000,ALB,23,0 days 00:01:51.088000,19.0,2.0,,,0 days 00:00:35.005000,0 days 00:00:47.861000,0 days 00:00:28.222000,0 days 01:15:50.398000,0 days 01:16:38.259000,0 days 01:17:06.481000,268.0,228.0,56.0,232.0,False,SOFT,10.0,True,Williams,0 days 01:15:15.393000,,1,,False,,False,True
0 days 01:19:30.714000,ALB,23,0 days 00:02:24.233000,20.0,2.0,,0 days 01:19:29.347000,0 days 00:01:08.346000,0 days 00:00:46.212000,0 days 00:00:29.675000,0 days 01:18:14.827000,0 days 01:19:01.039000,0 days 01:19:30.714000,264.0,214.0,,227.0,False,SOFT,11.0,True,Williams,0 days 01:17:06.481000,,1,,False,,False,False
0 days 00:25:11.976000,HUL,27,,1.0,1.0,0 days 00:23:26.124000,,,0 days 00:00:46.860000,0 days 00:00:21.682000,,0 days 00:24:50.533000,0 days 00:25:12.126000,256.0,261.0,262.0,214.0,False,MEDIUM,1.0,True,Audi,0 days 00:23:26.124000,,1,,False,,False,False
0 days 00:26:44.297000,HUL,27,0 days 00:01:32.321000,2.0,1.0,,,0 days 00:00:33.365000,0 days 00:00:41.058000,0 days 00:00:17.898000,0 days 00:25:45.341000,0 days 00:26:26.399000,0 days 00:26:44.297000,280.0,327.0,267.0,285.0,True,MEDIUM,2.0,True,Audi,0 days 00:25:11.976000,,1,,False,,False,True
0 days 00:28:53.091000,HUL,27,0 days 00:02:08.794000,3.0,1.0,,,0 days 00:00:50.322000,0 days 00:00:57.316000,0 days 00:00:21.156000,0 days 00:27:34.619000,0 days 00:28:31.935000,0 days 00:28:53.091000,192.0,275.0,260.0,221.0,False,MEDIUM,3.0,True,Audi,0 days 00:26:44.297000,,1,,False,,False,True
0 days 00:30:25.290000,HUL,27,0 days 00:01:32.199000,4.0,1.0,,,0 days 00:00:33.215000,0 days 00:00:40.905000,0 days 00:00:18.079000,0 days 00:29:26.306000,0 days 00:30:07.211000,0 days 00:30:25.290000,279.0,324.0,260.0,273.0,True,MEDIUM,4.0,True,Audi,0 days 00:28:53.091000,,1,,False,,False,True
0 days 00:32:41.846000,HUL,27,0 days 00:02:16.556000,5.0,1.0,,,0 days 00:00:52.595000,0 days 00:01:00.866000,0 days 00:00:23.095000,0 days 00:31:17.885000,0 days 00:32:18.751000,0 days 00:32:41.846000,166.0,166.0,264.0,265.0,False,MEDIUM,5.0,True,Audi,0 days 00:30:25.290000,,1,,False,,False,True
0 days 00:34:13.573000,HUL,27,0 days 00:01:31.727000,6.0,1.0,,,0 days 00:00:33.098000,0 days 00:00:40.801000,0 days 00:00:17.828000,0 days 00:33:14.944000,0 days 00:33:55.745000,0 days 00:34:13.573000,280.0,325.0,267.0,283.0,True,MEDIUM,6.0,True,Audi,0 days 00:32:41.846000,,1,,False,,False,True
0 days 00:36:13.896000,HUL,27,0 days 00:02:00.323000,7.0,1.0,,,0 days 00:00:47.016000,0 days 00:00:51.513000,0 days 00:00:21.794000,0 days 00:35:00.589000,0 days 00:35:52.102000,0 days 00:36:13.896000,189.0,276.0,245.0,246.0,False,MEDIUM,7.0,True,Audi,0 days 00:34:13.573000,,1,,False,,False,True
0 days 00:38:10.332000,HUL,27,0 days 00:01:56.436000,8.0,1.0,,,0 days 00:00:46.299000,0 days 00:00:48.912000,0 days 00:00:21.225000,0 days 00:37:00.195000,0 days 00:37:49.107000,0 days 00:38:10.332000,110.0,265.0,262.0,217.0,False,MEDIUM,8.0,True,Audi,0 days 00:36:13.896000,,1,,False,,False,True
0 days 00:39:41.658000,HUL,27,0 days 00:01:31.326000,9.0,1.0,,,0 days 00:00:32.978000,0 days 00:00:40.610000,0 days 00:00:17.738000,0 days 00:38:43.310000,0 days 00:39:23.920000,0 days 00:39:41.658000,279.0,325.0,270.0,284.0,True,MEDIUM,9.0,True,Audi,0 days 00:38:10.332000,,1,,False,,False,True
0 days 00:41:38.549000,HUL,27,0 days 00:01:56.891000,10.0,1.0,,0 days 00:41:37.103000,0 days 00:00:47.610000,0 days 00:00:46.317000,0 days 00:00:22.964000,0 days 00:40:29.268000,0 days 00:41:15.585000,0 days 00:41:38.549000,256.0,279.0,,226.0,False,MEDIUM,10.0,True,Audi,0 days 00:39:41.658000,,1,,False,,False,False
0 days 00:55:46.480000,HUL,27,,11.0,2.0,0 days 00:53:59.263000,,,0 days 00:00:48.234000,0 days 00:00:22.228000,,0 days 00:55:24.302000,0 days 00:55:46.497000,275.0,254.0,263.0,263.0,False,SOFT,1.0,True,Audi,0 days 00:41:38.549000,,1,,False,,False,False
0 days 00:57:17.138000,HUL,27,0 days 00:01:30.658000,12.0,2.0,,,0 days 00:00:32.678000,0 days 00:00:40.327000,0 days 00:00:17.653000,0 days 00:56:19.158000,0 days 00:56:59.485000,0 days 00:57:17.138000,276.0,326.0,270.0,286.0,True,SOFT,2.0,True,Audi,0 days 00:55:46.480000,,12,,False,,False,True
0 days 00:59:33.740000,HUL,27,0 days 00:02:16.602000,13.0,2.0,,,0 days 00:00:50.673000,0 days 00:01:05.037000,0 days 00:00:20.892000,0 days 00:58:07.811000,0 days 00:59:12.848000,0 days 00:59:33.740000,163.0,188.0,266.0,257.0,False,SOFT,3.0,True,Audi,0 days 00:57:17.138000,,1,,False,,False,True
0 days 01:01:04.721000,HUL,27,0 days 00:01:30.981000,14.0,2.0,,,0 days 00:00:32.817000,0 days 00:00:40.497000,0 days 00:00:17.667000,0 days 01:00:06.557000,0 days 01:00:47.054000,0 days 01:01:04.721000,266.0,326.0,267.0,285.0,False,SOFT,4.0,True,Audi,0 days 00:59:33.740000,,1,,False,,False,True
0 days 01:03:16.258000,HUL,27,0 days 00:02:11.537000,15.0,2.0,,0 days 01:03:14.625000,0 days 00:00:48.922000,0 days 00:00:56.190000,0 days 00:00:26.425000,0 days 01:01:53.643000,0 days 01:02:49.833000,0 days 01:03:16.258000,190.0,208.0,,234.0,False,SOFT,5.0,True,Audi,0 days 01:01:04.721000,,1,,False,,False,False
0 days 01:05:46.573000,HUL,27,,16.0,3.0,0 days 01:03:43.870000,,0 days 00:01:08.734000,0 days 00:00:53.449000,0 days 00:00:28.184000,0 days 01:04:25.173000,0 days 01:05:18.520000,0 days 01:05:46.573000,252.0,262.0,262.0,196.0,False,SOFT,6.0,False,Audi,0 days 01:03:16.258000,,1,,False,,False,False
0 days 01:07:17.390000,HUL,27,0 days 00:01:30.817000,17.0,3.0,,,0 days 00:00:32.806000,0 days 00:00:40.339000,0 days 00:00:17.672000,0 days 01:06:19.379000,0 days 01:06:59.718000,0 days 01:07:17.390000,278.0,323.0,268.0,281.0,False,SOFT,7.0,False,Audi,0 days 01:05:46.573000,,1,,False,,False,True
0 days 01:09:18.697000,HUL,27,0 days 00:02:01.307000,18.0,3.0,,0 days 01:09:17.655000,0 days 00:00:39.608000,0 days 00:00:55.073000,0 days 00:00:26.626000,0 days 01:07:56.998000,0 days 01:08:52.071000,0 days 01:09:18.697000,210.0,219.0,,187.0,False,SOFT,8.0,False,Audi,0 days 01:07:17.390000,,1,,False,,False,False
0 days 01:14:42.973000,HUL,27,,19.0,4.0,0 days 01:12:59.787000,,,0 days 00:00:45.156000,0 days 00:00:20.114000,,0 days 01:14:22.983000,0 days 01:14:43.062000,248.0,320.0,256.0,241.0,False,SOFT,9.0,False,Audi,0 days 01:09:18.697000,,1,,False,,False,False
0 days 01:16:52.333000,HUL,27,0 days 00:02:09.360000,20.0,4.0,,,0 days 00:00:43.665000,0 days 00:00:55.848000,0 days 00:00:29.847000,0 days 01:15:26.638000,0 days 01:16:22.486000,0 days 01:16:52.333000,198.0,192.0,120.0,186.0,False,SOFT,10.0,False,Audi,0 days 01:14:42.973000,,1,,False,,False,True
0 days 01:19:07.969000,HUL,27,0 days 00:02:15.636000,21.0,4.0,,0 days 01:19:06.508000,0 days 00:01:08.078000,0 days 00:00:44.921000,0 days 00:00:22.637000,0 days 01:18:00.411000,0 days 01:18:45.332000,0 days 01:19:07.969000,242.0,278.0,,227.0,False,SOFT,11.0,False,Audi,0 days 01:16:52.333000,,1,,False,,False,False
0 days 00:30:01.195000,LAW,30,,1.0,1.0,0 days 00:28:10.856000,,,0 days 00:00:49.484000,0 days 00:00:21.256000,,0 days 00:29:40.246000,0 days 00:30:01.606000,254.0,259.0,260.0,257.0,False,MEDIUM,1.0,True,Racing Bulls,0 days 00:28:10.856000,,1,,False,,False,False
0 days 00:31:33.013000,LAW,30,0 days 00:01:31.818000,2.0,1.0,,,0 days 00:00:33.341000,0 days 00:00:40.696000,0 days 00:00:17.781000,0 days 00:30:34.536000,0 days 00:31:15.232000,0 days 00:31:33.013000,271.0,330.0,261.0,283.0,True,MEDIUM,2.0,True,Racing Bulls,0 days 00:30:01.195000,,1,,False,,False,True
0 days 00:33:58.220000,LAW,30,0 days 00:02:25.207000,3.0,1.0,,,0 days 00:00:47.182000,0 days 00:01:14.227000,0 days 00:00:23.798000,0 days 00:32:20.195000,0 days 00:33:34.422000,0 days 00:33:58.220000,115.0,231.0,260.0,167.0,False,MEDIUM,3.0,True,Racing Bulls,0 days 00:31:33.013000,,1,,False,,False,True
0 days 00:35:30.001000,LAW,30,0 days 00:01:31.781000,4.0,1.0,,,0 days 00:00:33.282000,0 days 00:00:40.771000,0 days 00:00:17.728000,0 days 00:34:31.502000,0 days 00:35:12.273000,0 days 00:35:30.001000,271.0,332.0,255.0,284.0,True,MEDIUM,4.0,True,Racing Bulls,0 days 00:33:58.220000,,1,,False,,False,True
0 days 00:37:36.838000,LAW,30,0 days 00:02:06.837000,5.0,1.0,,,0 days 00:00:46.921000,0 days 00:00:53.407000,0 days 00:00:26.509000,0 days 00:36:16.922000,0 days 00:37:10.329000,0 days 00:37:36.838000,170.0,260.0,232.0,161.0,False,MEDIUM,5.0,True,Racing Bulls,0 days 00:35:30.001000,,1,,False,,False,True
0 days 00:39:39.683000,LAW,30,0 days 00:02:02.845000,6.0,1.0,,,0 days 00:00:44.558000,0 days 00:00:50.073000,0 days 00:00:28.214000,0 days 00:38:21.396000,0 days 00:39:11.469000,0 days 00:39:39.683000,232.0,260.0,253.0,167.0,False,MEDIUM,6.0,True,Racing Bulls,0 days 00:37:36.838000,,1,,False,,False,True
0 days 00:41:11.074000,LAW,30,0 days 00:01:31.391000,7.0,1.0,,,0 days 00:00:33.372000,0 days 00:00:40.325000,0 days 00:00:17.694000,0 days 00:40:13.055000,0 days 00:40:53.380000,0 days 00:41:11.074000,272.0,332.0,256.0,286.0,True,MEDIUM,7.0,True,Racing Bulls,0 days 00:39:39.683000,,1,,False,,False,True
0 days 00:43:20.541000,LAW,30,0 days 00:02:09.467000,8.0,1.0,,,0 days 00:00:43.987000,0 days 00:00:57.687000,0 days 00:00:27.793000,0 days 00:41:55.061000,0 days 00:42:52.748000,0 days 00:43:20.541000,163.0,265.0,215.0,170.0,False,MEDIUM,8.0,True,Racing Bulls,0 days 00:41:11.074000,,1,,False,,False,True
0 days 00:45:17.225000,LAW,30,0 days 00:01:56.684000,9.0,1.0,,,0 days 00:00:40.799000,0 days 00:00:50.271000,0 days 00:00:25.614000,0 days 00:44:01.340000,0 days 00:44:51.611000,0 days 00:45:17.225000,252.0,160.0,257.0,226.0,False,MEDIUM,9.0,True,Racing Bulls,0 days 00:43:20.541000,,1,,False,,False,True
0 days 00:46:48.605000,LAW,30,0 days 00:01:31.380000,10.0,1.0,,,0 days 00:00:33.135000,0 days 00:00:40.463000,0 days 00:00:17.782000,0 days 00:45:50.360000,0 days 00:46:30.823000,0 days 00:46:48.605000,266.0,332.0,257.0,286.0,True,MEDIUM,10.0,True,Racing Bulls,0 days 00:45:17.225000,,1,,False,,False,True
0 days 00:48:46.571000,LAW,30,0 days 00:01:57.966000,11.0,1.0,,0 days 00:48:45.088000,0 days 00:00:38.929000,0 days 00:00:53.794000,0 days 00:00:25.243000,0 days 00:47:27.534000,0 days 00:48:21.328000,0 days 00:48:46.571000,237.0,199.0,,236.0,False,MEDIUM,11.0,True,Racing Bulls,0 days 00:46:48.605000,,1,,False,,False,False
0 days 00:51:05.736000,LAW,30,0 days 00:02:19.165000,12.0,2.0,0 days 00:49:08.591000,,0 days 00:01:17.955000,0 days 00:00:43.161000,0 days 00:00:18.049000,0 days 00:50:04.526000,0 days 00:50:47.687000,0 days 00:51:05.736000,252.0,317.0,279.0,278.0,False,MEDIUM,12.0,False,Racing Bulls,0 days 00:48:46.571000,,1,,False,,False,False
0 days 00:52:40.622000,LAW,30,0 days 00:01:34.886000,13.0,2.0,,,0 days 00:00:35.286000,0 days 00:00:41.561000,0 days 00:00:18.039000,0 days 00:51:41.022000,0 days 00:52:22.583000,0 days 00:52:40.622000,271.0,325.0,283.0,284.0,False,MEDIUM,13.0,False,Racing Bulls,0 days 00:51:05.736000,,1,,False,,False,True
0 days 00:54:16.618000,LAW,30,0 days 00:01:35.996000,14.0,2.0,,0 days 00:54:15.241000,0 days 00:00:33.762000,0 days 00:00:41.319000,0 days 00:00:20.915000,0 days 00:53:14.384000,0 days 00:53:55.703000,0 days 00:54:16.618000,272.0,323.0,,280.0,False,MEDIUM,14.0,False,Racing Bulls,0 days 00:52:40.622000,,1,,False,,False,False
0 days 00:56:00.738000,LAW,30,0 days 00:01:44.120000,15.0,2.0,0 days 01:03:40.851000,,,0 days 00:00:45.826000,0 days 00:00:25.441000,,0 days 01:07:00.238000,0 days 01:07:25.586000,274.0,222.0,218.0,188.0,False,MEDIUM,15.0,False,Racing Bulls,0 days 00:54:16.618000,,1,,True,TRACK LIMITS AT TURN 13 LAP 16 ,False,False
0 days 01:07:48.573000,LAW,30,,16.0,3.0,,,,,,,,,274.0,222.0,218.0,188.0,False,SOFT,1.0,True,Racing Bulls,0 days 00:56:00.738000,,12,,False,,False,False
0 days 01:09:33.846000,LAW,30,0 days 00:02:08.382000,17.0,3.0,,,0 days 00:00:46.274000,0 days 00:00:55.986000,0 days 00:00:26.122000,0 days 01:08:11.859000,0 days 01:09:07.977000,0 days 01:09:33.976000,168.0,260.0,254.0,255.0,False,SOFT,2.0,True,Racing Bulls,0 days 01:07:48.573000,,1,,False,,False,False
0 days 01:11:04.943000,LAW,30,0 days 00:01:31.097000,18.0,3.0,,,0 days 00:00:33.061000,0 days 00:00:40.412000,0 days 00:00:17.624000,0 days 01:10:06.907000,0 days 01:10:47.319000,0 days 01:11:04.943000,271.0,330.0,260.0,287.0,True,SOFT,3.0,True,Racing Bulls,0 days 01:09:33.846000,,1,,False,,False,True
0 days 01:13:27.140000,LAW,30,0 days 00:02:22.197000,19.0,3.0,,,0 days 00:00:40.493000,0 days 00:01:00.151000,0 days 00:00:41.553000,0 days 01:11:45.436000,0 days 01:12:45.587000,0 days 01:13:27.140000,233.0,186.0,180.0,133.0,False,SOFT,4.0,True,Racing Bulls,0 days 01:11:04.943000,,1,,False,,False,True
0 days 01:15:34.777000,LAW,30,0 days 00:02:07.637000,20.0,3.0,,,0 days 00:00:42.040000,0 days 00:00:50.335000,0 days 00:00:35.262000,0 days 01:14:09.180000,0 days 01:14:59.515000,0 days 01:15:34.777000,193.0,247.0,54.0,210.0,False,SOFT,5.0,True,Racing Bulls,0 days 01:13:27.140000,,1,,False,,False,True
0 days 01:18:01.801000,LAW,30,0 days 00:02:27.024000,21.0,3.0,,0 days 01:18:00.415000,0 days 00:01:15.080000,0 days 00:00:48.201000,0 days 00:00:23.743000,0 days 01:16:49.857000,0 days 01:17:38.058000,0 days 01:18:01.801000,271.0,199.0,,236.0,False,SOFT,6.0,True,Racing Bulls,0 days 01:15:34.777000,,1,,False,,False,False
0 days 00:22:51.690000,OCO,31,,1.0,1.0,0 days 00:20:59.542000,,,0 days 00:00:46.866000,0 days 00:00:24.678000,,0 days 00:22:27.214000,0 days 00:22:51.844000,266.0,272.0,253.0,232.0,False,MEDIUM,1.0,True,Haas F1 Team,0 days 00:20:59.542000,,1,,False,,False,False
0 days 00:24:25.263000,OCO,31,0 days 00:01:33.573000,2.0,1.0,,,0 days 00:00:33.884000,0 days 00:00:41.295000,0 days 00:00:18.394000,0 days 00:23:25.574000,0 days 00:24:06.869000,0 days 00:24:25.263000,275.0,323.0,234.0,276.0,True,MEDIUM,2.0,True,Haas F1 Team,0 days 00:22:51.690000,,1,,False,,False,True
0 days 00:26:25.303000,OCO,31,0 days 00:02:00.040000,3.0,1.0,,0 days 00:26:23.986000,0 days 00:00:44.922000,0 days 00:00:50.434000,0 days 00:00:24.684000,0 days 00:25:10.185000,0 days 00:26:00.619000,0 days 00:26:25.303000,227.0,275.0,,262.0,False,MEDIUM,3.0,True,Haas F1 Team,0 days 00:24:25.263000,,1,,False,,False,False
0 days 00:29:01.440000,OCO,31,,4.0,2.0,0 days 00:27:09.590000,,0 days 00:01:24.739000,0 days 00:00:49.194000,0 days 00:00:22.229000,0 days 00:27:50.137000,0 days 00:28:39.506000,0 days 00:29:01.642000,230.0,270.0,254.0,260.0,False,MEDIUM,4.0,False,Haas F1 Team,0 days 00:26:25.303000,,1,,False,,False,False
0 days 00:30:34.219000,OCO,31,0 days 00:01:32.779000,5.0,2.0,,,0 days 00:00:33.549000,0 days 00:00:41.026000,0 days 00:00:18.204000,0 days 00:29:34.989000,0 days 00:30:16.015000,0 days 00:30:34.219000,275.0,314.0,254.0,272.0,True,MEDIUM,5.0,False,Haas F1 Team,0 days 00:29:01.440000,,1,,False,,False,True
0 days 00:32:48.162000,OCO,31,0 days 00:02:13.943000,6.0,2.0,,,0 days 00:00:50.061000,0 days 00:00:59.565000,0 days 00:00:24.317000,0 days 00:31:24.280000,0 days 00:32:23.845000,0 days 00:32:48.162000,168.0,276.0,251.0,264.0,False,MEDIUM,6.0,False,Haas F1 Team,0 days 00:30:34.219000,,1,,False,,False,True
0 days 00:34:20.531000,OCO,31,0 days 00:01:32.369000,7.0,2.0,,,0 days 00:00:33.567000,0 days 00:00:40.828000,0 days 00:00:17.974000,0 days 00:33:21.729000,0 days 00:34:02.557000,0 days 00:34:20.531000,278.0,328.0,248.0,281.0,True,MEDIUM,7.0,False,Haas F1 Team,0 days 00:32:48.162000,,1,,False,,False,True
0 days 00:36:27.940000,OCO,31,0 days 00:02:07.409000,8.0,2.0,,,0 days 00:00:47.864000,0 days 00:00:57.768000,0 days 00:00:21.777000,0 days 00:35:08.395000,0 days 00:36:06.163000,0 days 00:36:27.940000,177.0,270.0,260.0,261.0,False,MEDIUM,8.0,False,Haas F1 Team,0 days 00:34:20.531000,,1,,False,,False,True
0 days 00:37:59.658000,OCO,31,0 days 00:01:31.718000,9.0,2.0,,,0 days 00:00:33.452000,0 days 00:00:40.510000,0 days 00:00:17.756000,0 days 00:37:01.392000,0 days 00:37:41.902000,0 days 00:37:59.658000,280.0,332.0,257.0,285.0,True,MEDIUM,9.0,False,Haas F1 Team,0 days 00:36:27.940000,,1,,False,,False,True
0 days 00:39:55.780000,OCO,31,0 days 00:01:56.122000,10.0,2.0,,0 days 00:39:54.395000,0 days 00:00:41.913000,0 days 00:00:48.677000,0 days 00:00:25.532000,0 days 00:38:41.571000,0 days 00:39:30.248000,0 days 00:39:55.780000,123.0,280.0,,238.0,False,MEDIUM,10.0,False,Haas F1 Team,0 days 00:37:59.658000,,1,,False,,False,False
0 days 00:55:13.347000,OCO,31,,11.0,3.0,0 days 00:53:19.068000,,,0 days 00:00:49.091000,0 days 00:00:24.580000,,0 days 00:54:49.058000,0 days 00:55:13.485000,272.0,280.0,258.0,233.0,False,SOFT,1.0,True,Haas F1 Team,0 days 00:39:55.780000,,1,,False,,False,False
0 days 00:56:49.611000,OCO,31,0 days 00:01:36.264000,12.0,3.0,,,0 days 00:00:33.196000,0 days 00:00:43.074000,0 days 00:00:19.994000,0 days 00:55:46.543000,0 days 00:56:29.617000,0 days 00:56:49.611000,280.0,276.0,267.0,263.0,False,SOFT,2.0,True,Haas F1 Team,0 days 00:55:13.347000,,12,,False,,False,True
0 days 00:58:59.583000,OCO,31,0 days 00:02:09.972000,13.0,3.0,,,0 days 00:00:42.689000,0 days 00:01:01.151000,0 days 00:00:26.132000,0 days 00:57:32.300000,0 days 00:58:33.451000,0 days 00:58:59.583000,190.0,193.0,197.0,183.0,False,SOFT,3.0,True,Haas F1 Team,0 days 00:56:49.611000,,1,,False,,False,True
0 days 01:00:55.863000,OCO,31,0 days 00:01:56.280000,14.0,3.0,,,0 days 00:00:46.273000,0 days 00:00:49.390000,0 days 00:00:20.617000,0 days 00:59:45.856000,0 days 01:00:35.246000,0 days 01:00:55.863000,211.0,270.0,260.0,259.0,False,SOFT,4.0,True,Haas F1 Team,0 days 00:58:59.583000,,1,,False,,False,True
0 days 01:02:27.497000,OCO,31,0 days 00:01:31.634000,15.0,3.0,,,0 days 00:00:33.353000,0 days 00:00:40.417000,0 days 00:00:17.864000,0 days 01:01:29.216000,0 days 01:02:09.633000,0 days 01:02:27.497000,280.0,328.0,253.0,283.0,True,SOFT,5.0,True,Haas F1 Team,0 days 01:00:55.863000,,1,,False,,False,True
0 days 01:04:34.564000,OCO,31,0 days 00:02:07.067000,16.0,3.0,,0 days 01:04:33.175000,0 days 00:00:46.619000,0 days 00:00:53.009000,0 days 00:00:27.439000,0 days 01:03:14.116000,0 days 01:04:07.125000,0 days 01:04:34.564000,226.0,235.0,,213.0,False,SOFT,6.0,True,Haas F1 Team,0 days 01:02:27.497000,,1,,False,,False,False
0 days 01:07:00.654000,OCO,31,0 days 00:02:26.090000,17.0,4.0,0 days 01:04:52.952000,,0 days 00:01:17.333000,0 days 00:00:48.547000,0 days 00:00:20.210000,0 days 01:05:51.897000,0 days 01:06:40.444000,0 days 01:07:00.654000,233.0,272.0,262.0,261.0,False,SOFT,7.0,False,Haas F1 Team,0 days 01:04:34.564000,,1,,False,,False,False
0 days 01:08:31.980000,OCO,31,0 days 00:01:31.326000,18.0,4.0,,,0 days 00:00:33.126000,0 days 00:00:40.375000,0 days 00:00:17.825000,0 days 01:07:33.780000,0 days 01:08:14.155000,0 days 01:08:31.980000,280.0,328.0,251.0,283.0,True,SOFT,8.0,False,Haas F1 Team,0 days 01:07:00.654000,,1,,False,,False,True
0 days 01:10:20.815000,OCO,31,0 days 00:01:48.835000,19.0,4.0,,0 days 01:10:19.464000,0 days 00:00:40.457000,0 days 00:00:44.977000,0 days 00:00:23.401000,0 days 01:09:12.437000,0 days 01:09:57.414000,0 days 01:10:20.815000,265.0,277.0,,253.0,False,SOFT,9.0,False,Haas F1 Team,0 days 01:08:31.980000,,1,,False,,False,False
0 days 01:13:58.842000,OCO,31,,20.0,5.0,0 days 01:12:13.947000,,,0 days 00:00:47.355000,0 days 00:00:18.817000,,0 days 01:13:40.215000,0 days 01:13:58.941000,253.0,323.0,275.0,273.0,False,MEDIUM,11.0,False,Haas F1 Team,0 days 01:10:20.815000,,1,,False,,False,False
0 days 01:16:05.640000,OCO,31,0 days 00:02:06.798000,21.0,5.0,,,0 days 00:00:41.522000,0 days 00:00:51.765000,0 days 00:00:33.511000,0 days 01:14:40.364000,0 days 01:15:32.129000,0 days 01:16:05.640000,190.0,206.0,70.0,205.0,False,MEDIUM,12.0,False,Haas F1 Team,0 days 01:13:58.842000,,1,,False,,False,True
0 days 01:18:56.969000,OCO,31,,22.0,5.0,,0 days 01:18:55.503000,0 days 00:01:39.650000,0 days 00:00:46.207000,0 days 00:00:25.462000,0 days 01:17:45.495000,0 days 01:18:31.635000,0 days 01:18:56.969000,270.0,274.0,,263.0,False,MEDIUM,13.0,False,Haas F1 Team,0 days 01:16:05.640000,,1,,False,,False,False
0 days 00:26:03.052000,LIN,41,,1.0,1.0,0 days 00:24:01.942000,,,0 days 00:00:50.977000,0 days 00:00:22.283000,,0 days 00:25:40.918000,0 days 00:26:03.203000,180.0,257.0,263.0,245.0,False,SOFT,1.0,True,Racing Bulls,0 days 00:24:01.942000,,1,,False,,False,False
0 days 00:27:35.806000,LIN,41,0 days 00:01:32.754000,2.0,1.0,,,0 days 00:00:33.641000,0 days 00:00:41.363000,0 days 00:00:17.750000,0 days 00:26:36.693000,0 days 00:27:18.056000,0 days 00:27:35.806000,268.0,331.0,261.0,283.0,True,SOFT,2.0,True,Racing Bulls,0 days 00:26:03.052000,,1,,False,,False,True
0 days 00:30:13.331000,LIN,41,,3.0,1.0,,,0 days 00:01:23.430000,0 days 00:00:52.987000,0 days 00:00:21.080000,0 days 00:28:59.312000,0 days 00:29:52.523000,0 days 00:30:13.455000,192.0,257.0,266.0,256.0,False,SOFT,3.0,True,Racing Bulls,0 days 00:27:35.806000,,1,,False,,False,False
0 days 00:31:44.921000,LIN,41,0 days 00:01:31.590000,4.0,1.0,,,0 days 00:00:33.038000,0 days 00:00:40.835000,0 days 00:00:17.717000,0 days 00:30:46.369000,0 days 00:31:27.204000,0 days 00:31:44.921000,267.0,330.0,265.0,284.0,True,SOFT,4.0,True,Racing Bulls,0 days 00:30:13.331000,,1,,False,,False,True
0 days 00:33:52.775000,LIN,41,0 days 00:02:07.854000,5.0,1.0,,,0 days 00:00:50.541000,0 days 00:00:53.164000,0 days 00:00:24.149000,0 days 00:32:35.462000,0 days 00:33:28.626000,0 days 00:33:52.775000,192.0,268.0,244.0,159.0,False,SOFT,5.0,True,Racing Bulls,0 days 00:31:44.921000,,1,,False,,False,True
0 days 00:35:54.387000,LIN,41,0 days 00:02:01.612000,6.0,1.0,,,0 days 00:00:49.189000,0 days 00:00:51.883000,0 days 00:00:20.540000,0 days 00:34:41.964000,0 days 00:35:33.847000,0 days 00:35:54.387000,78.0,278.0,267.0,265.0,False,SOFT,6.0,True,Racing Bulls,0 days 00:33:52.775000,,1,,False,,False,True
0 days 00:37:25.675000,LIN,41,0 days 00:01:31.288000,7.0,1.0,,,0 days 00:00:33.088000,0 days 00:00:40.578000,0 days 00:00:17.622000,0 days 00:36:27.475000,0 days 00:37:08.053000,0 days 00:37:25.675000,268.0,330.0,262.0,285.0,True,SOFT,7.0,True,Racing Bulls,0 days 00:35:54.387000,,1,,False,,False,True
0 days 00:39:11.386000,LIN,41,0 days 00:01:45.711000,8.0,1.0,,0 days 00:39:10.037000,0 days 00:00:38.576000,0 days 00:00:45.913000,0 days 00:00:21.222000,0 days 00:38:04.251000,0 days 00:38:50.164000,0 days 00:39:11.386000,246.0,277.0,,269.0,False,SOFT,8.0,True,Racing Bulls,0 days 00:37:25.675000,,1,,False,,False,False
0 days 00:41:32.891000,LIN,41,0 days 00:02:21.505000,9.0,2.0,0 days 00:39:32.773000,0 days 00:41:30.807000,0 days 00:01:18.237000,0 days 00:00:42.712000,0 days 00:00:20.556000,0 days 00:40:29.623000,0 days 00:41:12.335000,0 days 00:41:32.891000,273.0,325.0,,284.0,False,SOFT,9.0,False,Racing Bulls,0 days 00:39:11.386000,,1,,False,,False,False
0 days 00:54:54.904000,LIN,41,,10.0,3.0,0 days 00:53:10.778000,0 days 00:54:53.458000,,0 days 00:00:43.297000,0 days 00:00:20.366000,,0 days 00:54:34.702000,0 days 00:54:54.904000,269.0,320.0,,278.0,False,SOFT,10.0,False,Racing Bulls,0 days 00:41:32.891000,,1,,False,,False,False
0 days 01:02:06.739000,LIN,41,,11.0,4.0,0 days 01:00:02.833000,,,0 days 00:00:53.938000,0 days 00:00:24.165000,,0 days 01:01:42.683000,0 days 01:02:06.845000,248.0,235.0,261.0,225.0,False,SOFT,1.0,True,Racing Bulls,0 days 00:54:54.904000,,12,,False,,False,False
0 days 01:03:59.532000,LIN,41,0 days 00:01:52.793000,12.0,4.0,,,0 days 00:00:41.803000,0 days 00:00:50.553000,0 days 00:00:20.437000,0 days 01:02:48.542000,0 days 01:03:39.095000,0 days 01:03:59.532000,168.0,253.0,268.0,256.0,False,SOFT,2.0,True,Racing Bulls,0 days 01:02:06.739000,,1,,False,,False,True
0 days 01:05:31.453000,LIN,41,0 days 00:01:31.921000,13.0,4.0,,,0 days 00:00:33.061000,0 days 00:00:41.215000,0 days 00:00:17.645000,0 days 01:04:32.593000,0 days 01:05:13.808000,0 days 01:05:31.453000,269.0,327.0,262.0,285.0,False,SOFT,3.0,True,Racing Bulls,0 days 01:03:59.532000,,1,,False,,False,True
0 days 01:07:33.318000,LIN,41,0 days 00:02:01.865000,14.0,4.0,,0 days 01:07:31.890000,0 days 00:00:46.137000,0 days 00:00:53.374000,0 days 00:00:22.354000,0 days 01:06:17.590000,0 days 01:07:10.964000,0 days 01:07:33.318000,234.0,263.0,,261.0,False,SOFT,4.0,True,Racing Bulls,0 days 01:05:31.453000,,1,,False,,False,False
0 days 01:10:03.970000,LIN,41,,15.0,5.0,0 days 01:08:03.685000,,0 days 00:01:16.341000,0 days 00:00:53.785000,0 days 00:00:20.558000,0 days 01:08:49.781000,0 days 01:09:43.572000,0 days 01:10:04.082000,160.0,255.0,267.0,255.0,False,SOFT,5.0,False,Racing Bulls,0 days 01:07:33.318000,,1,,False,,False,False
0 days 01:11:35.488000,LIN,41,0 days 00:01:31.518000,16.0,5.0,,,0 days 00:00:33.090000,0 days 00:00:40.618000,0 days 00:00:17.810000,0 days 01:10:37.060000,0 days 01:11:17.678000,0 days 01:11:35.488000,270.0,331.0,262.0,284.0,False,SOFT,6.0,False,Racing Bulls,0 days 01:10:03.970000,,1,,False,,False,True
0 days 01:13:29.511000,LIN,41,0 days 00:01:54.023000,17.0,5.0,,0 days 01:13:28.007000,0 days 00:00:47.075000,0 days 00:00:46.870000,0 days 00:00:20.078000,0 days 01:12:22.563000,0 days 01:13:09.433000,0 days 01:13:29.511000,109.0,319.0,,279.0,False,SOFT,7.0,False,Racing Bulls,0 days 01:11:35.488000,,1,,False,,False,False
0 days 00:15:36.425000,COL,43,,1.0,1.0,0 days 00:13:49.822000,,,0 days 00:00:46.059000,0 days 00:00:22.081000,,0 days 00:15:14.555000,0 days 00:15:36.490000,248.0,257.0,256.0,253.0,False,MEDIUM,1.0,True,Alpine,0 days 00:13:49.822000,,1,,False,,False,False
0 days 00:17:10.090000,COL,43,0 days 00:01:33.665000,2.0,1.0,,,0 days 00:00:34.141000,0 days 00:00:41.350000,0 days 00:00:18.174000,0 days 00:16:10.566000,0 days 00:16:51.916000,0 days 00:17:10.090000,272.0,319.0,268.0,273.0,True,MEDIUM,2.0,True,Alpine,0 days 00:15:36.425000,,1,,False,,False,True
0 days 00:20:05.146000,COL,43,,3.0,1.0,,,0 days 00:01:15.628000,0 days 00:01:17.125000,0 days 00:00:22.307000,0 days 00:18:26.001000,0 days 00:19:42.911000,0 days 00:20:05.217000,92.0,256.0,240.0,246.0,False,MEDIUM,3.0,True,Alpine,0 days 00:17:10.090000,,1,,False,,False,False
0 days 00:21:38.293000,COL,43,0 days 00:01:33.147000,4.0,1.0,,,0 days 00:00:33.721000,0 days 00:00:41.188000,0 days 00:00:18.238000,0 days 00:20:38.867000,0 days 00:21:20.055000,0 days 00:21:38.293000,269.0,318.0,268.0,274.0,True,MEDIUM,4.0,True,Alpine,0 days 00:20:05.146000,,1,,False,,False,True
0 days 00:24:14.943000,COL,43,,5.0,1.0,,,0 days 00:01:06.966000,0 days 00:01:08.066000,0 days 00:00:21.480000,0 days 00:22:45.503000,0 days 00:23:53.501000,0 days 00:24:14.943000,136.0,253.0,245.0,253.0,False,MEDIUM,5.0,True,Alpine,0 days 00:21:38.293000,,1,,False,,False,False
0 days 00:25:47.292000,COL,43,0 days 00:01:32.349000,6.0,1.0,,,0 days 00:00:33.454000,0 days 00:00:40.875000,0 days 00:00:18.020000,0 days 00:24:48.397000,0 days 00:25:29.272000,0 days 00:25:47.292000,273.0,320.0,266.0,272.0,True,MEDIUM,6.0,True,Alpine,0 days 00:24:14.943000,,1,,False,,False,True
0 days 00:27:50.515000,COL,43,0 days 00:02:03.223000,7.0,1.0,,0 days 00:27:48.985000,0 days 00:00:42.511000,0 days 00:00:56.765000,0 days 00:00:23.947000,0 days 00:26:29.803000,0 days 00:27:26.568000,0 days 00:27:50.515000,203.0,239.0,,238.0,False,MEDIUM,7.0,True,Alpine,0 days 00:25:47.292000,,1,,False,,False,False
0 days 00:31:00.507000,COL,43,,8.0,2.0,0 days 00:28:36.011000,,,0 days 00:00:50.513000,0 days 00:00:27.128000,,0 days 00:30:33.588000,0 days 00:31:00.584000,91.0,259.0,243.0,223.0,False,MEDIUM,8.0,False,Alpine,0 days 00:27:50.515000,,1,,False,,False,False
0 days 00:32:32.841000,COL,43,0 days 00:01:32.334000,9.0,2.0,,,0 days 00:00:33.466000,0 days 00:00:40.861000,0 days 00:00:18.007000,0 days 00:31:33.973000,0 days 00:32:14.834000,0 days 00:32:32.841000,271.0,319.0,266.0,272.0,True,MEDIUM,9.0,False,Alpine,0 days 00:31:00.507000,,1,,False,,False,True
0 days 00:34:38.694000,COL,43,0 days 00:02:05.853000,10.0,2.0,,0 days 00:34:37.279000,0 days 00:00:49.201000,0 days 00:00:51.658000,0 days 00:00:24.994000,0 days 00:33:22.042000,0 days 00:34:13.700000,0 days 00:34:38.694000,171.0,239.0,,238.0,False,MEDIUM,10.0,False,Alpine,0 days 00:32:32.841000,,1,,False,,False,False
0 days 00:45:10.696000,COL,43,,11.0,3.0,0 days 00:43:10.658000,,,0 days 00:00:42.834000,0 days 00:00:20.615000,,0 days 00:44:50.145000,0 days 00:45:10.804000,260.0,310.0,274.0,272.0,False,MEDIUM,11.0,False,Alpine,0 days 00:34:38.694000,,1,,False,,False,False
0 days 00:46:45.350000,COL,43,0 days 00:01:34.654000,12.0,3.0,,,0 days 00:00:34.493000,0 days 00:00:41.904000,0 days 00:00:18.257000,0 days 00:45:45.189000,0 days 00:46:27.093000,0 days 00:46:45.350000,260.0,311.0,282.0,274.0,False,MEDIUM,12.0,False,Alpine,0 days 00:45:10.696000,,1,,False,,False,True
0 days 00:48:20.368000,COL,43,0 days 00:01:35.018000,13.0,3.0,,,0 days 00:00:34.322000,0 days 00:00:42.316000,0 days 00:00:18.380000,0 days 00:47:19.672000,0 days 00:48:01.988000,0 days 00:48:20.368000,260.0,309.0,280.0,271.0,False,MEDIUM,13.0,False,Alpine,0 days 00:46:45.350000,,1,,False,,False,True
0 days 00:49:55.140000,COL,43,0 days 00:01:34.772000,14.0,3.0,,,0 days 00:00:34.467000,0 days 00:00:42.050000,0 days 00:00:18.255000,0 days 00:48:54.835000,0 days 00:49:36.885000,0 days 00:49:55.140000,256.0,307.0,279.0,271.0,False,MEDIUM,14.0,False,Alpine,0 days 00:48:20.368000,,1,,False,,False,True
0 days 00:51:30.257000,COL,43,0 days 00:01:35.117000,15.0,3.0,,,0 days 00:00:34.609000,0 days 00:00:42.184000,0 days 00:00:18.324000,0 days 00:50:29.749000,0 days 00:51:11.933000,0 days 00:51:30.257000,257.0,309.0,282.0,273.0,False,MEDIUM,15.0,False,Alpine,0 days 00:49:55.140000,,1,,False,,False,True
0 days 00:53:05.333000,COL,43,0 days 00:01:35.076000,16.0,3.0,,,0 days 00:00:34.468000,0 days 00:00:42.296000,0 days 00:00:18.312000,0 days 00:52:04.725000,0 days 00:52:47.021000,0 days 00:53:05.333000,261.0,309.0,281.0,273.0,False,MEDIUM,16.0,False,Alpine,0 days 00:51:30.257000,,1,,False,,False,True
0 days 00:54:42.059000,COL,43,0 days 00:01:36.726000,17.0,3.0,,,0 days 00:00:34.527000,0 days 00:00:43.725000,0 days 00:00:18.474000,0 days 00:53:39.860000,0 days 00:54:23.585000,0 days 00:54:42.059000,258.0,319.0,280.0,275.0,False,MEDIUM,17.0,False,Alpine,0 days 00:53:05.333000,,1,,False,,False,True
0 days 00:56:19.870000,COL,43,0 days 00:01:37.811000,18.0,3.0,,0 days 00:56:18.831000,0 days 00:00:34.347000,0 days 00:00:42.424000,0 days 00:00:21.040000,0 days 00:55:16.406000,0 days 00:55:58.830000,0 days 00:56:19.870000,256.0,309.0,,272.0,False,MEDIUM,18.0,False,Alpine,0 days 00:54:42.059000,,1,,False,,False,False
0 days 01:06:50.833000,COL,43,,19.0,4.0,0 days 01:04:55.485000,,,0 days 00:00:46.474000,0 days 00:00:26.236000,,0 days 01:06:24.791000,0 days 01:06:51.008000,248.0,256.0,243.0,255.0,False,SOFT,1.0,True,Alpine,0 days 00:56:19.870000,,12,,False,,False,False
0 days 01:08:22.687000,COL,43,0 days 00:01:31.854000,20.0,4.0,,,0 days 00:00:33.266000,0 days 00:00:40.801000,0 days 00:00:17.787000,0 days 01:07:24.099000,0 days 01:08:04.900000,0 days 01:08:22.687000,272.0,326.0,265.0,278.0,True,SOFT,2.0,True,Alpine,0 days 01:06:50.833000,,1,,False,,False,True
0 days 01:10:44.338000,COL,43,0 days 00:02:21.651000,21.0,4.0,,,0 days 00:00:54.937000,0 days 00:01:03.785000,0 days 00:00:22.929000,0 days 01:09:17.624000,0 days 01:10:21.409000,0 days 01:10:44.338000,162.0,277.0,233.0,223.0,False,SOFT,3.0,True,Alpine,0 days 01:08:22.687000,,1,,False,,False,True
0 days 01:12:51.207000,COL,43,0 days 00:02:06.869000,22.0,4.0,,,0 days 00:00:47.482000,0 days 00:00:53.802000,0 days 00:00:25.585000,0 days 01:11:31.820000,0 days 01:12:25.622000,0 days 01:12:51.207000,200.0,267.0,235.0,262.0,False,SOFT,4.0,True,Alpine,0 days 01:10:44.338000,,1,,False,,False,True
0 days 01:14:22.966000,COL,43,0 days 00:01:31.759000,23.0,4.0,,,0 days 00:00:33.311000,0 days 00:00:40.617000,0 days 00:00:17.831000,0 days 01:13:24.518000,0 days 01:14:05.135000,0 days 01:14:22.966000,273.0,324.0,266.0,279.0,True,SOFT,5.0,True,Alpine,0 days 01:12:51.207000,,1,,False,,False,True
0 days 01:16:27.718000,COL,43,0 days 00:02:04.752000,24.0,4.0,,,0 days 00:00:42.568000,0 days 00:00:52.975000,0 days 00:00:29.209000,0 days 01:15:05.534000,0 days 01:15:58.509000,0 days 01:16:27.718000,214.0,239.0,64.0,239.0,False,SOFT,6.0,True,Alpine,0 days 01:14:22.966000,,1,,False,,False,True
0 days 01:18:50.663000,COL,43,0 days 00:02:22.945000,25.0,4.0,,0 days 01:18:49.852000,0 days 00:01:17.895000,0 days 00:00:43.181000,0 days 00:00:21.869000,0 days 01:17:45.613000,0 days 01:18:28.794000,0 days 01:18:50.663000,269.0,258.0,,242.0,False,SOFT,7.0,True,Alpine,0 days 01:16:27.718000,,1,,False,,False,False
0 days 00:20:23.120000,HAM,44,,1.0,1.0,0 days 00:18:31.962000,,,0 days 00:00:48.636000,0 days 00:00:21.378000,,0 days 00:20:02.073000,0 days 00:20:23.277000,253.0,269.0,252.0,253.0,False,SOFT,1.0,True,Ferrari,0 days 00:18:31.962000,,1,,False,,False,False
0 days 00:21:55.403000,HAM,44,0 days 00:01:32.283000,2.0,1.0,,,0 days 00:00:33.236000,0 days 00:00:40.958000,0 days 00:00:18.089000,0 days 00:20:56.356000,0 days 00:21:37.314000,0 days 00:21:55.403000,278.0,321.0,246.0,277.0,True,SOFT,2.0,True,Ferrari,0 days 00:20:23.120000,,1,,False,,False,True
0 days 00:24:43.743000,HAM,44,,3.0,1.0,,,0 days 00:01:12.002000,0 days 00:01:14.628000,0 days 00:00:21.611000,0 days 00:23:07.721000,0 days 00:24:22.132000,0 days 00:24:43.844000,97.0,250.0,256.0,249.0,False,SOFT,3.0,True,Ferrari,0 days 00:21:55.403000,,1,,False,,False,False
0 days 00:26:14.799000,HAM,44,0 days 00:01:31.056000,4.0,1.0,,,0 days 00:00:32.879000,0 days 00:00:40.383000,0 days 00:00:17.794000,0 days 00:25:16.622000,0 days 00:25:57.005000,0 days 00:26:14.799000,279.0,320.0,263.0,279.0,True,SOFT,4.0,True,Ferrari,0 days 00:24:43.743000,,1,,False,,False,True
0 days 00:28:40.510000,HAM,44,0 days 00:02:25.711000,5.0,1.0,,0 days 00:28:39.131000,0 days 00:00:57.925000,0 days 00:01:01.929000,0 days 00:00:25.857000,0 days 00:27:12.724000,0 days 00:28:14.653000,0 days 00:28:40.510000,187.0,232.0,,214.0,False,SOFT,5.0,True,Ferrari,0 days 00:26:14.799000,,1,,False,,False,False
0 days 00:36:57.743000,HAM,44,,6.0,2.0,0 days 00:34:57.510000,,,0 days 00:00:45.313000,0 days 00:00:20.749000,,0 days 00:36:37.312000,0 days 00:36:57.992000,268.0,254.0,258.0,252.0,False,SOFT,6.0,False,Ferrari,0 days 00:28:40.510000,,1,,False,,False,False
0 days 00:38:28.617000,HAM,44,0 days 00:01:30.874000,7.0,2.0,,,0 days 00:00:32.792000,0 days 00:00:40.339000,0 days 00:00:17.743000,0 days 00:37:30.535000,0 days 00:38:10.874000,0 days 00:38:28.617000,279.0,328.0,248.0,283.0,True,SOFT,7.0,False,Ferrari,0 days 00:36:57.743000,,1,,False,,False,True
0 days 00:40:55.182000,HAM,44,0 days 00:02:26.565000,8.0,2.0,,,0 days 00:00:58.289000,0 days 00:01:06.849000,0 days 00:00:21.427000,0 days 00:39:26.906000,0 days 00:40:33.755000,0 days 00:40:55.182000,136.0,220.0,260.0,252.0,False,SOFT,8.0,False,Ferrari,0 days 00:38:28.617000,,1,,False,,False,True
0 days 00:42:25.929000,HAM,44,0 days 00:01:30.747000,9.0,2.0,,,0 days 00:00:32.772000,0 days 00:00:40.199000,0 days 00:00:17.776000,0 days 00:41:27.954000,0 days 00:42:08.153000,0 days 00:42:25.929000,279.0,327.0,251.0,281.0,True,SOFT,9.0,False,Ferrari,0 days 00:40:55.182000,,1,,False,,False,True
0 days 00:44:36.469000,HAM,44,0 days 00:02:10.540000,10.0,2.0,,,0 days 00:00:52.583000,0 days 00:00:55.540000,0 days 00:00:22.417000,0 days 00:43:18.512000,0 days 00:44:14.052000,0 days 00:44:36.469000,192.0,228.0,216.0,220.0,False,SOFT,10.0,False,Ferrari,0 days 00:42:25.929000,,1,,False,,False,True
0 days 00:46:36.068000,HAM,44,0 days 00:01:59.599000,11.0,2.0,,,0 days 00:00:45.734000,0 days 00:00:53.051000,0 days 00:00:20.814000,0 days 00:45:22.203000,0 days 00:46:15.254000,0 days 00:46:36.068000,215.0,263.0,260.0,255.0,False,SOFT,11.0,False,Ferrari,0 days 00:44:36.469000,,1,,False,,False,True
0 days 00:48:07.014000,HAM,44,0 days 00:01:30.946000,12.0,2.0,,,0 days 00:00:32.756000,0 days 00:00:40.326000,0 days 00:00:17.864000,0 days 00:47:08.824000,0 days 00:47:49.150000,0 days 00:48:07.014000,278.0,326.0,245.0,281.0,False,SOFT,12.0,False,Ferrari,0 days 00:46:36.068000,,1,,False,,False,True
0 days 00:49:50.521000,HAM,44,0 days 00:01:43.507000,13.0,2.0,,0 days 00:49:49.297000,0 days 00:00:38.051000,0 days 00:00:43.081000,0 days 00:00:22.375000,0 days 00:48:45.065000,0 days 00:49:28.146000,0 days 00:49:50.521000,263.0,265.0,,259.0,False,SOFT,13.0,False,Ferrari,0 days 00:48:07.014000,,1,,False,,False,False
0 days 00:59:44.137000,HAM,44,,14.0,3.0,0 days 00:57:39.039000,,,0 days 00:00:52.577000,0 days 00:00:30.417000,,0 days 00:59:13.831000,0 days 00:59:44.137000,259.0,273.0,250.0,263.0,False,SOFT,1.0,True,Ferrari,0 days 00:49:50.521000,,12,,False,,False,False
0 days 01:01:14.948000,HAM,44,0 days 00:01:30.811000,15.0,3.0,,,0 days 00:00:32.485000,0 days 00:00:40.277000,0 days 00:00:18.049000,0 days 01:00:16.622000,0 days 01:00:56.899000,0 days 01:01:14.948000,280.0,319.0,236.0,278.0,False,SOFT,2.0,True,Ferrari,0 days 00:59:44.137000,,1,,False,,False,True
0 days 01:04:18.295000,HAM,44,,16.0,3.0,,,0 days 00:01:14.660000,0 days 00:01:19.307000,0 days 00:00:29.360000,0 days 01:02:29.749000,0 days 01:03:48.935000,0 days 01:04:18.382000,125.0,189.0,146.0,159.0,False,SOFT,3.0,True,Ferrari,0 days 01:01:14.948000,,1,,False,,False,False
0 days 01:06:17.422000,HAM,44,0 days 00:01:59.127000,17.0,3.0,,,0 days 00:00:47.791000,0 days 00:00:46.252000,0 days 00:00:25.084000,0 days 01:05:06.086000,0 days 01:05:52.338000,0 days 01:06:17.422000,243.0,103.0,262.0,231.0,False,SOFT,4.0,True,Ferrari,0 days 01:04:18.295000,,1,,False,,False,True
0 days 01:07:47.805000,HAM,44,0 days 00:01:30.383000,18.0,3.0,,,0 days 00:00:32.407000,0 days 00:00:40.138000,0 days 00:00:17.838000,0 days 01:06:49.829000,0 days 01:07:29.967000,0 days 01:07:47.805000,279.0,317.0,251.0,277.0,True,SOFT,5.0,True,Ferrari,0 days 01:06:17.422000,,1,,False,,False,True
0 days 01:10:33.680000,HAM,44,,19.0,3.0,,,0 days 00:01:01.200000,0 days 00:01:15.001000,0 days 00:00:29.760000,0 days 01:08:49.194000,0 days 01:10:04.028000,0 days 01:10:33.797000,112.0,168.0,164.0,147.0,False,SOFT,6.0,True,Ferrari,0 days 01:07:47.805000,,1,,False,,False,False
0 days 01:12:30.973000,HAM,44,0 days 00:01:57.293000,20.0,3.0,,,0 days 00:00:46.553000,0 days 00:00:49.265000,0 days 00:00:21.475000,0 days 01:11:20.233000,0 days 01:12:09.498000,0 days 01:12:30.973000,246.0,248.0,261.0,248.0,False,SOFT,7.0,True,Ferrari,0 days 01:10:33.680000,,1,,False,,False,True
0 days 01:14:14.838000,HAM,44,0 days 00:01:43.865000,21.0,3.0,,,0 days 00:00:32.675000,0 days 00:00:47.797000,0 days 00:00:23.393000,0 days 01:13:03.648000,0 days 01:13:51.445000,0 days 01:14:14.838000,278.0,223.0,199.0,200.0,False,SOFT,8.0,True,Ferrari,0 days 01:12:30.973000,,1,,True,TRACK LIMITS AT TURN 13 LAP 22 ,False,True
0 days 01:16:39.904000,HAM,44,0 days 00:02:25.066000,22.0,3.0,,,0 days 00:00:53.860000,0 days 00:00:57.838000,0 days 00:00:33.368000,0 days 01:15:08.698000,0 days 01:16:06.536000,0 days 01:16:39.904000,171.0,236.0,73.0,240.0,False,SOFT,9.0,True,Ferrari,0 days 01:14:14.838000,,1,,False,,False,True
0 days 01:19:01.219000,HAM,44,0 days 00:02:21.315000,23.0,3.0,,0 days 01:18:59.882000,0 days 00:01:13.603000,0 days 00:00:42.191000,0 days 00:00:25.521000,0 days 01:17:53.507000,0 days 01:18:35.698000,0 days 01:19:01.219000,254.0,309.0,,272.0,False,SOFT,10.0,True,Ferrari,0 days 01:16:39.904000,,1,,False,,False,False
0 days 00:25:33.900000,SAI,55,,1.0,1.0,0 days 00:23:48.664000,,,0 days 00:00:45.340000,0 days 00:00:22.621000,,0 days 00:25:11.435000,0 days 00:25:33.948000,252.0,258.0,258.0,246.0,False,MEDIUM,1.0,True,Williams,0 days 00:23:48.664000,,1,,False,,False,False
0 days 00:27:06.791000,SAI,55,0 days 00:01:32.891000,2.0,1.0,,,0 days 00:00:33.632000,0 days 00:00:41.300000,0 days 00:00:17.959000,0 days 00:26:07.532000,0 days 00:26:48.832000,0 days 00:27:06.791000,277.0,330.0,259.0,283.0,True,MEDIUM,2.0,True,Williams,0 days 00:25:33.900000,,1,,False,,False,True
0 days 00:29:25.012000,SAI,55,0 days 00:02:18.221000,3.0,1.0,,,0 days 00:01:00.058000,0 days 00:00:55.279000,0 days 00:00:22.884000,0 days 00:28:06.849000,0 days 00:29:02.128000,0 days 00:29:25.012000,188.0,274.0,256.0,254.0,False,MEDIUM,3.0,True,Williams,0 days 00:27:06.791000,,1,,False,,False,True
0 days 00:30:57.032000,SAI,55,0 days 00:01:32.020000,4.0,1.0,,,0 days 00:00:33.551000,0 days 00:00:40.801000,0 days 00:00:17.668000,0 days 00:29:58.563000,0 days 00:30:39.364000,0 days 00:30:57.032000,277.0,338.0,263.0,287.0,True,MEDIUM,4.0,True,Williams,0 days 00:29:25.012000,,1,,False,,False,True
0 days 00:33:14.971000,SAI,55,0 days 00:02:17.939000,5.0,1.0,,,0 days 00:00:57.104000,0 days 00:00:58.503000,0 days 00:00:22.332000,0 days 00:31:54.136000,0 days 00:32:52.639000,0 days 00:33:14.971000,164.0,267.0,255.0,259.0,False,MEDIUM,5.0,True,Williams,0 days 00:30:57.032000,,1,,False,,False,True
0 days 00:34:52.680000,SAI,55,0 days 00:01:37.709000,6.0,1.0,,0 days 00:34:51.298000,0 days 00:00:33.509000,0 days 00:00:40.812000,0 days 00:00:23.388000,0 days 00:33:48.480000,0 days 00:34:29.292000,0 days 00:34:52.680000,275.0,332.0,,254.0,False,MEDIUM,6.0,True,Williams,0 days 00:33:14.971000,,1,,False,,False,False
0 days 00:37:07.207000,SAI,55,0 days 00:02:14.527000,7.0,2.0,0 days 00:35:18.572000,,0 days 00:01:07.349000,0 days 00:00:46.520000,0 days 00:00:20.658000,0 days 00:36:00.029000,0 days 00:36:46.549000,0 days 00:37:07.207000,241.0,266.0,258.0,263.0,False,MEDIUM,7.0,False,Williams,0 days 00:34:52.680000,,1,,False,,False,False
0 days 00:38:39.584000,SAI,55,0 days 00:01:32.377000,8.0,2.0,,,0 days 00:00:33.547000,0 days 00:00:41.007000,0 days 00:00:17.823000,0 days 00:37:40.754000,0 days 00:38:21.761000,0 days 00:38:39.584000,277.0,330.0,264.0,282.0,False,MEDIUM,8.0,False,Williams,0 days 00:37:07.207000,,1,,False,,False,True
0 days 00:40:41.012000,SAI,55,0 days 00:02:01.428000,9.0,2.0,,0 days 00:40:39.587000,0 days 00:00:47.926000,0 days 00:00:48.049000,0 days 00:00:25.453000,0 days 00:39:27.510000,0 days 00:40:15.559000,0 days 00:40:41.012000,229.0,200.0,,199.0,False,MEDIUM,9.0,False,Williams,0 days 00:38:39.584000,,1,,False,,False,False
0 days 00:45:47.333000,SAI,55,,10.0,3.0,0 days 00:43:52.022000,,,0 days 00:00:42.313000,0 days 00:00:18.432000,,0 days 00:45:29.031000,0 days 00:45:48.761000,276.0,323.0,281.0,281.0,False,MEDIUM,10.0,False,Williams,0 days 00:40:41.012000,,1,,False,,False,False
0 days 00:47:21.924000,SAI,55,0 days 00:01:34.591000,11.0,3.0,,,0 days 00:00:34.337000,0 days 00:00:42.120000,0 days 00:00:18.134000,0 days 00:46:21.670000,0 days 00:47:03.790000,0 days 00:47:21.924000,259.0,315.0,280.0,278.0,False,MEDIUM,11.0,False,Williams,0 days 00:45:47.333000,,1,,False,,False,True
0 days 00:48:56.405000,SAI,55,0 days 00:01:34.481000,12.0,3.0,,,0 days 00:00:34.328000,0 days 00:00:42.049000,0 days 00:00:18.104000,0 days 00:47:56.252000,0 days 00:48:38.301000,0 days 00:48:56.405000,259.0,315.0,281.0,278.0,False,MEDIUM,12.0,False,Williams,0 days 00:47:21.924000,,1,,False,,False,True
0 days 00:50:31.106000,SAI,55,0 days 00:01:34.701000,13.0,3.0,,,0 days 00:00:34.478000,0 days 00:00:42.006000,0 days 00:00:18.217000,0 days 00:49:30.883000,0 days 00:50:12.889000,0 days 00:50:31.106000,257.0,312.0,281.0,276.0,False,MEDIUM,13.0,False,Williams,0 days 00:48:56.405000,,1,,False,,False,True
0 days 00:52:05.715000,SAI,55,0 days 00:01:34.609000,14.0,3.0,,,0 days 00:00:34.631000,0 days 00:00:41.923000,0 days 00:00:18.055000,0 days 00:51:05.737000,0 days 00:51:47.660000,0 days 00:52:05.715000,266.0,313.0,282.0,276.0,False,MEDIUM,14.0,False,Williams,0 days 00:50:31.106000,,1,,False,,False,True
0 days 00:53:39.867000,SAI,55,0 days 00:01:34.152000,15.0,3.0,,,0 days 00:00:34.351000,0 days 00:00:41.705000,0 days 00:00:18.096000,0 days 00:52:40.066000,0 days 00:53:21.771000,0 days 00:53:39.867000,270.0,317.0,258.0,309.0,False,MEDIUM,15.0,False,Williams,0 days 00:52:05.715000,,1,,False,,False,True
0 days 00:55:15.047000,SAI,55,0 days 00:01:35.180000,16.0,3.0,,,0 days 00:00:35.253000,0 days 00:00:41.724000,0 days 00:00:18.203000,0 days 00:54:15.120000,0 days 00:54:56.844000,0 days 00:55:15.047000,268.0,332.0,255.0,286.0,False,MEDIUM,16.0,False,Williams,0 days 00:53:39.867000,,1,,False,,False,True
0 days 00:56:56.085000,SAI,55,0 days 00:01:41.038000,17.0,3.0,,0 days 00:56:54.537000,0 days 00:00:35.372000,0 days 00:00:42.969000,0 days 00:00:22.697000,0 days 00:55:50.419000,0 days 00:56:33.388000,0 days 00:56:56.085000,270.0,283.0,,270.0,False,MEDIUM,17.0,False,Williams,0 days 00:55:15.047000,,12,,False,,False,False
0 days 01:02:23.154000,SAI,55,,18.0,4.0,0 days 01:00:33.809000,,,0 days 00:00:48.166000,0 days 00:00:20.643000,,0 days 01:02:02.581000,0 days 01:02:23.238000,250.0,262.0,258.0,247.0,False,SOFT,1.0,True,Williams,0 days 00:56:56.085000,,1,,False,,False,False
0 days 01:03:54.983000,SAI,55,0 days 00:01:31.829000,19.0,4.0,,,0 days 00:00:33.223000,0 days 00:00:40.911000,0 days 00:00:17.695000,0 days 01:02:56.377000,0 days 01:03:37.288000,0 days 01:03:54.983000,273.0,332.0,263.0,286.0,True,SOFT,2.0,True,Williams,0 days 01:02:23.154000,,1,,False,,False,True
0 days 01:06:06.639000,SAI,55,0 days 00:02:11.656000,20.0,4.0,,,0 days 00:00:52.018000,0 days 00:00:58.001000,0 days 00:00:21.637000,0 days 01:04:47.001000,0 days 01:05:45.002000,0 days 01:06:06.639000,169.0,222.0,244.0,254.0,False,SOFT,3.0,True,Williams,0 days 01:03:54.983000,,1,,False,,False,True
0 days 01:08:01.552000,SAI,55,0 days 00:01:54.913000,21.0,4.0,,,0 days 00:00:39.113000,0 days 00:00:52.479000,0 days 00:00:23.321000,0 days 01:06:45.752000,0 days 01:07:38.231000,0 days 01:08:01.552000,235.0,272.0,258.0,266.0,False,SOFT,4.0,True,Williams,0 days 01:06:06.639000,,1,,False,,False,True
0 days 01:09:33.670000,SAI,55,0 days 00:01:32.118000,22.0,4.0,,,0 days 00:00:33.480000,0 days 00:00:40.779000,0 days 00:00:17.859000,0 days 01:08:35.032000,0 days 01:09:15.811000,0 days 01:09:33.670000,274.0,332.0,261.0,287.0,False,SOFT,5.0,True,Williams,0 days 01:08:01.552000,,1,,False,,False,True
0 days 01:11:45.894000,SAI,55,0 days 00:02:12.224000,23.0,4.0,,0 days 01:11:44.211000,0 days 00:00:47.200000,0 days 00:00:54.610000,0 days 00:00:30.414000,0 days 01:10:20.870000,0 days 01:11:15.480000,0 days 01:11:45.894000,176.0,200.0,,173.0,False,SOFT,6.0,True,Williams,0 days 01:09:33.670000,,1,,False,,False,False
0 days 01:14:12.214000,SAI,55,0 days 00:02:26.320000,24.0,5.0,0 days 01:12:12.061000,,0 days 00:01:25.383000,0 days 00:00:42.472000,0 days 00:00:18.465000,0 days 01:13:11.277000,0 days 01:13:53.749000,0 days 01:14:12.214000,278.0,309.0,274.0,273.0,False,SOFT,7.0,False,Williams,0 days 01:11:45.894000,,1,,False,,False,False
0 days 01:16:10.503000,SAI,55,0 days 00:01:58.289000,25.0,5.0,,,0 days 00:00:39.395000,0 days 00:00:50.441000,0 days 00:00:28.453000,0 days 01:14:51.609000,0 days 01:15:42.050000,0 days 01:16:10.503000,223.0,235.0,68.0,234.0,False,SOFT,8.0,False,Williams,0 days 01:14:12.214000,,1,,False,,False,True
0 days 01:18:35.865000,SAI,55,0 days 00:02:25.362000,26.0,5.0,,0 days 01:18:34.373000,0 days 00:01:16.197000,0 days 00:00:45.025000,0 days 00:00:24.140000,0 days 01:17:26.700000,0 days 01:18:11.725000,0 days 01:18:35.865000,243.0,199.0,,199.0,False,SOFT,9.0,False,Williams,0 days 01:16:10.503000,,1,,False,,False,False
0 days 00:32:06.849000,RUS,63,,1.0,1.0,0 days 00:29:59.081000,,,0 days 00:00:48.249000,0 days 00:00:22.326000,,0 days 00:31:44.728000,0 days 00:32:06.972000,251.0,255.0,249.0,253.0,False,SOFT,1.0,True,Mercedes,0 days 00:29:59.081000,,1,,False,,False,False
0 days 00:33:37.394000,RUS,63,0 days 00:01:30.545000,2.0,1.0,,,0 days 00:00:32.460000,0 days 00:00:40.242000,0 days 00:00:17.843000,0 days 00:32:39.309000,0 days 00:33:19.551000,0 days 00:33:37.394000,273.0,321.0,251.0,276.0,True,SOFT,2.0,True,Mercedes,0 days 00:32:06.849000,,1,,False,,False,True
0 days 00:36:02.724000,RUS,63,0 days 00:02:25.330000,3.0,1.0,,0 days 00:36:01.395000,0 days 00:00:54.460000,0 days 00:01:02.994000,0 days 00:00:27.876000,0 days 00:34:31.854000,0 days 00:35:34.848000,0 days 00:36:02.724000,157.0,206.0,,258.0,False,SOFT,3.0,True,Mercedes,0 days 00:33:37.394000,,1,,False,,False,False
0 days 00:38:34.254000,RUS,63,,4.0,2.0,0 days 00:36:21.922000,,0 days 00:01:23.372000,0 days 00:00:47.506000,0 days 00:00:20.783000,0 days 00:37:26.297000,0 days 00:38:13.686000,0 days 00:38:34.524000,248.0,258.0,251.0,249.0,False,SOFT,4.0,False,Mercedes,0 days 00:36:02.724000,,1,,False,,False,False
0 days 00:40:04.649000,RUS,63,0 days 00:01:30.395000,5.0,2.0,,,0 days 00:00:32.263000,0 days 00:00:40.240000,0 days 00:00:17.892000,0 days 00:39:06.517000,0 days 00:39:46.757000,0 days 00:40:04.649000,270.0,311.0,260.0,271.0,True,SOFT,5.0,False,Mercedes,0 days 00:38:34.254000,,1,,False,,False,True
0 days 00:42:13.246000,RUS,63,0 days 00:02:08.597000,6.0,2.0,,,0 days 00:00:50.644000,0 days 00:00:53.751000,0 days 00:00:24.202000,0 days 00:40:55.293000,0 days 00:41:49.044000,0 days 00:42:13.246000,208.0,276.0,192.0,189.0,False,SOFT,6.0,False,Mercedes,0 days 00:40:04.649000,,1,,False,,False,True
0 days 00:44:02.326000,RUS,63,0 days 00:01:49.080000,7.0,2.0,,,0 days 00:00:42.993000,0 days 00:00:46.245000,0 days 00:00:19.842000,0 days 00:42:56.239000,0 days 00:43:42.484000,0 days 00:44:02.326000,262.0,275.0,254.0,261.0,False,SOFT,7.0,False,Mercedes,0 days 00:42:13.246000,,1,,False,,False,True
0 days 00:45:32.244000,RUS,63,0 days 00:01:29.918000,8.0,2.0,,,0 days 00:00:32.255000,0 days 00:00:39.882000,0 days 00:00:17.781000,0 days 00:44:34.581000,0 days 00:45:14.463000,0 days 00:45:32.244000,273.0,320.0,263.0,277.0,True,SOFT,8.0,False,Mercedes,0 days 00:44:02.326000,,1,,False,,False,True
0 days 00:47:26.095000,RUS,63,0 days 00:01:53.851000,9.0,2.0,,0 days 00:47:24.769000,0 days 00:00:37.836000,0 days 00:00:50.044000,0 days 00:00:25.971000,0 days 00:46:10.080000,0 days 00:47:00.124000,0 days 00:47:26.095000,252.0,249.0,,247.0,False,SOFT,9.0,False,Mercedes,0 days 00:45:32.244000,,1,,False,,False,False
0 days 00:53:39.376000,RUS,63,,10.0,3.0,0 days 00:52:00.307000,,,0 days 00:00:43.851000,0 days 00:00:20.211000,,0 days 00:53:19.375000,0 days 00:53:39.476000,265.0,255.0,258.0,251.0,False,SOFT,1.0,True,Mercedes,0 days 00:47:26.095000,,1,,False,,False,False
0 days 00:55:08.992000,RUS,63,0 days 00:01:29.616000,11.0,3.0,,,0 days 00:00:32.029000,0 days 00:00:39.945000,0 days 00:00:17.642000,0 days 00:54:11.405000,0 days 00:54:51.350000,0 days 00:55:08.992000,274.0,325.0,263.0,282.0,True,SOFT,2.0,True,Mercedes,0 days 00:53:39.376000,,1,,False,,False,True
0 days 00:57:22.992000,RUS,63,0 days 00:02:14,12.0,3.0,,0 days 00:57:21.649000,0 days 00:00:50.848000,0 days 00:00:56.417000,0 days 00:00:26.735000,0 days 00:55:59.840000,0 days 00:56:56.257000,0 days 00:57:22.992000,250.0,269.0,,230.0,False,SOFT,3.0,True,Mercedes,0 days 00:55:08.992000,,12,,False,,False,False
0 days 01:04:32.894000,RUS,63,,13.0,4.0,0 days 01:02:49.606000,,,0 days 00:00:45.262000,0 days 00:00:20.486000,,0 days 01:04:12.687000,0 days 01:04:33.004000,250.0,252.0,247.0,250.0,False,SOFT,4.0,False,Mercedes,0 days 00:57:22.992000,,1,,False,,False,False
0 days 01:06:02.588000,RUS,63,0 days 00:01:29.694000,14.0,4.0,,,0 days 00:00:32.252000,0 days 00:00:39.675000,0 days 00:00:17.767000,0 days 01:05:05.146000,0 days 01:05:44.821000,0 days 01:06:02.588000,276.0,322.0,260.0,279.0,False,SOFT,5.0,False,Mercedes,0 days 01:04:32.894000,,1,,False,,False,True
0 days 01:08:10.404000,RUS,63,0 days 00:02:07.816000,15.0,4.0,,0 days 01:08:08.857000,0 days 00:00:46.630000,0 days 00:00:51.353000,0 days 00:00:29.833000,0 days 01:06:49.218000,0 days 01:07:40.571000,0 days 01:08:10.404000,104.0,272.0,,264.0,False,SOFT,6.0,False,Mercedes,0 days 01:06:02.588000,,1,,False,,False,False
0 days 01:15:19.658000,RUS,63,,16.0,5.0,0 days 01:13:21.487000,,,0 days 00:00:49.866000,0 days 00:00:24.322000,,0 days 01:14:55.350000,0 days 01:15:19.658000,252.0,233.0,180.0,235.0,False,SOFT,10.0,False,Mercedes,0 days 01:08:10.404000,,1,,False,,False,False
0 days 01:17:35.786000,RUS,63,0 days 00:02:16.128000,17.0,5.0,,,0 days 00:00:41.108000,0 days 00:00:59.360000,0 days 00:00:35.660000,0 days 01:16:00.766000,0 days 01:17:00.126000,0 days 01:17:35.786000,237.0,251.0,53.0,234.0,False,SOFT,11.0,False,Mercedes,0 days 01:15:19.658000,,1,,False,,False,True
0 days 01:20:05.457000,RUS,63,0 days 00:02:29.671000,18.0,5.0,,0 days 01:20:03.943000,0 days 00:01:24.891000,0 days 00:00:42.944000,0 days 00:00:21.836000,0 days 01:19:00.677000,0 days 01:19:43.621000,0 days 01:20:05.457000,276.0,320.0,,275.0,False,SOFT,12.0,False,Mercedes,0 days 01:17:35.786000,,1,,False,,False,False
0 days 00:21:12.402000,BOT,77,,1.0,1.0,0 days 00:19:24.396000,,,0 days 00:00:45.684000,0 days 00:00:22.712000,,0 days 00:20:49.724000,0 days 00:21:12.411000,262.0,271.0,265.0,194.0,False,SOFT,1.0,True,Cadillac,0 days 00:19:24.396000,,1,,False,,False,False
0 days 00:22:47.111000,BOT,77,0 days 00:01:34.709000,2.0,1.0,,,0 days 00:00:34.240000,0 days 00:00:41.671000,0 days 00:00:18.798000,0 days 00:21:46.642000,0 days 00:22:28.313000,0 days 00:22:47.111000,276.0,332.0,261.0,269.0,True,SOFT,2.0,True,Cadillac,0 days 00:21:12.402000,,1,,False,,False,True
0 days 00:24:53.260000,BOT,77,0 days 00:02:06.149000,3.0,1.0,,0 days 00:24:51.678000,0 days 00:00:47.082000,0 days 00:00:52.664000,0 days 00:00:26.403000,0 days 00:23:34.193000,0 days 00:24:26.857000,0 days 00:24:53.260000,226.0,271.0,,245.0,False,SOFT,3.0,True,Cadillac,0 days 00:22:47.111000,,1,,False,,False,False
0 days 00:27:24.628000,BOT,77,,4.0,2.0,0 days 00:25:20.222000,,0 days 00:01:20.276000,0 days 00:00:47.811000,0 days 00:00:23.492000,0 days 00:26:13.585000,0 days 00:27:01.297000,0 days 00:27:24.737000,255.0,273.0,258.0,190.0,False,SOFT,4.0,False,Cadillac,0 days 00:24:53.260000,,1,,False,,False,False
0 days 00:28:58.528000,BOT,77,0 days 00:01:33.900000,5.0,2.0,,,0 days 00:00:34.338000,0 days 00:00:41.546000,0 days 00:00:18.016000,0 days 00:27:58.966000,0 days 00:28:40.512000,0 days 00:28:58.528000,277.0,329.0,260.0,284.0,True,SOFT,5.0,False,Cadillac,0 days 00:27:24.628000,,1,,False,,False,True
0 days 00:31:14.047000,BOT,77,0 days 00:02:15.519000,6.0,2.0,,0 days 00:31:12.598000,0 days 00:00:52.227000,0 days 00:00:51.582000,0 days 00:00:31.710000,0 days 00:29:50.755000,0 days 00:30:42.337000,0 days 00:31:14.047000,249.0,239.0,,238.0,False,SOFT,6.0,False,Cadillac,0 days 00:28:58.528000,,1,,False,,False,False
0 days 00:41:47.029000,BOT,77,,7.0,3.0,0 days 00:39:58.252000,,,0 days 00:00:47.983000,0 days 00:00:22.864000,,0 days 00:41:24.165000,0 days 00:41:48.462000,248.0,274.0,268.0,191.0,False,SOFT,7.0,False,Cadillac,0 days 00:31:14.047000,,1,,False,,False,False
0 days 00:43:21.376000,BOT,77,0 days 00:01:34.347000,8.0,3.0,,,0 days 00:00:34.425000,0 days 00:00:41.888000,0 days 00:00:18.034000,0 days 00:42:21.454000,0 days 00:43:03.342000,0 days 00:43:21.376000,275.0,329.0,269.0,288.0,False,SOFT,8.0,False,Cadillac,0 days 00:41:47.029000,,1,,False,,False,True
0 days 00:45:22.646000,BOT,77,0 days 00:02:01.270000,9.0,3.0,,0 days 00:45:21.200000,0 days 00:00:44.417000,0 days 00:00:49.031000,0 days 00:00:27.822000,0 days 00:44:05.793000,0 days 00:44:54.824000,0 days 00:45:22.646000,250.0,183.0,,230.0,False,SOFT,9.0,False,Cadillac,0 days 00:43:21.376000,,1,,False,,False,False
0 days 00:47:51.329000,BOT,77,0 days 00:02:28.683000,10.0,4.0,0 days 00:45:55.732000,,0 days 00:01:11.331000,0 days 00:00:52.521000,0 days 00:00:24.831000,0 days 00:46:33.977000,0 days 00:47:26.498000,0 days 00:47:51.329000,173.0,291.0,263.0,164.0,False,SOFT,10.0,False,Cadillac,0 days 00:45:22.646000,,1,,False,,False,False
0 days 00:49:24.964000,BOT,77,0 days 00:01:33.635000,11.0,4.0,,,0 days 00:00:34.102000,0 days 00:00:41.540000,0 days 00:00:17.993000,0 days 00:48:25.431000,0 days 00:49:06.971000,0 days 00:49:24.964000,277.0,331.0,264.0,289.0,True,SOFT,11.0,False,Cadillac,0 days 00:47:51.329000,,1,,False,,False,True
0 days 00:51:11.707000,BOT,77,0 days 00:01:46.743000,12.0,4.0,,0 days 00:51:10.330000,0 days 00:00:38.067000,0 days 00:00:45.400000,0 days 00:00:23.276000,0 days 00:50:03.031000,0 days 00:50:48.431000,0 days 00:51:11.707000,250.0,279.0,,269.0,False,SOFT,12.0,False,Cadillac,0 days 00:49:24.964000,,1,,False,,False,False
0 days 00:53:37.143000,BOT,77,0 days 00:02:25.436000,13.0,5.0,0 days 00:51:30.004000,0 days 00:53:35.809000,0 days 00:01:12.022000,0 days 00:00:48.494000,0 days 00:00:24.920000,0 days 00:52:23.729000,0 days 00:53:12.223000,0 days 00:53:37.143000,223.0,273.0,,264.0,False,SOFT,13.0,False,Cadillac,0 days 00:51:11.707000,,1,,False,,False,False
0 days 01:06:30.235000,BOT,77,,14.0,6.0,0 days 01:04:38.280000,,,0 days 00:00:47.787000,0 days 00:00:25.085000,,0 days 01:06:05.300000,0 days 01:06:30.433000,254.0,274.0,265.0,158.0,False,SOFT,1.0,True,Cadillac,0 days 00:53:37.143000,,12,,False,,False,False
0 days 01:08:02.738000,BOT,77,0 days 00:01:32.503000,15.0,6.0,,,0 days 00:00:33.663000,0 days 00:00:40.931000,0 days 00:00:17.909000,0 days 01:07:03.898000,0 days 01:07:44.829000,0 days 01:08:02.738000,278.0,331.0,263.0,287.0,True,SOFT,2.0,True,Cadillac,0 days 01:06:30.235000,,1,,False,,False,True
0 days 01:10:23.537000,BOT,77,0 days 00:02:20.799000,16.0,6.0,,,0 days 00:00:55.134000,0 days 00:00:59.249000,0 days 00:00:26.416000,0 days 01:08:57.872000,0 days 01:09:57.121000,0 days 01:10:23.537000,230.0,193.0,193.0,191.0,False,SOFT,3.0,True,Cadillac,0 days 01:08:02.738000,,1,,False,,False,True
0 days 01:12:23.590000,BOT,77,0 days 00:02:00.053000,17.0,6.0,,,0 days 00:00:44.382000,0 days 00:00:52.597000,0 days 00:00:23.074000,0 days 01:11:07.919000,0 days 01:12:00.516000,0 days 01:12:23.590000,263.0,279.0,267.0,192.0,False,SOFT,4.0,True,Cadillac,0 days 01:10:23.537000,,1,,False,,False,True
0 days 01:13:56.285000,BOT,77,0 days 00:01:32.695000,18.0,6.0,,,0 days 00:00:33.853000,0 days 00:00:41.045000,0 days 00:00:17.797000,0 days 01:12:57.443000,0 days 01:13:38.488000,0 days 01:13:56.285000,277.0,332.0,262.0,288.0,False,SOFT,5.0,True,Cadillac,0 days 01:12:23.590000,,1,,False,,False,True
0 days 01:16:00.230000,BOT,77,0 days 00:02:03.945000,19.0,6.0,,,0 days 00:00:43.187000,0 days 00:00:51.470000,0 days 00:00:29.288000,0 days 01:14:39.472000,0 days 01:15:30.942000,0 days 01:16:00.230000,183.0,238.0,77.0,209.0,False,SOFT,6.0,True,Cadillac,0 days 01:13:56.285000,,1,,False,,False,True
0 days 01:18:21.692000,BOT,77,0 days 00:02:21.462000,20.0,6.0,,0 days 01:18:20.310000,0 days 00:01:10.287000,0 days 00:00:45.598000,0 days 00:00:25.577000,0 days 01:17:10.517000,0 days 01:17:56.115000,0 days 01:18:21.692000,246.0,310.0,,232.0,False,SOFT,7.0,True,Cadillac,0 days 01:16:00.230000,,1,,False,,False,False
0 days 00:30:28.082000,PIA,81,,1.0,1.0,0 days 00:28:38.948000,,,0 days 00:00:46.411000,0 days 00:00:21.779000,,0 days 00:30:06.474000,0 days 00:30:28.278000,262.0,252.0,257.0,226.0,False,SOFT,1.0,True,McLaren,0 days 00:28:38.948000,,1,,False,,False,False
0 days 00:31:59.267000,PIA,81,0 days 00:01:31.185000,2.0,1.0,,,0 days 00:00:32.845000,0 days 00:00:40.277000,0 days 00:00:18.063000,0 days 00:31:00.927000,0 days 00:31:41.204000,0 days 00:31:59.267000,272.0,317.0,257.0,278.0,True,SOFT,2.0,True,McLaren,0 days 00:30:28.082000,,1,,False,,False,True
0 days 00:34:08.916000,PIA,81,0 days 00:02:09.649000,3.0,1.0,,,0 days 00:00:48.231000,0 days 00:00:58.003000,0 days 00:00:23.415000,0 days 00:32:47.498000,0 days 00:33:45.501000,0 days 00:34:08.916000,199.0,187.0,259.0,173.0,False,SOFT,3.0,True,McLaren,0 days 00:31:59.267000,,1,,False,,False,True
0 days 00:35:39.717000,PIA,81,0 days 00:01:30.801000,4.0,1.0,,,0 days 00:00:32.754000,0 days 00:00:40.096000,0 days 00:00:17.951000,0 days 00:34:41.670000,0 days 00:35:21.766000,0 days 00:35:39.717000,273.0,319.0,260.0,278.0,True,SOFT,4.0,True,McLaren,0 days 00:34:08.916000,,1,,False,,False,True
0 days 00:37:47.655000,PIA,81,0 days 00:02:07.938000,5.0,1.0,,,0 days 00:00:48.319000,0 days 00:00:57.641000,0 days 00:00:21.978000,0 days 00:36:28.036000,0 days 00:37:25.677000,0 days 00:37:47.655000,169.0,208.0,261.0,208.0,False,SOFT,5.0,True,McLaren,0 days 00:35:39.717000,,1,,False,,False,True
0 days 00:39:18.255000,PIA,81,0 days 00:01:30.600000,6.0,1.0,,,0 days 00:00:32.670000,0 days 00:00:40.089000,0 days 00:00:17.841000,0 days 00:38:20.325000,0 days 00:39:00.414000,0 days 00:39:18.255000,273.0,317.0,260.0,277.0,True,SOFT,6.0,True,McLaren,0 days 00:37:47.655000,,1,,False,,False,True
0 days 00:41:21.335000,PIA,81,0 days 00:02:03.080000,7.0,1.0,,0 days 00:41:19.936000,0 days 00:00:44.307000,0 days 00:00:56.770000,0 days 00:00:22.003000,0 days 00:40:02.562000,0 days 00:40:59.332000,0 days 00:41:21.335000,258.0,268.0,,265.0,False,SOFT,7.0,True,McLaren,0 days 00:39:18.255000,,1,,False,,False,False
0 days 00:43:46.309000,PIA,81,0 days 00:02:24.974000,8.0,2.0,0 days 00:41:42.587000,0 days 00:43:44.918000,0 days 00:01:22.056000,0 days 00:00:40.627000,0 days 00:00:22.291000,0 days 00:42:43.391000,0 days 00:43:24.018000,0 days 00:43:46.309000,275.0,321.0,,280.0,False,SOFT,8.0,False,McLaren,0 days 00:41:21.335000,,1,,False,,False,False
0 days 00:53:30.501000,PIA,81,,9.0,3.0,0 days 00:51:43.640000,,,0 days 00:00:44.446000,0 days 00:00:26.201000,,0 days 00:53:04.454000,0 days 00:53:30.590000,260.0,254.0,249.0,255.0,False,SOFT,1.0,True,McLaren,0 days 00:43:46.309000,,1,,False,,False,False
0 days 00:55:00.865000,PIA,81,0 days 00:01:30.364000,10.0,3.0,,,0 days 00:00:32.759000,0 days 00:00:39.869000,0 days 00:00:17.736000,0 days 00:54:03.260000,0 days 00:54:43.129000,0 days 00:55:00.865000,273.0,325.0,256.0,282.0,True,SOFT,2.0,True,McLaren,0 days 00:53:30.501000,,1,,False,,False,True
0 days 00:57:09.580000,PIA,81,0 days 00:02:08.715000,11.0,3.0,,0 days 00:57:08.123000,0 days 00:00:54.853000,0 days 00:00:49.460000,0 days 00:00:24.402000,0 days 00:55:55.718000,0 days 00:56:45.178000,0 days 00:57:09.580000,167.0,256.0,,228.0,False,SOFT,3.0,True,McLaren,0 days 00:55:00.865000,,12,,False,,False,False
0 days 00:59:51.066000,PIA,81,,12.0,4.0,0 days 00:57:40.285000,,0 days 00:01:22.369000,0 days 00:00:51.448000,0 days 00:00:27.641000,0 days 00:58:32.185000,0 days 00:59:23.562000,0 days 00:59:51.184000,212.0,202.0,249.0,153.0,False,SOFT,4.0,False,McLaren,0 days 00:57:09.580000,,1,,False,,False,False
0 days 01:01:21.558000,PIA,81,0 days 00:01:30.492000,13.0,4.0,,,0 days 00:00:32.818000,0 days 00:00:39.980000,0 days 00:00:17.694000,0 days 01:00:23.884000,0 days 01:01:03.864000,0 days 01:01:21.558000,272.0,321.0,262.0,280.0,False,SOFT,5.0,False,McLaren,0 days 00:59:51.066000,,1,,False,,False,True
0 days 01:03:27.590000,PIA,81,0 days 00:02:06.032000,14.0,4.0,,,0 days 00:00:48.711000,0 days 00:00:55.866000,0 days 00:00:21.455000,0 days 01:02:10.269000,0 days 01:03:06.135000,0 days 01:03:27.590000,206.0,179.0,263.0,232.0,False,SOFT,6.0,False,McLaren,0 days 01:01:21.558000,,1,,False,,False,True
0 days 01:04:58.042000,PIA,81,0 days 00:01:30.452000,15.0,4.0,,,0 days 00:00:32.581000,0 days 00:00:40.073000,0 days 00:00:17.798000,0 days 01:04:00.171000,0 days 01:04:40.244000,0 days 01:04:58.042000,274.0,314.0,259.0,278.0,False,SOFT,7.0,False,McLaren,0 days 01:03:27.590000,,1,,False,,False,True
0 days 01:06:49.885000,PIA,81,0 days 00:01:51.843000,16.0,4.0,,0 days 01:06:48.565000,0 days 00:00:40.824000,0 days 00:00:47.555000,0 days 00:00:23.464000,0 days 01:05:38.866000,0 days 01:06:26.421000,0 days 01:06:49.885000,237.0,256.0,,238.0,False,SOFT,8.0,False,McLaren,0 days 01:04:58.042000,,1,,False,,False,False
0 days 01:14:39.264000,PIA,81,,17.0,5.0,0 days 01:12:25.980000,,,0 days 00:00:44.225000,0 days 00:00:19.254000,,0 days 01:14:20.198000,0 days 01:14:39.384000,269.0,263.0,249.0,257.0,False,SOFT,9.0,False,McLaren,0 days 01:06:49.885000,,1,,False,,False,False
0 days 01:16:42.873000,PIA,81,0 days 00:02:03.609000,18.0,5.0,,,0 days 00:00:39.344000,0 days 00:00:46.795000,0 days 00:00:37.470000,0 days 01:15:18.608000,0 days 01:16:05.403000,0 days 01:16:42.873000,218.0,262.0,46.0,193.0,False,SOFT,10.0,False,McLaren,0 days 01:14:39.264000,,1,,False,,False,True
0 days 01:19:11.322000,PIA,81,0 days 00:02:28.449000,19.0,5.0,,0 days 01:19:09.844000,0 days 00:01:17.008000,0 days 00:00:46.940000,0 days 00:00:24.501000,0 days 01:17:59.881000,0 days 01:18:46.821000,0 days 01:19:11.322000,291.0,239.0,,188.0,False,SOFT,11.0,False,McLaren,0 days 01:16:42.873000,,1,,False,,False,False
0 days 00:22:43.114000,BEA,87,,1.0,1.0,0 days 00:20:34.514000,,,0 days 00:00:46.618000,0 days 00:00:21.301000,,0 days 00:22:21.897000,0 days 00:22:43.168000,266.0,282.0,259.0,222.0,False,MEDIUM,1.0,True,Haas F1 Team,0 days 00:20:34.514000,,1,,False,,False,False
0 days 00:24:16.138000,BEA,87,0 days 00:01:33.024000,2.0,1.0,,,0 days 00:00:33.750000,0 days 00:00:41.220000,0 days 00:00:18.054000,0 days 00:23:16.864000,0 days 00:23:58.084000,0 days 00:24:16.138000,275.0,316.0,260.0,273.0,True,MEDIUM,2.0,True,Haas F1 Team,0 days 00:22:43.114000,,1,,False,,False,True
0 days 00:26:50.032000,BEA,87,,3.0,1.0,,,0 days 00:01:06.223000,0 days 00:01:04.215000,0 days 00:00:23.499000,0 days 00:25:22.432000,0 days 00:26:26.784000,0 days 00:26:50.166000,169.0,266.0,260.0,238.0,False,MEDIUM,3.0,True,Haas F1 Team,0 days 00:24:16.138000,,1,,False,,False,False
0 days 00:28:22.410000,BEA,87,0 days 00:01:32.378000,4.0,1.0,,,0 days 00:00:33.640000,0 days 00:00:40.671000,0 days 00:00:18.067000,0 days 00:27:23.672000,0 days 00:28:04.343000,0 days 00:28:22.410000,275.0,324.0,252.0,279.0,True,MEDIUM,4.0,True,Haas F1 Team,0 days 00:26:50.032000,,1,,False,,False,True
0 days 00:31:04.772000,BEA,87,,5.0,1.0,,,0 days 00:01:11.235000,0 days 00:01:05.730000,0 days 00:00:25.499000,0 days 00:29:33.765000,0 days 00:30:39.524000,0 days 00:31:05.052000,116.0,268.0,262.0,259.0,False,MEDIUM,5.0,True,Haas F1 Team,0 days 00:28:22.410000,,1,,False,,False,False
0 days 00:32:36.725000,BEA,87,0 days 00:01:31.953000,6.0,1.0,,,0 days 00:00:33.384000,0 days 00:00:40.605000,0 days 00:00:17.964000,0 days 00:31:38.156000,0 days 00:32:18.761000,0 days 00:32:36.725000,277.0,326.0,256.0,280.0,True,MEDIUM,6.0,True,Haas F1 Team,0 days 00:31:04.772000,,1,,False,,False,True
0 days 00:35:17.229000,BEA,87,,7.0,1.0,,,0 days 00:01:11.534000,0 days 00:01:06.881000,0 days 00:00:21.970000,0 days 00:33:48.627000,0 days 00:34:55.359000,0 days 00:35:18.563000,123.0,268.0,261.0,217.0,False,MEDIUM,7.0,True,Haas F1 Team,0 days 00:32:36.725000,,1,,False,,False,False
0 days 00:36:48.787000,BEA,87,0 days 00:01:31.558000,8.0,1.0,,,0 days 00:00:33.368000,0 days 00:00:40.445000,0 days 00:00:17.745000,0 days 00:35:50.597000,0 days 00:36:31.042000,0 days 00:36:48.787000,278.0,327.0,264.0,281.0,True,MEDIUM,8.0,True,Haas F1 Team,0 days 00:35:17.229000,,1,,False,,False,True
0 days 00:38:51.341000,BEA,87,0 days 00:02:02.554000,9.0,1.0,,0 days 00:38:49.945000,0 days 00:00:45.060000,0 days 00:00:53.005000,0 days 00:00:24.489000,0 days 00:37:33.847000,0 days 00:38:26.852000,0 days 00:38:51.341000,202.0,273.0,,262.0,False,MEDIUM,9.0,True,Haas F1 Team,0 days 00:36:48.787000,,1,,False,,False,False
0 days 00:41:29.486000,BEA,87,,10.0,2.0,0 days 00:39:11.503000,0 days 00:41:28.159000,0 days 00:01:28.237000,0 days 00:00:44.864000,0 days 00:00:24.998000,0 days 00:40:19.704000,0 days 00:41:04.647000,0 days 00:41:29.486000,253.0,273.0,,262.0,False,MEDIUM,10.0,False,Haas F1 Team,0 days 00:38:51.341000,,1,,False,,False,False
0 days 00:55:34.881000,BEA,87,,11.0,3.0,0 days 00:53:46.340000,,,0 days 00:00:48.177000,0 days 00:00:20.169000,,0 days 00:55:14.782000,0 days 00:55:34.895000,215.0,267.0,261.0,251.0,False,SOFT,1.0,True,Haas F1 Team,0 days 00:41:29.486000,,1,,False,,False,False
0 days 00:57:35.054000,BEA,87,0 days 00:02:00.173000,12.0,3.0,,0 days 00:57:33.553000,0 days 00:00:32.886000,0 days 00:00:53.571000,0 days 00:00:33.716000,0 days 00:56:07.767000,0 days 00:57:01.338000,0 days 00:57:35.054000,279.0,139.0,,146.0,False,SOFT,2.0,True,Haas F1 Team,0 days 00:55:34.881000,,12,,False,,False,False
0 days 01:03:19.413000,BEA,87,,13.0,4.0,0 days 01:01:34.918000,,,0 days 00:00:46.023000,0 days 00:00:21.041000,,0 days 01:02:58.780000,0 days 01:03:19.431000,267.0,245.0,264.0,243.0,False,MEDIUM,11.0,False,Haas F1 Team,0 days 00:57:35.054000,,1,,False,,False,False
0 days 01:04:51.387000,BEA,87,0 days 00:01:31.974000,14.0,4.0,,,0 days 00:00:33.156000,0 days 00:00:40.845000,0 days 00:00:17.973000,0 days 01:03:52.569000,0 days 01:04:33.414000,0 days 01:04:51.387000,279.0,325.0,254.0,281.0,False,MEDIUM,12.0,False,Haas F1 Team,0 days 01:03:19.413000,,1,,False,,False,True
0 days 01:07:30.861000,BEA,87,,15.0,4.0,,0 days 01:07:29.421000,0 days 00:01:02.476000,0 days 00:01:06.956000,0 days 00:00:30.024000,0 days 01:05:53.995000,0 days 01:07:01.104000,0 days 01:07:30.861000,143.0,191.0,,187.0,False,MEDIUM,13.0,False,Haas F1 Team,0 days 01:04:51.387000,,1,,False,,False,False
0 days 01:10:16.006000,BEA,87,,16.0,5.0,0 days 01:08:30.294000,,0 days 00:01:38.547000,0 days 00:00:45.647000,0 days 00:00:21.029000,0 days 01:09:09.479000,0 days 01:09:55.112000,0 days 01:10:16.031000,269.0,264.0,262.0,246.0,False,MEDIUM,14.0,False,Haas F1 Team,0 days 01:07:30.861000,,1,,False,,False,False
0 days 01:11:47.943000,BEA,87,0 days 00:01:31.937000,17.0,5.0,,,0 days 00:00:33.307000,0 days 00:00:40.744000,0 days 00:00:17.886000,0 days 01:10:49.313000,0 days 01:11:30.057000,0 days 01:11:47.943000,278.0,325.0,262.0,281.0,False,MEDIUM,15.0,False,Haas F1 Team,0 days 01:10:16.006000,,1,,False,,False,True
0 days 01:13:39.453000,BEA,87,0 days 00:01:51.510000,18.0,5.0,,0 days 01:13:37.957000,0 days 00:00:42.243000,0 days 00:00:45.156000,0 days 00:00:24.111000,0 days 01:12:30.186000,0 days 01:13:15.342000,0 days 01:13:39.453000,250.0,271.0,,211.0,False,MEDIUM,16.0,False,Haas F1 Team,0 days 01:11:47.943000,,1,,False,,False,False
