Time,Driver,DriverNumber,LapTime,LapNumber,Stint,PitOutTime,PitInTime,Sector1Time,Sector2Time,Sector3Time,Sector1SessionTime,Sector2SessionTime,Sector3SessionTime,SpeedI1,SpeedI2,SpeedFL,SpeedST,IsPersonalBest,Compound,TyreLife,FreshTyre,Team,LapStartTime,LapStartDate,TrackStatus,Position,Deleted,DeletedReason,FastF1Generated,IsAccurate
0 days 00:39:28.634000,NOR,1,,1.0,1.0,0 days 00:37:35.981000,,,0 days 00:00:45.927000,0 days 00:00:25.251000,,0 days 00:39:03.525000,0 days 00:39:28.737000,262.0,277.0,251.0,185.0,False,MEDIUM,1.0,True,McLaren,0 days 00:37:35.981000,,1,,False,,False,False
0 days 00:41:05.104000,NOR,1,0 days 00:01:36.470000,2.0,1.0,,0 days 00:41:03.618000,0 days 00:00:32.938000,0 days 00:00:41.174000,0 days 00:00:22.358000,0 days 00:40:01.572000,0 days 00:40:42.746000,0 days 00:41:05.104000,269.0,305.0,,270.0,False,MEDIUM,2.0,True,McLaren,0 days 00:39:28.634000,,1,,False,,False,False
0 days 00:47:52.296000,NOR,1,,3.0,2.0,0 days 00:46:03.303000,,,0 days 00:00:44.405000,0 days 00:00:26.656000,,0 days 00:47:25.953000,0 days 00:47:52.528000,268.0,284.0,241.0,125.0,False,MEDIUM,3.0,False,McLaren,0 days 00:41:05.104000,,1,,False,,False,False
0 days 00:49:23.726000,NOR,1,0 days 00:01:31.430000,4.0,2.0,,,0 days 00:00:33.013000,0 days 00:00:40.580000,0 days 00:00:17.837000,0 days 00:48:25.309000,0 days 00:49:05.889000,0 days 00:49:23.726000,268.0,320.0,259.0,279.0,True,MEDIUM,4.0,False,McLaren,0 days 00:47:52.296000,,1,,False,,False,True
0 days 00:51:30.319000,NOR,1,0 days 00:02:06.593000,5.0,2.0,,,0 days 00:00:43.337000,0 days 00:00:55.754000,0 days 00:00:27.502000,0 days 00:50:07.063000,0 days 00:51:02.817000,0 days 00:51:30.319000,181.0,256.0,230.0,155.0,False,MEDIUM,5.0,False,McLaren,0 days 00:49:23.726000,,1,,False,,False,True
0 days 00:53:17.446000,NOR,1,0 days 00:01:47.127000,6.0,2.0,,,0 days 00:00:33.002000,0 days 00:00:46.496000,0 days 00:00:27.629000,0 days 00:52:03.321000,0 days 00:52:49.817000,0 days 00:53:17.446000,270.0,199.0,202.0,154.0,False,MEDIUM,6.0,False,McLaren,0 days 00:51:30.319000,,1,,True,TRACK LIMITS AT TURN 13 LAP 7 ,False,True
0 days 00:55:14.748000,NOR,1,0 days 00:01:57.302000,7.0,2.0,,,0 days 00:00:46.716000,0 days 00:00:50.126000,0 days 00:00:20.460000,0 days 00:54:04.162000,0 days 00:54:54.288000,0 days 00:55:14.748000,212.0,275.0,250.0,260.0,False,MEDIUM,7.0,False,McLaren,0 days 00:53:17.446000,,1,,False,,False,True
0 days 00:56:56.587000,NOR,1,0 days 00:01:41.839000,8.0,2.0,,0 days 00:56:55.185000,0 days 00:00:32.972000,0 days 00:00:40.468000,0 days 00:00:28.399000,0 days 00:55:47.720000,0 days 00:56:28.188000,0 days 00:56:56.587000,269.0,314.0,,273.0,False,MEDIUM,8.0,False,McLaren,0 days 00:55:14.748000,,1,,False,,False,False
0 days 01:06:06.211000,NOR,1,,9.0,3.0,0 days 01:04:28.300000,,,0 days 00:00:43.684000,0 days 00:00:19.848000,,0 days 01:05:46.562000,0 days 01:06:06.345000,259.0,280.0,256.0,264.0,False,SOFT,1.0,True,McLaren,0 days 00:56:56.587000,,1,,False,,False,False
0 days 01:07:36.860000,NOR,1,0 days 00:01:30.649000,10.0,3.0,,,0 days 00:00:32.627000,0 days 00:00:40.243000,0 days 00:00:17.779000,0 days 01:06:38.838000,0 days 01:07:19.081000,0 days 01:07:36.860000,271.0,327.0,258.0,283.0,True,SOFT,2.0,True,McLaren,0 days 01:06:06.211000,,1,,False,,False,True
0 days 01:09:56.226000,NOR,1,0 days 00:02:19.366000,11.0,3.0,,,0 days 00:00:48.387000,0 days 00:01:03.499000,0 days 00:00:27.480000,0 days 01:08:25.247000,0 days 01:09:28.746000,0 days 01:09:56.226000,176.0,231.0,239.0,183.0,False,SOFT,3.0,True,McLaren,0 days 01:07:36.860000,,1,,False,,False,True
0 days 01:11:37.169000,NOR,1,0 days 00:01:40.943000,12.0,3.0,,,0 days 00:00:37.201000,0 days 00:00:43.926000,0 days 00:00:19.816000,0 days 01:10:33.427000,0 days 01:11:17.353000,0 days 01:11:37.169000,269.0,292.0,252.0,269.0,False,SOFT,4.0,True,McLaren,0 days 01:09:56.226000,,1,,False,,False,True
0 days 01:13:10.235000,NOR,1,0 days 00:01:33.066000,13.0,3.0,,,0 days 00:00:33.420000,0 days 00:00:41.962000,0 days 00:00:17.684000,0 days 01:12:10.589000,0 days 01:12:52.551000,0 days 01:13:10.235000,271.0,327.0,261.0,289.0,False,SOFT,5.0,True,McLaren,0 days 01:11:37.169000,,1,,True,TRACK LIMITS AT TURN 13 LAP 14 ,False,True
0 days 01:14:57.616000,NOR,1,0 days 00:01:47.381000,14.0,3.0,,,0 days 00:00:37.715000,0 days 00:00:47.243000,0 days 00:00:22.423000,0 days 01:13:47.950000,0 days 01:14:35.193000,0 days 01:14:57.616000,253.0,276.0,212.0,250.0,False,SOFT,6.0,True,McLaren,0 days 01:13:10.235000,,1,,False,,False,True
0 days 01:17:09.917000,NOR,1,0 days 00:02:12.301000,15.0,3.0,,,0 days 00:00:46.202000,0 days 00:00:54.433000,0 days 00:00:31.666000,0 days 01:15:43.818000,0 days 01:16:38.251000,0 days 01:17:09.917000,196.0,253.0,36.0,207.0,False,SOFT,7.0,True,McLaren,0 days 01:14:57.616000,,1,,False,,False,True
0 days 01:20:04.582000,NOR,1,,16.0,3.0,,,0 days 00:01:34.883000,0 days 00:00:48.764000,0 days 00:00:30.945000,0 days 01:18:44.988000,0 days 01:19:33.818000,0 days 01:20:04.582000,234.0,244.0,64.0,174.0,False,SOFT,8.0,True,McLaren,0 days 01:17:09.917000,,1,,False,,False,False
0 days 01:22:38.203000,NOR,1,,17.0,3.0,,0 days 01:22:36.701000,0 days 00:01:22.267000,0 days 00:00:46.613000,0 days 00:00:24.691000,0 days 01:21:27.014000,0 days 01:22:13.535000,0 days 01:22:38.203000,268.0,240.0,,238.0,False,SOFT,9.0,True,McLaren,0 days 01:20:04.582000,,12,,False,,False,False
0 days 00:17:42.908000,VER,3,,1.0,1.0,0 days 00:15:24.666000,,,0 days 00:00:46.804000,0 days 00:00:30.708000,,0 days 00:17:12.401000,0 days 00:17:43.087000,242.0,214.0,271.0,230.0,False,HARD,1.0,True,Red Bull Racing,0 days 00:15:24.666000,,71,,False,,False,False
0 days 00:19:15.799000,VER,3,0 days 00:01:32.891000,2.0,1.0,,,0 days 00:00:34.110000,0 days 00:00:41.118000,0 days 00:00:17.663000,0 days 00:18:17.018000,0 days 00:18:58.136000,0 days 00:19:15.799000,268.0,334.0,261.0,287.0,True,HARD,2.0,True,Red Bull Racing,0 days 00:17:42.908000,,1,,False,,False,True
0 days 00:21:32,VER,3,0 days 00:02:16.201000,3.0,1.0,,,0 days 00:00:52.578000,0 days 00:00:49.693000,0 days 00:00:33.930000,0 days 00:20:08.377000,0 days 00:20:58.070000,0 days 00:21:32,214.0,277.0,264.0,56.0,False,HARD,3.0,True,Red Bull Racing,0 days 00:19:15.799000,,1,,False,,False,True
0 days 00:23:11.639000,VER,3,0 days 00:01:39.639000,4.0,1.0,,0 days 00:23:10.344000,0 days 00:00:33.853000,0 days 00:00:40.812000,0 days 00:00:24.974000,0 days 00:22:05.853000,0 days 00:22:46.665000,0 days 00:23:11.639000,274.0,331.0,,217.0,False,HARD,4.0,True,Red Bull Racing,0 days 00:21:32,,1,,False,,False,False
0 days 00:25:49.301000,VER,3,,5.0,2.0,0 days 00:23:55.044000,,0 days 00:01:23.249000,0 days 00:00:48.969000,0 days 00:00:25.411000,0 days 00:24:35.167000,0 days 00:25:24.158000,0 days 00:25:49.424000,255.0,280.0,262.0,204.0,False,HARD,5.0,False,Red Bull Racing,0 days 00:23:11.639000,,1,,False,,False,False
0 days 00:27:37.589000,VER,3,0 days 00:01:48.288000,6.0,2.0,,,0 days 00:00:38.704000,0 days 00:00:45.974000,0 days 00:00:23.610000,0 days 00:26:28.005000,0 days 00:27:13.979000,0 days 00:27:37.589000,252.0,279.0,266.0,211.0,False,HARD,6.0,False,Red Bull Racing,0 days 00:25:49.301000,,12,,True,DOUBLE YELLOW AT TURN 1,False,True
0 days 00:29:09.781000,VER,3,0 days 00:01:32.192000,7.0,2.0,,,0 days 00:00:33.544000,0 days 00:00:40.875000,0 days 00:00:17.773000,0 days 00:28:11.133000,0 days 00:28:52.008000,0 days 00:29:09.781000,273.0,332.0,262.0,284.0,True,HARD,7.0,False,Red Bull Racing,0 days 00:27:37.589000,,1,,False,,False,True
0 days 00:31:36.632000,VER,3,0 days 00:02:26.851000,8.0,2.0,,0 days 00:31:35.411000,0 days 00:01:15.748000,0 days 00:00:47.272000,0 days 00:00:23.831000,0 days 00:30:25.529000,0 days 00:31:12.801000,0 days 00:31:36.632000,250.0,247.0,,249.0,False,HARD,8.0,False,Red Bull Racing,0 days 00:29:09.781000,,1,,False,,False,False
0 days 00:41:56.625000,VER,3,,9.0,3.0,0 days 00:40:06.975000,,,0 days 00:00:46.697000,0 days 00:00:27.478000,,0 days 00:41:29.384000,0 days 00:41:56.709000,243.0,252.0,268.0,104.0,False,SOFT,1.0,True,Red Bull Racing,0 days 00:31:36.632000,,1,,False,,False,False
0 days 00:43:28.134000,VER,3,0 days 00:01:31.509000,10.0,3.0,,,0 days 00:00:33.053000,0 days 00:00:40.720000,0 days 00:00:17.736000,0 days 00:42:29.678000,0 days 00:43:10.398000,0 days 00:43:28.134000,271.0,334.0,257.0,288.0,True,SOFT,2.0,True,Red Bull Racing,0 days 00:41:56.625000,,1,,False,,False,True
0 days 00:45:20.431000,VER,3,0 days 00:01:52.297000,11.0,3.0,,0 days 00:45:19.078000,0 days 00:00:41.509000,0 days 00:00:47.774000,0 days 00:00:23.014000,0 days 00:44:09.643000,0 days 00:44:57.417000,0 days 00:45:20.431000,239.0,274.0,,251.0,False,SOFT,3.0,True,Red Bull Racing,0 days 00:43:28.134000,,1,,False,,False,False
0 days 00:52:41.014000,VER,3,,12.0,4.0,0 days 00:51:03.221000,,,0 days 00:00:43.561000,0 days 00:00:18.951000,,0 days 00:52:22.113000,0 days 00:52:41.048000,272.0,309.0,275.0,274.0,False,HARD,9.0,False,Red Bull Racing,0 days 00:45:20.431000,,1,,False,,False,False
0 days 00:54:17.092000,VER,3,0 days 00:01:36.078000,13.0,4.0,,,0 days 00:00:35.019000,0 days 00:00:42.779000,0 days 00:00:18.280000,0 days 00:53:16.033000,0 days 00:53:58.812000,0 days 00:54:17.092000,260.0,314.0,278.0,276.0,False,HARD,10.0,False,Red Bull Racing,0 days 00:52:41.014000,,1,,False,,False,True
0 days 00:55:52.799000,VER,3,0 days 00:01:35.707000,14.0,4.0,,,0 days 00:00:34.894000,0 days 00:00:42.604000,0 days 00:00:18.209000,0 days 00:54:51.986000,0 days 00:55:34.590000,0 days 00:55:52.799000,260.0,315.0,277.0,280.0,False,HARD,11.0,False,Red Bull Racing,0 days 00:54:17.092000,,1,,False,,False,True
0 days 00:57:28.868000,VER,3,0 days 00:01:36.069000,15.0,4.0,,,0 days 00:00:35.221000,0 days 00:00:42.684000,0 days 00:00:18.164000,0 days 00:56:28.020000,0 days 00:57:10.704000,0 days 00:57:28.868000,263.0,319.0,279.0,283.0,False,HARD,12.0,False,Red Bull Racing,0 days 00:55:52.799000,,1,,False,,False,True
0 days 00:59:08.075000,VER,3,0 days 00:01:39.207000,16.0,4.0,,,0 days 00:00:34.995000,0 days 00:00:42.979000,0 days 00:00:21.233000,0 days 00:58:03.863000,0 days 00:58:46.842000,0 days 00:59:08.075000,266.0,318.0,266.0,283.0,False,HARD,13.0,False,Red Bull Racing,0 days 00:57:28.868000,,1,,False,,False,True
0 days 01:00:46.730000,VER,3,0 days 00:01:38.655000,17.0,4.0,,,0 days 00:00:35.252000,0 days 00:00:42.655000,0 days 00:00:20.748000,0 days 00:59:43.327000,0 days 01:00:25.982000,0 days 01:00:46.730000,262.0,316.0,271.0,281.0,False,HARD,14.0,False,Red Bull Racing,0 days 00:59:08.075000,,1,,False,,False,True
0 days 01:02:23.818000,VER,3,0 days 00:01:37.088000,18.0,4.0,,,0 days 00:00:35.264000,0 days 00:00:43.511000,0 days 00:00:18.313000,0 days 01:01:21.994000,0 days 01:02:05.505000,0 days 01:02:23.818000,264.0,311.0,272.0,279.0,False,HARD,15.0,False,Red Bull Racing,0 days 01:00:46.730000,,1,,False,,False,True
0 days 01:04:00.288000,VER,3,0 days 00:01:36.470000,19.0,4.0,,,0 days 00:00:35.390000,0 days 00:00:42.925000,0 days 00:00:18.155000,0 days 01:02:59.208000,0 days 01:03:42.133000,0 days 01:04:00.288000,264.0,316.0,277.0,281.0,False,HARD,16.0,False,Red Bull Racing,0 days 01:02:23.818000,,1,,False,,False,True
0 days 01:05:36.410000,VER,3,0 days 00:01:36.122000,20.0,4.0,,,0 days 00:00:35.240000,0 days 00:00:42.652000,0 days 00:00:18.230000,0 days 01:04:35.528000,0 days 01:05:18.180000,0 days 01:05:36.410000,261.0,321.0,281.0,283.0,False,HARD,17.0,False,Red Bull Racing,0 days 01:04:00.288000,,1,,False,,False,True
0 days 01:07:12.539000,VER,3,0 days 00:01:36.129000,21.0,4.0,,,0 days 00:00:35.527000,0 days 00:00:42.506000,0 days 00:00:18.096000,0 days 01:06:11.937000,0 days 01:06:54.443000,0 days 01:07:12.539000,263.0,321.0,279.0,284.0,False,HARD,18.0,False,Red Bull Racing,0 days 01:05:36.410000,,1,,False,,False,True
0 days 01:08:48.383000,VER,3,0 days 00:01:35.844000,22.0,4.0,,,0 days 00:00:35.168000,0 days 00:00:42.538000,0 days 00:00:18.138000,0 days 01:07:47.707000,0 days 01:08:30.245000,0 days 01:08:48.383000,262.0,319.0,278.0,282.0,False,HARD,19.0,False,Red Bull Racing,0 days 01:07:12.539000,,1,,False,,False,True
0 days 01:10:25.457000,VER,3,0 days 00:01:37.074000,23.0,4.0,,,0 days 00:00:36.103000,0 days 00:00:43.071000,0 days 00:00:17.900000,0 days 01:09:24.486000,0 days 01:10:07.557000,0 days 01:10:25.457000,261.0,328.0,277.0,288.0,False,HARD,20.0,False,Red Bull Racing,0 days 01:08:48.383000,,1,,False,,False,True
0 days 01:12:02.119000,VER,3,0 days 00:01:36.662000,24.0,4.0,,,0 days 00:00:35.281000,0 days 00:00:43.180000,0 days 00:00:18.201000,0 days 01:11:00.738000,0 days 01:11:43.918000,0 days 01:12:02.119000,258.0,314.0,277.0,279.0,False,HARD,21.0,False,Red Bull Racing,0 days 01:10:25.457000,,1,,True,TRACK LIMITS AT TURN 13 LAP 25 ,False,True
0 days 01:13:38.130000,VER,3,0 days 00:01:36.011000,25.0,4.0,,,0 days 00:00:35.340000,0 days 00:00:42.488000,0 days 00:00:18.183000,0 days 01:12:37.459000,0 days 01:13:19.947000,0 days 01:13:38.130000,260.0,313.0,276.0,278.0,False,HARD,22.0,False,Red Bull Racing,0 days 01:12:02.119000,,1,,False,,False,True
0 days 01:15:14.151000,VER,3,0 days 00:01:36.021000,26.0,4.0,,,0 days 00:00:35.246000,0 days 00:00:42.588000,0 days 00:00:18.187000,0 days 01:14:13.376000,0 days 01:14:55.964000,0 days 01:15:14.151000,262.0,313.0,277.0,277.0,False,HARD,23.0,False,Red Bull Racing,0 days 01:13:38.130000,,1,,False,,False,True
0 days 01:17:10.018000,VER,3,0 days 00:01:55.867000,27.0,4.0,,,0 days 00:00:40.192000,0 days 00:00:49.599000,0 days 00:00:26.076000,0 days 01:15:54.343000,0 days 01:16:43.942000,0 days 01:17:10.018000,210.0,276.0,66.0,233.0,False,HARD,24.0,False,Red Bull Racing,0 days 01:15:14.151000,,1,,False,,False,True
0 days 01:20:01.008000,VER,3,,28.0,4.0,,,0 days 00:01:34.009000,0 days 00:00:47.340000,0 days 00:00:29.652000,0 days 01:18:44.164000,0 days 01:19:31.454000,0 days 01:20:01.008000,250.0,208.0,84.0,178.0,False,HARD,25.0,False,Red Bull Racing,0 days 01:17:10.018000,,1,,False,,False,False
0 days 01:22:23.394000,VER,3,0 days 00:02:22.386000,29.0,4.0,,0 days 01:22:22.059000,0 days 00:01:14.635000,0 days 00:00:45.788000,0 days 00:00:21.963000,0 days 01:21:15.643000,0 days 01:22:01.431000,0 days 01:22:23.394000,249.0,275.0,,264.0,False,HARD,26.0,False,Red Bull Racing,0 days 01:20:01.008000,,12,,False,,False,False
0 days 00:17:32.125000,BOR,5,,1.0,1.0,0 days 00:15:14.935000,,,0 days 00:00:47.268000,0 days 00:00:27.165000,,0 days 00:17:05.019000,0 days 00:17:32.145000,260.0,260.0,258.0,222.0,False,MEDIUM,1.0,True,Audi,0 days 00:15:14.935000,,671,,False,,False,False
0 days 00:19:24.946000,BOR,5,0 days 00:01:52.821000,2.0,1.0,,0 days 00:19:23.133000,0 days 00:00:33.782000,0 days 00:00:49.156000,0 days 00:00:29.883000,0 days 00:18:05.907000,0 days 00:18:55.063000,0 days 00:19:24.946000,279.0,209.0,,147.0,False,MEDIUM,2.0,True,Audi,0 days 00:17:32.125000,,1,,False,,False,False
0 days 01:05:36.024000,BOR,5,,3.0,2.0,0 days 01:03:45.324000,,,0 days 00:00:47.626000,0 days 00:00:26.963000,,0 days 01:05:09.319000,0 days 01:05:36.108000,266.0,262.0,261.0,209.0,False,SOFT,1.0,True,Audi,0 days 00:19:24.946000,,12,,False,,False,False
0 days 01:07:29.222000,BOR,5,0 days 00:01:53.198000,4.0,2.0,,0 days 01:07:27.655000,0 days 00:00:33.488000,0 days 00:00:50.354000,0 days 00:00:29.356000,0 days 01:06:09.512000,0 days 01:06:59.866000,0 days 01:07:29.222000,277.0,228.0,,165.0,False,SOFT,2.0,True,Audi,0 days 01:05:36.024000,,1,,False,,False,False
0 days 01:09:49.462000,BOR,5,0 days 00:02:20.240000,5.0,3.0,0 days 01:08:03.536000,,0 days 00:01:11.914000,0 days 00:00:46.430000,0 days 00:00:21.896000,0 days 01:08:41.136000,0 days 01:09:27.566000,0 days 01:09:49.462000,270.0,255.0,260.0,214.0,False,SOFT,3.0,False,Audi,0 days 01:07:29.222000,,1,,False,,False,False
0 days 01:11:21.534000,BOR,5,0 days 00:01:32.072000,6.0,3.0,,,0 days 00:00:33.175000,0 days 00:00:40.932000,0 days 00:00:17.965000,0 days 01:10:22.637000,0 days 01:11:03.569000,0 days 01:11:21.534000,275.0,315.0,263.0,279.0,True,SOFT,4.0,False,Audi,0 days 01:09:49.462000,,1,,False,,False,True
0 days 01:13:30.993000,BOR,5,0 days 00:02:09.459000,7.0,3.0,,,0 days 00:00:49.354000,0 days 00:00:59.295000,0 days 00:00:20.810000,0 days 01:12:10.888000,0 days 01:13:10.183000,0 days 01:13:30.993000,164.0,264.0,268.0,215.0,False,SOFT,5.0,False,Audi,0 days 01:11:21.534000,,1,,False,,False,True
0 days 01:15:02.926000,BOR,5,0 days 00:01:31.933000,8.0,3.0,,,0 days 00:00:33.257000,0 days 00:00:40.884000,0 days 00:00:17.792000,0 days 01:14:04.250000,0 days 01:14:45.134000,0 days 01:15:02.926000,274.0,326.0,264.0,284.0,True,SOFT,6.0,False,Audi,0 days 01:13:30.993000,,1,,False,,False,True
0 days 01:17:15.522000,BOR,5,0 days 00:02:12.596000,9.0,3.0,,,0 days 00:00:49.785000,0 days 00:00:53.600000,0 days 00:00:29.211000,0 days 01:15:52.711000,0 days 01:16:46.311000,0 days 01:17:15.522000,158.0,257.0,61.0,222.0,False,SOFT,7.0,False,Audi,0 days 01:15:02.926000,,1,,False,,False,True
0 days 01:20:12.160000,BOR,5,,10.0,3.0,,,0 days 00:01:39.298000,0 days 00:00:48.910000,0 days 00:00:28.413000,0 days 01:18:55.024000,0 days 01:19:44.026000,0 days 01:20:12.218000,212.0,260.0,49.0,212.0,False,SOFT,8.0,False,Audi,0 days 01:17:15.522000,,1,,False,,False,False
0 days 01:22:36.523000,BOR,5,0 days 00:02:24.363000,11.0,3.0,,0 days 01:22:35.068000,0 days 00:01:15.293000,0 days 00:00:44.442000,0 days 00:00:24.628000,0 days 01:21:27.453000,0 days 01:22:11.895000,0 days 01:22:36.523000,275.0,265.0,,202.0,False,SOFT,9.0,False,Audi,0 days 01:20:12.160000,,12,,False,,False,False
0 days 00:17:36.892000,HAD,6,,1.0,1.0,0 days 00:15:20.989000,,,0 days 00:00:46.740000,0 days 00:00:25.546000,,0 days 00:17:11.595000,0 days 00:17:36.957000,250.0,250.0,261.0,140.0,False,HARD,1.0,True,Red Bull Racing,0 days 00:15:20.989000,,71,,False,,False,False
0 days 00:19:09.517000,HAD,6,0 days 00:01:32.625000,2.0,1.0,,,0 days 00:00:33.586000,0 days 00:00:41.138000,0 days 00:00:17.901000,0 days 00:18:10.478000,0 days 00:18:51.616000,0 days 00:19:09.517000,276.0,329.0,267.0,282.0,True,HARD,2.0,True,Red Bull Racing,0 days 00:17:36.892000,,1,,False,,False,True
0 days 00:21:39.009000,HAD,6,0 days 00:02:29.492000,3.0,1.0,,,0 days 00:00:55.641000,0 days 00:01:00.001000,0 days 00:00:33.850000,0 days 00:20:05.158000,0 days 00:21:05.159000,0 days 00:21:39.009000,180.0,242.0,255.0,93.0,False,HARD,3.0,True,Red Bull Racing,0 days 00:19:09.517000,,1,,False,,False,True
0 days 00:23:30.888000,HAD,6,0 days 00:01:51.879000,4.0,1.0,,,0 days 00:00:36.656000,0 days 00:00:53.132000,0 days 00:00:22.091000,0 days 00:22:15.665000,0 days 00:23:08.797000,0 days 00:23:30.888000,172.0,260.0,261.0,202.0,False,HARD,4.0,True,Red Bull Racing,0 days 00:21:39.009000,,1,,False,,False,True
0 days 00:25:03.295000,HAD,6,0 days 00:01:32.407000,5.0,1.0,,,0 days 00:00:33.563000,0 days 00:00:40.994000,0 days 00:00:17.850000,0 days 00:24:04.451000,0 days 00:24:45.445000,0 days 00:25:03.295000,271.0,330.0,263.0,282.0,True,HARD,5.0,True,Red Bull Racing,0 days 00:23:30.888000,,1,,False,,False,True
0 days 00:27:07.633000,HAD,6,0 days 00:02:04.338000,6.0,1.0,,0 days 00:27:06.281000,0 days 00:00:49.664000,0 days 00:00:50.532000,0 days 00:00:24.142000,0 days 00:25:52.959000,0 days 00:26:43.491000,0 days 00:27:07.633000,231.0,287.0,,234.0,False,HARD,6.0,True,Red Bull Racing,0 days 00:25:03.295000,,12,,False,,False,False
0 days 00:29:31.958000,HAD,6,0 days 00:02:24.325000,7.0,2.0,0 days 00:27:34.714000,,0 days 00:01:10.257000,0 days 00:00:48.872000,0 days 00:00:25.196000,0 days 00:28:17.890000,0 days 00:29:06.762000,0 days 00:29:31.958000,264.0,269.0,260.0,184.0,False,HARD,7.0,False,Red Bull Racing,0 days 00:27:07.633000,,1,,False,,False,False
0 days 00:31:04.293000,HAD,6,0 days 00:01:32.335000,8.0,2.0,,,0 days 00:00:33.597000,0 days 00:00:40.967000,0 days 00:00:17.771000,0 days 00:30:05.555000,0 days 00:30:46.522000,0 days 00:31:04.293000,272.0,330.0,267.0,283.0,True,HARD,8.0,False,Red Bull Racing,0 days 00:29:31.958000,,1,,False,,False,True
0 days 00:32:57.306000,HAD,6,0 days 00:01:53.013000,9.0,2.0,,0 days 00:32:56.029000,0 days 00:00:40.949000,0 days 00:00:47.770000,0 days 00:00:24.294000,0 days 00:31:45.242000,0 days 00:32:33.012000,0 days 00:32:57.306000,235.0,281.0,,265.0,False,HARD,9.0,False,Red Bull Racing,0 days 00:31:04.293000,,1,,False,,False,False
0 days 00:42:04.210000,HAD,6,,10.0,3.0,0 days 00:40:15.548000,,,0 days 00:00:46.790000,0 days 00:00:24.302000,,0 days 00:41:40.154000,0 days 00:42:04.321000,252.0,196.0,260.0,167.0,False,SOFT,1.0,True,Red Bull Racing,0 days 00:32:57.306000,,1,,False,,False,False
0 days 00:43:35.969000,HAD,6,0 days 00:01:31.759000,11.0,3.0,,,0 days 00:00:33.251000,0 days 00:00:40.775000,0 days 00:00:17.733000,0 days 00:42:37.461000,0 days 00:43:18.236000,0 days 00:43:35.969000,271.0,329.0,270.0,283.0,True,SOFT,2.0,True,Red Bull Racing,0 days 00:42:04.210000,,1,,False,,False,True
0 days 00:45:43.483000,HAD,6,0 days 00:02:07.514000,12.0,3.0,,0 days 00:45:42.173000,0 days 00:00:50.071000,0 days 00:00:52.539000,0 days 00:00:24.904000,0 days 00:44:26.040000,0 days 00:45:18.579000,0 days 00:45:43.483000,212.0,243.0,,218.0,False,SOFT,3.0,True,Red Bull Racing,0 days 00:43:35.969000,,1,,False,,False,False
0 days 00:48:16.102000,HAD,6,,13.0,4.0,0 days 00:46:16.198000,,0 days 00:01:14.419000,0 days 00:00:55.301000,0 days 00:00:22.804000,0 days 00:46:58.054000,0 days 00:47:53.453000,0 days 00:48:16.159000,172.0,255.0,262.0,177.0,False,SOFT,4.0,False,Red Bull Racing,0 days 00:45:43.483000,,1,,False,,False,False
0 days 00:49:47.988000,HAD,6,0 days 00:01:31.886000,14.0,4.0,,,0 days 00:00:33.218000,0 days 00:00:40.902000,0 days 00:00:17.766000,0 days 00:48:49.320000,0 days 00:49:30.222000,0 days 00:49:47.988000,272.0,327.0,267.0,281.0,False,SOFT,5.0,False,Red Bull Racing,0 days 00:48:16.102000,,1,,False,,False,True
0 days 00:51:38.117000,HAD,6,0 days 00:01:50.129000,15.0,4.0,,0 days 00:51:36.408000,0 days 00:00:43.442000,0 days 00:00:45.417000,0 days 00:00:21.270000,0 days 00:50:31.430000,0 days 00:51:16.847000,0 days 00:51:38.117000,238.0,283.0,,267.0,False,SOFT,6.0,False,Red Bull Racing,0 days 00:49:47.988000,,1,,False,,False,False
0 days 00:59:25.113000,HAD,6,,16.0,5.0,0 days 00:57:46.646000,,,0 days 00:00:43.546000,0 days 00:00:18.567000,,0 days 00:59:06.675000,0 days 00:59:25.179000,256.0,307.0,271.0,274.0,False,HARD,10.0,False,Red Bull Racing,0 days 00:51:38.117000,,1,,False,,False,False
0 days 01:01:01.256000,HAD,6,0 days 00:01:36.143000,17.0,5.0,,,0 days 00:00:35.227000,0 days 00:00:42.656000,0 days 00:00:18.260000,0 days 01:00:00.340000,0 days 01:00:42.996000,0 days 01:01:01.256000,262.0,318.0,274.0,281.0,False,HARD,11.0,False,Red Bull Racing,0 days 00:59:25.113000,,1,,False,,False,True
0 days 01:02:41.111000,HAD,6,0 days 00:01:39.855000,18.0,5.0,,,0 days 00:00:37.977000,0 days 00:00:43.321000,0 days 00:00:18.557000,0 days 01:01:39.233000,0 days 01:02:22.554000,0 days 01:02:41.111000,261.0,316.0,276.0,279.0,False,HARD,12.0,False,Red Bull Racing,0 days 01:01:01.256000,,1,,False,,False,True
0 days 01:04:16.909000,HAD,6,0 days 00:01:35.798000,19.0,5.0,,,0 days 00:00:34.922000,0 days 00:00:42.759000,0 days 00:00:18.117000,0 days 01:03:16.033000,0 days 01:03:58.792000,0 days 01:04:16.909000,260.0,317.0,276.0,278.0,False,HARD,13.0,False,Red Bull Racing,0 days 01:02:41.111000,,1,,False,,False,True
0 days 01:05:52.759000,HAD,6,0 days 00:01:35.850000,20.0,5.0,,,0 days 00:00:34.938000,0 days 00:00:42.668000,0 days 00:00:18.244000,0 days 01:04:51.847000,0 days 01:05:34.515000,0 days 01:05:52.759000,261.0,318.0,277.0,280.0,False,HARD,14.0,False,Red Bull Racing,0 days 01:04:16.909000,,1,,False,,False,True
0 days 01:07:30.559000,HAD,6,0 days 00:01:37.800000,21.0,5.0,,,0 days 00:00:36.185000,0 days 00:00:43.197000,0 days 00:00:18.418000,0 days 01:06:28.944000,0 days 01:07:12.141000,0 days 01:07:30.559000,268.0,315.0,275.0,278.0,False,HARD,15.0,False,Red Bull Racing,0 days 01:05:52.759000,,1,,False,,False,True
0 days 01:09:09.779000,HAD,6,0 days 00:01:39.220000,22.0,5.0,,,0 days 00:00:37.916000,0 days 00:00:42.985000,0 days 00:00:18.319000,0 days 01:08:08.475000,0 days 01:08:51.460000,0 days 01:09:09.779000,259.0,317.0,276.0,279.0,False,HARD,16.0,False,Red Bull Racing,0 days 01:07:30.559000,,1,,False,,False,True
0 days 01:10:45.977000,HAD,6,0 days 00:01:36.198000,23.0,5.0,,,0 days 00:00:35.077000,0 days 00:00:42.853000,0 days 00:00:18.268000,0 days 01:09:44.856000,0 days 01:10:27.709000,0 days 01:10:45.977000,262.0,316.0,275.0,279.0,False,HARD,17.0,False,Red Bull Racing,0 days 01:09:09.779000,,1,,False,,False,True
0 days 01:12:22.138000,HAD,6,0 days 00:01:36.161000,24.0,5.0,,,0 days 00:00:35.239000,0 days 00:00:42.630000,0 days 00:00:18.292000,0 days 01:11:21.216000,0 days 01:12:03.846000,0 days 01:12:22.138000,262.0,316.0,276.0,279.0,False,HARD,18.0,False,Red Bull Racing,0 days 01:10:45.977000,,1,,False,,False,True
0 days 01:13:58.140000,HAD,6,0 days 00:01:36.002000,25.0,5.0,,,0 days 00:00:35.245000,0 days 00:00:42.589000,0 days 00:00:18.168000,0 days 01:12:57.383000,0 days 01:13:39.972000,0 days 01:13:58.140000,261.0,317.0,275.0,280.0,False,HARD,19.0,False,Red Bull Racing,0 days 01:12:22.138000,,1,,False,,False,True
0 days 01:15:36.635000,HAD,6,0 days 00:01:38.495000,26.0,5.0,,,0 days 00:00:37.693000,0 days 00:00:42.728000,0 days 00:00:18.074000,0 days 01:14:35.833000,0 days 01:15:18.561000,0 days 01:15:36.635000,264.0,321.0,278.0,284.0,False,HARD,20.0,False,Red Bull Racing,0 days 01:13:58.140000,,1,,False,,False,True
0 days 01:17:47.022000,HAD,6,0 days 00:02:10.387000,27.0,5.0,,,0 days 00:00:45.316000,0 days 00:00:53.288000,0 days 00:00:31.783000,0 days 01:16:21.951000,0 days 01:17:15.239000,0 days 01:17:47.022000,206.0,274.0,66.0,214.0,False,HARD,21.0,False,Red Bull Racing,0 days 01:15:36.635000,,1,,False,,False,True
0 days 01:20:44.524000,HAD,6,,28.0,5.0,,,0 days 00:01:35.830000,0 days 00:00:48.960000,0 days 00:00:32.695000,0 days 01:19:23.022000,0 days 01:20:11.871000,0 days 01:20:44.524000,252.0,214.0,48.0,187.0,False,HARD,22.0,False,Red Bull Racing,0 days 01:17:47.022000,,1,,False,,False,False
0 days 01:23:22.272000,HAD,6,,29.0,5.0,,0 days 01:23:20.828000,0 days 00:01:24.126000,0 days 00:00:51.138000,0 days 00:00:22.384000,0 days 01:22:08.753000,0 days 01:22:59.888000,0 days 01:23:22.291000,260.0,259.0,,244.0,False,HARD,23.0,False,Red Bull Racing,0 days 01:20:44.524000,,12,,False,,False,False
0 days 00:17:55.298000,GAS,10,,1.0,1.0,0 days 00:16:02.299000,,,0 days 00:00:45.917000,0 days 00:00:29.587000,,0 days 00:17:25.929000,0 days 00:17:55.401000,252.0,257.0,254.0,253.0,False,HARD,1.0,True,Alpine,0 days 00:16:02.299000,,1,,False,,False,False
0 days 00:19:29.262000,GAS,10,0 days 00:01:33.964000,2.0,1.0,,,0 days 00:00:34.820000,0 days 00:00:41.077000,0 days 00:00:18.067000,0 days 00:18:30.118000,0 days 00:19:11.195000,0 days 00:19:29.262000,274.0,326.0,276.0,279.0,True,HARD,2.0,True,Alpine,0 days 00:17:55.298000,,1,,False,,False,True
0 days 00:21:46.445000,GAS,10,0 days 00:02:17.183000,3.0,1.0,,,0 days 00:00:51.335000,0 days 00:00:57.096000,0 days 00:00:28.752000,0 days 00:20:20.597000,0 days 00:21:17.693000,0 days 00:21:46.445000,161.0,251.0,247.0,242.0,False,HARD,3.0,True,Alpine,0 days 00:19:29.262000,,1,,False,,False,True
0 days 00:23:19.963000,GAS,10,0 days 00:01:33.518000,4.0,1.0,,,0 days 00:00:34.640000,0 days 00:00:40.995000,0 days 00:00:17.883000,0 days 00:22:21.085000,0 days 00:23:02.080000,0 days 00:23:19.963000,272.0,329.0,269.0,280.0,True,HARD,4.0,True,Alpine,0 days 00:21:46.445000,,1,,False,,False,True
0 days 00:25:34.386000,GAS,10,0 days 00:02:14.423000,5.0,1.0,,,0 days 00:00:54.568000,0 days 00:00:57.596000,0 days 00:00:22.259000,0 days 00:24:14.531000,0 days 00:25:12.127000,0 days 00:25:34.386000,208.0,260.0,255.0,256.0,False,HARD,5.0,True,Alpine,0 days 00:23:19.963000,,1,,False,,False,True
0 days 00:27:07.280000,GAS,10,0 days 00:01:32.894000,6.0,1.0,,,0 days 00:00:34.121000,0 days 00:00:40.939000,0 days 00:00:17.834000,0 days 00:26:08.507000,0 days 00:26:49.446000,0 days 00:27:07.280000,273.0,330.0,270.0,282.0,True,HARD,6.0,True,Alpine,0 days 00:25:34.386000,,12,,False,,False,True
0 days 00:29:26.010000,GAS,10,0 days 00:02:18.730000,7.0,1.0,,,0 days 00:00:52.067000,0 days 00:01:05.376000,0 days 00:00:21.287000,0 days 00:27:59.347000,0 days 00:29:04.723000,0 days 00:29:26.010000,155.0,266.0,260.0,260.0,False,HARD,7.0,True,Alpine,0 days 00:27:07.280000,,1,,False,,False,True
0 days 00:31:24.703000,GAS,10,0 days 00:01:58.693000,8.0,1.0,,,0 days 00:00:46.695000,0 days 00:00:48.946000,0 days 00:00:23.052000,0 days 00:30:12.705000,0 days 00:31:01.651000,0 days 00:31:24.703000,227.0,263.0,258.0,259.0,False,HARD,8.0,True,Alpine,0 days 00:29:26.010000,,1,,False,,False,True
0 days 00:32:57.098000,GAS,10,0 days 00:01:32.395000,9.0,1.0,,,0 days 00:00:33.762000,0 days 00:00:40.887000,0 days 00:00:17.746000,0 days 00:31:58.465000,0 days 00:32:39.352000,0 days 00:32:57.098000,274.0,329.0,270.0,281.0,True,HARD,9.0,True,Alpine,0 days 00:31:24.703000,,1,,False,,False,True
0 days 00:34:49.212000,GAS,10,0 days 00:01:52.114000,10.0,1.0,,0 days 00:34:47.917000,0 days 00:00:39.212000,0 days 00:00:46.656000,0 days 00:00:26.246000,0 days 00:33:36.310000,0 days 00:34:22.966000,0 days 00:34:49.212000,243.0,262.0,,227.0,False,HARD,10.0,True,Alpine,0 days 00:32:57.098000,,1,,False,,False,False
0 days 00:44:11.598000,GAS,10,,11.0,2.0,0 days 00:42:25.332000,,,0 days 00:00:46.830000,0 days 00:00:21.544000,,0 days 00:43:50.213000,0 days 00:44:11.756000,260.0,261.0,262.0,257.0,False,SOFT,1.0,True,Alpine,0 days 00:34:49.212000,,1,,False,,False,False
0 days 00:45:43.557000,GAS,10,0 days 00:01:31.959000,12.0,2.0,,,0 days 00:00:33.430000,0 days 00:00:40.601000,0 days 00:00:17.928000,0 days 00:44:45.028000,0 days 00:45:25.629000,0 days 00:45:43.557000,273.0,319.0,277.0,278.0,True,SOFT,2.0,True,Alpine,0 days 00:44:11.598000,,1,,False,,False,True
0 days 00:48:00.998000,GAS,10,0 days 00:02:17.441000,13.0,2.0,,,0 days 00:00:52.264000,0 days 00:00:58.055000,0 days 00:00:27.122000,0 days 00:46:35.821000,0 days 00:47:33.876000,0 days 00:48:00.998000,177.0,267.0,191.0,201.0,False,SOFT,3.0,True,Alpine,0 days 00:45:43.557000,,1,,False,,False,True
0 days 00:50:09.541000,GAS,10,0 days 00:02:08.543000,14.0,2.0,,,0 days 00:00:50.405000,0 days 00:00:52.648000,0 days 00:00:25.490000,0 days 00:48:51.403000,0 days 00:49:44.051000,0 days 00:50:09.541000,175.0,262.0,254.0,259.0,False,SOFT,4.0,True,Alpine,0 days 00:48:00.998000,,1,,False,,False,True
0 days 00:51:41.275000,GAS,10,0 days 00:01:31.734000,15.0,2.0,,,0 days 00:00:33.529000,0 days 00:00:40.417000,0 days 00:00:17.788000,0 days 00:50:43.070000,0 days 00:51:23.487000,0 days 00:51:41.275000,270.0,326.0,273.0,281.0,True,SOFT,5.0,True,Alpine,0 days 00:50:09.541000,,1,,False,,False,True
0 days 00:53:28.968000,GAS,10,0 days 00:01:47.693000,16.0,2.0,,0 days 00:53:27.510000,0 days 00:00:38.684000,0 days 00:00:46.241000,0 days 00:00:22.768000,0 days 00:52:19.959000,0 days 00:53:06.200000,0 days 00:53:28.968000,243.0,260.0,,248.0,False,SOFT,6.0,True,Alpine,0 days 00:51:41.275000,,1,,False,,False,False
0 days 01:00:35.182000,GAS,10,,17.0,3.0,0 days 00:58:27.679000,,,0 days 00:00:43.446000,0 days 00:00:18.656000,,0 days 01:00:16.672000,0 days 01:00:35.182000,264.0,318.0,270.0,283.0,False,HARD,11.0,False,Alpine,0 days 00:53:28.968000,,1,,False,,False,False
0 days 01:02:11.360000,GAS,10,0 days 00:01:36.178000,18.0,3.0,,,0 days 00:00:35.431000,0 days 00:00:42.518000,0 days 00:00:18.229000,0 days 01:01:10.613000,0 days 01:01:53.131000,0 days 01:02:11.360000,256.0,313.0,277.0,278.0,False,HARD,12.0,False,Alpine,0 days 01:00:35.182000,,1,,False,,False,True
0 days 01:03:47.398000,GAS,10,0 days 00:01:36.038000,19.0,3.0,,,0 days 00:00:35.277000,0 days 00:00:42.546000,0 days 00:00:18.215000,0 days 01:02:46.637000,0 days 01:03:29.183000,0 days 01:03:47.398000,255.0,317.0,279.0,280.0,False,HARD,13.0,False,Alpine,0 days 01:02:11.360000,,1,,False,,False,True
0 days 01:05:23.716000,GAS,10,0 days 00:01:36.318000,20.0,3.0,,,0 days 00:00:35.146000,0 days 00:00:42.911000,0 days 00:00:18.261000,0 days 01:04:22.544000,0 days 01:05:05.455000,0 days 01:05:23.716000,256.0,312.0,278.0,278.0,False,HARD,14.0,False,Alpine,0 days 01:03:47.398000,,1,,False,,False,True
0 days 01:06:59.646000,GAS,10,0 days 00:01:35.930000,21.0,3.0,,,0 days 00:00:35.126000,0 days 00:00:42.620000,0 days 00:00:18.184000,0 days 01:05:58.842000,0 days 01:06:41.462000,0 days 01:06:59.646000,259.0,316.0,280.0,282.0,False,HARD,15.0,False,Alpine,0 days 01:05:23.716000,,1,,False,,False,True
0 days 01:08:35.555000,GAS,10,0 days 00:01:35.909000,22.0,3.0,,,0 days 00:00:35.043000,0 days 00:00:42.673000,0 days 00:00:18.193000,0 days 01:07:34.689000,0 days 01:08:17.362000,0 days 01:08:35.555000,257.0,318.0,280.0,283.0,False,HARD,16.0,False,Alpine,0 days 01:06:59.646000,,1,,False,,False,True
0 days 01:10:11.950000,GAS,10,0 days 00:01:36.395000,23.0,3.0,,,0 days 00:00:35.305000,0 days 00:00:42.867000,0 days 00:00:18.223000,0 days 01:09:10.860000,0 days 01:09:53.727000,0 days 01:10:11.950000,255.0,317.0,280.0,283.0,False,HARD,17.0,False,Alpine,0 days 01:08:35.555000,,1,,False,,False,True
0 days 01:11:48.046000,GAS,10,0 days 00:01:36.096000,24.0,3.0,,,0 days 00:00:35.339000,0 days 00:00:42.668000,0 days 00:00:18.089000,0 days 01:10:47.289000,0 days 01:11:29.957000,0 days 01:11:48.046000,258.0,323.0,280.0,289.0,False,HARD,18.0,False,Alpine,0 days 01:10:11.950000,,1,,False,,False,True
0 days 01:13:25.566000,GAS,10,0 days 00:01:37.520000,25.0,3.0,,,0 days 00:00:35.962000,0 days 00:00:43.259000,0 days 00:00:18.299000,0 days 01:12:24.008000,0 days 01:13:07.267000,0 days 01:13:25.566000,270.0,316.0,278.0,285.0,False,HARD,19.0,False,Alpine,0 days 01:11:48.046000,,1,,False,,False,True
0 days 01:15:01.348000,GAS,10,0 days 00:01:35.782000,26.0,3.0,,,0 days 00:00:35.122000,0 days 00:00:42.422000,0 days 00:00:18.238000,0 days 01:14:00.688000,0 days 01:14:43.110000,0 days 01:15:01.348000,261.0,327.0,283.0,291.0,False,HARD,20.0,False,Alpine,0 days 01:13:25.566000,,1,,False,,False,True
0 days 01:17:00.586000,GAS,10,0 days 00:01:59.238000,27.0,3.0,,,0 days 00:00:38.394000,0 days 00:00:48.877000,0 days 00:00:31.967000,0 days 01:15:39.742000,0 days 01:16:28.619000,0 days 01:17:00.586000,261.0,239.0,77.0,166.0,False,HARD,21.0,False,Alpine,0 days 01:15:01.348000,,1,,False,,False,True
0 days 01:19:57.622000,GAS,10,,28.0,3.0,,,,0 days 00:00:47.818000,0 days 00:00:29.010000,,0 days 01:19:28.612000,0 days 01:19:57.637000,231.0,258.0,81.0,254.0,False,HARD,22.0,False,Alpine,0 days 01:17:00.586000,,1,,False,,False,False
0 days 01:22:42.432000,GAS,10,,29.0,3.0,,0 days 01:22:40.516000,0 days 00:01:19.537000,0 days 00:00:57,0 days 00:00:28.281000,0 days 01:21:17.186000,0 days 01:22:14.151000,0 days 01:22:42.512000,277.0,209.0,,210.0,False,HARD,23.0,False,Alpine,0 days 01:19:57.622000,,12,,False,,False,False
0 days 00:48:31.129000,PER,11,,1.0,1.0,0 days 00:46:44.817000,,,0 days 00:00:45.409000,0 days 00:00:24.509000,,0 days 00:48:06.815000,0 days 00:48:31.292000,253.0,267.0,265.0,210.0,False,SOFT,1.0,True,Cadillac,0 days 00:46:44.817000,,1,,False,,False,False
0 days 00:50:04.915000,PER,11,0 days 00:01:33.786000,2.0,1.0,,,0 days 00:00:33.729000,0 days 00:00:41.526000,0 days 00:00:18.531000,0 days 00:49:04.858000,0 days 00:49:46.384000,0 days 00:50:04.915000,276.0,319.0,256.0,279.0,True,SOFT,2.0,True,Cadillac,0 days 00:48:31.129000,,1,,False,,False,True
0 days 00:52:21.909000,PER,11,0 days 00:02:16.994000,3.0,1.0,,,0 days 00:00:55.237000,0 days 00:00:54.548000,0 days 00:00:27.209000,0 days 00:51:00.152000,0 days 00:51:54.700000,0 days 00:52:21.909000,226.0,272.0,253.0,209.0,False,SOFT,3.0,True,Cadillac,0 days 00:50:04.915000,,1,,False,,False,True
0 days 00:53:55.598000,PER,11,0 days 00:01:33.689000,4.0,1.0,,,0 days 00:00:33.977000,0 days 00:00:41.347000,0 days 00:00:18.365000,0 days 00:52:55.886000,0 days 00:53:37.233000,0 days 00:53:55.598000,277.0,318.0,243.0,277.0,True,SOFT,4.0,True,Cadillac,0 days 00:52:21.909000,,1,,False,,False,True
0 days 00:55:54.965000,PER,11,0 days 00:01:59.367000,5.0,1.0,,0 days 00:55:53.409000,0 days 00:00:50.059000,0 days 00:00:45.584000,0 days 00:00:23.724000,0 days 00:54:45.657000,0 days 00:55:31.241000,0 days 00:55:54.965000,244.0,276.0,,262.0,False,SOFT,5.0,True,Cadillac,0 days 00:53:55.598000,,1,,False,,False,False
0 days 01:07:47.388000,PER,11,,6.0,2.0,0 days 01:06:01.046000,,,0 days 00:00:46.673000,0 days 00:00:20.645000,,0 days 01:07:26.953000,0 days 01:07:47.473000,230.0,317.0,273.0,249.0,False,HARD,1.0,True,Cadillac,0 days 00:55:54.965000,,1,,False,,False,False
0 days 01:09:25.503000,PER,11,0 days 00:01:38.115000,7.0,2.0,,,0 days 00:00:35.937000,0 days 00:00:43.462000,0 days 00:00:18.716000,0 days 01:08:23.325000,0 days 01:09:06.787000,0 days 01:09:25.503000,254.0,307.0,273.0,274.0,False,HARD,2.0,True,Cadillac,0 days 01:07:47.388000,,1,,False,,False,True
0 days 01:11:03.407000,PER,11,0 days 00:01:37.904000,8.0,2.0,,,0 days 00:00:35.947000,0 days 00:00:43.388000,0 days 00:00:18.569000,0 days 01:10:01.450000,0 days 01:10:44.838000,0 days 01:11:03.407000,250.0,308.0,273.0,275.0,False,HARD,3.0,True,Cadillac,0 days 01:09:25.503000,,1,,False,,False,True
0 days 01:12:41.580000,PER,11,0 days 00:01:38.173000,9.0,2.0,,,0 days 00:00:35.978000,0 days 00:00:43.500000,0 days 00:00:18.695000,0 days 01:11:39.385000,0 days 01:12:22.885000,0 days 01:12:41.580000,250.0,307.0,275.0,273.0,False,HARD,4.0,True,Cadillac,0 days 01:11:03.407000,,1,,False,,False,True
0 days 01:14:20.056000,PER,11,0 days 00:01:38.476000,10.0,2.0,,,0 days 00:00:36.042000,0 days 00:00:43.704000,0 days 00:00:18.730000,0 days 01:13:17.622000,0 days 01:14:01.326000,0 days 01:14:20.056000,248.0,300.0,268.0,270.0,False,HARD,5.0,True,Cadillac,0 days 01:12:41.580000,,1,,False,,False,True
0 days 01:15:58.132000,PER,11,0 days 00:01:38.076000,11.0,2.0,,,0 days 00:00:36.174000,0 days 00:00:43.341000,0 days 00:00:18.561000,0 days 01:14:56.230000,0 days 01:15:39.571000,0 days 01:15:58.132000,254.0,306.0,275.0,286.0,False,HARD,6.0,True,Cadillac,0 days 01:14:20.056000,,1,,False,,False,True
0 days 01:18:08.988000,PER,11,0 days 00:02:10.856000,12.0,2.0,,,0 days 00:00:48.194000,0 days 00:00:50.863000,0 days 00:00:31.799000,0 days 01:16:46.326000,0 days 01:17:37.189000,0 days 01:18:08.988000,234.0,262.0,73.0,191.0,False,HARD,7.0,True,Cadillac,0 days 01:15:58.132000,,1,,False,,False,True
0 days 01:20:46.579000,PER,11,,13.0,2.0,,,0 days 00:01:17.688000,0 days 00:00:47.347000,0 days 00:00:32.446000,0 days 01:19:26.817000,0 days 01:20:14.217000,0 days 01:20:46.579000,239.0,261.0,64.0,195.0,False,HARD,8.0,True,Cadillac,0 days 01:18:08.988000,,1,,False,,False,False
0 days 01:23:27.681000,PER,11,,14.0,2.0,,0 days 01:23:26.200000,0 days 00:01:28.811000,0 days 00:00:47.341000,0 days 00:00:25.039000,0 days 01:22:15.421000,0 days 01:23:02.792000,0 days 01:23:27.681000,246.0,305.0,,224.0,False,HARD,9.0,True,Cadillac,0 days 01:20:46.579000,,12,,False,,False,False
0 days 00:17:30.428000,ANT,12,,1.0,1.0,0 days 00:14:52.517000,0 days 00:17:29.010000,,0 days 00:00:47.642000,0 days 00:00:27.324000,,0 days 00:17:03.256000,0 days 00:17:30.428000,259.0,252.0,,187.0,False,MEDIUM,1.0,True,Mercedes,0 days 00:14:52.517000,,671,,False,,False,False
0 days 00:20:04.913000,ANT,12,,2.0,2.0,0 days 00:17:48.323000,,0 days 00:01:18.321000,0 days 00:00:53.944000,0 days 00:00:22.332000,0 days 00:18:48.879000,0 days 00:19:42.791000,0 days 00:20:05.079000,257.0,234.0,251.0,243.0,False,MEDIUM,2.0,False,Mercedes,0 days 00:17:30.428000,,1,,False,,False,False
0 days 00:21:36.651000,ANT,12,0 days 00:01:31.738000,3.0,2.0,,,0 days 00:00:33.276000,0 days 00:00:40.557000,0 days 00:00:17.905000,0 days 00:20:38.189000,0 days 00:21:18.746000,0 days 00:21:36.651000,277.0,321.0,260.0,278.0,True,MEDIUM,3.0,False,Mercedes,0 days 00:20:04.913000,,1,,False,,False,True
0 days 00:24:05.803000,ANT,12,0 days 00:02:29.152000,4.0,2.0,,,0 days 00:01:18.079000,0 days 00:00:49.728000,0 days 00:00:21.345000,0 days 00:22:54.730000,0 days 00:23:44.458000,0 days 00:24:05.803000,215.0,255.0,250.0,250.0,False,MEDIUM,4.0,False,Mercedes,0 days 00:21:36.651000,,1,,False,,False,True
0 days 00:25:36.977000,ANT,12,0 days 00:01:31.174000,5.0,2.0,,,0 days 00:00:32.999000,0 days 00:00:40.373000,0 days 00:00:17.802000,0 days 00:24:38.802000,0 days 00:25:19.175000,0 days 00:25:36.977000,278.0,325.0,261.0,278.0,True,MEDIUM,5.0,False,Mercedes,0 days 00:24:05.803000,,1,,False,,False,True
0 days 00:27:53.935000,ANT,12,0 days 00:02:16.958000,6.0,2.0,,,0 days 00:00:48.192000,0 days 00:01:03.664000,0 days 00:00:25.102000,0 days 00:26:25.169000,0 days 00:27:28.833000,0 days 00:27:53.935000,200.0,256.0,242.0,220.0,False,MEDIUM,6.0,False,Mercedes,0 days 00:25:36.977000,,12,,True,DOUBLE YELLOW AT TURN 1,False,True
0 days 00:29:25.332000,ANT,12,0 days 00:01:31.397000,7.0,2.0,,,0 days 00:00:33.369000,0 days 00:00:40.297000,0 days 00:00:17.731000,0 days 00:28:27.304000,0 days 00:29:07.601000,0 days 00:29:25.332000,278.0,326.0,262.0,280.0,False,MEDIUM,7.0,False,Mercedes,0 days 00:27:53.935000,,1,,False,,False,True
0 days 00:32:02.855000,ANT,12,,8.0,2.0,,0 days 00:32:01.379000,0 days 00:01:23.269000,0 days 00:00:46.934000,0 days 00:00:27.132000,0 days 00:30:48.798000,0 days 00:31:35.768000,0 days 00:32:02.855000,257.0,233.0,,220.0,False,MEDIUM,8.0,False,Mercedes,0 days 00:29:25.332000,,1,,False,,False,False
0 days 00:39:20.188000,ANT,12,,9.0,3.0,0 days 00:37:24.008000,,,0 days 00:00:48.422000,0 days 00:00:23.006000,,0 days 00:38:57.373000,0 days 00:39:20.434000,259.0,249.0,256.0,251.0,False,SOFT,1.0,True,Mercedes,0 days 00:32:02.855000,,1,,False,,False,False
0 days 00:40:50.413000,ANT,12,0 days 00:01:30.225000,10.0,3.0,,,0 days 00:00:32.653000,0 days 00:00:39.958000,0 days 00:00:17.614000,0 days 00:39:52.841000,0 days 00:40:32.799000,0 days 00:40:50.413000,279.0,329.0,258.0,283.0,True,SOFT,2.0,True,Mercedes,0 days 00:39:20.188000,,1,,False,,False,True
0 days 00:42:50.724000,ANT,12,0 days 00:02:00.311000,11.0,3.0,,0 days 00:42:49.395000,0 days 00:00:43.342000,0 days 00:00:51.788000,0 days 00:00:25.181000,0 days 00:41:33.755000,0 days 00:42:25.543000,0 days 00:42:50.724000,220.0,244.0,,224.0,False,SOFT,3.0,True,Mercedes,0 days 00:40:50.413000,,1,,False,,False,False
0 days 00:45:38.259000,ANT,12,,12.0,4.0,0 days 00:43:43.862000,,0 days 00:01:35.270000,0 days 00:00:47.175000,0 days 00:00:24.961000,0 days 00:44:26.295000,0 days 00:45:13.343000,0 days 00:45:38.328000,255.0,256.0,239.0,220.0,False,SOFT,4.0,False,Mercedes,0 days 00:42:50.724000,,1,,False,,False,False
0 days 00:47:08.816000,ANT,12,0 days 00:01:30.557000,13.0,4.0,,,0 days 00:00:32.969000,0 days 00:00:39.877000,0 days 00:00:17.711000,0 days 00:46:11.228000,0 days 00:46:51.105000,0 days 00:47:08.816000,279.0,321.0,258.0,279.0,False,SOFT,5.0,False,Mercedes,0 days 00:45:38.259000,,1,,False,,False,True
0 days 00:49:01.668000,ANT,12,0 days 00:01:52.852000,14.0,4.0,,0 days 00:49:00.216000,0 days 00:00:44.753000,0 days 00:00:46.357000,0 days 00:00:21.742000,0 days 00:47:53.569000,0 days 00:48:39.926000,0 days 00:49:01.668000,213.0,275.0,,264.0,False,SOFT,6.0,False,Mercedes,0 days 00:47:08.816000,,1,,False,,False,False
0 days 00:56:07.140000,ANT,12,,15.0,5.0,0 days 00:54:03.950000,,,0 days 00:00:42.044000,0 days 00:00:18.080000,,0 days 00:55:49.253000,0 days 00:56:07.245000,277.0,320.0,277.0,278.0,False,MEDIUM,9.0,False,Mercedes,0 days 00:49:01.668000,,1,,False,,False,False
0 days 00:57:41.678000,ANT,12,0 days 00:01:34.538000,16.0,5.0,,,0 days 00:00:34.367000,0 days 00:00:42.202000,0 days 00:00:17.969000,0 days 00:56:41.507000,0 days 00:57:23.709000,0 days 00:57:41.678000,257.0,313.0,277.0,276.0,False,MEDIUM,10.0,False,Mercedes,0 days 00:56:07.140000,,1,,False,,False,True
0 days 00:59:16.471000,ANT,12,0 days 00:01:34.793000,17.0,5.0,,,0 days 00:00:34.507000,0 days 00:00:42.253000,0 days 00:00:18.033000,0 days 00:58:16.185000,0 days 00:58:58.438000,0 days 00:59:16.471000,254.0,313.0,277.0,278.0,False,MEDIUM,11.0,False,Mercedes,0 days 00:57:41.678000,,1,,False,,False,True
0 days 01:00:51.028000,ANT,12,0 days 00:01:34.557000,18.0,5.0,,,0 days 00:00:34.329000,0 days 00:00:42.183000,0 days 00:00:18.045000,0 days 00:59:50.800000,0 days 01:00:32.983000,0 days 01:00:51.028000,258.0,316.0,278.0,279.0,False,MEDIUM,12.0,False,Mercedes,0 days 00:59:16.471000,,1,,False,,False,True
0 days 01:02:25.524000,ANT,12,0 days 00:01:34.496000,19.0,5.0,,,0 days 00:00:34.373000,0 days 00:00:42.086000,0 days 00:00:18.037000,0 days 01:01:25.401000,0 days 01:02:07.487000,0 days 01:02:25.524000,256.0,322.0,278.0,284.0,False,MEDIUM,13.0,False,Mercedes,0 days 01:00:51.028000,,1,,False,,False,True
0 days 01:04:00.800000,ANT,12,0 days 00:01:35.276000,20.0,5.0,,,0 days 00:00:34.613000,0 days 00:00:42.476000,0 days 00:00:18.187000,0 days 01:03:00.137000,0 days 01:03:42.613000,0 days 01:04:00.800000,258.0,325.0,279.0,288.0,False,MEDIUM,14.0,False,Mercedes,0 days 01:02:25.524000,,1,,False,,False,True
0 days 01:05:42.873000,ANT,12,0 days 00:01:42.073000,21.0,5.0,,,0 days 00:00:38.524000,0 days 00:00:44.248000,0 days 00:00:19.301000,0 days 01:04:39.324000,0 days 01:05:23.572000,0 days 01:05:42.873000,273.0,313.0,277.0,276.0,False,MEDIUM,15.0,False,Mercedes,0 days 01:04:00.800000,,1,,False,,False,True
0 days 01:07:17.023000,ANT,12,0 days 00:01:34.150000,22.0,5.0,,,0 days 00:00:34.383000,0 days 00:00:41.901000,0 days 00:00:17.866000,0 days 01:06:17.256000,0 days 01:06:59.157000,0 days 01:07:17.023000,256.0,326.0,278.0,286.0,False,MEDIUM,16.0,False,Mercedes,0 days 01:05:42.873000,,1,,False,,False,True
0 days 01:08:52.673000,ANT,12,0 days 00:01:35.650000,23.0,5.0,,,0 days 00:00:34.663000,0 days 00:00:42.997000,0 days 00:00:17.990000,0 days 01:07:51.686000,0 days 01:08:34.683000,0 days 01:08:52.673000,255.0,320.0,278.0,283.0,False,MEDIUM,17.0,False,Mercedes,0 days 01:07:17.023000,,1,,False,,False,True
0 days 01:10:29.661000,ANT,12,0 days 00:01:36.988000,24.0,5.0,,0 days 01:10:28.260000,0 days 00:00:34.476000,0 days 00:00:42.125000,0 days 00:00:20.387000,0 days 01:09:27.149000,0 days 01:10:09.274000,0 days 01:10:29.661000,257.0,320.0,,283.0,False,MEDIUM,18.0,False,Mercedes,0 days 01:08:52.673000,,1,,False,,False,False
0 days 01:16:21.193000,ANT,12,,25.0,6.0,0 days 01:14:05.931000,,,0 days 00:00:45.239000,0 days 00:00:19.001000,,0 days 01:16:02.318000,0 days 01:16:21.283000,263.0,282.0,247.0,266.0,False,SOFT,7.0,False,Mercedes,0 days 01:10:29.661000,,1,,False,,False,False
0 days 01:18:28.689000,ANT,12,0 days 00:02:07.496000,26.0,6.0,,,0 days 00:00:44.962000,0 days 00:00:49.763000,0 days 00:00:32.771000,0 days 01:17:06.155000,0 days 01:17:55.918000,0 days 01:18:28.689000,217.0,256.0,53.0,229.0,False,SOFT,8.0,False,Mercedes,0 days 01:16:21.193000,,1,,False,,False,True
0 days 01:21:48.360000,ANT,12,,27.0,6.0,,,,0 days 00:00:49.419000,0 days 00:00:40.006000,,0 days 01:21:08.354000,0 days 01:21:48.388000,261.0,245.0,46.0,231.0,False,SOFT,9.0,False,Mercedes,0 days 01:18:28.689000,,1,,False,,False,False
0 days 01:24:25.154000,ANT,12,,28.0,6.0,,0 days 01:24:23.723000,0 days 00:01:27.822000,0 days 00:00:45.159000,0 days 00:00:23.802000,0 days 01:23:16.232000,0 days 01:24:01.453000,0 days 01:24:25.154000,262.0,283.0,,247.0,False,SOFT,10.0,False,Mercedes,0 days 01:21:48.360000,,12,,False,,False,False
0 days 00:17:24.309000,ALO,14,,1.0,1.0,0 days 00:15:05.626000,,,0 days 00:00:46.595000,0 days 00:00:23.471000,,0 days 00:17:00.976000,0 days 00:17:24.383000,255.0,252.0,263.0,244.0,False,SOFT,1.0,True,Aston Martin,0 days 00:15:05.626000,,671,,False,,False,False
0 days 00:19:00.890000,ALO,14,0 days 00:01:36.581000,2.0,1.0,,,0 days 00:00:35.264000,0 days 00:00:42.726000,0 days 00:00:18.591000,0 days 00:17:59.573000,0 days 00:18:42.299000,0 days 00:19:00.890000,267.0,327.0,242.0,281.0,True,SOFT,2.0,True,Aston Martin,0 days 00:17:24.309000,,1,,False,,False,True
0 days 00:21:24.979000,ALO,14,0 days 00:02:24.089000,3.0,1.0,,,0 days 00:00:48.611000,0 days 00:00:54.527000,0 days 00:00:40.951000,0 days 00:19:49.501000,0 days 00:20:44.028000,0 days 00:21:24.979000,233.0,121.0,257.0,110.0,False,SOFT,3.0,True,Aston Martin,0 days 00:19:00.890000,,1,,False,,False,True
0 days 00:23:19.348000,ALO,14,0 days 00:01:54.369000,4.0,1.0,,0 days 00:23:17.721000,0 days 00:00:37.411000,0 days 00:00:52.309000,0 days 00:00:24.649000,0 days 00:22:02.390000,0 days 00:22:54.699000,0 days 00:23:19.348000,234.0,258.0,,247.0,False,SOFT,4.0,True,Aston Martin,0 days 00:21:24.979000,,1,,False,,False,False
0 days 00:25:41.940000,ALO,14,0 days 00:02:22.592000,5.0,2.0,0 days 00:23:47.893000,,0 days 00:01:07.679000,0 days 00:00:51.182000,0 days 00:00:23.731000,0 days 00:24:27.027000,0 days 00:25:18.209000,0 days 00:25:41.940000,103.0,223.0,262.0,233.0,False,SOFT,5.0,False,Aston Martin,0 days 00:23:19.348000,,1,,False,,False,False
0 days 00:27:17.676000,ALO,14,0 days 00:01:35.736000,6.0,2.0,,,0 days 00:00:35.001000,0 days 00:00:42.393000,0 days 00:00:18.342000,0 days 00:26:16.941000,0 days 00:26:59.334000,0 days 00:27:17.676000,268.0,328.0,241.0,281.0,True,SOFT,6.0,False,Aston Martin,0 days 00:25:41.940000,,12,,False,,False,True
0 days 00:29:17.160000,ALO,14,0 days 00:01:59.484000,7.0,2.0,,,0 days 00:00:43.735000,0 days 00:00:55.098000,0 days 00:00:20.651000,0 days 00:28:01.411000,0 days 00:28:56.509000,0 days 00:29:17.160000,230.0,261.0,263.0,248.0,False,SOFT,7.0,False,Aston Martin,0 days 00:27:17.676000,,1,,False,,False,True
0 days 00:30:52.539000,ALO,14,0 days 00:01:35.379000,8.0,2.0,,,0 days 00:00:34.810000,0 days 00:00:42.271000,0 days 00:00:18.298000,0 days 00:29:51.970000,0 days 00:30:34.241000,0 days 00:30:52.539000,268.0,321.0,249.0,275.0,True,SOFT,8.0,False,Aston Martin,0 days 00:29:17.160000,,1,,False,,False,True
0 days 00:32:45.301000,ALO,14,0 days 00:01:52.762000,9.0,2.0,,0 days 00:32:43.828000,0 days 00:00:39.008000,0 days 00:00:47.882000,0 days 00:00:25.872000,0 days 00:31:31.547000,0 days 00:32:19.429000,0 days 00:32:45.301000,235.0,257.0,,248.0,False,SOFT,9.0,False,Aston Martin,0 days 00:30:52.539000,,1,,False,,False,False
0 days 00:40:49.963000,ALO,14,,10.0,3.0,0 days 00:39:01.462000,,,0 days 00:00:51.836000,0 days 00:00:20.644000,,0 days 00:40:29.471000,0 days 00:40:49.991000,152.0,259.0,266.0,244.0,False,SOFT,10.0,False,Aston Martin,0 days 00:32:45.301000,,1,,False,,False,False
0 days 00:42:24.668000,ALO,14,0 days 00:01:34.705000,11.0,3.0,,,0 days 00:00:34.459000,0 days 00:00:42.016000,0 days 00:00:18.230000,0 days 00:41:24.422000,0 days 00:42:06.438000,0 days 00:42:24.668000,266.0,328.0,247.0,281.0,True,SOFT,11.0,False,Aston Martin,0 days 00:40:49.963000,,1,,False,,False,True
0 days 00:44:15.106000,ALO,14,0 days 00:01:50.438000,12.0,3.0,,0 days 00:44:13.634000,0 days 00:00:39.783000,0 days 00:00:46.833000,0 days 00:00:23.822000,0 days 00:43:04.451000,0 days 00:43:51.284000,0 days 00:44:15.106000,231.0,260.0,,250.0,False,SOFT,12.0,False,Aston Martin,0 days 00:42:24.668000,,1,,False,,False,False
0 days 00:52:15.641000,ALO,14,,13.0,4.0,0 days 00:50:33.524000,,,0 days 00:00:46.442000,0 days 00:00:20.475000,,0 days 00:51:55.291000,0 days 00:52:15.748000,252.0,268.0,265.0,253.0,False,SOFT,1.0,True,Aston Martin,0 days 00:44:15.106000,,1,,False,,False,False
0 days 00:53:49.453000,ALO,14,0 days 00:01:33.812000,14.0,4.0,,,0 days 00:00:33.924000,0 days 00:00:41.641000,0 days 00:00:18.247000,0 days 00:52:49.565000,0 days 00:53:31.206000,0 days 00:53:49.453000,267.0,317.0,257.0,272.0,True,SOFT,2.0,True,Aston Martin,0 days 00:52:15.641000,,1,,False,,False,True
0 days 00:55:47.572000,ALO,14,0 days 00:01:58.119000,15.0,4.0,,,0 days 00:00:45.903000,0 days 00:00:49.647000,0 days 00:00:22.569000,0 days 00:54:35.356000,0 days 00:55:25.003000,0 days 00:55:47.572000,232.0,258.0,263.0,249.0,False,SOFT,3.0,True,Aston Martin,0 days 00:53:49.453000,,1,,False,,False,True
0 days 00:57:21.168000,ALO,14,0 days 00:01:33.596000,16.0,4.0,,,0 days 00:00:34.091000,0 days 00:00:41.483000,0 days 00:00:18.022000,0 days 00:56:21.663000,0 days 00:57:03.146000,0 days 00:57:21.168000,269.0,333.0,250.0,288.0,True,SOFT,4.0,True,Aston Martin,0 days 00:55:47.572000,,1,,False,,False,True
0 days 00:59:17.685000,ALO,14,0 days 00:01:56.517000,17.0,4.0,,0 days 00:59:16.219000,0 days 00:00:39.308000,0 days 00:00:52.015000,0 days 00:00:25.194000,0 days 00:58:00.476000,0 days 00:58:52.491000,0 days 00:59:17.685000,237.0,268.0,,254.0,False,SOFT,5.0,True,Aston Martin,0 days 00:57:21.168000,,1,,False,,False,False
0 days 01:08:21.305000,ALO,14,,18.0,5.0,0 days 01:06:06.757000,,,0 days 00:00:44.874000,0 days 00:00:18.734000,,0 days 01:08:02.622000,0 days 01:08:21.391000,243.0,313.0,268.0,273.0,False,SOFT,6.0,False,Aston Martin,0 days 00:59:17.685000,,1,,False,,False,False
0 days 01:09:59.933000,ALO,14,0 days 00:01:38.628000,19.0,5.0,,,0 days 00:00:36.067000,0 days 00:00:43.680000,0 days 00:00:18.881000,0 days 01:08:57.372000,0 days 01:09:41.052000,0 days 01:09:59.933000,250.0,299.0,267.0,267.0,False,SOFT,7.0,False,Aston Martin,0 days 01:08:21.305000,,1,,False,,False,True
0 days 01:11:38.203000,ALO,14,0 days 00:01:38.270000,20.0,5.0,,,0 days 00:00:36.013000,0 days 00:00:43.394000,0 days 00:00:18.863000,0 days 01:10:35.946000,0 days 01:11:19.340000,0 days 01:11:38.203000,255.0,302.0,267.0,271.0,False,SOFT,8.0,False,Aston Martin,0 days 01:09:59.933000,,1,,False,,False,True
0 days 01:13:16.883000,ALO,14,0 days 00:01:38.680000,21.0,5.0,,,0 days 00:00:36.017000,0 days 00:00:43.803000,0 days 00:00:18.860000,0 days 01:12:14.220000,0 days 01:12:58.023000,0 days 01:13:16.883000,253.0,300.0,265.0,268.0,False,SOFT,9.0,False,Aston Martin,0 days 01:11:38.203000,,1,,False,,False,True
0 days 01:14:55.526000,ALO,14,0 days 00:01:38.643000,22.0,5.0,,,0 days 00:00:36.305000,0 days 00:00:43.610000,0 days 00:00:18.728000,0 days 01:13:53.188000,0 days 01:14:36.798000,0 days 01:14:55.526000,252.0,301.0,268.0,268.0,False,SOFT,10.0,False,Aston Martin,0 days 01:13:16.883000,,1,,False,,False,True
0 days 01:16:56.170000,ALO,14,0 days 00:02:00.644000,23.0,5.0,,,0 days 00:00:42.077000,0 days 00:00:49.183000,0 days 00:00:29.384000,0 days 01:15:37.603000,0 days 01:16:26.786000,0 days 01:16:56.170000,204.0,264.0,72.0,215.0,False,SOFT,11.0,False,Aston Martin,0 days 01:14:55.526000,,1,,False,,False,True
0 days 01:19:32.456000,ALO,14,,24.0,5.0,,0 days 01:19:30.899000,0 days 00:01:27.225000,0 days 00:00:46.452000,0 days 00:00:22.550000,0 days 01:18:23.498000,0 days 01:19:09.922000,0 days 01:19:32.456000,248.0,253.0,,248.0,False,SOFT,12.0,False,Aston Martin,0 days 01:16:56.170000,,1,,False,,False,False
0 days 00:20:15.061000,LEC,16,,1.0,1.0,0 days 00:18:17.659000,,,0 days 00:00:49.279000,0 days 00:00:29.840000,,0 days 00:19:45.467000,0 days 00:20:15.218000,258.0,260.0,262.0,144.0,False,MEDIUM,1.0,True,Ferrari,0 days 00:18:17.659000,,1,,False,,False,False
0 days 00:21:47.952000,LEC,16,0 days 00:01:32.891000,2.0,1.0,,,0 days 00:00:33.702000,0 days 00:00:40.984000,0 days 00:00:18.205000,0 days 00:20:48.763000,0 days 00:21:29.747000,0 days 00:21:47.952000,276.0,320.0,250.0,276.0,True,MEDIUM,2.0,True,Ferrari,0 days 00:20:15.061000,,1,,False,,False,True
0 days 00:23:54.637000,LEC,16,0 days 00:02:06.685000,3.0,1.0,,,0 days 00:00:54.323000,0 days 00:00:52.105000,0 days 00:00:20.257000,0 days 00:22:42.275000,0 days 00:23:34.380000,0 days 00:23:54.637000,167.0,269.0,262.0,258.0,False,MEDIUM,3.0,True,Ferrari,0 days 00:21:47.952000,,1,,False,,False,True
0 days 00:25:26.382000,LEC,16,0 days 00:01:31.745000,4.0,1.0,,,0 days 00:00:33.110000,0 days 00:00:40.637000,0 days 00:00:17.998000,0 days 00:24:27.747000,0 days 00:25:08.384000,0 days 00:25:26.382000,277.0,320.0,261.0,278.0,True,MEDIUM,4.0,True,Ferrari,0 days 00:23:54.637000,,1,,False,,False,True
0 days 00:27:47.657000,LEC,16,0 days 00:02:21.275000,5.0,1.0,,,0 days 00:00:48.704000,0 days 00:01:03.800000,0 days 00:00:28.771000,0 days 00:26:15.086000,0 days 00:27:18.886000,0 days 00:27:47.657000,168.0,176.0,265.0,139.0,False,MEDIUM,5.0,True,Ferrari,0 days 00:25:26.382000,,12,,False,,False,True
0 days 00:29:18.676000,LEC,16,0 days 00:01:31.019000,6.0,1.0,,,0 days 00:00:32.999000,0 days 00:00:40.283000,0 days 00:00:17.737000,0 days 00:28:20.656000,0 days 00:29:00.939000,0 days 00:29:18.676000,277.0,327.0,263.0,282.0,True,MEDIUM,6.0,True,Ferrari,0 days 00:27:47.657000,,1,,False,,False,True
0 days 00:31:21.294000,LEC,16,0 days 00:02:02.618000,7.0,1.0,,0 days 00:31:19.873000,0 days 00:00:39.931000,0 days 00:00:54.943000,0 days 00:00:27.744000,0 days 00:29:58.607000,0 days 00:30:53.550000,0 days 00:31:21.294000,218.0,200.0,,199.0,False,MEDIUM,7.0,True,Ferrari,0 days 00:29:18.676000,,1,,False,,False,False
0 days 00:38:46.904000,LEC,16,,8.0,2.0,0 days 00:37:03.793000,,,0 days 00:00:44.763000,0 days 00:00:21.731000,,0 days 00:38:25.376000,0 days 00:38:47.030000,262.0,267.0,265.0,198.0,False,SOFT,1.0,True,Ferrari,0 days 00:31:21.294000,,1,,False,,False,False
0 days 00:40:34.813000,LEC,16,0 days 00:01:47.909000,9.0,2.0,,,0 days 00:00:37.317000,0 days 00:00:50.138000,0 days 00:00:20.454000,0 days 00:39:24.221000,0 days 00:40:14.359000,0 days 00:40:34.813000,203.0,270.0,265.0,244.0,False,SOFT,2.0,True,Ferrari,0 days 00:38:46.904000,,1,,False,,False,True
0 days 00:42:05.659000,LEC,16,0 days 00:01:30.846000,10.0,2.0,,,0 days 00:00:32.811000,0 days 00:00:40.150000,0 days 00:00:17.885000,0 days 00:41:07.624000,0 days 00:41:47.774000,0 days 00:42:05.659000,279.0,322.0,265.0,280.0,True,SOFT,3.0,True,Ferrari,0 days 00:40:34.813000,,1,,False,,False,True
0 days 00:44:47.908000,LEC,16,,11.0,2.0,,,0 days 00:01:02.851000,0 days 00:01:17.316000,0 days 00:00:22.054000,0 days 00:43:08.718000,0 days 00:44:25.860000,0 days 00:44:47.909000,130.0,246.0,267.0,250.0,False,SOFT,4.0,True,Ferrari,0 days 00:42:05.659000,,1,,False,,False,False
0 days 00:46:28.132000,LEC,16,0 days 00:01:40.224000,12.0,2.0,,,0 days 00:00:34.842000,0 days 00:00:44.927000,0 days 00:00:20.455000,0 days 00:45:22.750000,0 days 00:46:07.677000,0 days 00:46:28.132000,264.0,274.0,265.0,263.0,False,SOFT,5.0,True,Ferrari,0 days 00:44:47.908000,,1,,False,,False,True
0 days 00:47:59.258000,LEC,16,0 days 00:01:31.126000,13.0,2.0,,,0 days 00:00:32.898000,0 days 00:00:40.254000,0 days 00:00:17.974000,0 days 00:47:01.030000,0 days 00:47:41.284000,0 days 00:47:59.258000,278.0,331.0,261.0,287.0,False,SOFT,6.0,True,Ferrari,0 days 00:46:28.132000,,1,,False,,False,True
0 days 00:50:11.589000,LEC,16,0 days 00:02:12.331000,14.0,2.0,,0 days 00:50:10.155000,0 days 00:00:42.084000,0 days 00:01:01.395000,0 days 00:00:28.852000,0 days 00:48:41.342000,0 days 00:49:42.737000,0 days 00:50:11.589000,180.0,263.0,,240.0,False,SOFT,7.0,True,Ferrari,0 days 00:47:59.258000,,1,,False,,False,False
0 days 00:52:29.256000,LEC,16,0 days 00:02:17.667000,15.0,3.0,0 days 00:50:40.310000,,0 days 00:01:07.467000,0 days 00:00:44.016000,0 days 00:00:26.184000,0 days 00:51:19.056000,0 days 00:52:03.072000,0 days 00:52:29.256000,263.0,253.0,263.0,252.0,False,SOFT,8.0,False,Ferrari,0 days 00:50:11.589000,,1,,False,,False,False
0 days 00:54:14.160000,LEC,16,0 days 00:01:44.904000,16.0,3.0,,0 days 00:54:12.765000,0 days 00:00:32.884000,0 days 00:00:44.529000,0 days 00:00:27.491000,0 days 00:53:02.140000,0 days 00:53:46.669000,0 days 00:54:14.160000,278.0,230.0,,198.0,False,SOFT,9.0,False,Ferrari,0 days 00:52:29.256000,,1,,False,,False,False
0 days 01:02:35.355000,LEC,16,,17.0,4.0,0 days 01:00:37.580000,,,0 days 00:00:42.807000,0 days 00:00:18.361000,,0 days 01:02:17.157000,0 days 01:02:35.391000,258.0,319.0,277.0,277.0,False,MEDIUM,8.0,False,Ferrari,0 days 00:54:14.160000,,1,,False,,False,False
0 days 01:04:10.334000,LEC,16,0 days 00:01:34.979000,18.0,4.0,,,0 days 00:00:34.523000,0 days 00:00:42.222000,0 days 00:00:18.234000,0 days 01:03:09.878000,0 days 01:03:52.100000,0 days 01:04:10.334000,257.0,309.0,271.0,276.0,False,MEDIUM,9.0,False,Ferrari,0 days 01:02:35.355000,,1,,False,,False,True
0 days 01:05:49.497000,LEC,16,0 days 00:01:39.163000,19.0,4.0,,,0 days 00:00:34.807000,0 days 00:00:42.641000,0 days 00:00:21.715000,0 days 01:04:45.141000,0 days 01:05:27.782000,0 days 01:05:49.497000,257.0,311.0,272.0,277.0,False,MEDIUM,10.0,False,Ferrari,0 days 01:04:10.334000,,1,,False,,False,True
0 days 01:07:25.103000,LEC,16,0 days 00:01:35.606000,20.0,4.0,,,0 days 00:00:34.835000,0 days 00:00:42.134000,0 days 00:00:18.637000,0 days 01:06:24.332000,0 days 01:07:06.466000,0 days 01:07:25.103000,258.0,314.0,270.0,280.0,False,MEDIUM,11.0,False,Ferrari,0 days 01:05:49.497000,,1,,False,,False,True
0 days 01:09:00.307000,LEC,16,0 days 00:01:35.204000,21.0,4.0,,,0 days 00:00:34.873000,0 days 00:00:42.136000,0 days 00:00:18.195000,0 days 01:07:59.976000,0 days 01:08:42.112000,0 days 01:09:00.307000,257.0,312.0,273.0,277.0,False,MEDIUM,12.0,False,Ferrari,0 days 01:07:25.103000,,1,,False,,False,True
0 days 01:10:35.588000,LEC,16,0 days 00:01:35.281000,22.0,4.0,,,0 days 00:00:35.038000,0 days 00:00:42.190000,0 days 00:00:18.053000,0 days 01:09:35.345000,0 days 01:10:17.535000,0 days 01:10:35.588000,258.0,317.0,275.0,284.0,False,MEDIUM,13.0,False,Ferrari,0 days 01:09:00.307000,,1,,False,,False,True
0 days 01:12:11.082000,LEC,16,0 days 00:01:35.494000,23.0,4.0,,,0 days 00:00:34.969000,0 days 00:00:42.422000,0 days 00:00:18.103000,0 days 01:11:10.557000,0 days 01:11:52.979000,0 days 01:12:11.082000,260.0,326.0,278.0,293.0,False,MEDIUM,14.0,False,Ferrari,0 days 01:10:35.588000,,1,,False,,False,True
0 days 01:13:47.471000,LEC,16,0 days 00:01:36.389000,24.0,4.0,,,0 days 00:00:34.950000,0 days 00:00:42.345000,0 days 00:00:19.094000,0 days 01:12:46.032000,0 days 01:13:28.377000,0 days 01:13:47.471000,250.0,330.0,276.0,266.0,False,MEDIUM,15.0,False,Ferrari,0 days 01:12:11.082000,,1,,False,,False,True
0 days 01:15:22.612000,LEC,16,0 days 00:01:35.141000,25.0,4.0,,,0 days 00:00:34.795000,0 days 00:00:42.165000,0 days 00:00:18.181000,0 days 01:14:22.266000,0 days 01:15:04.431000,0 days 01:15:22.612000,253.0,314.0,278.0,280.0,False,MEDIUM,16.0,False,Ferrari,0 days 01:13:47.471000,,1,,False,,False,True
0 days 01:17:30.349000,LEC,16,0 days 00:02:07.737000,26.0,4.0,,,0 days 00:00:45.714000,0 days 00:00:52.563000,0 days 00:00:29.460000,0 days 01:16:08.326000,0 days 01:17:00.889000,0 days 01:17:30.349000,176.0,264.0,91.0,172.0,False,MEDIUM,17.0,False,Ferrari,0 days 01:15:22.612000,,1,,False,,False,True
0 days 01:20:19.321000,LEC,16,,27.0,4.0,,,0 days 00:01:29.124000,0 days 00:00:47.449000,0 days 00:00:32.346000,0 days 01:18:59.596000,0 days 01:19:47.061000,0 days 01:20:19.365000,255.0,258.0,61.0,165.0,False,MEDIUM,18.0,False,Ferrari,0 days 01:17:30.349000,,1,,False,,False,False
0 days 01:22:48.394000,LEC,16,0 days 00:02:29.073000,28.0,4.0,,0 days 01:22:46.916000,0 days 00:01:19.223000,0 days 00:00:45.254000,0 days 00:00:24.596000,0 days 01:21:38.544000,0 days 01:22:23.798000,0 days 01:22:48.394000,265.0,277.0,,219.0,False,MEDIUM,19.0,False,Ferrari,0 days 01:20:19.321000,,12,,False,,False,False
0 days 00:19:51.468000,STR,18,,1.0,1.0,0 days 00:17:53.287000,,,0 days 00:00:48.156000,0 days 00:00:24.580000,,0 days 00:19:27.120000,0 days 00:19:51.573000,243.0,242.0,246.0,240.0,False,MEDIUM,1.0,True,Aston Martin,0 days 00:17:53.287000,,1,,False,,False,False
0 days 00:21:27.862000,STR,18,0 days 00:01:36.394000,2.0,1.0,,,0 days 00:00:35.129000,0 days 00:00:42.597000,0 days 00:00:18.668000,0 days 00:20:26.597000,0 days 00:21:09.194000,0 days 00:21:27.862000,267.0,322.0,252.0,274.0,True,MEDIUM,2.0,True,Aston Martin,0 days 00:19:51.468000,,1,,False,,False,True
0 days 00:23:38.347000,STR,18,0 days 00:02:10.485000,3.0,1.0,,,0 days 00:00:54.957000,0 days 00:00:51.939000,0 days 00:00:23.589000,0 days 00:22:22.819000,0 days 00:23:14.758000,0 days 00:23:38.347000,212.0,240.0,249.0,237.0,False,MEDIUM,3.0,True,Aston Martin,0 days 00:21:27.862000,,1,,False,,False,True
0 days 00:25:13.444000,STR,18,0 days 00:01:35.097000,4.0,1.0,,,0 days 00:00:34.786000,0 days 00:00:42.182000,0 days 00:00:18.129000,0 days 00:24:13.133000,0 days 00:24:55.315000,0 days 00:25:13.444000,267.0,326.0,252.0,279.0,True,MEDIUM,4.0,True,Aston Martin,0 days 00:23:38.347000,,1,,False,,False,True
0 days 00:27:30.319000,STR,18,0 days 00:02:16.875000,5.0,1.0,,,0 days 00:00:52.053000,0 days 00:01:02.269000,0 days 00:00:22.553000,0 days 00:26:05.497000,0 days 00:27:07.766000,0 days 00:27:30.319000,208.0,255.0,250.0,240.0,False,MEDIUM,5.0,True,Aston Martin,0 days 00:25:13.444000,,12,,False,,False,True
0 days 00:29:05.307000,STR,18,0 days 00:01:34.988000,6.0,1.0,,,0 days 00:00:34.529000,0 days 00:00:42.232000,0 days 00:00:18.227000,0 days 00:28:04.848000,0 days 00:28:47.080000,0 days 00:29:05.307000,268.0,323.0,250.0,275.0,True,MEDIUM,6.0,True,Aston Martin,0 days 00:27:30.319000,,1,,False,,False,True
0 days 00:31:03.671000,STR,18,0 days 00:01:58.364000,7.0,1.0,,0 days 00:31:02.261000,0 days 00:00:41.559000,0 days 00:00:51.234000,0 days 00:00:25.571000,0 days 00:29:46.866000,0 days 00:30:38.100000,0 days 00:31:03.671000,233.0,255.0,,232.0,False,MEDIUM,7.0,True,Aston Martin,0 days 00:29:05.307000,,1,,False,,False,False
0 days 00:37:30.865000,STR,18,,8.0,2.0,0 days 00:35:44.452000,,,0 days 00:00:46.607000,0 days 00:00:22.014000,,0 days 00:37:08.945000,0 days 00:37:30.903000,250.0,275.0,253.0,253.0,False,MEDIUM,8.0,False,Aston Martin,0 days 00:31:03.671000,,1,,False,,False,False
0 days 00:39:05.812000,STR,18,0 days 00:01:34.947000,9.0,2.0,,,0 days 00:00:34.465000,0 days 00:00:42.018000,0 days 00:00:18.464000,0 days 00:38:05.330000,0 days 00:38:47.348000,0 days 00:39:05.812000,269.0,314.0,258.0,270.0,True,MEDIUM,9.0,False,Aston Martin,0 days 00:37:30.865000,,1,,False,,False,True
0 days 00:40:57.660000,STR,18,0 days 00:01:51.848000,10.0,2.0,,0 days 00:40:56.294000,0 days 00:00:37.991000,0 days 00:00:50.426000,0 days 00:00:23.431000,0 days 00:39:43.803000,0 days 00:40:34.229000,0 days 00:40:57.660000,238.0,239.0,,241.0,False,MEDIUM,10.0,False,Aston Martin,0 days 00:39:05.812000,,1,,False,,False,False
0 days 00:57:09.082000,STR,18,,11.0,3.0,0 days 00:55:23.862000,,,0 days 00:00:46.103000,0 days 00:00:22.386000,,0 days 00:56:46.862000,0 days 00:57:09.241000,252.0,257.0,251.0,222.0,False,SOFT,1.0,True,Aston Martin,0 days 00:40:57.660000,,1,,False,,False,False
0 days 00:58:43.182000,STR,18,0 days 00:01:34.100000,12.0,3.0,,,0 days 00:00:34.210000,0 days 00:00:41.878000,0 days 00:00:18.012000,0 days 00:57:43.292000,0 days 00:58:25.170000,0 days 00:58:43.182000,269.0,327.0,260.0,280.0,True,SOFT,2.0,True,Aston Martin,0 days 00:57:09.082000,,1,,False,,False,True
0 days 01:01:08.432000,STR,18,0 days 00:02:25.250000,13.0,3.0,,0 days 01:01:07.060000,0 days 00:01:00.323000,0 days 00:00:57.789000,0 days 00:00:27.138000,0 days 00:59:43.505000,0 days 01:00:41.294000,0 days 01:01:08.432000,92.0,254.0,,179.0,False,SOFT,3.0,True,Aston Martin,0 days 00:58:43.182000,,1,,False,,False,False
0 days 01:03:21.523000,STR,18,0 days 00:02:13.091000,14.0,4.0,0 days 01:01:24.908000,,0 days 00:01:00.267000,0 days 00:00:49.702000,0 days 00:00:23.122000,0 days 01:02:08.699000,0 days 01:02:58.401000,0 days 01:03:21.523000,225.0,256.0,249.0,243.0,False,SOFT,4.0,False,Aston Martin,0 days 01:01:08.432000,,1,,False,,False,False
0 days 01:04:55.474000,STR,18,0 days 00:01:33.951000,15.0,4.0,,,0 days 00:00:34.104000,0 days 00:00:41.662000,0 days 00:00:18.185000,0 days 01:03:55.627000,0 days 01:04:37.289000,0 days 01:04:55.474000,270.0,317.0,259.0,274.0,True,SOFT,5.0,False,Aston Martin,0 days 01:03:21.523000,,1,,False,,False,True
0 days 01:07:04.905000,STR,18,0 days 00:02:09.431000,16.0,4.0,,0 days 01:07:03.538000,0 days 00:00:53.031000,0 days 00:00:50.857000,0 days 00:00:25.543000,0 days 01:05:48.505000,0 days 01:06:39.362000,0 days 01:07:04.905000,219.0,258.0,,249.0,False,SOFT,6.0,False,Aston Martin,0 days 01:04:55.474000,,1,,False,,False,False
0 days 01:12:54.825000,STR,18,,17.0,5.0,0 days 01:11:13.378000,,,0 days 00:00:44.789000,0 days 00:00:18.807000,,0 days 01:12:36.270000,0 days 01:12:54.915000,247.0,301.0,268.0,267.0,False,SOFT,7.0,False,Aston Martin,0 days 01:07:04.905000,,1,,False,,False,False
0 days 01:14:33.207000,STR,18,0 days 00:01:38.382000,18.0,5.0,,,0 days 00:00:35.857000,0 days 00:00:43.811000,0 days 00:00:18.714000,0 days 01:13:30.682000,0 days 01:14:14.493000,0 days 01:14:33.207000,252.0,301.0,268.0,265.0,False,SOFT,8.0,False,Aston Martin,0 days 01:12:54.825000,,1,,False,,False,True
0 days 01:16:11.155000,STR,18,0 days 00:01:37.948000,19.0,5.0,,,0 days 00:00:35.791000,0 days 00:00:43.503000,0 days 00:00:18.654000,0 days 01:15:08.998000,0 days 01:15:52.501000,0 days 01:16:11.155000,255.0,302.0,269.0,267.0,False,SOFT,9.0,False,Aston Martin,0 days 01:14:33.207000,,1,,False,,False,True
0 days 01:18:17.236000,STR,18,0 days 00:02:06.081000,20.0,5.0,,,0 days 00:00:39.374000,0 days 00:00:55.476000,0 days 00:00:31.231000,0 days 01:16:50.529000,0 days 01:17:46.005000,0 days 01:18:17.236000,189.0,262.0,62.0,203.0,False,SOFT,10.0,False,Aston Martin,0 days 01:16:11.155000,,1,,False,,False,True
0 days 01:20:42.934000,STR,18,0 days 00:02:25.698000,21.0,5.0,,0 days 01:20:41.492000,0 days 00:01:16,0 days 00:00:44.758000,0 days 00:00:24.940000,0 days 01:19:33.236000,0 days 01:20:17.994000,0 days 01:20:42.934000,247.0,303.0,,261.0,False,SOFT,11.0,False,Aston Martin,0 days 01:18:17.236000,,1,,False,,False,False
0 days 00:18:01.296000,ALB,23,,1.0,1.0,0 days 00:16:01.655000,,,0 days 00:00:55.325000,0 days 00:00:25.115000,,0 days 00:17:36.326000,0 days 00:18:01.322000,260.0,252.0,248.0,251.0,False,MEDIUM,1.0,True,Williams,0 days 00:16:01.655000,,1,,False,,False,False
0 days 00:19:34.807000,ALB,23,0 days 00:01:33.511000,2.0,1.0,,,0 days 00:00:34.125000,0 days 00:00:41.333000,0 days 00:00:18.053000,0 days 00:18:35.421000,0 days 00:19:16.754000,0 days 00:19:34.807000,276.0,323.0,264.0,279.0,True,MEDIUM,2.0,True,Williams,0 days 00:18:01.296000,,1,,False,,False,True
0 days 00:21:51.794000,ALB,23,0 days 00:02:16.987000,3.0,1.0,,,0 days 00:00:56.594000,0 days 00:00:52.689000,0 days 00:00:27.704000,0 days 00:20:31.401000,0 days 00:21:24.090000,0 days 00:21:51.794000,169.0,259.0,247.0,128.0,False,MEDIUM,3.0,True,Williams,0 days 00:19:34.807000,,1,,False,,False,True
0 days 00:23:45.482000,ALB,23,0 days 00:01:53.688000,4.0,1.0,,,0 days 00:00:40.694000,0 days 00:00:46.995000,0 days 00:00:25.999000,0 days 00:22:32.488000,0 days 00:23:19.483000,0 days 00:23:45.482000,233.0,266.0,254.0,185.0,False,MEDIUM,4.0,True,Williams,0 days 00:21:51.794000,,1,,False,,False,True
0 days 00:25:18.777000,ALB,23,0 days 00:01:33.295000,5.0,1.0,,,0 days 00:00:34.186000,0 days 00:00:41.115000,0 days 00:00:17.994000,0 days 00:24:19.668000,0 days 00:25:00.783000,0 days 00:25:18.777000,274.0,328.0,264.0,281.0,True,MEDIUM,5.0,True,Williams,0 days 00:23:45.482000,,1,,False,,False,True
0 days 00:28:11.918000,ALB,23,,6.0,1.0,,,,0 days 00:00:51.166000,0 days 00:00:21.239000,,0 days 00:27:50.950000,0 days 00:28:12.130000,261.0,244.0,266.0,236.0,False,MEDIUM,6.0,True,Williams,0 days 00:25:18.777000,,12,,False,,False,False
0 days 00:29:44.653000,ALB,23,0 days 00:01:32.735000,7.0,1.0,,,0 days 00:00:33.922000,0 days 00:00:40.796000,0 days 00:00:18.017000,0 days 00:28:45.840000,0 days 00:29:26.636000,0 days 00:29:44.653000,276.0,324.0,265.0,279.0,True,MEDIUM,7.0,True,Williams,0 days 00:28:11.918000,,1,,False,,False,True
0 days 00:31:59.172000,ALB,23,0 days 00:02:14.519000,8.0,1.0,,,0 days 00:00:47.596000,0 days 00:01:02.360000,0 days 00:00:24.563000,0 days 00:30:32.249000,0 days 00:31:34.609000,0 days 00:31:59.172000,181.0,217.0,261.0,213.0,False,MEDIUM,8.0,True,Williams,0 days 00:29:44.653000,,1,,False,,False,True
0 days 00:33:31.894000,ALB,23,0 days 00:01:32.722000,9.0,1.0,,,0 days 00:00:33.741000,0 days 00:00:41.068000,0 days 00:00:17.913000,0 days 00:32:32.913000,0 days 00:33:13.981000,0 days 00:33:31.894000,277.0,325.0,262.0,279.0,True,MEDIUM,9.0,True,Williams,0 days 00:31:59.172000,,1,,False,,False,True
0 days 00:35:24.193000,ALB,23,0 days 00:01:52.299000,10.0,1.0,,0 days 00:35:22.953000,0 days 00:00:42.502000,0 days 00:00:46.542000,0 days 00:00:23.255000,0 days 00:34:14.396000,0 days 00:35:00.938000,0 days 00:35:24.193000,239.0,258.0,,253.0,False,MEDIUM,10.0,True,Williams,0 days 00:33:31.894000,,1,,False,,False,False
0 days 00:42:12.209000,ALB,23,,11.0,2.0,0 days 00:40:21.777000,,,0 days 00:00:49.116000,0 days 00:00:19.972000,,0 days 00:41:52.499000,0 days 00:42:12.332000,257.0,283.0,268.0,268.0,False,SOFT,1.0,True,Williams,0 days 00:35:24.193000,,1,,False,,False,False
0 days 00:43:43.705000,ALB,23,0 days 00:01:31.496000,12.0,2.0,,,0 days 00:00:33.146000,0 days 00:00:40.589000,0 days 00:00:17.761000,0 days 00:42:45.355000,0 days 00:43:25.944000,0 days 00:43:43.705000,275.0,331.0,261.0,285.0,True,SOFT,2.0,True,Williams,0 days 00:42:12.209000,,1,,False,,False,True
0 days 00:45:54.392000,ALB,23,0 days 00:02:10.687000,13.0,2.0,,,0 days 00:00:50.449000,0 days 00:00:58.323000,0 days 00:00:21.915000,0 days 00:44:34.154000,0 days 00:45:32.477000,0 days 00:45:54.392000,173.0,269.0,261.0,213.0,False,SOFT,3.0,True,Williams,0 days 00:43:43.705000,,1,,False,,False,True
0 days 00:47:58.903000,ALB,23,0 days 00:02:04.511000,14.0,2.0,,,0 days 00:00:43.254000,0 days 00:00:58.210000,0 days 00:00:23.047000,0 days 00:46:37.646000,0 days 00:47:35.856000,0 days 00:47:58.903000,162.0,279.0,263.0,266.0,False,SOFT,4.0,True,Williams,0 days 00:45:54.392000,,1,,False,,False,True
0 days 00:49:53.964000,ALB,23,0 days 00:01:55.061000,15.0,2.0,,0 days 00:49:52.693000,0 days 00:00:43.192000,0 days 00:00:50.258000,0 days 00:00:21.611000,0 days 00:48:42.095000,0 days 00:49:32.353000,0 days 00:49:53.964000,192.0,284.0,,276.0,False,SOFT,5.0,True,Williams,0 days 00:47:58.903000,,1,,False,,False,False
0 days 00:57:11.578000,ALB,23,,16.0,3.0,0 days 00:55:33.166000,,,0 days 00:00:43.180000,0 days 00:00:18.559000,,0 days 00:56:53.138000,0 days 00:57:11.581000,268.0,310.0,274.0,274.0,False,MEDIUM,11.0,False,Williams,0 days 00:49:53.964000,,1,,False,,False,False
0 days 00:58:48.471000,ALB,23,0 days 00:01:36.893000,17.0,3.0,,,0 days 00:00:35.748000,0 days 00:00:42.773000,0 days 00:00:18.372000,0 days 00:57:47.326000,0 days 00:58:30.099000,0 days 00:58:48.471000,255.0,311.0,273.0,277.0,False,MEDIUM,12.0,False,Williams,0 days 00:57:11.578000,,1,,False,,False,True
0 days 01:00:25.512000,ALB,23,0 days 00:01:37.041000,18.0,3.0,,,0 days 00:00:35.896000,0 days 00:00:42.812000,0 days 00:00:18.333000,0 days 00:59:24.367000,0 days 01:00:07.179000,0 days 01:00:25.512000,256.0,311.0,271.0,277.0,False,MEDIUM,13.0,False,Williams,0 days 00:58:48.471000,,1,,False,,False,True
0 days 01:02:03.302000,ALB,23,0 days 00:01:37.790000,19.0,3.0,,,0 days 00:00:36.119000,0 days 00:00:43.227000,0 days 00:00:18.444000,0 days 01:01:01.631000,0 days 01:01:44.858000,0 days 01:02:03.302000,256.0,307.0,276.0,275.0,False,MEDIUM,14.0,False,Williams,0 days 01:00:25.512000,,1,,False,,False,True
0 days 01:03:40.520000,ALB,23,0 days 00:01:37.218000,20.0,3.0,,,0 days 00:00:35.814000,0 days 00:00:43.045000,0 days 00:00:18.359000,0 days 01:02:39.116000,0 days 01:03:22.161000,0 days 01:03:40.520000,255.0,307.0,275.0,275.0,False,MEDIUM,15.0,False,Williams,0 days 01:02:03.302000,,1,,False,,False,True
0 days 01:05:17.889000,ALB,23,0 days 00:01:37.369000,21.0,3.0,,,0 days 00:00:35.744000,0 days 00:00:43.193000,0 days 00:00:18.432000,0 days 01:04:16.264000,0 days 01:04:59.457000,0 days 01:05:17.889000,260.0,305.0,277.0,275.0,False,MEDIUM,16.0,False,Williams,0 days 01:03:40.520000,,1,,False,,False,True
0 days 01:06:55.266000,ALB,23,0 days 00:01:37.377000,22.0,3.0,,,0 days 00:00:35.848000,0 days 00:00:43.136000,0 days 00:00:18.393000,0 days 01:05:53.737000,0 days 01:06:36.873000,0 days 01:06:55.266000,262.0,307.0,275.0,276.0,False,MEDIUM,17.0,False,Williams,0 days 01:05:17.889000,,1,,False,,False,True
0 days 01:08:32.514000,ALB,23,0 days 00:01:37.248000,23.0,3.0,,,0 days 00:00:35.886000,0 days 00:00:42.974000,0 days 00:00:18.388000,0 days 01:07:31.152000,0 days 01:08:14.126000,0 days 01:08:32.514000,259.0,308.0,276.0,277.0,False,MEDIUM,18.0,False,Williams,0 days 01:06:55.266000,,1,,False,,False,True
0 days 01:10:09.588000,ALB,23,0 days 00:01:37.074000,24.0,3.0,,,0 days 00:00:35.826000,0 days 00:00:43.025000,0 days 00:00:18.223000,0 days 01:09:08.340000,0 days 01:09:51.365000,0 days 01:10:09.588000,260.0,315.0,268.0,284.0,False,MEDIUM,19.0,False,Williams,0 days 01:08:32.514000,,1,,False,,False,True
0 days 01:11:46.808000,ALB,23,0 days 00:01:37.220000,25.0,3.0,,,0 days 00:00:36.157000,0 days 00:00:42.823000,0 days 00:00:18.240000,0 days 01:10:45.745000,0 days 01:11:28.568000,0 days 01:11:46.808000,261.0,320.0,271.0,284.0,False,MEDIUM,20.0,False,Williams,0 days 01:10:09.588000,,1,,False,,False,True
0 days 01:13:35.403000,ALB,23,0 days 00:01:48.595000,26.0,3.0,,0 days 01:13:34.087000,0 days 00:00:36.863000,0 days 00:00:44.243000,0 days 00:00:27.489000,0 days 01:12:23.671000,0 days 01:13:07.914000,0 days 01:13:35.403000,258.0,181.0,,198.0,False,MEDIUM,21.0,False,Williams,0 days 01:11:46.808000,,1,,False,,False,False
0 days 01:15:34.542000,ALB,23,0 days 00:01:59.139000,27.0,4.0,0 days 01:13:59.996000,,0 days 00:00:58.034000,0 days 00:00:42.834000,0 days 00:00:18.271000,0 days 01:14:33.437000,0 days 01:15:16.271000,0 days 01:15:34.542000,254.0,309.0,275.0,278.0,False,SOFT,6.0,False,Williams,0 days 01:13:35.403000,,1,,False,,False,False
0 days 01:17:40.065000,ALB,23,0 days 00:02:05.523000,28.0,4.0,,,0 days 00:00:38.193000,0 days 00:00:53.059000,0 days 00:00:34.271000,0 days 01:16:12.735000,0 days 01:17:05.794000,0 days 01:17:40.065000,203.0,219.0,56.0,274.0,False,SOFT,7.0,False,Williams,0 days 01:15:34.542000,,1,,False,,False,True
0 days 01:20:26.260000,ALB,23,,29.0,4.0,,,0 days 00:01:21.937000,0 days 00:00:49.021000,0 days 00:00:35.164000,0 days 01:19:02.127000,0 days 01:19:51.148000,0 days 01:20:26.260000,268.0,208.0,66.0,188.0,False,SOFT,8.0,False,Williams,0 days 01:17:40.065000,,1,,False,,False,False
0 days 01:23:30.906000,ALB,23,,30.0,4.0,,0 days 01:23:29.555000,0 days 00:01:14.346000,0 days 00:01:26.500000,0 days 00:00:23.914000,0 days 01:21:40.743000,0 days 01:23:06.992000,0 days 01:23:30.945000,274.0,287.0,,273.0,False,SOFT,9.0,False,Williams,0 days 01:20:26.260000,,12,,False,,False,False
0 days 00:17:19.595000,HUL,27,,1.0,1.0,0 days 00:15:03.687000,,,0 days 00:00:46.128000,0 days 00:00:25.279000,,0 days 00:16:54.546000,0 days 00:17:19.808000,253.0,266.0,256.0,217.0,False,HARD,1.0,True,Audi,0 days 00:15:03.687000,,671,,False,,False,False
0 days 00:18:52.528000,HUL,27,0 days 00:01:32.933000,2.0,1.0,,,0 days 00:00:33.911000,0 days 00:00:41.060000,0 days 00:00:17.962000,0 days 00:17:53.506000,0 days 00:18:34.566000,0 days 00:18:52.528000,279.0,326.0,269.0,284.0,True,HARD,2.0,True,Audi,0 days 00:17:19.595000,,1,,False,,False,True
0 days 00:21:15.595000,HUL,27,0 days 00:02:23.067000,3.0,1.0,,,0 days 00:00:48.829000,0 days 00:00:52.183000,0 days 00:00:42.055000,0 days 00:19:41.357000,0 days 00:20:33.540000,0 days 00:21:15.595000,195.0,236.0,260.0,161.0,False,HARD,3.0,True,Audi,0 days 00:18:52.528000,,1,,False,,False,True
0 days 00:22:48.199000,HUL,27,0 days 00:01:32.604000,4.0,1.0,,,0 days 00:00:33.765000,0 days 00:00:40.765000,0 days 00:00:18.074000,0 days 00:21:49.360000,0 days 00:22:30.125000,0 days 00:22:48.199000,276.0,315.0,264.0,276.0,True,HARD,4.0,True,Audi,0 days 00:21:15.595000,,1,,False,,False,True
0 days 00:24:59.724000,HUL,27,0 days 00:02:11.525000,5.0,1.0,,,0 days 00:00:51.236000,0 days 00:00:55.696000,0 days 00:00:24.593000,0 days 00:23:39.435000,0 days 00:24:35.131000,0 days 00:24:59.724000,168.0,272.0,256.0,210.0,False,HARD,5.0,True,Audi,0 days 00:22:48.199000,,1,,False,,False,True
0 days 00:26:31.853000,HUL,27,0 days 00:01:32.129000,6.0,1.0,,,0 days 00:00:33.480000,0 days 00:00:40.657000,0 days 00:00:17.992000,0 days 00:25:33.204000,0 days 00:26:13.861000,0 days 00:26:31.853000,273.0,315.0,266.0,276.0,True,HARD,6.0,True,Audi,0 days 00:24:59.724000,,12,,False,,False,True
0 days 00:28:29.045000,HUL,27,0 days 00:01:57.192000,7.0,1.0,,0 days 00:28:27.551000,0 days 00:00:43.817000,0 days 00:00:46.279000,0 days 00:00:27.096000,0 days 00:27:15.670000,0 days 00:28:01.949000,0 days 00:28:29.045000,267.0,272.0,,247.0,False,HARD,7.0,True,Audi,0 days 00:26:31.853000,,1,,False,,False,False
0 days 00:43:18.728000,HUL,27,,8.0,2.0,0 days 00:41:29.804000,,,0 days 00:00:46.982000,0 days 00:00:23.850000,,0 days 00:42:55.099000,0 days 00:43:18.859000,256.0,276.0,262.0,220.0,False,SOFT,1.0,True,Audi,0 days 00:28:29.045000,,1,,False,,False,False
0 days 00:44:50.236000,HUL,27,0 days 00:01:31.508000,9.0,2.0,,,0 days 00:00:32.946000,0 days 00:00:40.668000,0 days 00:00:17.894000,0 days 00:43:51.674000,0 days 00:44:32.342000,0 days 00:44:50.236000,268.0,321.0,270.0,283.0,True,SOFT,2.0,True,Audi,0 days 00:43:18.728000,,1,,False,,False,True
0 days 00:47:13.487000,HUL,27,0 days 00:02:23.251000,10.0,2.0,,,0 days 00:00:52.240000,0 days 00:01:05.474000,0 days 00:00:25.537000,0 days 00:45:42.476000,0 days 00:46:47.950000,0 days 00:47:13.487000,158.0,244.0,258.0,198.0,False,SOFT,3.0,True,Audi,0 days 00:44:50.236000,,1,,False,,False,True
0 days 00:48:44.928000,HUL,27,0 days 00:01:31.441000,11.0,2.0,,,0 days 00:00:33.203000,0 days 00:00:40.513000,0 days 00:00:17.725000,0 days 00:47:46.690000,0 days 00:48:27.203000,0 days 00:48:44.928000,265.0,318.0,268.0,279.0,True,SOFT,4.0,True,Audi,0 days 00:47:13.487000,,1,,False,,False,True
0 days 00:50:37.697000,HUL,27,0 days 00:01:52.769000,12.0,2.0,,0 days 00:50:36.179000,0 days 00:00:43.133000,0 days 00:00:46.487000,0 days 00:00:23.149000,0 days 00:49:28.061000,0 days 00:50:14.548000,0 days 00:50:37.697000,234.0,276.0,,224.0,False,SOFT,5.0,True,Audi,0 days 00:48:44.928000,,1,,False,,False,False
0 days 00:57:18.165000,HUL,27,,13.0,3.0,0 days 00:55:38.098000,,,0 days 00:00:42.882000,0 days 00:00:18.270000,,0 days 00:57:00.099000,0 days 00:57:18.247000,267.0,321.0,277.0,284.0,False,HARD,8.0,False,Audi,0 days 00:50:37.697000,,1,,False,,False,False
0 days 00:58:54.606000,HUL,27,0 days 00:01:36.441000,14.0,3.0,,,0 days 00:00:35.150000,0 days 00:00:42.724000,0 days 00:00:18.567000,0 days 00:57:53.315000,0 days 00:58:36.039000,0 days 00:58:54.606000,267.0,329.0,276.0,295.0,False,HARD,9.0,False,Audi,0 days 00:57:18.165000,,1,,False,,False,True
0 days 01:00:30.807000,HUL,27,0 days 00:01:36.201000,15.0,3.0,,,0 days 00:00:35.499000,0 days 00:00:42.545000,0 days 00:00:18.157000,0 days 00:59:30.105000,0 days 01:00:12.650000,0 days 01:00:30.807000,259.0,314.0,276.0,285.0,False,HARD,10.0,False,Audi,0 days 00:58:54.606000,,1,,False,,False,True
0 days 01:02:06.654000,HUL,27,0 days 00:01:35.847000,16.0,3.0,,,0 days 00:00:35.218000,0 days 00:00:42.449000,0 days 00:00:18.180000,0 days 01:01:06.025000,0 days 01:01:48.474000,0 days 01:02:06.654000,258.0,318.0,279.0,285.0,False,HARD,11.0,False,Audi,0 days 01:00:30.807000,,1,,False,,False,True
0 days 01:03:43.099000,HUL,27,0 days 00:01:36.445000,17.0,3.0,,,0 days 00:00:35.176000,0 days 00:00:42.858000,0 days 00:00:18.411000,0 days 01:02:41.830000,0 days 01:03:24.688000,0 days 01:03:43.099000,265.0,340.0,267.0,290.0,False,HARD,12.0,False,Audi,0 days 01:02:06.654000,,1,,False,,False,True
0 days 01:05:19.815000,HUL,27,0 days 00:01:36.716000,18.0,3.0,,,0 days 00:00:35.391000,0 days 00:00:42.691000,0 days 00:00:18.634000,0 days 01:04:18.490000,0 days 01:05:01.181000,0 days 01:05:19.815000,261.0,338.0,266.0,267.0,False,HARD,13.0,False,Audi,0 days 01:03:43.099000,,1,,False,,False,True
0 days 01:06:57.072000,HUL,27,0 days 00:01:37.257000,19.0,3.0,,,0 days 00:00:35.803000,0 days 00:00:43.136000,0 days 00:00:18.318000,0 days 01:05:55.618000,0 days 01:06:38.754000,0 days 01:06:57.072000,262.0,305.0,280.0,284.0,False,HARD,14.0,False,Audi,0 days 01:05:19.815000,,1,,False,,False,True
0 days 01:08:36.623000,HUL,27,0 days 00:01:39.551000,20.0,3.0,,0 days 01:08:34.979000,0 days 00:00:35.329000,0 days 00:00:43.151000,0 days 00:00:21.071000,0 days 01:07:32.401000,0 days 01:08:15.552000,0 days 01:08:36.623000,269.0,318.0,,293.0,False,HARD,15.0,False,Audi,0 days 01:06:57.072000,,1,,False,,False,False
0 days 01:10:34.020000,HUL,27,0 days 00:01:57.397000,21.0,4.0,0 days 01:08:59.750000,,0 days 00:00:56.930000,0 days 00:00:42.388000,0 days 00:00:18.079000,0 days 01:09:33.553000,0 days 01:10:15.941000,0 days 01:10:34.020000,260.0,311.0,281.0,285.0,False,SOFT,6.0,False,Audi,0 days 01:08:36.623000,,1,,False,,False,False
0 days 01:12:08.721000,HUL,27,0 days 00:01:34.701000,22.0,4.0,,,0 days 00:00:34.431000,0 days 00:00:42.193000,0 days 00:00:18.077000,0 days 01:11:08.451000,0 days 01:11:50.644000,0 days 01:12:08.721000,264.0,307.0,280.0,284.0,False,SOFT,7.0,False,Audi,0 days 01:10:34.020000,,1,,False,,False,True
0 days 01:13:43.645000,HUL,27,0 days 00:01:34.924000,23.0,4.0,,,0 days 00:00:34.370000,0 days 00:00:42.382000,0 days 00:00:18.172000,0 days 01:12:43.091000,0 days 01:13:25.473000,0 days 01:13:43.645000,265.0,306.0,276.0,280.0,False,SOFT,8.0,False,Audi,0 days 01:12:08.721000,,1,,False,,False,True
0 days 01:15:19.263000,HUL,27,0 days 00:01:35.618000,24.0,4.0,,,0 days 00:00:35.163000,0 days 00:00:42.396000,0 days 00:00:18.059000,0 days 01:14:18.808000,0 days 01:15:01.204000,0 days 01:15:19.263000,255.0,308.0,277.0,280.0,False,SOFT,9.0,False,Audi,0 days 01:13:43.645000,,1,,False,,False,True
0 days 01:17:17.657000,HUL,27,0 days 00:01:58.394000,25.0,4.0,,,0 days 00:00:39.340000,0 days 00:00:49.951000,0 days 00:00:29.103000,0 days 01:15:58.603000,0 days 01:16:48.554000,0 days 01:17:17.657000,246.0,272.0,48.0,211.0,False,SOFT,10.0,False,Audi,0 days 01:15:19.263000,,1,,False,,False,True
0 days 01:20:09.093000,HUL,27,,26.0,4.0,,,0 days 00:01:28.916000,0 days 00:00:52.002000,0 days 00:00:30.431000,0 days 01:18:46.758000,0 days 01:19:38.772000,0 days 01:20:09.093000,276.0,183.0,48.0,254.0,False,SOFT,11.0,False,Audi,0 days 01:17:17.657000,,1,,False,,False,False
0 days 01:22:54.454000,HUL,27,,27.0,4.0,,0 days 01:22:52.799000,0 days 00:01:20.621000,0 days 00:00:53.320000,0 days 00:00:31.402000,0 days 01:21:29.773000,0 days 01:22:23.103000,0 days 01:22:54.454000,252.0,268.0,,215.0,False,SOFT,12.0,False,Audi,0 days 01:20:09.093000,,12,,False,,False,False
0 days 00:16:55.782000,LAW,30,,1.0,1.0,0 days 00:14:48.087000,,,0 days 00:00:48.436000,0 days 00:00:28.046000,,0 days 00:16:27.961000,0 days 00:16:55.863000,249.0,255.0,260.0,183.0,False,MEDIUM,1.0,True,Racing Bulls,0 days 00:14:48.087000,,671,,False,,False,False
0 days 00:18:28.988000,LAW,30,0 days 00:01:33.206000,2.0,1.0,,,0 days 00:00:33.765000,0 days 00:00:41.275000,0 days 00:00:18.166000,0 days 00:17:29.547000,0 days 00:18:10.822000,0 days 00:18:28.988000,273.0,324.0,263.0,280.0,True,MEDIUM,2.0,True,Racing Bulls,0 days 00:16:55.782000,,1,,False,,False,True
0 days 00:20:51.074000,LAW,30,0 days 00:02:22.086000,3.0,1.0,,,0 days 00:00:50.604000,0 days 00:01:04.842000,0 days 00:00:26.640000,0 days 00:19:19.592000,0 days 00:20:24.434000,0 days 00:20:51.074000,103.0,224.0,259.0,171.0,False,MEDIUM,3.0,True,Racing Bulls,0 days 00:18:28.988000,,1,,False,,False,True
0 days 00:22:23.645000,LAW,30,0 days 00:01:32.571000,4.0,1.0,,,0 days 00:00:33.713000,0 days 00:00:40.768000,0 days 00:00:18.090000,0 days 00:21:24.787000,0 days 00:22:05.555000,0 days 00:22:23.645000,274.0,325.0,267.0,280.0,True,MEDIUM,4.0,True,Racing Bulls,0 days 00:20:51.074000,,1,,False,,False,True
0 days 00:24:22.818000,LAW,30,0 days 00:01:59.173000,5.0,1.0,,,0 days 00:00:46.272000,0 days 00:00:50.673000,0 days 00:00:22.228000,0 days 00:23:09.917000,0 days 00:24:00.590000,0 days 00:24:22.818000,235.0,263.0,229.0,228.0,False,MEDIUM,5.0,True,Racing Bulls,0 days 00:22:23.645000,,1,,False,,False,True
0 days 00:26:22.664000,LAW,30,0 days 00:01:59.846000,6.0,1.0,,,0 days 00:00:45.189000,0 days 00:00:52.722000,0 days 00:00:21.935000,0 days 00:25:08.007000,0 days 00:26:00.729000,0 days 00:26:22.664000,240.0,260.0,261.0,257.0,False,MEDIUM,6.0,True,Racing Bulls,0 days 00:24:22.818000,,12,,False,,False,True
0 days 00:28:25.842000,LAW,30,0 days 00:02:03.178000,7.0,1.0,,,0 days 00:00:43.173000,0 days 00:00:55.217000,0 days 00:00:24.788000,0 days 00:27:05.837000,0 days 00:28:01.054000,0 days 00:28:25.842000,239.0,233.0,257.0,240.0,False,MEDIUM,7.0,True,Racing Bulls,0 days 00:26:22.664000,,21,,False,,False,True
0 days 00:29:57.944000,LAW,30,0 days 00:01:32.102000,8.0,1.0,,,0 days 00:00:33.574000,0 days 00:00:40.620000,0 days 00:00:17.908000,0 days 00:28:59.416000,0 days 00:29:40.036000,0 days 00:29:57.944000,274.0,326.0,261.0,283.0,True,MEDIUM,8.0,True,Racing Bulls,0 days 00:28:25.842000,,1,,False,,False,True
0 days 00:31:55.368000,LAW,30,0 days 00:01:57.424000,9.0,1.0,,0 days 00:31:53.922000,0 days 00:00:39.385000,0 days 00:00:53.697000,0 days 00:00:24.342000,0 days 00:30:37.329000,0 days 00:31:31.026000,0 days 00:31:55.368000,242.0,199.0,,252.0,False,MEDIUM,9.0,True,Racing Bulls,0 days 00:29:57.944000,,1,,False,,False,False
0 days 00:39:04.912000,LAW,30,,10.0,2.0,0 days 00:37:12.093000,,,0 days 00:00:49.245000,0 days 00:00:21.107000,,0 days 00:38:44.088000,0 days 00:39:05.010000,238.0,257.0,260.0,256.0,False,SOFT,1.0,True,Racing Bulls,0 days 00:31:55.368000,,1,,False,,False,False
0 days 00:40:36.606000,LAW,30,0 days 00:01:31.694000,11.0,2.0,,,0 days 00:00:33.131000,0 days 00:00:40.579000,0 days 00:00:17.984000,0 days 00:39:38.043000,0 days 00:40:18.622000,0 days 00:40:36.606000,279.0,322.0,260.0,280.0,True,SOFT,2.0,True,Racing Bulls,0 days 00:39:04.912000,,1,,False,,False,True
0 days 00:42:39.124000,LAW,30,0 days 00:02:02.518000,12.0,2.0,,,0 days 00:00:42.936000,0 days 00:00:57.109000,0 days 00:00:22.473000,0 days 00:41:19.542000,0 days 00:42:16.651000,0 days 00:42:39.124000,205.0,261.0,227.0,272.0,False,SOFT,3.0,True,Racing Bulls,0 days 00:40:36.606000,,1,,False,,False,True
0 days 00:44:34.040000,LAW,30,0 days 00:01:54.916000,13.0,2.0,,,0 days 00:00:43.253000,0 days 00:00:50.302000,0 days 00:00:21.361000,0 days 00:43:22.377000,0 days 00:44:12.679000,0 days 00:44:34.040000,199.0,259.0,262.0,256.0,False,SOFT,4.0,True,Racing Bulls,0 days 00:42:39.124000,,1,,False,,False,True
0 days 00:46:05.630000,LAW,30,0 days 00:01:31.590000,14.0,2.0,,,0 days 00:00:33.181000,0 days 00:00:40.425000,0 days 00:00:17.984000,0 days 00:45:07.221000,0 days 00:45:47.646000,0 days 00:46:05.630000,276.0,322.0,262.0,280.0,True,SOFT,5.0,True,Racing Bulls,0 days 00:44:34.040000,,1,,False,,False,True
0 days 00:48:04.304000,LAW,30,0 days 00:01:58.674000,15.0,2.0,,0 days 00:48:02.897000,0 days 00:00:40.042000,0 days 00:00:52.014000,0 days 00:00:26.618000,0 days 00:46:45.672000,0 days 00:47:37.686000,0 days 00:48:04.304000,240.0,270.0,,265.0,False,SOFT,6.0,True,Racing Bulls,0 days 00:46:05.630000,,1,,False,,False,False
0 days 00:55:29.462000,LAW,30,,16.0,3.0,0 days 00:53:27.011000,0 days 00:55:27.938000,,0 days 00:00:42.822000,0 days 00:00:21.006000,,0 days 00:55:08.567000,0 days 00:55:29.474000,268.0,318.0,,277.0,False,SOFT,7.0,False,Racing Bulls,0 days 00:48:04.304000,,1,,False,,False,False
0 days 00:57:26.867000,LAW,30,0 days 00:01:57.405000,17.0,4.0,0 days 00:55:52.188000,,0 days 00:00:56.672000,0 days 00:00:42.536000,0 days 00:00:18.197000,0 days 00:56:26.134000,0 days 00:57:08.670000,0 days 00:57:26.867000,262.0,316.0,274.0,279.0,False,MEDIUM,10.0,False,Racing Bulls,0 days 00:55:29.462000,,1,,False,,False,False
0 days 00:59:03.456000,LAW,30,0 days 00:01:36.589000,18.0,4.0,,,0 days 00:00:35.637000,0 days 00:00:42.724000,0 days 00:00:18.228000,0 days 00:58:02.504000,0 days 00:58:45.228000,0 days 00:59:03.456000,264.0,314.0,276.0,278.0,False,MEDIUM,11.0,False,Racing Bulls,0 days 00:57:26.867000,,1,,False,,False,True
0 days 01:00:40.366000,LAW,30,0 days 00:01:36.910000,19.0,4.0,,,0 days 00:00:35.737000,0 days 00:00:42.919000,0 days 00:00:18.254000,0 days 00:59:39.193000,0 days 01:00:22.112000,0 days 01:00:40.366000,263.0,318.0,274.0,285.0,False,MEDIUM,12.0,False,Racing Bulls,0 days 00:59:03.456000,,1,,False,,False,True
0 days 01:02:17.528000,LAW,30,0 days 00:01:37.162000,20.0,4.0,,,0 days 00:00:35.767000,0 days 00:00:43.127000,0 days 00:00:18.268000,0 days 01:01:16.133000,0 days 01:01:59.260000,0 days 01:02:17.528000,263.0,306.0,277.0,280.0,False,MEDIUM,13.0,False,Racing Bulls,0 days 01:00:40.366000,,1,,False,,False,True
0 days 01:03:54.492000,LAW,30,0 days 00:01:36.964000,21.0,4.0,,,0 days 00:00:35.619000,0 days 00:00:43.272000,0 days 00:00:18.073000,0 days 01:02:53.147000,0 days 01:03:36.419000,0 days 01:03:54.492000,248.0,327.0,278.0,289.0,False,MEDIUM,14.0,False,Racing Bulls,0 days 01:02:17.528000,,1,,False,,False,True
0 days 01:05:35.305000,LAW,30,,22.0,4.0,,,0 days 00:00:35.588000,0 days 00:00:44.747000,0 days 00:00:20.248000,0 days 01:04:30.310000,0 days 01:06:52.307000,0 days 01:07:12.463000,247.0,329.0,235.0,289.0,False,MEDIUM,15.0,False,Racing Bulls,0 days 01:03:54.492000,,1,,False,,False,False
0 days 01:07:19.753000,LAW,30,0 days 00:01:44.448000,23.0,4.0,,,0 days 00:00:37.782000,0 days 00:00:42.816000,0 days 00:00:23.850000,0 days 01:06:13.087000,0 days 01:06:55.903000,0 days 01:07:19.753000,262.0,320.0,274.0,252.0,False,MEDIUM,16.0,False,Racing Bulls,0 days 01:05:35.305000,,1,,False,,False,True
0 days 01:08:56.303000,LAW,30,0 days 00:01:36.550000,24.0,4.0,,,0 days 00:00:35.533000,0 days 00:00:42.706000,0 days 00:00:18.311000,0 days 01:07:55.286000,0 days 01:08:37.992000,0 days 01:08:56.303000,264.0,316.0,275.0,282.0,False,MEDIUM,17.0,False,Racing Bulls,0 days 01:07:19.753000,,1,,False,,False,True
0 days 01:10:34.336000,LAW,30,0 days 00:01:38.033000,25.0,4.0,,,0 days 00:00:36.302000,0 days 00:00:42.959000,0 days 00:00:18.772000,0 days 01:09:32.605000,0 days 01:10:15.564000,0 days 01:10:34.336000,265.0,322.0,278.0,286.0,False,MEDIUM,18.0,False,Racing Bulls,0 days 01:08:56.303000,,1,,False,,False,True
0 days 01:12:10.921000,LAW,30,0 days 00:01:36.585000,26.0,4.0,,,0 days 00:00:35.661000,0 days 00:00:42.644000,0 days 00:00:18.280000,0 days 01:11:09.997000,0 days 01:11:52.641000,0 days 01:12:10.921000,267.0,325.0,279.0,289.0,False,MEDIUM,19.0,False,Racing Bulls,0 days 01:10:34.336000,,1,,False,,False,True
0 days 01:13:47.968000,LAW,30,0 days 00:01:37.047000,27.0,4.0,,,0 days 00:00:36.259000,0 days 00:00:42.643000,0 days 00:00:18.145000,0 days 01:12:47.180000,0 days 01:13:29.823000,0 days 01:13:47.968000,263.0,319.0,279.0,283.0,False,MEDIUM,20.0,False,Racing Bulls,0 days 01:12:10.921000,,1,,False,,False,True
0 days 01:16:06.942000,LAW,30,0 days 00:02:18.974000,28.0,4.0,,,0 days 00:00:48.738000,0 days 00:00:58.302000,0 days 00:00:31.934000,0 days 01:14:36.706000,0 days 01:15:35.008000,0 days 01:16:06.942000,164.0,253.0,47.0,215.0,False,MEDIUM,21.0,False,Racing Bulls,0 days 01:13:47.968000,,1,,False,,False,True
0 days 01:20:38.077000,LAW,30,,29.0,4.0,,,0 days 00:01:29.527000,0 days 00:00:50.911000,0 days 00:00:33.466000,0 days 01:19:13.745000,0 days 01:20:04.740000,0 days 01:20:38.077000,245.0,256.0,66.0,189.0,False,MEDIUM,22.0,False,Racing Bulls,0 days 01:16:06.942000,,1,,False,,False,False
0 days 01:23:11.575000,LAW,30,,30.0,4.0,,0 days 01:23:10.409000,0 days 00:01:12.300000,0 days 00:00:56.564000,0 days 00:00:24.673000,0 days 01:21:50.541000,0 days 01:22:47.020000,0 days 01:23:11.575000,266.0,199.0,,234.0,False,MEDIUM,23.0,False,Racing Bulls,0 days 01:20:38.077000,,12,,False,,False,False
0 days 00:17:03.140000,OCO,31,,1.0,1.0,0 days 00:14:50.550000,,,0 days 00:00:49.438000,0 days 00:00:31.830000,,0 days 00:16:31.438000,0 days 00:17:03.256000,264.0,247.0,240.0,155.0,False,MEDIUM,1.0,True,Haas F1 Team,0 days 00:14:50.550000,,671,,False,,False,False
0 days 00:18:37.508000,OCO,31,0 days 00:01:34.368000,2.0,1.0,,,0 days 00:00:34.454000,0 days 00:00:41.486000,0 days 00:00:18.428000,0 days 00:17:37.594000,0 days 00:18:19.080000,0 days 00:18:37.508000,274.0,321.0,240.0,275.0,True,MEDIUM,2.0,True,Haas F1 Team,0 days 00:17:03.140000,,1,,False,,False,True
0 days 00:20:58.623000,OCO,31,0 days 00:02:21.115000,3.0,1.0,,,0 days 00:00:47.104000,0 days 00:01:03.939000,0 days 00:00:30.072000,0 days 00:19:24.612000,0 days 00:20:28.551000,0 days 00:20:58.623000,157.0,195.0,243.0,179.0,False,MEDIUM,3.0,True,Haas F1 Team,0 days 00:18:37.508000,,1,,False,,False,True
0 days 00:22:32.266000,OCO,31,0 days 00:01:33.643000,4.0,1.0,,,0 days 00:00:34.150000,0 days 00:00:41.209000,0 days 00:00:18.284000,0 days 00:21:32.773000,0 days 00:22:13.982000,0 days 00:22:32.266000,273.0,313.0,260.0,271.0,True,MEDIUM,4.0,True,Haas F1 Team,0 days 00:20:58.623000,,1,,False,,False,True
0 days 00:24:40.043000,OCO,31,0 days 00:02:07.777000,5.0,1.0,,,0 days 00:00:48.424000,0 days 00:00:57.697000,0 days 00:00:21.656000,0 days 00:23:20.690000,0 days 00:24:18.387000,0 days 00:24:40.043000,173.0,263.0,249.0,249.0,False,MEDIUM,5.0,True,Haas F1 Team,0 days 00:22:32.266000,,1,,False,,False,True
0 days 00:26:13.140000,OCO,31,0 days 00:01:33.097000,6.0,1.0,,,0 days 00:00:33.979000,0 days 00:00:41.083000,0 days 00:00:18.035000,0 days 00:25:14.022000,0 days 00:25:55.105000,0 days 00:26:13.140000,275.0,318.0,255.0,274.0,True,MEDIUM,6.0,True,Haas F1 Team,0 days 00:24:40.043000,,12,,False,,False,True
0 days 00:28:19.950000,OCO,31,0 days 00:02:06.810000,7.0,1.0,,,0 days 00:00:50.993000,0 days 00:00:54.857000,0 days 00:00:20.960000,0 days 00:27:04.133000,0 days 00:27:58.990000,0 days 00:28:19.950000,200.0,269.0,255.0,259.0,False,MEDIUM,7.0,True,Haas F1 Team,0 days 00:26:13.140000,,21,,True,DOUBLE YELLOW AT TURN 1,False,True
0 days 00:29:52.941000,OCO,31,0 days 00:01:32.991000,8.0,1.0,,,0 days 00:00:33.854000,0 days 00:00:40.978000,0 days 00:00:18.159000,0 days 00:28:53.804000,0 days 00:29:34.782000,0 days 00:29:52.941000,274.0,321.0,246.0,276.0,True,MEDIUM,8.0,True,Haas F1 Team,0 days 00:28:19.950000,,1,,False,,False,True
0 days 00:31:45.312000,OCO,31,0 days 00:01:52.371000,9.0,1.0,,0 days 00:31:43.893000,0 days 00:00:42.057000,0 days 00:00:48.169000,0 days 00:00:22.145000,0 days 00:30:34.998000,0 days 00:31:23.167000,0 days 00:31:45.312000,232.0,271.0,,260.0,False,MEDIUM,9.0,True,Haas F1 Team,0 days 00:29:52.941000,,1,,False,,False,False
0 days 00:41:24.189000,OCO,31,,10.0,2.0,0 days 00:39:34.310000,,,0 days 00:00:47.623000,0 days 00:00:21.395000,,0 days 00:41:03.103000,0 days 00:41:24.454000,264.0,271.0,261.0,260.0,False,SOFT,1.0,True,Haas F1 Team,0 days 00:31:45.312000,,1,,False,,False,False
0 days 00:42:56.097000,OCO,31,0 days 00:01:31.908000,11.0,2.0,,,0 days 00:00:33.062000,0 days 00:00:40.841000,0 days 00:00:18.005000,0 days 00:41:57.251000,0 days 00:42:38.092000,0 days 00:42:56.097000,278.0,329.0,244.0,283.0,True,SOFT,2.0,True,Haas F1 Team,0 days 00:41:24.189000,,1,,False,,False,True
0 days 00:45:09.792000,OCO,31,0 days 00:02:13.695000,12.0,2.0,,0 days 00:45:08.437000,0 days 00:00:47.319000,0 days 00:00:58.875000,0 days 00:00:27.501000,0 days 00:43:43.416000,0 days 00:44:42.291000,0 days 00:45:09.792000,192.0,227.0,,207.0,False,SOFT,3.0,True,Haas F1 Team,0 days 00:42:56.097000,,1,,False,,False,False
0 days 00:47:46.402000,OCO,31,,13.0,3.0,0 days 00:45:28.706000,,0 days 00:01:22.424000,0 days 00:00:52.035000,0 days 00:00:22.171000,0 days 00:46:32.534000,0 days 00:47:24.447000,0 days 00:47:46.571000,234.0,271.0,260.0,260.0,False,SOFT,4.0,False,Haas F1 Team,0 days 00:45:09.792000,,1,,False,,False,False
0 days 00:49:17.934000,OCO,31,0 days 00:01:31.532000,14.0,3.0,,,0 days 00:00:33.058000,0 days 00:00:40.601000,0 days 00:00:17.873000,0 days 00:48:19.460000,0 days 00:49:00.061000,0 days 00:49:17.934000,278.0,324.0,263.0,279.0,True,SOFT,5.0,False,Haas F1 Team,0 days 00:47:46.402000,,1,,False,,False,True
0 days 00:51:16.136000,OCO,31,0 days 00:01:58.202000,15.0,3.0,,0 days 00:51:14.903000,0 days 00:00:41.881000,0 days 00:00:51.014000,0 days 00:00:25.307000,0 days 00:49:59.815000,0 days 00:50:50.829000,0 days 00:51:16.136000,218.0,240.0,,223.0,False,SOFT,6.0,False,Haas F1 Team,0 days 00:49:17.934000,,1,,False,,False,False
0 days 00:58:17.621000,OCO,31,,16.0,4.0,0 days 00:56:40.307000,,,0 days 00:00:43.421000,0 days 00:00:18.944000,,0 days 00:57:58.821000,0 days 00:58:17.623000,257.0,305.0,271.0,269.0,False,MEDIUM,10.0,False,Haas F1 Team,0 days 00:51:16.136000,,1,,False,,False,False
0 days 00:59:54.326000,OCO,31,0 days 00:01:36.705000,17.0,4.0,,,0 days 00:00:35.553000,0 days 00:00:42.572000,0 days 00:00:18.580000,0 days 00:58:53.174000,0 days 00:59:35.746000,0 days 00:59:54.326000,255.0,308.0,273.0,274.0,False,MEDIUM,11.0,False,Haas F1 Team,0 days 00:58:17.621000,,1,,False,,False,True
0 days 01:01:30.941000,OCO,31,0 days 00:01:36.615000,18.0,4.0,,,0 days 00:00:35.516000,0 days 00:00:42.576000,0 days 00:00:18.523000,0 days 01:00:29.842000,0 days 01:01:12.418000,0 days 01:01:30.941000,253.0,306.0,272.0,273.0,False,MEDIUM,12.0,False,Haas F1 Team,0 days 00:59:54.326000,,1,,False,,False,True
0 days 01:03:07.362000,OCO,31,0 days 00:01:36.421000,19.0,4.0,,,0 days 00:00:35.387000,0 days 00:00:42.547000,0 days 00:00:18.487000,0 days 01:02:06.328000,0 days 01:02:48.875000,0 days 01:03:07.362000,256.0,308.0,273.0,273.0,False,MEDIUM,13.0,False,Haas F1 Team,0 days 01:01:30.941000,,1,,False,,False,True
0 days 01:04:43.771000,OCO,31,0 days 00:01:36.409000,20.0,4.0,,,0 days 00:00:35.207000,0 days 00:00:42.684000,0 days 00:00:18.518000,0 days 01:03:42.569000,0 days 01:04:25.253000,0 days 01:04:43.771000,258.0,304.0,272.0,272.0,False,MEDIUM,14.0,False,Haas F1 Team,0 days 01:03:07.362000,,1,,False,,False,True
0 days 01:06:19.941000,OCO,31,0 days 00:01:36.170000,21.0,4.0,,,0 days 00:00:35.247000,0 days 00:00:42.499000,0 days 00:00:18.424000,0 days 01:05:19.018000,0 days 01:06:01.517000,0 days 01:06:19.941000,257.0,307.0,272.0,274.0,False,MEDIUM,15.0,False,Haas F1 Team,0 days 01:04:43.771000,,1,,False,,False,True
0 days 01:07:55.930000,OCO,31,0 days 00:01:35.989000,22.0,4.0,,,0 days 00:00:35.204000,0 days 00:00:42.376000,0 days 00:00:18.409000,0 days 01:06:55.145000,0 days 01:07:37.521000,0 days 01:07:55.930000,256.0,310.0,274.0,275.0,False,MEDIUM,16.0,False,Haas F1 Team,0 days 01:06:19.941000,,1,,False,,False,True
0 days 01:09:31.930000,OCO,31,0 days 00:01:36,23.0,4.0,,,0 days 00:00:35.279000,0 days 00:00:42.376000,0 days 00:00:18.345000,0 days 01:08:31.209000,0 days 01:09:13.585000,0 days 01:09:31.930000,255.0,316.0,274.0,278.0,False,MEDIUM,17.0,False,Haas F1 Team,0 days 01:07:55.930000,,1,,False,,False,True
0 days 01:11:07.857000,OCO,31,0 days 00:01:35.927000,24.0,4.0,,,0 days 00:00:35.228000,0 days 00:00:42.371000,0 days 00:00:18.328000,0 days 01:10:07.158000,0 days 01:10:49.529000,0 days 01:11:07.857000,255.0,315.0,277.0,277.0,False,MEDIUM,18.0,False,Haas F1 Team,0 days 01:09:31.930000,,1,,False,,False,True
0 days 01:12:47.748000,OCO,31,0 days 00:01:39.891000,25.0,4.0,,,0 days 00:00:35.307000,0 days 00:00:42.827000,0 days 00:00:21.757000,0 days 01:11:43.164000,0 days 01:12:25.991000,0 days 01:12:47.748000,247.0,306.0,271.0,276.0,False,MEDIUM,19.0,False,Haas F1 Team,0 days 01:11:07.857000,,1,,False,,False,True
0 days 01:14:23.561000,OCO,31,0 days 00:01:35.813000,26.0,4.0,,,0 days 00:00:35.039000,0 days 00:00:42.439000,0 days 00:00:18.335000,0 days 01:13:22.787000,0 days 01:14:05.226000,0 days 01:14:23.561000,252.0,308.0,276.0,274.0,False,MEDIUM,20.0,False,Haas F1 Team,0 days 01:12:47.748000,,1,,False,,False,True
0 days 01:15:59.415000,OCO,31,0 days 00:01:35.854000,27.0,4.0,,,0 days 00:00:35.210000,0 days 00:00:42.334000,0 days 00:00:18.310000,0 days 01:14:58.771000,0 days 01:15:41.105000,0 days 01:15:59.415000,255.0,311.0,274.0,277.0,False,MEDIUM,21.0,False,Haas F1 Team,0 days 01:14:23.561000,,1,,False,,False,True
0 days 01:18:12.341000,OCO,31,0 days 00:02:12.926000,28.0,4.0,,,0 days 00:00:50.542000,0 days 00:00:51.729000,0 days 00:00:30.655000,0 days 01:16:49.957000,0 days 01:17:41.686000,0 days 01:18:12.341000,186.0,227.0,75.0,198.0,False,MEDIUM,22.0,False,Haas F1 Team,0 days 01:15:59.415000,,1,,False,,False,True
0 days 01:21:05.756000,OCO,31,,29.0,4.0,,,0 days 00:01:28.922000,0 days 00:00:50.582000,0 days 00:00:33.783000,0 days 01:19:41.408000,0 days 01:20:31.973000,0 days 01:21:05.758000,243.0,244.0,77.0,258.0,False,MEDIUM,23.0,False,Haas F1 Team,0 days 01:18:12.341000,,1,,False,,False,False
0 days 01:23:48.961000,OCO,31,,30.0,4.0,,0 days 01:23:47.465000,0 days 00:01:21.599000,0 days 00:00:59.725000,0 days 00:00:21.995000,0 days 01:22:27.302000,0 days 01:23:27.021000,0 days 01:23:48.961000,245.0,264.0,,258.0,False,MEDIUM,24.0,False,Haas F1 Team,0 days 01:21:05.756000,,12,,False,,False,False
0 days 00:17:55.009000,LIN,41,,1.0,1.0,0 days 00:15:01.053000,0 days 00:17:53.287000,,0 days 00:01:09.262000,0 days 00:00:38.967000,,0 days 00:17:16.139000,0 days 00:17:55.009000,259.0,190.0,,149.0,False,MEDIUM,1.0,True,Racing Bulls,0 days 00:15:01.053000,,671,,False,,False,False
0 days 00:16:46.575000,COL,43,,1.0,1.0,0 days 00:14:44.299000,,,0 days 00:00:46.342000,0 days 00:00:27.104000,,0 days 00:16:19.562000,0 days 00:16:46.575000,257.0,250.0,253.0,243.0,False,MEDIUM,1.0,True,Alpine,0 days 00:14:44.299000,,671,,False,,False,False
0 days 00:18:20.466000,COL,43,0 days 00:01:33.891000,2.0,1.0,,,0 days 00:00:34.389000,0 days 00:00:41.357000,0 days 00:00:18.145000,0 days 00:17:20.964000,0 days 00:18:02.321000,0 days 00:18:20.466000,274.0,322.0,277.0,276.0,True,MEDIUM,2.0,True,Alpine,0 days 00:16:46.575000,,1,,False,,False,True
0 days 00:21:09.954000,COL,43,,3.0,1.0,,,0 days 00:01:02.966000,0 days 00:01:09.334000,0 days 00:00:37.259000,0 days 00:19:23.683000,0 days 00:20:32.895000,0 days 00:21:10.160000,131.0,251.0,244.0,153.0,False,MEDIUM,3.0,True,Alpine,0 days 00:18:20.466000,,1,,False,,False,False
0 days 00:23:07.248000,COL,43,0 days 00:01:57.294000,4.0,1.0,,,0 days 00:00:37.646000,0 days 00:00:58.316000,0 days 00:00:21.332000,0 days 00:21:47.600000,0 days 00:22:45.916000,0 days 00:23:07.248000,120.0,256.0,256.0,220.0,False,MEDIUM,4.0,True,Alpine,0 days 00:21:09.954000,,1,,False,,False,True
0 days 00:24:40.255000,COL,43,0 days 00:01:33.007000,5.0,1.0,,,0 days 00:00:34.082000,0 days 00:00:41.062000,0 days 00:00:17.863000,0 days 00:23:41.330000,0 days 00:24:22.392000,0 days 00:24:40.255000,273.0,324.0,272.0,278.0,True,MEDIUM,5.0,True,Alpine,0 days 00:23:07.248000,,1,,False,,False,True
0 days 00:27:00.754000,COL,43,0 days 00:02:20.499000,6.0,1.0,,,0 days 00:00:56.170000,0 days 00:01:03.257000,0 days 00:00:21.072000,0 days 00:25:36.425000,0 days 00:26:39.682000,0 days 00:27:00.754000,152.0,254.0,266.0,253.0,False,MEDIUM,6.0,True,Alpine,0 days 00:24:40.255000,,12,,False,,False,True
0 days 00:28:33.829000,COL,43,0 days 00:01:33.075000,7.0,1.0,,,0 days 00:00:33.908000,0 days 00:00:41.177000,0 days 00:00:17.990000,0 days 00:27:34.662000,0 days 00:28:15.839000,0 days 00:28:33.829000,273.0,323.0,277.0,277.0,False,MEDIUM,7.0,True,Alpine,0 days 00:27:00.754000,,1,,False,,False,True
0 days 00:30:28.268000,COL,43,0 days 00:01:54.439000,8.0,1.0,,0 days 00:30:26.924000,0 days 00:00:41.164000,0 days 00:00:49.479000,0 days 00:00:23.796000,0 days 00:29:14.993000,0 days 00:30:04.472000,0 days 00:30:28.268000,238.0,239.0,,239.0,False,MEDIUM,8.0,True,Alpine,0 days 00:28:33.829000,,1,,False,,False,False
0 days 00:41:43.615000,COL,43,,9.0,2.0,0 days 00:39:57.443000,,,0 days 00:00:45.401000,0 days 00:00:22.167000,,0 days 00:41:21.650000,0 days 00:41:43.706000,265.0,255.0,258.0,247.0,False,SOFT,1.0,True,Alpine,0 days 00:30:28.268000,,1,,False,,False,False
0 days 00:43:16.053000,COL,43,0 days 00:01:32.438000,10.0,2.0,,,0 days 00:00:33.525000,0 days 00:00:40.942000,0 days 00:00:17.971000,0 days 00:42:17.140000,0 days 00:42:58.082000,0 days 00:43:16.053000,276.0,324.0,278.0,281.0,True,SOFT,2.0,True,Alpine,0 days 00:41:43.615000,,1,,False,,False,True
0 days 00:45:59.094000,COL,43,,11.0,2.0,,,0 days 00:01:00.330000,0 days 00:01:17.097000,0 days 00:00:25.678000,0 days 00:44:16.672000,0 days 00:45:33.416000,0 days 00:45:59.291000,144.0,263.0,147.0,205.0,False,SOFT,3.0,True,Alpine,0 days 00:43:16.053000,,1,,False,,False,False
0 days 00:48:05.781000,COL,43,0 days 00:02:06.687000,12.0,2.0,,,0 days 00:00:46.231000,0 days 00:00:54.084000,0 days 00:00:26.372000,0 days 00:46:45.325000,0 days 00:47:39.409000,0 days 00:48:05.781000,243.0,261.0,253.0,213.0,False,SOFT,4.0,True,Alpine,0 days 00:45:59.094000,,1,,False,,False,True
0 days 00:49:38.425000,COL,43,0 days 00:01:32.644000,13.0,2.0,,,0 days 00:00:33.915000,0 days 00:00:40.839000,0 days 00:00:17.890000,0 days 00:48:39.696000,0 days 00:49:20.535000,0 days 00:49:38.425000,271.0,321.0,275.0,277.0,False,SOFT,5.0,True,Alpine,0 days 00:48:05.781000,,1,,False,,False,True
0 days 00:51:24.703000,COL,43,0 days 00:01:46.278000,14.0,2.0,,0 days 00:51:23.355000,0 days 00:00:39.572000,0 days 00:00:44.804000,0 days 00:00:21.902000,0 days 00:50:17.997000,0 days 00:51:02.801000,0 days 00:51:24.703000,245.0,310.0,,277.0,False,SOFT,6.0,True,Alpine,0 days 00:49:38.425000,,1,,False,,False,False
0 days 00:58:52.960000,COL,43,,15.0,3.0,0 days 00:57:11.869000,,,0 days 00:00:43.025000,0 days 00:00:18.662000,,0 days 00:58:34.487000,0 days 00:58:53.100000,262.0,311.0,274.0,274.0,False,MEDIUM,9.0,False,Alpine,0 days 00:51:24.703000,,1,,False,,False,False
0 days 01:00:29.483000,COL,43,0 days 00:01:36.523000,16.0,3.0,,,0 days 00:00:35.581000,0 days 00:00:42.513000,0 days 00:00:18.429000,0 days 00:59:28.541000,0 days 01:00:11.054000,0 days 01:00:29.483000,258.0,312.0,277.0,275.0,False,MEDIUM,10.0,False,Alpine,0 days 00:58:52.960000,,1,,False,,False,True
0 days 01:02:06.021000,COL,43,0 days 00:01:36.538000,17.0,3.0,,,0 days 00:00:35.503000,0 days 00:00:42.668000,0 days 00:00:18.367000,0 days 01:01:04.986000,0 days 01:01:47.654000,0 days 01:02:06.021000,257.0,312.0,278.0,277.0,False,MEDIUM,11.0,False,Alpine,0 days 01:00:29.483000,,1,,False,,False,True
0 days 01:03:42.584000,COL,43,0 days 00:01:36.563000,18.0,3.0,,,0 days 00:00:35.537000,0 days 00:00:42.801000,0 days 00:00:18.225000,0 days 01:02:41.558000,0 days 01:03:24.359000,0 days 01:03:42.584000,254.0,313.0,277.0,279.0,False,MEDIUM,12.0,False,Alpine,0 days 01:02:06.021000,,1,,False,,False,True
0 days 01:05:19.342000,COL,43,0 days 00:01:36.758000,19.0,3.0,,,0 days 00:00:35.583000,0 days 00:00:42.831000,0 days 00:00:18.344000,0 days 01:04:18.167000,0 days 01:05:00.998000,0 days 01:05:19.342000,257.0,315.0,281.0,280.0,False,MEDIUM,13.0,False,Alpine,0 days 01:03:42.584000,,1,,False,,False,True
0 days 01:06:56.235000,COL,43,0 days 00:01:36.893000,20.0,3.0,,,0 days 00:00:35.642000,0 days 00:00:42.954000,0 days 00:00:18.297000,0 days 01:05:54.984000,0 days 01:06:37.938000,0 days 01:06:56.235000,257.0,315.0,280.0,282.0,False,MEDIUM,14.0,False,Alpine,0 days 01:05:19.342000,,1,,False,,False,True
0 days 01:08:33.281000,COL,43,0 days 00:01:37.046000,21.0,3.0,,,0 days 00:00:35.602000,0 days 00:00:43.077000,0 days 00:00:18.367000,0 days 01:07:31.837000,0 days 01:08:14.914000,0 days 01:08:33.281000,265.0,309.0,275.0,282.0,False,MEDIUM,15.0,False,Alpine,0 days 01:06:56.235000,,1,,False,,False,True
0 days 01:10:10.414000,COL,43,0 days 00:01:37.133000,22.0,3.0,,,0 days 00:00:35.544000,0 days 00:00:42.788000,0 days 00:00:18.801000,0 days 01:09:08.825000,0 days 01:09:51.613000,0 days 01:10:10.414000,279.0,329.0,278.0,262.0,False,MEDIUM,16.0,False,Alpine,0 days 01:08:33.281000,,1,,False,,False,True
0 days 01:11:47.330000,COL,43,0 days 00:01:36.916000,23.0,3.0,,,0 days 00:00:35.849000,0 days 00:00:42.796000,0 days 00:00:18.271000,0 days 01:10:46.263000,0 days 01:11:29.059000,0 days 01:11:47.330000,262.0,320.0,280.0,288.0,False,MEDIUM,17.0,False,Alpine,0 days 01:10:10.414000,,1,,False,,False,True
0 days 01:13:24.415000,COL,43,0 days 00:01:37.085000,24.0,3.0,,,0 days 00:00:35.582000,0 days 00:00:43.168000,0 days 00:00:18.335000,0 days 01:12:22.912000,0 days 01:13:06.080000,0 days 01:13:24.415000,256.0,308.0,280.0,276.0,False,MEDIUM,18.0,False,Alpine,0 days 01:11:47.330000,,1,,False,,False,True
0 days 01:15:00.869000,COL,43,0 days 00:01:36.454000,25.0,3.0,,,0 days 00:00:35.500000,0 days 00:00:42.688000,0 days 00:00:18.266000,0 days 01:13:59.915000,0 days 01:14:42.603000,0 days 01:15:00.869000,256.0,316.0,280.0,281.0,False,MEDIUM,19.0,False,Alpine,0 days 01:13:24.415000,,1,,False,,False,True
0 days 01:17:03.738000,COL,43,0 days 00:02:02.869000,26.0,3.0,,,0 days 00:00:40.828000,0 days 00:00:55.158000,0 days 00:00:26.883000,0 days 01:15:41.697000,0 days 01:16:36.855000,0 days 01:17:03.738000,203.0,239.0,115.0,238.0,False,MEDIUM,20.0,False,Alpine,0 days 01:15:00.869000,,1,,False,,False,True
0 days 01:19:51.075000,COL,43,,27.0,3.0,,,0 days 00:01:27.159000,0 days 00:00:50.344000,0 days 00:00:29.875000,0 days 01:18:31.112000,0 days 01:19:21.468000,0 days 01:19:51.149000,265.0,219.0,78.0,180.0,False,MEDIUM,21.0,False,Alpine,0 days 01:17:03.738000,,1,,False,,False,False
0 days 01:22:14.701000,COL,43,0 days 00:02:23.626000,28.0,3.0,,0 days 01:22:13.337000,0 days 00:01:17.349000,0 days 00:00:44.221000,0 days 00:00:22.056000,0 days 01:21:08.424000,0 days 01:21:52.645000,0 days 01:22:14.701000,265.0,273.0,,262.0,False,MEDIUM,22.0,False,Alpine,0 days 01:19:51.075000,,12,,False,,False,False
0 days 00:16:39.363000,HAM,44,,1.0,1.0,0 days 00:14:42.605000,,,0 days 00:00:47.232000,0 days 00:00:23.497000,,0 days 00:16:15.974000,0 days 00:16:39.385000,250.0,234.0,251.0,187.0,False,MEDIUM,1.0,True,Ferrari,0 days 00:14:42.605000,,671,,False,,False,False
0 days 00:18:12.669000,HAM,44,0 days 00:01:33.306000,2.0,1.0,,,0 days 00:00:33.677000,0 days 00:00:41.282000,0 days 00:00:18.347000,0 days 00:17:13.040000,0 days 00:17:54.322000,0 days 00:18:12.669000,276.0,319.0,258.0,275.0,True,MEDIUM,2.0,True,Ferrari,0 days 00:16:39.363000,,1,,False,,False,True
0 days 00:21:04.651000,HAM,44,,3.0,1.0,,,0 days 00:01:06.317000,0 days 00:01:13.339000,0 days 00:00:32.428000,0 days 00:19:19.112000,0 days 00:20:32.305000,0 days 00:21:04.764000,105.0,250.0,238.0,188.0,False,MEDIUM,3.0,True,Ferrari,0 days 00:18:12.669000,,1,,False,,False,False
0 days 00:22:36.627000,HAM,44,0 days 00:01:31.976000,4.0,1.0,,,0 days 00:00:33.586000,0 days 00:00:40.473000,0 days 00:00:17.917000,0 days 00:21:38.237000,0 days 00:22:18.710000,0 days 00:22:36.627000,276.0,322.0,261.0,279.0,True,MEDIUM,4.0,True,Ferrari,0 days 00:21:04.651000,,1,,False,,False,True
0 days 00:25:22.017000,HAM,44,,5.0,1.0,,,0 days 00:01:15.153000,0 days 00:01:09.689000,0 days 00:00:20.604000,0 days 00:23:51.980000,0 days 00:25:01.661000,0 days 00:25:22.197000,98.0,262.0,267.0,258.0,False,MEDIUM,5.0,True,Ferrari,0 days 00:22:36.627000,,1,,False,,False,False
0 days 00:26:53.560000,HAM,44,0 days 00:01:31.543000,6.0,1.0,,,0 days 00:00:33.226000,0 days 00:00:40.506000,0 days 00:00:17.811000,0 days 00:25:55.243000,0 days 00:26:35.749000,0 days 00:26:53.560000,277.0,323.0,263.0,279.0,True,MEDIUM,6.0,True,Ferrari,0 days 00:25:22.017000,,12,,False,,False,True
0 days 00:29:00.494000,HAM,44,0 days 00:02:06.934000,7.0,1.0,,0 days 00:28:59.308000,0 days 00:00:49.799000,0 days 00:00:54.066000,0 days 00:00:23.069000,0 days 00:27:43.359000,0 days 00:28:37.425000,0 days 00:29:00.494000,236.0,270.0,,236.0,False,MEDIUM,7.0,True,Ferrari,0 days 00:26:53.560000,,1,,False,,False,False
0 days 00:39:13.943000,HAM,44,,8.0,2.0,0 days 00:37:20.049000,,,0 days 00:00:52.615000,0 days 00:00:21.287000,,0 days 00:38:52.755000,0 days 00:39:14.032000,268.0,273.0,268.0,224.0,False,SOFT,1.0,True,Ferrari,0 days 00:29:00.494000,,1,,False,,False,False
0 days 00:40:45.223000,HAM,44,0 days 00:01:31.280000,9.0,2.0,,,0 days 00:00:32.857000,0 days 00:00:40.583000,0 days 00:00:17.840000,0 days 00:39:46.800000,0 days 00:40:27.383000,0 days 00:40:45.223000,278.0,320.0,263.0,278.0,True,SOFT,2.0,True,Ferrari,0 days 00:39:13.943000,,1,,False,,False,True
0 days 00:43:35.170000,HAM,44,,10.0,2.0,,,0 days 00:01:02.428000,0 days 00:01:19.786000,0 days 00:00:27.840000,0 days 00:41:47.741000,0 days 00:43:07.441000,0 days 00:43:35.341000,117.0,179.0,180.0,148.0,False,SOFT,3.0,True,Ferrari,0 days 00:40:45.223000,,1,,False,,False,False
0 days 00:45:24.996000,HAM,44,0 days 00:01:49.826000,11.0,2.0,,,0 days 00:00:40.793000,0 days 00:00:46.311000,0 days 00:00:22.722000,0 days 00:44:15.963000,0 days 00:45:02.274000,0 days 00:45:24.996000,221.0,244.0,263.0,238.0,False,SOFT,4.0,True,Ferrari,0 days 00:43:35.170000,,1,,False,,False,True
0 days 00:46:56.136000,HAM,44,0 days 00:01:31.140000,12.0,2.0,,,0 days 00:00:32.982000,0 days 00:00:40.262000,0 days 00:00:17.896000,0 days 00:45:57.978000,0 days 00:46:38.240000,0 days 00:46:56.136000,279.0,318.0,262.0,277.0,True,SOFT,5.0,True,Ferrari,0 days 00:45:24.996000,,1,,False,,False,True
0 days 00:49:24.508000,HAM,44,0 days 00:02:28.372000,13.0,2.0,,,0 days 00:00:55.618000,0 days 00:01:08.975000,0 days 00:00:23.779000,0 days 00:47:51.754000,0 days 00:49:00.729000,0 days 00:49:24.508000,129.0,226.0,190.0,219.0,False,SOFT,6.0,True,Ferrari,0 days 00:46:56.136000,,1,,False,,False,True
0 days 00:51:20.581000,HAM,44,0 days 00:01:56.073000,14.0,2.0,,,0 days 00:00:41.541000,0 days 00:00:49.489000,0 days 00:00:25.043000,0 days 00:50:06.049000,0 days 00:50:55.538000,0 days 00:51:20.581000,256.0,207.0,271.0,185.0,False,SOFT,7.0,True,Ferrari,0 days 00:49:24.508000,,1,,False,,False,True
0 days 00:52:51.561000,HAM,44,0 days 00:01:30.980000,15.0,2.0,,,0 days 00:00:32.774000,0 days 00:00:40.346000,0 days 00:00:17.860000,0 days 00:51:53.355000,0 days 00:52:33.701000,0 days 00:52:51.561000,278.0,322.0,264.0,278.0,True,SOFT,8.0,True,Ferrari,0 days 00:51:20.581000,,1,,False,,False,True
0 days 00:54:32.627000,HAM,44,0 days 00:01:41.066000,16.0,2.0,,0 days 00:54:31.221000,0 days 00:00:35.871000,0 days 00:00:43.600000,0 days 00:00:21.595000,0 days 00:53:27.432000,0 days 00:54:11.032000,0 days 00:54:32.627000,255.0,267.0,,260.0,False,SOFT,9.0,True,Ferrari,0 days 00:52:51.561000,,1,,False,,False,False
0 days 01:03:52.531000,HAM,44,,17.0,3.0,0 days 01:01:53.622000,,,0 days 00:00:46.466000,0 days 00:00:19.636000,,0 days 01:03:32.985000,0 days 01:03:52.641000,157.0,288.0,275.0,245.0,False,MEDIUM,8.0,False,Ferrari,0 days 00:54:32.627000,,1,,False,,False,False
0 days 01:05:27.921000,HAM,44,0 days 00:01:35.390000,18.0,3.0,,,0 days 00:00:34.505000,0 days 00:00:42.577000,0 days 00:00:18.308000,0 days 01:04:27.036000,0 days 01:05:09.613000,0 days 01:05:27.921000,258.0,312.0,275.0,277.0,False,MEDIUM,9.0,False,Ferrari,0 days 01:03:52.531000,,1,,False,,False,True
0 days 01:07:06.574000,HAM,44,0 days 00:01:38.653000,19.0,3.0,,0 days 01:07:05.241000,0 days 00:00:34.822000,0 days 00:00:42.759000,0 days 00:00:21.072000,0 days 01:06:02.743000,0 days 01:06:45.502000,0 days 01:07:06.574000,257.0,309.0,,276.0,False,MEDIUM,10.0,False,Ferrari,0 days 01:05:27.921000,,1,,False,,False,False
0 days 01:09:03.874000,HAM,44,0 days 00:01:57.300000,20.0,4.0,0 days 01:07:30.261000,,0 days 00:00:56.968000,0 days 00:00:42.054000,0 days 00:00:18.278000,0 days 01:08:03.542000,0 days 01:08:45.596000,0 days 01:09:03.874000,260.0,317.0,279.0,280.0,False,MEDIUM,11.0,False,Ferrari,0 days 01:07:06.574000,,1,,False,,False,False
0 days 01:10:39.625000,HAM,44,0 days 00:01:35.751000,21.0,4.0,,,0 days 00:00:34.703000,0 days 00:00:42.860000,0 days 00:00:18.188000,0 days 01:09:38.577000,0 days 01:10:21.437000,0 days 01:10:39.625000,253.0,311.0,272.0,278.0,False,MEDIUM,12.0,False,Ferrari,0 days 01:09:03.874000,,1,,True,TRACK LIMITS AT TURN 13 LAP 22 ,False,True
0 days 01:12:16.112000,HAM,44,0 days 00:01:36.487000,22.0,4.0,,,0 days 00:00:35.343000,0 days 00:00:42.888000,0 days 00:00:18.256000,0 days 01:11:14.968000,0 days 01:11:57.856000,0 days 01:12:16.112000,259.0,311.0,274.0,279.0,False,MEDIUM,13.0,False,Ferrari,0 days 01:10:39.625000,,1,,False,,False,True
0 days 01:13:52.536000,HAM,44,0 days 00:01:36.424000,23.0,4.0,,,0 days 00:00:35.225000,0 days 00:00:42.874000,0 days 00:00:18.325000,0 days 01:12:51.337000,0 days 01:13:34.211000,0 days 01:13:52.536000,258.0,313.0,276.0,279.0,False,MEDIUM,14.0,False,Ferrari,0 days 01:12:16.112000,,1,,False,,False,True
0 days 01:15:32.865000,HAM,44,0 days 00:01:40.329000,24.0,4.0,,,0 days 00:00:35.101000,0 days 00:00:46.170000,0 days 00:00:19.058000,0 days 01:14:27.637000,0 days 01:15:13.807000,0 days 01:15:32.865000,255.0,292.0,264.0,268.0,False,MEDIUM,15.0,False,Ferrari,0 days 01:13:52.536000,,1,,False,,False,True
0 days 01:17:44.870000,HAM,44,0 days 00:02:12.005000,25.0,4.0,,,0 days 00:00:48.121000,0 days 00:00:52.058000,0 days 00:00:31.826000,0 days 01:16:20.986000,0 days 01:17:13.044000,0 days 01:17:44.870000,173.0,258.0,46.0,249.0,False,MEDIUM,16.0,False,Ferrari,0 days 01:15:32.865000,,1,,False,,False,True
0 days 01:20:38.902000,HAM,44,,26.0,4.0,,,0 days 00:01:33.144000,0 days 00:00:49.947000,0 days 00:00:31.001000,0 days 01:19:18.071000,0 days 01:20:08.165000,0 days 01:20:38.902000,199.0,259.0,47.0,217.0,False,MEDIUM,17.0,False,Ferrari,0 days 01:17:44.870000,,1,,False,,False,False
0 days 01:23:26.554000,HAM,44,,27.0,4.0,,0 days 01:23:25.190000,0 days 00:01:27.526000,0 days 00:00:48.226000,0 days 00:00:31.867000,0 days 01:22:06.560000,0 days 01:22:54.892000,0 days 01:23:26.554000,252.0,316.0,,260.0,False,MEDIUM,18.0,False,Ferrari,0 days 01:20:38.902000,,12,,False,,False,False
0 days 00:19:45.292000,SAI,55,,1.0,1.0,0 days 00:18:02.609000,,,0 days 00:00:44.893000,0 days 00:00:19.875000,,0 days 00:19:25.609000,0 days 00:19:45.496000,249.0,280.0,268.0,262.0,False,HARD,1.0,True,Williams,0 days 00:18:02.609000,,1,,False,,False,False
0 days 00:21:19.280000,SAI,55,0 days 00:01:33.988000,2.0,1.0,,,0 days 00:00:34.572000,0 days 00:00:41.278000,0 days 00:00:18.138000,0 days 00:20:19.864000,0 days 00:21:01.142000,0 days 00:21:19.280000,276.0,331.0,262.0,284.0,True,HARD,2.0,True,Williams,0 days 00:19:45.292000,,1,,False,,False,True
0 days 00:23:22.826000,SAI,55,0 days 00:02:03.546000,3.0,1.0,,,0 days 00:00:47.415000,0 days 00:00:54.837000,0 days 00:00:21.294000,0 days 00:22:06.695000,0 days 00:23:01.532000,0 days 00:23:22.826000,207.0,247.0,267.0,263.0,False,HARD,3.0,True,Williams,0 days 00:21:19.280000,,1,,False,,False,True
0 days 00:24:55.813000,SAI,55,0 days 00:01:32.987000,4.0,1.0,,,0 days 00:00:33.956000,0 days 00:00:41.133000,0 days 00:00:17.898000,0 days 00:23:56.782000,0 days 00:24:37.915000,0 days 00:24:55.813000,276.0,331.0,258.0,285.0,True,HARD,4.0,True,Williams,0 days 00:23:22.826000,,1,,False,,False,True
0 days 00:27:03.887000,SAI,55,0 days 00:02:08.074000,5.0,1.0,,0 days 00:27:02.525000,0 days 00:00:50.531000,0 days 00:00:53.678000,0 days 00:00:23.865000,0 days 00:25:46.344000,0 days 00:26:40.022000,0 days 00:27:03.887000,200.0,281.0,,262.0,False,HARD,5.0,True,Williams,0 days 00:24:55.813000,,12,,False,,False,False
0 days 00:31:31.570000,SAI,55,,6.0,2.0,0 days 00:29:50.756000,,,0 days 00:00:45.412000,0 days 00:00:20.196000,,0 days 00:31:11.480000,0 days 00:31:31.654000,262.0,266.0,267.0,259.0,False,HARD,6.0,False,Williams,0 days 00:27:03.887000,,1,,False,,False,False
0 days 00:33:04.911000,SAI,55,0 days 00:01:33.341000,7.0,2.0,,,0 days 00:00:33.912000,0 days 00:00:41.464000,0 days 00:00:17.965000,0 days 00:32:05.482000,0 days 00:32:46.946000,0 days 00:33:04.911000,277.0,329.0,257.0,286.0,False,HARD,7.0,False,Williams,0 days 00:31:31.570000,,1,,False,,False,True
0 days 00:35:03.822000,SAI,55,0 days 00:01:58.911000,8.0,2.0,,,0 days 00:00:47.734000,0 days 00:00:50.503000,0 days 00:00:20.674000,0 days 00:33:52.645000,0 days 00:34:43.148000,0 days 00:35:03.822000,193.0,257.0,260.0,253.0,False,HARD,8.0,False,Williams,0 days 00:33:04.911000,,1,,False,,False,True
0 days 00:36:36.457000,SAI,55,0 days 00:01:32.635000,9.0,2.0,,,0 days 00:00:33.709000,0 days 00:00:41.008000,0 days 00:00:17.918000,0 days 00:35:37.531000,0 days 00:36:18.539000,0 days 00:36:36.457000,276.0,327.0,264.0,282.0,True,HARD,9.0,False,Williams,0 days 00:35:03.822000,,1,,False,,False,True
0 days 00:38:25.547000,SAI,55,0 days 00:01:49.090000,10.0,2.0,,0 days 00:38:24.082000,0 days 00:00:41.403000,0 days 00:00:45.171000,0 days 00:00:22.516000,0 days 00:37:17.860000,0 days 00:38:03.031000,0 days 00:38:25.547000,247.0,279.0,,266.0,False,HARD,10.0,False,Williams,0 days 00:36:36.457000,,1,,False,,False,False
0 days 00:42:21.193000,SAI,55,,11.0,3.0,0 days 00:40:26.769000,,,0 days 00:00:45.505000,0 days 00:00:21.131000,,0 days 00:42:00.321000,0 days 00:42:21.370000,272.0,281.0,261.0,268.0,False,SOFT,1.0,True,Williams,0 days 00:38:25.547000,,1,,False,,False,False
0 days 00:43:52.801000,SAI,55,0 days 00:01:31.608000,12.0,3.0,,,0 days 00:00:33.250000,0 days 00:00:40.617000,0 days 00:00:17.741000,0 days 00:42:54.443000,0 days 00:43:35.060000,0 days 00:43:52.801000,277.0,332.0,267.0,289.0,True,SOFT,2.0,True,Williams,0 days 00:42:21.193000,,1,,False,,False,True
0 days 00:46:16.395000,SAI,55,0 days 00:02:23.594000,13.0,3.0,,,0 days 00:00:54.278000,0 days 00:01:08.352000,0 days 00:00:20.964000,0 days 00:44:47.079000,0 days 00:45:55.431000,0 days 00:46:16.395000,180.0,249.0,257.0,256.0,False,SOFT,3.0,True,Williams,0 days 00:43:52.801000,,1,,False,,False,True
0 days 00:48:00.115000,SAI,55,0 days 00:01:43.720000,14.0,3.0,,0 days 00:47:58.801000,0 days 00:00:33.513000,0 days 00:00:46.173000,0 days 00:00:24.034000,0 days 00:46:49.908000,0 days 00:47:36.081000,0 days 00:48:00.115000,275.0,293.0,,262.0,False,SOFT,4.0,True,Williams,0 days 00:46:16.395000,,1,,False,,False,False
0 days 00:55:39.259000,SAI,55,,15.0,4.0,0 days 00:53:59.498000,,,0 days 00:00:43.812000,0 days 00:00:18.825000,,0 days 00:55:20.631000,0 days 00:55:39.401000,268.0,320.0,274.0,281.0,False,HARD,11.0,False,Williams,0 days 00:48:00.115000,,1,,False,,False,False
0 days 00:57:16.337000,SAI,55,0 days 00:01:37.078000,16.0,4.0,,,0 days 00:00:35.368000,0 days 00:00:43.317000,0 days 00:00:18.393000,0 days 00:56:14.627000,0 days 00:56:57.944000,0 days 00:57:16.337000,257.0,312.0,276.0,279.0,False,HARD,12.0,False,Williams,0 days 00:55:39.259000,,1,,False,,False,True
0 days 00:59:01.111000,SAI,55,0 days 00:01:44.774000,17.0,4.0,,,0 days 00:00:35.834000,0 days 00:00:43.027000,0 days 00:00:25.913000,0 days 00:57:52.171000,0 days 00:58:35.198000,0 days 00:59:01.111000,256.0,321.0,253.0,286.0,False,HARD,13.0,False,Williams,0 days 00:57:16.337000,,1,,False,,False,True
0 days 01:00:38.920000,SAI,55,0 days 00:01:37.809000,18.0,4.0,,,0 days 00:00:36.421000,0 days 00:00:43.005000,0 days 00:00:18.383000,0 days 00:59:37.532000,0 days 01:00:20.537000,0 days 01:00:38.920000,255.0,316.0,277.0,283.0,False,HARD,14.0,False,Williams,0 days 00:59:01.111000,,1,,False,,False,True
0 days 01:02:15.897000,SAI,55,0 days 00:01:36.977000,19.0,4.0,,,0 days 00:00:35.719000,0 days 00:00:42.910000,0 days 00:00:18.348000,0 days 01:01:14.639000,0 days 01:01:57.549000,0 days 01:02:15.897000,256.0,317.0,276.0,282.0,False,HARD,15.0,False,Williams,0 days 01:00:38.920000,,1,,False,,False,True
0 days 01:03:53.275000,SAI,55,0 days 00:01:37.378000,20.0,4.0,,,0 days 00:00:35.593000,0 days 00:00:43.202000,0 days 00:00:18.583000,0 days 01:02:51.490000,0 days 01:03:34.692000,0 days 01:03:53.275000,256.0,312.0,276.0,281.0,False,HARD,16.0,False,Williams,0 days 01:02:15.897000,,1,,False,,False,True
0 days 01:05:30.736000,SAI,55,0 days 00:01:37.461000,21.0,4.0,,,0 days 00:00:35.853000,0 days 00:00:43.153000,0 days 00:00:18.455000,0 days 01:04:29.128000,0 days 01:05:12.281000,0 days 01:05:30.736000,259.0,310.0,277.0,280.0,False,HARD,17.0,False,Williams,0 days 01:03:53.275000,,1,,False,,False,True
0 days 01:07:07.802000,SAI,55,0 days 00:01:37.066000,22.0,4.0,,,0 days 00:00:35.765000,0 days 00:00:42.978000,0 days 00:00:18.323000,0 days 01:06:06.501000,0 days 01:06:49.479000,0 days 01:07:07.802000,261.0,313.0,276.0,281.0,False,HARD,18.0,False,Williams,0 days 01:05:30.736000,,1,,False,,False,True
0 days 01:08:47.407000,SAI,55,0 days 00:01:39.605000,23.0,4.0,,,0 days 00:00:35.908000,0 days 00:00:43.069000,0 days 00:00:20.628000,0 days 01:07:43.710000,0 days 01:08:26.779000,0 days 01:08:47.407000,260.0,306.0,256.0,268.0,False,HARD,19.0,False,Williams,0 days 01:07:07.802000,,1,,False,,False,True
0 days 01:10:31.013000,SAI,55,0 days 00:01:43.606000,24.0,4.0,,,0 days 00:00:36.637000,0 days 00:00:43.520000,0 days 00:00:23.449000,0 days 01:09:24.044000,0 days 01:10:07.564000,0 days 01:10:31.013000,259.0,284.0,271.0,243.0,False,HARD,20.0,False,Williams,0 days 01:08:47.407000,,1,,False,,False,True
0 days 01:12:08.065000,SAI,55,0 days 00:01:37.052000,25.0,4.0,,,0 days 00:00:35.738000,0 days 00:00:43.029000,0 days 00:00:18.285000,0 days 01:11:06.751000,0 days 01:11:49.780000,0 days 01:12:08.065000,253.0,316.0,273.0,282.0,False,HARD,21.0,False,Williams,0 days 01:10:31.013000,,1,,False,,False,True
0 days 01:13:49.595000,SAI,55,0 days 00:01:41.530000,26.0,4.0,,0 days 01:13:48.130000,0 days 00:00:37.070000,0 days 00:00:43.061000,0 days 00:00:21.399000,0 days 01:12:45.135000,0 days 01:13:28.196000,0 days 01:13:49.595000,253.0,313.0,,264.0,False,HARD,22.0,False,Williams,0 days 01:12:08.065000,,1,,False,,False,False
0 days 01:15:48.574000,SAI,55,0 days 00:01:58.979000,27.0,5.0,0 days 01:14:12.820000,,0 days 00:00:57.658000,0 days 00:00:42.832000,0 days 00:00:18.489000,0 days 01:14:47.253000,0 days 01:15:30.085000,0 days 01:15:48.574000,266.0,308.0,276.0,276.0,False,SOFT,5.0,False,Williams,0 days 01:13:49.595000,,1,,False,,False,False
0 days 01:17:52.977000,SAI,55,0 days 00:02:04.403000,28.0,5.0,,,0 days 00:00:35.378000,0 days 00:00:59.768000,0 days 00:00:29.257000,0 days 01:16:23.952000,0 days 01:17:23.720000,0 days 01:17:52.977000,241.0,199.0,81.0,199.0,False,SOFT,6.0,False,Williams,0 days 01:15:48.574000,,1,,False,,False,True
0 days 01:20:34.314000,SAI,55,,29.0,5.0,,,0 days 00:01:26.531000,0 days 00:00:46.034000,0 days 00:00:28.771000,0 days 01:19:19.745000,0 days 01:20:05.686000,0 days 01:20:34.314000,281.0,264.0,89.0,247.0,False,SOFT,7.0,False,Williams,0 days 01:17:52.977000,,1,,False,,False,False
0 days 01:23:17.916000,SAI,55,,30.0,5.0,,0 days 01:23:16.594000,0 days 00:01:24.904000,0 days 00:00:54.731000,0 days 00:00:24.004000,0 days 01:21:59.392000,0 days 01:22:54.104000,0 days 01:23:17.916000,273.0,199.0,,254.0,False,SOFT,8.0,False,Williams,0 days 01:20:34.314000,,12,,False,,False,False
0 days 00:17:41.555000,RUS,63,,1.0,1.0,0 days 00:15:46.050000,0 days 00:17:40.158000,,0 days 00:00:46.259000,0 days 00:00:26.794000,,0 days 00:17:14.921000,0 days 00:17:41.555000,269.0,254.0,,186.0,False,MEDIUM,1.0,True,Mercedes,0 days 00:15:46.050000,,1,,False,,False,False
0 days 00:20:22.617000,RUS,63,,2.0,2.0,0 days 00:18:25.288000,,0 days 00:01:21.968000,0 days 00:00:44.738000,0 days 00:00:34.402000,0 days 00:19:03.709000,0 days 00:19:48.442000,0 days 00:20:22.816000,261.0,248.0,251.0,72.0,False,MEDIUM,2.0,False,Mercedes,0 days 00:17:41.555000,,1,,False,,False,False
0 days 00:21:54.185000,RUS,63,0 days 00:01:31.568000,3.0,2.0,,,0 days 00:00:33.124000,0 days 00:00:40.406000,0 days 00:00:18.038000,0 days 00:20:55.741000,0 days 00:21:36.147000,0 days 00:21:54.185000,276.0,322.0,246.0,277.0,True,MEDIUM,3.0,False,Mercedes,0 days 00:20:22.617000,,1,,False,,False,True
0 days 00:24:02.024000,RUS,63,0 days 00:02:07.839000,4.0,2.0,,0 days 00:24:00.804000,0 days 00:00:53.263000,0 days 00:00:49.134000,0 days 00:00:25.442000,0 days 00:22:47.448000,0 days 00:23:36.582000,0 days 00:24:02.024000,241.0,277.0,,218.0,False,MEDIUM,4.0,False,Mercedes,0 days 00:21:54.185000,,1,,False,,False,False
0 days 00:26:39.089000,RUS,63,,5.0,3.0,0 days 00:24:30.412000,,0 days 00:01:27.526000,0 days 00:00:48.361000,0 days 00:00:21.094000,0 days 00:25:29.873000,0 days 00:26:18.202000,0 days 00:26:39.215000,259.0,275.0,249.0,227.0,False,MEDIUM,5.0,False,Mercedes,0 days 00:24:02.024000,,12,,False,,False,False
0 days 00:28:10.490000,RUS,63,0 days 00:01:31.401000,6.0,3.0,,,0 days 00:00:32.873000,0 days 00:00:40.440000,0 days 00:00:18.088000,0 days 00:27:11.962000,0 days 00:27:52.402000,0 days 00:28:10.490000,276.0,325.0,235.0,281.0,True,MEDIUM,6.0,False,Mercedes,0 days 00:26:39.089000,,1,,False,,False,True
0 days 00:30:35.204000,RUS,63,0 days 00:02:24.714000,7.0,3.0,,,0 days 00:00:56.319000,0 days 00:01:07.501000,0 days 00:00:20.894000,0 days 00:29:06.809000,0 days 00:30:14.310000,0 days 00:30:35.204000,184.0,260.0,254.0,257.0,False,MEDIUM,7.0,False,Mercedes,0 days 00:28:10.490000,,1,,False,,False,True
0 days 00:32:06.340000,RUS,63,0 days 00:01:31.136000,8.0,3.0,,,0 days 00:00:32.881000,0 days 00:00:40.173000,0 days 00:00:18.082000,0 days 00:31:08.085000,0 days 00:31:48.258000,0 days 00:32:06.340000,275.0,323.0,241.0,277.0,True,MEDIUM,8.0,False,Mercedes,0 days 00:30:35.204000,,1,,False,,False,True
0 days 00:34:00.619000,RUS,63,0 days 00:01:54.279000,9.0,3.0,,0 days 00:33:59.222000,0 days 00:00:39.747000,0 days 00:00:51.353000,0 days 00:00:23.179000,0 days 00:32:46.087000,0 days 00:33:37.440000,0 days 00:34:00.619000,243.0,249.0,,246.0,False,MEDIUM,9.0,False,Mercedes,0 days 00:32:06.340000,,1,,False,,False,False
0 days 00:40:58.221000,RUS,63,,10.0,4.0,0 days 00:39:04.424000,,,0 days 00:00:47.571000,0 days 00:00:26.838000,,0 days 00:40:31.607000,0 days 00:40:58.398000,243.0,255.0,211.0,247.0,False,SOFT,1.0,True,Mercedes,0 days 00:34:00.619000,,1,,False,,False,False
0 days 00:42:49.295000,RUS,63,0 days 00:01:51.074000,11.0,4.0,,,0 days 00:00:44.790000,0 days 00:00:45.587000,0 days 00:00:20.697000,0 days 00:41:43.011000,0 days 00:42:28.598000,0 days 00:42:49.295000,252.0,252.0,254.0,249.0,False,SOFT,2.0,True,Mercedes,0 days 00:40:58.221000,,1,,False,,False,True
0 days 00:44:19.633000,RUS,63,0 days 00:01:30.338000,12.0,4.0,,,0 days 00:00:32.470000,0 days 00:00:40.001000,0 days 00:00:17.867000,0 days 00:43:21.765000,0 days 00:44:01.766000,0 days 00:44:19.633000,277.0,326.0,246.0,280.0,True,SOFT,3.0,True,Mercedes,0 days 00:42:49.295000,,1,,False,,False,True
0 days 00:46:39.527000,RUS,63,0 days 00:02:19.894000,13.0,4.0,,0 days 00:46:38.205000,0 days 00:00:55.224000,0 days 00:00:59.366000,0 days 00:00:25.304000,0 days 00:45:14.857000,0 days 00:46:14.223000,0 days 00:46:39.527000,205.0,229.0,,251.0,False,SOFT,4.0,True,Mercedes,0 days 00:44:19.633000,,1,,False,,False,False
0 days 00:49:07.199000,RUS,63,0 days 00:02:27.672000,14.0,5.0,0 days 00:47:06.234000,,0 days 00:01:22.574000,0 days 00:00:44.236000,0 days 00:00:20.862000,0 days 00:48:02.101000,0 days 00:48:46.337000,0 days 00:49:07.199000,259.0,252.0,256.0,251.0,False,SOFT,5.0,False,Mercedes,0 days 00:46:39.527000,,1,,False,,False,False
0 days 00:50:37.560000,RUS,63,0 days 00:01:30.361000,15.0,5.0,,,0 days 00:00:32.523000,0 days 00:00:40.053000,0 days 00:00:17.785000,0 days 00:49:39.722000,0 days 00:50:19.775000,0 days 00:50:37.560000,278.0,319.0,262.0,278.0,False,SOFT,6.0,False,Mercedes,0 days 00:49:07.199000,,1,,False,,False,True
0 days 00:52:23.240000,RUS,63,0 days 00:01:45.680000,16.0,5.0,,0 days 00:52:21.862000,0 days 00:00:36.238000,0 days 00:00:44.936000,0 days 00:00:24.506000,0 days 00:51:13.798000,0 days 00:51:58.734000,0 days 00:52:23.240000,244.0,280.0,,266.0,False,SOFT,7.0,False,Mercedes,0 days 00:50:37.560000,,1,,False,,False,False
0 days 00:59:47.548000,RUS,63,,17.0,6.0,0 days 00:57:51.487000,,,0 days 00:00:42.141000,0 days 00:00:18.201000,,0 days 00:59:29.500000,0 days 00:59:47.620000,273.0,317.0,277.0,276.0,False,MEDIUM,10.0,False,Mercedes,0 days 00:52:23.240000,,1,,False,,False,False
0 days 01:01:22.200000,RUS,63,0 days 00:01:34.652000,18.0,6.0,,,0 days 00:00:34.433000,0 days 00:00:42.054000,0 days 00:00:18.165000,0 days 01:00:21.981000,0 days 01:01:04.035000,0 days 01:01:22.200000,254.0,310.0,277.0,275.0,False,MEDIUM,11.0,False,Mercedes,0 days 00:59:47.548000,,1,,False,,False,True
0 days 01:02:56.654000,RUS,63,0 days 00:01:34.454000,19.0,6.0,,,0 days 00:00:34.424000,0 days 00:00:42.014000,0 days 00:00:18.016000,0 days 01:01:56.624000,0 days 01:02:38.638000,0 days 01:02:56.654000,254.0,311.0,276.0,275.0,False,MEDIUM,12.0,False,Mercedes,0 days 01:01:22.200000,,1,,False,,False,True
0 days 01:04:32.152000,RUS,63,0 days 00:01:35.498000,20.0,6.0,,,0 days 00:00:35.046000,0 days 00:00:42.254000,0 days 00:00:18.198000,0 days 01:03:31.700000,0 days 01:04:13.954000,0 days 01:04:32.152000,252.0,309.0,276.0,274.0,False,MEDIUM,13.0,False,Mercedes,0 days 01:02:56.654000,,1,,False,,False,True
0 days 01:06:07.046000,RUS,63,0 days 00:01:34.894000,21.0,6.0,,,0 days 00:00:34.774000,0 days 00:00:41.944000,0 days 00:00:18.176000,0 days 01:05:06.926000,0 days 01:05:48.870000,0 days 01:06:07.046000,255.0,318.0,277.0,280.0,False,MEDIUM,14.0,False,Mercedes,0 days 01:04:32.152000,,1,,False,,False,True
0 days 01:07:42.533000,RUS,63,0 days 00:01:35.487000,22.0,6.0,,,0 days 00:00:34.881000,0 days 00:00:42.450000,0 days 00:00:18.156000,0 days 01:06:41.927000,0 days 01:07:24.377000,0 days 01:07:42.533000,253.0,314.0,278.0,277.0,False,MEDIUM,15.0,False,Mercedes,0 days 01:06:07.046000,,1,,False,,False,True
0 days 01:09:17.476000,RUS,63,0 days 00:01:34.943000,23.0,6.0,,,0 days 00:00:34.677000,0 days 00:00:42.051000,0 days 00:00:18.215000,0 days 01:08:17.210000,0 days 01:08:59.261000,0 days 01:09:17.476000,255.0,313.0,277.0,276.0,False,MEDIUM,16.0,False,Mercedes,0 days 01:07:42.533000,,1,,False,,False,True
0 days 01:10:52.691000,RUS,63,0 days 00:01:35.215000,24.0,6.0,,,0 days 00:00:34.736000,0 days 00:00:42.181000,0 days 00:00:18.298000,0 days 01:09:52.212000,0 days 01:10:34.393000,0 days 01:10:52.691000,253.0,310.0,278.0,275.0,False,MEDIUM,17.0,False,Mercedes,0 days 01:09:17.476000,,1,,False,,False,True
0 days 01:12:30.935000,RUS,63,0 days 00:01:38.244000,25.0,6.0,,0 days 01:12:29.448000,0 days 00:00:34.585000,0 days 00:00:42.447000,0 days 00:00:21.212000,0 days 01:11:27.276000,0 days 01:12:09.723000,0 days 01:12:30.935000,253.0,291.0,,270.0,False,MEDIUM,18.0,False,Mercedes,0 days 01:10:52.691000,,1,,False,,False,False
0 days 01:15:42.208000,RUS,63,,26.0,7.0,0 days 01:13:20.425000,,,0 days 00:00:51.633000,0 days 00:00:25.499000,,0 days 01:15:16.851000,0 days 01:15:42.221000,265.0,277.0,272.0,262.0,False,SOFT,8.0,False,Mercedes,0 days 01:12:30.935000,,1,,False,,False,False
0 days 01:17:39.241000,RUS,63,0 days 00:01:57.033000,27.0,7.0,,,0 days 00:00:39.751000,0 days 00:00:47.845000,0 days 00:00:29.437000,0 days 01:16:21.959000,0 days 01:17:09.804000,0 days 01:17:39.241000,244.0,252.0,93.0,247.0,False,SOFT,9.0,False,Mercedes,0 days 01:15:42.208000,,1,,False,,False,True
0 days 01:20:34.183000,RUS,63,,28.0,7.0,,,0 days 00:01:29.138000,0 days 00:00:50.730000,0 days 00:00:35.040000,0 days 01:19:08.561000,0 days 01:19:59.261000,0 days 01:20:34.238000,270.0,253.0,66.0,201.0,False,SOFT,10.0,False,Mercedes,0 days 01:17:39.241000,,1,,False,,False,False
0 days 01:23:02.290000,RUS,63,0 days 00:02:28.107000,29.0,7.0,,0 days 01:23:00.732000,0 days 00:01:16.880000,0 days 00:00:48.001000,0 days 00:00:23.226000,0 days 01:21:51.063000,0 days 01:22:39.064000,0 days 01:23:02.290000,271.0,268.0,,259.0,False,SOFT,11.0,False,Mercedes,0 days 01:20:34.183000,,12,,False,,False,False
0 days 00:16:50.673000,BOT,77,,1.0,1.0,0 days 00:14:47.962000,,,0 days 00:00:47.298000,0 days 00:00:26.835000,,0 days 00:16:23.992000,0 days 00:16:50.829000,261.0,247.0,252.0,175.0,False,MEDIUM,1.0,True,Cadillac,0 days 00:14:47.962000,,671,,False,,False,False
0 days 00:18:25.780000,BOT,77,0 days 00:01:35.107000,2.0,1.0,,,0 days 00:00:34.728000,0 days 00:00:42.058000,0 days 00:00:18.321000,0 days 00:17:25.401000,0 days 00:18:07.459000,0 days 00:18:25.780000,276.0,322.0,253.0,279.0,True,MEDIUM,2.0,True,Cadillac,0 days 00:16:50.673000,,1,,False,,False,True
0 days 00:20:33.630000,BOT,77,0 days 00:02:07.850000,3.0,1.0,,,0 days 00:00:48.103000,0 days 00:00:54.900000,0 days 00:00:24.847000,0 days 00:19:13.883000,0 days 00:20:08.783000,0 days 00:20:33.630000,217.0,230.0,260.0,182.0,False,MEDIUM,3.0,True,Cadillac,0 days 00:18:25.780000,,1,,False,,False,True
0 days 00:22:08.108000,BOT,77,0 days 00:01:34.478000,4.0,1.0,,,0 days 00:00:34.510000,0 days 00:00:41.827000,0 days 00:00:18.141000,0 days 00:21:08.140000,0 days 00:21:49.967000,0 days 00:22:08.108000,275.0,323.0,268.0,280.0,True,MEDIUM,4.0,True,Cadillac,0 days 00:20:33.630000,,1,,False,,False,True
0 days 00:24:19.719000,BOT,77,0 days 00:02:11.611000,5.0,1.0,,,0 days 00:00:50.026000,0 days 00:00:57.775000,0 days 00:00:23.810000,0 days 00:22:58.134000,0 days 00:23:55.909000,0 days 00:24:19.719000,207.0,244.0,261.0,193.0,False,MEDIUM,5.0,True,Cadillac,0 days 00:22:08.108000,,1,,False,,False,True
0 days 00:25:54.096000,BOT,77,0 days 00:01:34.377000,6.0,1.0,,,0 days 00:00:34.426000,0 days 00:00:41.837000,0 days 00:00:18.114000,0 days 00:24:54.145000,0 days 00:25:35.982000,0 days 00:25:54.096000,276.0,328.0,255.0,284.0,True,MEDIUM,6.0,True,Cadillac,0 days 00:24:19.719000,,1,,False,,False,True
0 days 00:27:59.382000,BOT,77,0 days 00:02:05.286000,7.0,1.0,,0 days 00:27:57.914000,0 days 00:00:51.251000,0 days 00:00:47.823000,0 days 00:00:26.212000,0 days 00:26:45.347000,0 days 00:27:33.170000,0 days 00:27:59.382000,248.0,238.0,,251.0,False,MEDIUM,7.0,True,Cadillac,0 days 00:25:54.096000,,12,,False,,False,False
0 days 00:39:34.301000,BOT,77,,8.0,2.0,0 days 00:37:30.067000,,,0 days 00:00:49.831000,0 days 00:00:27.546000,,0 days 00:39:07.025000,0 days 00:39:34.460000,259.0,258.0,263.0,162.0,False,SOFT,1.0,True,Cadillac,0 days 00:27:59.382000,,1,,False,,False,False
0 days 00:41:06.916000,BOT,77,0 days 00:01:32.615000,9.0,2.0,,,0 days 00:00:33.664000,0 days 00:00:41.069000,0 days 00:00:17.882000,0 days 00:40:07.965000,0 days 00:40:49.034000,0 days 00:41:06.916000,281.0,332.0,259.0,290.0,True,SOFT,2.0,True,Cadillac,0 days 00:39:34.301000,,1,,False,,False,True
0 days 00:43:30.557000,BOT,77,0 days 00:02:23.641000,10.0,2.0,,0 days 00:43:29.167000,0 days 00:00:46.213000,0 days 00:01:13.306000,0 days 00:00:24.122000,0 days 00:41:53.129000,0 days 00:43:06.435000,0 days 00:43:30.557000,203.0,271.0,,260.0,False,SOFT,3.0,True,Cadillac,0 days 00:41:06.916000,,1,,False,,False,False
0 days 00:46:00.452000,BOT,77,0 days 00:02:29.895000,11.0,3.0,0 days 00:44:02.235000,,0 days 00:01:12.907000,0 days 00:00:51.757000,0 days 00:00:25.231000,0 days 00:44:43.464000,0 days 00:45:35.221000,0 days 00:46:00.452000,189.0,264.0,264.0,183.0,False,SOFT,4.0,False,Cadillac,0 days 00:43:30.557000,,1,,False,,False,False
0 days 00:47:33.687000,BOT,77,0 days 00:01:33.235000,12.0,3.0,,,0 days 00:00:33.922000,0 days 00:00:41.349000,0 days 00:00:17.964000,0 days 00:46:34.374000,0 days 00:47:15.723000,0 days 00:47:33.687000,277.0,325.0,271.0,282.0,False,SOFT,5.0,False,Cadillac,0 days 00:46:00.452000,,1,,False,,False,True
0 days 00:49:34.692000,BOT,77,0 days 00:02:01.005000,13.0,3.0,,0 days 00:49:33.310000,0 days 00:00:42.598000,0 days 00:00:52.057000,0 days 00:00:26.350000,0 days 00:48:16.285000,0 days 00:49:08.342000,0 days 00:49:34.692000,251.0,238.0,,235.0,False,SOFT,6.0,False,Cadillac,0 days 00:47:33.687000,,1,,False,,False,False
0 days 00:57:01.702000,BOT,77,,14.0,4.0,0 days 00:55:00.219000,,,0 days 00:00:45.381000,0 days 00:00:20.101000,,0 days 00:56:41.671000,0 days 00:57:01.724000,261.0,315.0,271.0,259.0,False,MEDIUM,8.0,False,Cadillac,0 days 00:49:34.692000,,1,,False,,False,False
0 days 00:58:39.285000,BOT,77,0 days 00:01:37.583000,15.0,4.0,,,0 days 00:00:35.886000,0 days 00:00:43.112000,0 days 00:00:18.585000,0 days 00:57:37.588000,0 days 00:58:20.700000,0 days 00:58:39.285000,254.0,312.0,275.0,277.0,False,MEDIUM,9.0,False,Cadillac,0 days 00:57:01.702000,,1,,False,,False,True
0 days 01:00:16.953000,BOT,77,0 days 00:01:37.668000,16.0,4.0,,,0 days 00:00:35.702000,0 days 00:00:43.341000,0 days 00:00:18.625000,0 days 00:59:14.987000,0 days 00:59:58.328000,0 days 01:00:16.953000,256.0,308.0,270.0,277.0,False,MEDIUM,10.0,False,Cadillac,0 days 00:58:39.285000,,1,,False,,False,True
0 days 01:01:54.895000,BOT,77,0 days 00:01:37.942000,17.0,4.0,,,0 days 00:00:36.093000,0 days 00:00:43.372000,0 days 00:00:18.477000,0 days 01:00:53.046000,0 days 01:01:36.418000,0 days 01:01:54.895000,253.0,310.0,274.0,277.0,False,MEDIUM,11.0,False,Cadillac,0 days 01:00:16.953000,,1,,False,,False,True
0 days 01:03:33.021000,BOT,77,0 days 00:01:38.126000,18.0,4.0,,,0 days 00:00:36.364000,0 days 00:00:43.143000,0 days 00:00:18.619000,0 days 01:02:31.259000,0 days 01:03:14.402000,0 days 01:03:33.021000,259.0,309.0,272.0,276.0,False,MEDIUM,12.0,False,Cadillac,0 days 01:01:54.895000,,1,,False,,False,True
0 days 01:05:10.841000,BOT,77,0 days 00:01:37.820000,19.0,4.0,,,0 days 00:00:36.146000,0 days 00:00:43.164000,0 days 00:00:18.510000,0 days 01:04:09.167000,0 days 01:04:52.331000,0 days 01:05:10.841000,261.0,312.0,276.0,277.0,False,MEDIUM,13.0,False,Cadillac,0 days 01:03:33.021000,,1,,False,,False,True
0 days 01:06:49.050000,BOT,77,0 days 00:01:38.209000,20.0,4.0,,,0 days 00:00:36.269000,0 days 00:00:43.276000,0 days 00:00:18.664000,0 days 01:05:47.110000,0 days 01:06:30.386000,0 days 01:06:49.050000,253.0,309.0,273.0,276.0,False,MEDIUM,14.0,False,Cadillac,0 days 01:05:10.841000,,1,,False,,False,True
0 days 01:08:27.104000,BOT,77,0 days 00:01:38.054000,21.0,4.0,,,0 days 00:00:36.179000,0 days 00:00:43.289000,0 days 00:00:18.586000,0 days 01:07:25.229000,0 days 01:08:08.518000,0 days 01:08:27.104000,257.0,312.0,273.0,278.0,False,MEDIUM,15.0,False,Cadillac,0 days 01:06:49.050000,,1,,False,,False,True
0 days 01:10:05.210000,BOT,77,0 days 00:01:38.106000,22.0,4.0,,,0 days 00:00:36.170000,0 days 00:00:43.409000,0 days 00:00:18.527000,0 days 01:09:03.274000,0 days 01:09:46.683000,0 days 01:10:05.210000,257.0,313.0,274.0,278.0,False,MEDIUM,16.0,False,Cadillac,0 days 01:08:27.104000,,1,,False,,False,True
0 days 01:11:43.210000,BOT,77,0 days 00:01:38,23.0,4.0,,,0 days 00:00:36.087000,0 days 00:00:43.389000,0 days 00:00:18.524000,0 days 01:10:41.297000,0 days 01:11:24.686000,0 days 01:11:43.210000,256.0,316.0,275.0,280.0,False,MEDIUM,17.0,False,Cadillac,0 days 01:10:05.210000,,1,,False,,False,True
0 days 01:13:21.452000,BOT,77,0 days 00:01:38.242000,24.0,4.0,,,0 days 00:00:36.214000,0 days 00:00:43.456000,0 days 00:00:18.572000,0 days 01:12:19.424000,0 days 01:13:02.880000,0 days 01:13:21.452000,256.0,313.0,272.0,279.0,False,MEDIUM,18.0,False,Cadillac,0 days 01:11:43.210000,,1,,False,,False,True
0 days 01:14:59.538000,BOT,77,0 days 00:01:38.086000,25.0,4.0,,,0 days 00:00:36.428000,0 days 00:00:43.181000,0 days 00:00:18.477000,0 days 01:13:57.880000,0 days 01:14:41.061000,0 days 01:14:59.538000,257.0,329.0,262.0,289.0,False,MEDIUM,19.0,False,Cadillac,0 days 01:13:21.452000,,1,,False,,False,True
0 days 01:17:08.169000,BOT,77,0 days 00:02:08.631000,26.0,4.0,,,0 days 00:00:45.373000,0 days 00:00:54.902000,0 days 00:00:28.356000,0 days 01:15:44.911000,0 days 01:16:39.813000,0 days 01:17:08.169000,221.0,238.0,89.0,196.0,False,MEDIUM,20.0,False,Cadillac,0 days 01:14:59.538000,,1,,False,,False,True
0 days 01:20:01.570000,BOT,77,,27.0,4.0,,,0 days 00:01:35.045000,0 days 00:00:49.418000,0 days 00:00:28.950000,0 days 01:18:43.348000,0 days 01:19:32.685000,0 days 01:20:01.740000,244.0,236.0,101.0,198.0,False,MEDIUM,21.0,False,Cadillac,0 days 01:17:08.169000,,1,,False,,False,False
0 days 01:22:31.276000,BOT,77,0 days 00:02:29.706000,28.0,4.0,,0 days 01:22:29.772000,0 days 00:01:19.426000,0 days 00:00:47.355000,0 days 00:00:22.925000,0 days 01:21:20.996000,0 days 01:22:08.351000,0 days 01:22:31.276000,252.0,296.0,,237.0,False,MEDIUM,22.0,False,Cadillac,0 days 01:20:01.570000,,12,,False,,False,False
0 days 00:17:07.822000,PIA,81,,1.0,1.0,0 days 00:14:53.972000,,,0 days 00:00:46.272000,0 days 00:00:33.075000,,0 days 00:16:34.961000,0 days 00:17:07.872000,261.0,253.0,244.0,188.0,False,MEDIUM,1.0,True,McLaren,0 days 00:14:53.972000,,671,,False,,False,False
0 days 00:18:41.057000,PIA,81,0 days 00:01:33.235000,2.0,1.0,,,0 days 00:00:34.238000,0 days 00:00:40.829000,0 days 00:00:18.168000,0 days 00:17:42.060000,0 days 00:18:22.889000,0 days 00:18:41.057000,276.0,317.0,264.0,278.0,True,MEDIUM,2.0,True,McLaren,0 days 00:17:07.822000,,1,,False,,False,True
0 days 00:20:45.615000,PIA,81,0 days 00:02:04.558000,3.0,1.0,,,0 days 00:00:46.708000,0 days 00:00:55.614000,0 days 00:00:22.236000,0 days 00:19:27.765000,0 days 00:20:23.379000,0 days 00:20:45.615000,189.0,223.0,257.0,213.0,False,MEDIUM,3.0,True,McLaren,0 days 00:18:41.057000,,1,,False,,False,True
0 days 00:22:17.110000,PIA,81,0 days 00:01:31.495000,4.0,1.0,,,0 days 00:00:33.133000,0 days 00:00:40.401000,0 days 00:00:17.961000,0 days 00:21:18.748000,0 days 00:21:59.149000,0 days 00:22:17.110000,274.0,315.0,264.0,276.0,True,MEDIUM,4.0,True,McLaren,0 days 00:20:45.615000,,1,,False,,False,True
0 days 00:24:29.288000,PIA,81,0 days 00:02:12.178000,5.0,1.0,,,0 days 00:00:45.542000,0 days 00:00:59.672000,0 days 00:00:26.964000,0 days 00:23:02.652000,0 days 00:24:02.324000,0 days 00:24:29.288000,189.0,142.0,253.0,129.0,False,MEDIUM,5.0,True,McLaren,0 days 00:22:17.110000,,1,,False,,False,True
0 days 00:26:00.355000,PIA,81,0 days 00:01:31.067000,6.0,1.0,,,0 days 00:00:32.988000,0 days 00:00:40.241000,0 days 00:00:17.838000,0 days 00:25:02.276000,0 days 00:25:42.517000,0 days 00:26:00.355000,273.0,317.0,263.0,278.0,True,MEDIUM,6.0,True,McLaren,0 days 00:24:29.288000,,12,,False,,False,True
0 days 00:28:01.027000,PIA,81,0 days 00:02:00.672000,7.0,1.0,,0 days 00:27:59.621000,0 days 00:00:46.368000,0 days 00:00:48.303000,0 days 00:00:26.001000,0 days 00:26:46.723000,0 days 00:27:35.026000,0 days 00:28:01.027000,241.0,247.0,,220.0,False,MEDIUM,7.0,True,McLaren,0 days 00:26:00.355000,,21,,False,,False,False
0 days 00:38:06.588000,PIA,81,,8.0,2.0,0 days 00:36:24.571000,,,0 days 00:00:44.971000,0 days 00:00:20.130000,,0 days 00:37:46.666000,0 days 00:38:06.732000,264.0,258.0,262.0,258.0,False,SOFT,1.0,True,McLaren,0 days 00:28:01.027000,,1,,False,,False,False
0 days 00:39:36.721000,PIA,81,0 days 00:01:30.133000,9.0,2.0,,,0 days 00:00:32.412000,0 days 00:00:39.990000,0 days 00:00:17.731000,0 days 00:38:39,0 days 00:39:18.990000,0 days 00:39:36.721000,273.0,318.0,268.0,280.0,True,SOFT,2.0,True,McLaren,0 days 00:38:06.588000,,1,,False,,False,True
0 days 00:41:50.229000,PIA,81,0 days 00:02:13.508000,10.0,2.0,,,0 days 00:00:45.557000,0 days 00:01:00.993000,0 days 00:00:26.958000,0 days 00:40:22.278000,0 days 00:41:23.271000,0 days 00:41:50.229000,188.0,171.0,255.0,197.0,False,SOFT,3.0,True,McLaren,0 days 00:39:36.721000,,1,,False,,False,True
0 days 00:43:20.678000,PIA,81,0 days 00:01:30.449000,11.0,2.0,,,0 days 00:00:32.540000,0 days 00:00:40.122000,0 days 00:00:17.787000,0 days 00:42:22.769000,0 days 00:43:02.891000,0 days 00:43:20.678000,274.0,321.0,268.0,282.0,False,SOFT,4.0,True,McLaren,0 days 00:41:50.229000,,1,,False,,False,True
0 days 00:45:19.002000,PIA,81,0 days 00:01:58.324000,12.0,2.0,,0 days 00:45:17.591000,0 days 00:00:45.802000,0 days 00:00:48.955000,0 days 00:00:23.567000,0 days 00:44:06.480000,0 days 00:44:55.435000,0 days 00:45:19.002000,223.0,254.0,,231.0,False,SOFT,5.0,True,McLaren,0 days 00:43:20.678000,,1,,False,,False,False
0 days 00:47:38.812000,PIA,81,0 days 00:02:19.810000,13.0,3.0,0 days 00:45:43.988000,,0 days 00:01:06.521000,0 days 00:00:52.512000,0 days 00:00:20.777000,0 days 00:46:25.523000,0 days 00:47:18.035000,0 days 00:47:38.812000,217.0,247.0,259.0,238.0,False,SOFT,6.0,False,McLaren,0 days 00:45:19.002000,,1,,False,,False,False
0 days 00:49:09.609000,PIA,81,0 days 00:01:30.797000,14.0,3.0,,,0 days 00:00:32.761000,0 days 00:00:40.050000,0 days 00:00:17.986000,0 days 00:48:11.573000,0 days 00:48:51.623000,0 days 00:49:09.609000,275.0,319.0,265.0,279.0,False,SOFT,7.0,False,McLaren,0 days 00:47:38.812000,,1,,False,,False,True
0 days 00:50:54.853000,PIA,81,0 days 00:01:45.244000,15.0,3.0,,0 days 00:50:53.463000,0 days 00:00:38.673000,0 days 00:00:44.618000,0 days 00:00:21.953000,0 days 00:49:48.282000,0 days 00:50:32.900000,0 days 00:50:54.853000,243.0,277.0,,261.0,False,SOFT,8.0,False,McLaren,0 days 00:49:09.609000,,1,,False,,False,False
0 days 00:59:09.475000,PIA,81,,16.0,4.0,0 days 00:57:34.691000,,,0 days 00:00:42.218000,0 days 00:00:18.222000,,0 days 00:58:51.389000,0 days 00:59:09.649000,262.0,321.0,280.0,283.0,False,MEDIUM,8.0,False,McLaren,0 days 00:50:54.853000,,1,,False,,False,False
0 days 01:00:44.350000,PIA,81,0 days 00:01:34.875000,17.0,4.0,,,0 days 00:00:34.718000,0 days 00:00:42.104000,0 days 00:00:18.053000,0 days 00:59:44.193000,0 days 01:00:26.297000,0 days 01:00:44.350000,260.0,324.0,277.0,292.0,False,MEDIUM,9.0,False,McLaren,0 days 00:59:09.475000,,1,,False,,False,True
0 days 01:02:19.634000,PIA,81,0 days 00:01:35.284000,18.0,4.0,,,0 days 00:00:34.899000,0 days 00:00:42.210000,0 days 00:00:18.175000,0 days 01:01:19.249000,0 days 01:02:01.459000,0 days 01:02:19.634000,261.0,316.0,279.0,283.0,False,MEDIUM,10.0,False,McLaren,0 days 01:00:44.350000,,1,,False,,False,True
0 days 01:03:55.098000,PIA,81,0 days 00:01:35.464000,19.0,4.0,,,0 days 00:00:35.022000,0 days 00:00:42.214000,0 days 00:00:18.228000,0 days 01:02:54.656000,0 days 01:03:36.870000,0 days 01:03:55.098000,258.0,322.0,280.0,290.0,False,MEDIUM,11.0,False,McLaren,0 days 01:02:19.634000,,1,,False,,False,True
0 days 01:05:32.282000,PIA,81,0 days 00:01:37.184000,20.0,4.0,,,0 days 00:00:35.077000,0 days 00:00:43.929000,0 days 00:00:18.178000,0 days 01:04:30.175000,0 days 01:05:14.104000,0 days 01:05:32.282000,252.0,321.0,281.0,288.0,False,MEDIUM,12.0,False,McLaren,0 days 01:03:55.098000,,1,,False,,False,True
0 days 01:07:08.434000,PIA,81,0 days 00:01:36.152000,21.0,4.0,,,0 days 00:00:35.147000,0 days 00:00:42.740000,0 days 00:00:18.265000,0 days 01:06:07.429000,0 days 01:06:50.169000,0 days 01:07:08.434000,272.0,327.0,280.0,290.0,False,MEDIUM,13.0,False,McLaren,0 days 01:05:32.282000,,1,,False,,False,True
0 days 01:08:44.981000,PIA,81,0 days 00:01:36.547000,22.0,4.0,,,0 days 00:00:35.645000,0 days 00:00:42.829000,0 days 00:00:18.073000,0 days 01:07:44.079000,0 days 01:08:26.908000,0 days 01:08:44.981000,265.0,344.0,263.0,286.0,False,MEDIUM,14.0,False,McLaren,0 days 01:07:08.434000,,1,,False,,False,True
0 days 01:10:21.491000,PIA,81,0 days 00:01:36.510000,23.0,4.0,,,0 days 00:00:35.622000,0 days 00:00:42.597000,0 days 00:00:18.291000,0 days 01:09:20.603000,0 days 01:10:03.200000,0 days 01:10:21.491000,257.0,306.0,280.0,277.0,False,MEDIUM,15.0,False,McLaren,0 days 01:08:44.981000,,1,,False,,False,True
0 days 01:11:56.870000,PIA,81,0 days 00:01:35.379000,24.0,4.0,,,0 days 00:00:34.922000,0 days 00:00:42.238000,0 days 00:00:18.219000,0 days 01:10:56.413000,0 days 01:11:38.651000,0 days 01:11:56.870000,259.0,309.0,280.0,279.0,False,MEDIUM,16.0,False,McLaren,0 days 01:10:21.491000,,1,,False,,False,True
0 days 01:13:33.896000,PIA,81,0 days 00:01:37.026000,25.0,4.0,,0 days 01:13:32.469000,0 days 00:00:34.754000,0 days 00:00:42.088000,0 days 00:00:20.184000,0 days 01:12:31.624000,0 days 01:13:13.712000,0 days 01:13:33.896000,259.0,324.0,,290.0,False,MEDIUM,17.0,False,McLaren,0 days 01:11:56.870000,,1,,False,,False,False
0 days 01:15:29.695000,PIA,81,0 days 00:01:55.799000,26.0,5.0,0 days 01:13:55.633000,,0 days 00:00:55.321000,0 days 00:00:42.395000,0 days 00:00:18.083000,0 days 01:14:29.217000,0 days 01:15:11.612000,0 days 01:15:29.695000,254.0,309.0,280.0,277.0,False,SOFT,9.0,False,McLaren,0 days 01:13:33.896000,,1,,False,,False,False
0 days 01:17:37.892000,PIA,81,0 days 00:02:08.197000,27.0,5.0,,,0 days 00:00:39.834000,0 days 00:00:53.206000,0 days 00:00:35.157000,0 days 01:16:09.529000,0 days 01:17:02.735000,0 days 01:17:37.892000,194.0,238.0,76.0,197.0,False,SOFT,10.0,False,McLaren,0 days 01:15:29.695000,,1,,False,,False,True
0 days 01:20:23.339000,PIA,81,,28.0,5.0,,,0 days 00:01:24.511000,0 days 00:00:47.317000,0 days 00:00:33.600000,0 days 01:19:02.661000,0 days 01:19:49.844000,0 days 01:20:23.339000,270.0,220.0,68.0,222.0,False,SOFT,11.0,False,McLaren,0 days 01:17:37.892000,,1,,False,,False,False
0 days 01:22:55.674000,PIA,81,,29.0,5.0,,0 days 01:22:54.105000,0 days 00:01:17.865000,0 days 00:00:52.293000,0 days 00:00:22.120000,0 days 01:21:41.307000,0 days 01:22:33.679000,0 days 01:22:55.674000,291.0,239.0,,247.0,False,SOFT,12.0,False,McLaren,0 days 01:20:23.339000,,12,,False,,False,False
0 days 00:17:13.212000,BEA,87,,1.0,1.0,0 days 00:14:55.072000,,,0 days 00:00:45.680000,0 days 00:00:34.863000,,0 days 00:16:38.567000,0 days 00:17:13.252000,269.0,260.0,256.0,162.0,False,MEDIUM,1.0,True,Haas F1 Team,0 days 00:14:55.072000,,671,,False,,False,False
0 days 00:18:47.247000,BEA,87,0 days 00:01:34.035000,2.0,1.0,,,0 days 00:00:34.144000,0 days 00:00:41.654000,0 days 00:00:18.237000,0 days 00:17:47.356000,0 days 00:18:29.010000,0 days 00:18:47.247000,274.0,322.0,256.0,276.0,True,MEDIUM,2.0,True,Haas F1 Team,0 days 00:17:13.212000,,1,,False,,False,True
0 days 00:21:20.171000,BEA,87,,3.0,1.0,,,0 days 00:00:55.277000,0 days 00:00:57.415000,0 days 00:00:40.264000,0 days 00:19:42.628000,0 days 00:20:40.143000,0 days 00:21:20.299000,168.0,140.0,241.0,83.0,False,MEDIUM,3.0,True,Haas F1 Team,0 days 00:18:47.247000,,1,,False,,False,False
0 days 00:22:53.882000,BEA,87,0 days 00:01:33.711000,4.0,1.0,,,0 days 00:00:34.121000,0 days 00:00:41.298000,0 days 00:00:18.292000,0 days 00:21:54.292000,0 days 00:22:35.590000,0 days 00:22:53.882000,275.0,313.0,262.0,270.0,True,MEDIUM,4.0,True,Haas F1 Team,0 days 00:21:20.171000,,1,,False,,False,True
0 days 00:25:15.597000,BEA,87,0 days 00:02:21.715000,5.0,1.0,,,0 days 00:01:02.328000,0 days 00:00:57.795000,0 days 00:00:21.592000,0 days 00:23:56.210000,0 days 00:24:54.005000,0 days 00:25:15.597000,115.0,267.0,255.0,256.0,False,MEDIUM,5.0,True,Haas F1 Team,0 days 00:22:53.882000,,1,,False,,False,True
0 days 00:26:48.805000,BEA,87,0 days 00:01:33.208000,6.0,1.0,,,0 days 00:00:33.698000,0 days 00:00:41.193000,0 days 00:00:18.317000,0 days 00:25:49.295000,0 days 00:26:30.488000,0 days 00:26:48.805000,275.0,313.0,261.0,271.0,True,MEDIUM,6.0,True,Haas F1 Team,0 days 00:25:15.597000,,12,,False,,False,True
0 days 00:28:42.294000,BEA,87,0 days 00:01:53.489000,7.0,1.0,,0 days 00:28:40.881000,0 days 00:00:40.653000,0 days 00:00:49.375000,0 days 00:00:23.461000,0 days 00:27:29.458000,0 days 00:28:18.833000,0 days 00:28:42.294000,214.0,273.0,,260.0,False,MEDIUM,7.0,True,Haas F1 Team,0 days 00:26:48.805000,,1,,False,,False,False
0 days 00:41:33.153000,BEA,87,,8.0,2.0,0 days 00:39:45.209000,,,0 days 00:00:47.469000,0 days 00:00:20.323000,,0 days 00:41:13.097000,0 days 00:41:33.313000,229.0,266.0,262.0,256.0,False,SOFT,1.0,True,Haas F1 Team,0 days 00:28:42.294000,,1,,False,,False,False
0 days 00:43:04.933000,BEA,87,0 days 00:01:31.780000,9.0,2.0,,,0 days 00:00:33.120000,0 days 00:00:40.793000,0 days 00:00:17.867000,0 days 00:42:06.273000,0 days 00:42:47.066000,0 days 00:43:04.933000,278.0,324.0,260.0,279.0,True,SOFT,2.0,True,Haas F1 Team,0 days 00:41:33.153000,,1,,False,,False,True
0 days 00:45:37.805000,BEA,87,,10.0,2.0,,0 days 00:45:36.489000,0 days 00:01:01.465000,0 days 00:01:03.099000,0 days 00:00:28.303000,0 days 00:44:06.630000,0 days 00:45:09.698000,0 days 00:45:37.805000,148.0,261.0,,216.0,False,SOFT,3.0,True,Haas F1 Team,0 days 00:43:04.933000,,1,,False,,False,False
0 days 00:48:23.479000,BEA,87,,11.0,3.0,0 days 00:46:16.087000,,0 days 00:01:35.345000,0 days 00:00:46.924000,0 days 00:00:23.375000,0 days 00:47:13.372000,0 days 00:48:00.291000,0 days 00:48:23.556000,226.0,243.0,262.0,181.0,False,SOFT,4.0,False,Haas F1 Team,0 days 00:45:37.805000,,1,,False,,False,False
0 days 00:49:54.977000,BEA,87,0 days 00:01:31.498000,12.0,3.0,,,0 days 00:00:32.966000,0 days 00:00:40.642000,0 days 00:00:17.890000,0 days 00:48:56.445000,0 days 00:49:37.087000,0 days 00:49:54.977000,278.0,318.0,263.0,276.0,True,SOFT,5.0,False,Haas F1 Team,0 days 00:48:23.479000,,1,,False,,False,True
0 days 00:51:41.275000,BEA,87,0 days 00:01:46.298000,13.0,3.0,,0 days 00:51:39.900000,0 days 00:00:38.627000,0 days 00:00:43.588000,0 days 00:00:24.083000,0 days 00:50:33.604000,0 days 00:51:17.192000,0 days 00:51:41.275000,257.0,311.0,,271.0,False,SOFT,6.0,False,Haas F1 Team,0 days 00:49:54.977000,,1,,False,,False,False
0 days 00:58:36.673000,BEA,87,,14.0,4.0,0 days 00:56:37.621000,,,0 days 00:00:42.887000,0 days 00:00:18.873000,,0 days 00:58:17.889000,0 days 00:58:36.810000,259.0,312.0,271.0,271.0,False,MEDIUM,8.0,False,Haas F1 Team,0 days 00:51:41.275000,,1,,False,,False,False
0 days 01:00:13.098000,BEA,87,0 days 00:01:36.425000,15.0,4.0,,,0 days 00:00:35.014000,0 days 00:00:42.870000,0 days 00:00:18.541000,0 days 00:59:11.687000,0 days 00:59:54.557000,0 days 01:00:13.098000,256.0,307.0,274.0,271.0,False,MEDIUM,9.0,False,Haas F1 Team,0 days 00:58:36.673000,,1,,False,,False,True
0 days 01:01:49.455000,BEA,87,0 days 00:01:36.357000,16.0,4.0,,,0 days 00:00:34.943000,0 days 00:00:42.759000,0 days 00:00:18.655000,0 days 01:00:48.041000,0 days 01:01:30.800000,0 days 01:01:49.455000,255.0,304.0,272.0,272.0,False,MEDIUM,10.0,False,Haas F1 Team,0 days 01:00:13.098000,,1,,False,,False,True
0 days 01:03:25.492000,BEA,87,0 days 00:01:36.037000,17.0,4.0,,,0 days 00:00:34.961000,0 days 00:00:42.485000,0 days 00:00:18.591000,0 days 01:02:24.416000,0 days 01:03:06.901000,0 days 01:03:25.492000,259.0,306.0,274.0,272.0,False,MEDIUM,11.0,False,Haas F1 Team,0 days 01:01:49.455000,,1,,False,,False,True
0 days 01:05:01.846000,BEA,87,0 days 00:01:36.354000,18.0,4.0,,,0 days 00:00:34.916000,0 days 00:00:42.985000,0 days 00:00:18.453000,0 days 01:04:00.408000,0 days 01:04:43.393000,0 days 01:05:01.846000,259.0,306.0,272.0,273.0,False,MEDIUM,12.0,False,Haas F1 Team,0 days 01:03:25.492000,,1,,False,,False,True
0 days 01:06:38.212000,BEA,87,0 days 00:01:36.366000,19.0,4.0,,,0 days 00:00:35.322000,0 days 00:00:42.462000,0 days 00:00:18.582000,0 days 01:05:37.168000,0 days 01:06:19.630000,0 days 01:06:38.212000,259.0,307.0,273.0,274.0,False,MEDIUM,13.0,False,Haas F1 Team,0 days 01:05:01.846000,,1,,False,,False,True
0 days 01:08:14.396000,BEA,87,0 days 00:01:36.184000,20.0,4.0,,,0 days 00:00:35.156000,0 days 00:00:42.556000,0 days 00:00:18.472000,0 days 01:07:13.368000,0 days 01:07:55.924000,0 days 01:08:14.396000,257.0,309.0,267.0,274.0,False,MEDIUM,14.0,False,Haas F1 Team,0 days 01:06:38.212000,,1,,False,,False,True
0 days 01:09:50.708000,BEA,87,0 days 00:01:36.312000,21.0,4.0,,,0 days 00:00:35.301000,0 days 00:00:42.565000,0 days 00:00:18.446000,0 days 01:08:49.697000,0 days 01:09:32.262000,0 days 01:09:50.708000,255.0,319.0,278.0,279.0,False,MEDIUM,15.0,False,Haas F1 Team,0 days 01:08:14.396000,,1,,False,,False,True
0 days 01:11:26.739000,BEA,87,0 days 00:01:36.031000,22.0,4.0,,,0 days 00:00:35.089000,0 days 00:00:42.563000,0 days 00:00:18.379000,0 days 01:10:25.797000,0 days 01:11:08.360000,0 days 01:11:26.739000,256.0,310.0,276.0,276.0,False,MEDIUM,16.0,False,Haas F1 Team,0 days 01:09:50.708000,,1,,False,,False,True
0 days 01:13:02.870000,BEA,87,0 days 00:01:36.131000,23.0,4.0,,,0 days 00:00:35.123000,0 days 00:00:42.446000,0 days 00:00:18.562000,0 days 01:12:01.862000,0 days 01:12:44.308000,0 days 01:13:02.870000,258.0,305.0,274.0,274.0,False,MEDIUM,17.0,False,Haas F1 Team,0 days 01:11:26.739000,,1,,False,,False,True
0 days 01:14:39.026000,BEA,87,0 days 00:01:36.156000,24.0,4.0,,,0 days 00:00:35.124000,0 days 00:00:42.513000,0 days 00:00:18.519000,0 days 01:13:37.994000,0 days 01:14:20.507000,0 days 01:14:39.026000,258.0,308.0,276.0,273.0,False,MEDIUM,18.0,False,Haas F1 Team,0 days 01:13:02.870000,,1,,False,,False,True
0 days 01:16:16.181000,BEA,87,0 days 00:01:37.155000,25.0,4.0,,,0 days 00:00:35.611000,0 days 00:00:42.801000,0 days 00:00:18.743000,0 days 01:15:14.637000,0 days 01:15:57.438000,0 days 01:16:16.181000,252.0,307.0,274.0,272.0,False,MEDIUM,19.0,False,Haas F1 Team,0 days 01:14:39.026000,,1,,False,,False,True
0 days 01:18:24.078000,BEA,87,0 days 00:02:07.897000,26.0,4.0,,,0 days 00:00:45.159000,0 days 00:00:51.437000,0 days 00:00:31.301000,0 days 01:17:01.340000,0 days 01:17:52.777000,0 days 01:18:24.078000,172.0,261.0,61.0,234.0,False,MEDIUM,20.0,False,Haas F1 Team,0 days 01:16:16.181000,,1,,False,,False,True
0 days 01:21:06.111000,BEA,87,,27.0,4.0,,,0 days 00:01:18.390000,0 days 00:00:49.928000,0 days 00:00:33.653000,0 days 01:19:42.645000,0 days 01:20:32.522000,0 days 01:21:06.111000,221.0,243.0,60.0,246.0,False,MEDIUM,21.0,False,Haas F1 Team,0 days 01:18:24.078000,,1,,False,,False,False
0 days 01:23:23.434000,BEA,87,0 days 00:02:17.323000,28.0,4.0,,0 days 01:23:21.938000,0 days 00:01:06.992000,0 days 00:00:48.570000,0 days 00:00:21.761000,0 days 01:22:13.103000,0 days 01:23:01.673000,0 days 01:23:23.434000,261.0,320.0,,295.0,False,MEDIUM,22.0,False,Haas F1 Team,0 days 01:21:06.111000,,12,,False,,False,False
