Time,Driver,DriverNumber,LapTime,LapNumber,Stint,PitOutTime,PitInTime,Sector1Time,Sector2Time,Sector3Time,Sector1SessionTime,Sector2SessionTime,Sector3SessionTime,SpeedI1,SpeedI2,SpeedFL,SpeedST,IsPersonalBest,Compound,TyreLife,FreshTyre,Team,LapStartTime,LapStartDate,TrackStatus,Position,Deleted,DeletedReason,FastF1Generated,IsAccurate
0 days 00:45:45.655000,NOR,1,,1.0,1.0,,,,0 days 00:00:34.285000,0 days 00:00:25.979000,,0 days 00:45:19.819000,0 days 00:45:45.833000,214.0,188.0,276.0,295.0,False,MEDIUM,1.0,True,McLaren,0 days 00:44:11.427000,,1,1.0,False,,False,False
0 days 00:47:18.229000,NOR,1,0 days 00:01:32.574000,2.0,1.0,,,0 days 00:00:31.618000,0 days 00:00:34.972000,0 days 00:00:25.984000,0 days 00:46:17.355000,0 days 00:46:52.327000,0 days 00:47:18.311000,216.0,185.0,270.0,299.0,True,MEDIUM,2.0,True,McLaren,0 days 00:45:45.655000,,1,1.0,False,,False,True
0 days 00:48:50.412000,NOR,1,0 days 00:01:32.183000,3.0,1.0,,,0 days 00:00:31.634000,0 days 00:00:34.770000,0 days 00:00:25.779000,0 days 00:47:49.945000,0 days 00:48:24.715000,0 days 00:48:50.494000,216.0,188.0,273.0,300.0,True,MEDIUM,3.0,True,McLaren,0 days 00:47:18.229000,,1,1.0,False,,False,True
0 days 00:50:23.012000,NOR,1,0 days 00:01:32.600000,4.0,1.0,,,0 days 00:00:31.657000,0 days 00:00:35.077000,0 days 00:00:25.866000,0 days 00:49:22.151000,0 days 00:49:57.228000,0 days 00:50:23.094000,217.0,183.0,274.0,299.0,False,MEDIUM,4.0,True,McLaren,0 days 00:48:50.412000,,1,1.0,False,,False,True
0 days 00:51:55.597000,NOR,1,0 days 00:01:32.585000,5.0,1.0,,,0 days 00:00:31.861000,0 days 00:00:34.863000,0 days 00:00:25.861000,0 days 00:50:54.955000,0 days 00:51:29.818000,0 days 00:51:55.679000,216.0,186.0,276.0,299.0,False,MEDIUM,5.0,True,McLaren,0 days 00:50:23.012000,,1,1.0,False,,False,True
0 days 00:53:27.526000,NOR,1,0 days 00:01:31.929000,6.0,1.0,,,0 days 00:00:31.692000,0 days 00:00:34.668000,0 days 00:00:25.569000,0 days 00:52:27.371000,0 days 00:53:02.039000,0 days 00:53:27.608000,214.0,187.0,281.0,301.0,True,MEDIUM,6.0,True,McLaren,0 days 00:51:55.597000,,1,1.0,False,,False,True
0 days 00:54:59.672000,NOR,1,0 days 00:01:32.146000,7.0,1.0,,,0 days 00:00:31.804000,0 days 00:00:34.722000,0 days 00:00:25.620000,0 days 00:53:59.412000,0 days 00:54:34.134000,0 days 00:54:59.754000,216.0,186.0,279.0,300.0,False,MEDIUM,7.0,True,McLaren,0 days 00:53:27.526000,,1,1.0,False,,False,True
0 days 00:56:31.916000,NOR,1,0 days 00:01:32.244000,8.0,1.0,,,0 days 00:00:31.674000,0 days 00:00:34.872000,0 days 00:00:25.698000,0 days 00:55:31.428000,0 days 00:56:06.300000,0 days 00:56:31.998000,213.0,185.0,278.0,301.0,False,MEDIUM,8.0,True,McLaren,0 days 00:54:59.672000,,1,1.0,False,,False,True
0 days 00:58:04.342000,NOR,1,0 days 00:01:32.426000,9.0,1.0,,,0 days 00:00:31.650000,0 days 00:00:35.146000,0 days 00:00:25.630000,0 days 00:57:03.648000,0 days 00:57:38.794000,0 days 00:58:04.424000,214.0,186.0,282.0,302.0,False,MEDIUM,9.0,True,McLaren,0 days 00:56:31.916000,,1,1.0,False,,False,True
0 days 00:59:36.227000,NOR,1,0 days 00:01:31.885000,10.0,1.0,,,0 days 00:00:31.612000,0 days 00:00:34.806000,0 days 00:00:25.467000,0 days 00:58:36.036000,0 days 00:59:10.842000,0 days 00:59:36.309000,214.0,187.0,282.0,304.0,True,MEDIUM,10.0,True,McLaren,0 days 00:58:04.342000,,1,1.0,False,,False,True
0 days 01:01:08.168000,NOR,1,0 days 00:01:31.941000,11.0,1.0,,,0 days 00:00:31.500000,0 days 00:00:34.959000,0 days 00:00:25.482000,0 days 01:00:07.809000,0 days 01:00:42.768000,0 days 01:01:08.250000,215.0,187.0,284.0,303.0,False,MEDIUM,11.0,True,McLaren,0 days 00:59:36.227000,,1,1.0,False,,False,True
0 days 01:02:40.361000,NOR,1,0 days 00:01:32.193000,12.0,1.0,,,0 days 00:00:31.676000,0 days 00:00:34.921000,0 days 00:00:25.596000,0 days 01:01:39.926000,0 days 01:02:14.847000,0 days 01:02:40.443000,212.0,188.0,283.0,304.0,False,MEDIUM,12.0,True,McLaren,0 days 01:01:08.168000,,1,1.0,False,,False,True
0 days 01:04:12.860000,NOR,1,0 days 00:01:32.499000,13.0,1.0,,,0 days 00:00:31.635000,0 days 00:00:35.260000,0 days 00:00:25.604000,0 days 01:03:12.078000,0 days 01:03:47.338000,0 days 01:04:12.942000,216.0,184.0,281.0,304.0,False,MEDIUM,13.0,True,McLaren,0 days 01:02:40.361000,,1,1.0,False,,False,True
0 days 01:05:45.211000,NOR,1,0 days 00:01:32.351000,14.0,1.0,,,0 days 00:00:31.686000,0 days 00:00:35.087000,0 days 00:00:25.578000,0 days 01:04:44.628000,0 days 01:05:19.715000,0 days 01:05:45.293000,215.0,184.0,283.0,304.0,False,MEDIUM,14.0,True,McLaren,0 days 01:04:12.860000,,1,1.0,False,,False,True
0 days 01:07:17.518000,NOR,1,0 days 00:01:32.307000,15.0,1.0,,,0 days 00:00:31.493000,0 days 00:00:35.187000,0 days 00:00:25.627000,0 days 01:06:16.786000,0 days 01:06:51.973000,0 days 01:07:17.600000,218.0,185.0,285.0,306.0,False,MEDIUM,15.0,True,McLaren,0 days 01:05:45.211000,,1,1.0,False,,False,True
0 days 01:08:49.678000,NOR,1,0 days 00:01:32.160000,16.0,1.0,,,0 days 00:00:31.719000,0 days 00:00:34.928000,0 days 00:00:25.513000,0 days 01:07:49.319000,0 days 01:08:24.247000,0 days 01:08:49.760000,215.0,188.0,285.0,306.0,False,MEDIUM,16.0,True,McLaren,0 days 01:07:17.518000,,1,1.0,False,,False,True
0 days 01:10:21.696000,NOR,1,0 days 00:01:32.018000,17.0,1.0,,,0 days 00:00:31.566000,0 days 00:00:34.966000,0 days 00:00:25.486000,0 days 01:09:21.326000,0 days 01:09:56.292000,0 days 01:10:21.778000,216.0,188.0,287.0,307.0,False,MEDIUM,17.0,True,McLaren,0 days 01:08:49.678000,,1,1.0,False,,False,True
0 days 01:11:53.829000,NOR,1,0 days 00:01:32.133000,18.0,1.0,,,0 days 00:00:31.461000,0 days 00:00:35.055000,0 days 00:00:25.617000,0 days 01:10:53.239000,0 days 01:11:28.294000,0 days 01:11:53.911000,217.0,187.0,280.0,290.0,False,MEDIUM,18.0,True,McLaren,0 days 01:10:21.696000,,1,1.0,False,,False,True
0 days 01:13:26.743000,NOR,1,0 days 00:01:32.914000,19.0,1.0,,,0 days 00:00:31.717000,0 days 00:00:35.590000,0 days 00:00:25.607000,0 days 01:12:25.628000,0 days 01:13:01.218000,0 days 01:13:26.825000,215.0,188.0,289.0,300.0,False,MEDIUM,19.0,True,McLaren,0 days 01:11:53.829000,,1,1.0,False,,False,True
0 days 00:45:46.667000,PIA,81,,1.0,1.0,,,,0 days 00:00:34.570000,0 days 00:00:25.731000,,0 days 00:45:21.147000,0 days 00:45:46.758000,216.0,182.0,274.0,299.0,False,MEDIUM,1.0,True,McLaren,0 days 00:44:11.427000,,1,2.0,False,,False,False
0 days 00:47:19.440000,PIA,81,0 days 00:01:32.773000,2.0,1.0,,,0 days 00:00:31.878000,0 days 00:00:34.901000,0 days 00:00:25.994000,0 days 00:46:18.602000,0 days 00:46:53.503000,0 days 00:47:19.497000,212.0,186.0,267.0,303.0,True,MEDIUM,2.0,True,McLaren,0 days 00:45:46.667000,,1,2.0,False,,False,True
0 days 00:48:51.967000,PIA,81,0 days 00:01:32.527000,3.0,1.0,,,0 days 00:00:31.708000,0 days 00:00:34.866000,0 days 00:00:25.953000,0 days 00:47:51.205000,0 days 00:48:26.071000,0 days 00:48:52.024000,213.0,184.0,267.0,305.0,True,MEDIUM,3.0,True,McLaren,0 days 00:47:19.440000,,1,2.0,False,,False,True
0 days 00:50:24.560000,PIA,81,0 days 00:01:32.593000,4.0,1.0,,,0 days 00:00:31.541000,0 days 00:00:35.179000,0 days 00:00:25.873000,0 days 00:49:23.565000,0 days 00:49:58.744000,0 days 00:50:24.617000,214.0,185.0,272.0,305.0,False,MEDIUM,4.0,True,McLaren,0 days 00:48:51.967000,,1,2.0,False,,False,True
0 days 00:51:57.094000,PIA,81,0 days 00:01:32.534000,5.0,1.0,,,0 days 00:00:31.756000,0 days 00:00:35.132000,0 days 00:00:25.646000,0 days 00:50:56.373000,0 days 00:51:31.505000,0 days 00:51:57.151000,211.0,186.0,283.0,306.0,False,MEDIUM,5.0,True,McLaren,0 days 00:50:24.560000,,1,2.0,False,,False,True
0 days 00:53:29.534000,PIA,81,0 days 00:01:32.440000,6.0,1.0,,,0 days 00:00:31.757000,0 days 00:00:35.055000,0 days 00:00:25.628000,0 days 00:52:28.908000,0 days 00:53:03.963000,0 days 00:53:29.591000,215.0,187.0,280.0,307.0,True,MEDIUM,6.0,True,McLaren,0 days 00:51:57.094000,,1,2.0,False,,False,True
0 days 00:55:01.762000,PIA,81,0 days 00:01:32.228000,7.0,1.0,,,0 days 00:00:31.772000,0 days 00:00:34.754000,0 days 00:00:25.702000,0 days 00:54:01.363000,0 days 00:54:36.117000,0 days 00:55:01.819000,213.0,187.0,277.0,307.0,True,MEDIUM,7.0,True,McLaren,0 days 00:53:29.534000,,1,2.0,False,,False,True
0 days 00:56:34.241000,PIA,81,0 days 00:01:32.479000,8.0,1.0,,,0 days 00:00:31.854000,0 days 00:00:34.968000,0 days 00:00:25.657000,0 days 00:55:33.673000,0 days 00:56:08.641000,0 days 00:56:34.298000,212.0,186.0,281.0,306.0,False,MEDIUM,8.0,True,McLaren,0 days 00:55:01.762000,,1,2.0,False,,False,True
0 days 00:58:06.675000,PIA,81,0 days 00:01:32.434000,9.0,1.0,,,0 days 00:00:31.574000,0 days 00:00:35.237000,0 days 00:00:25.623000,0 days 00:57:05.872000,0 days 00:57:41.109000,0 days 00:58:06.732000,211.0,185.0,284.0,307.0,False,MEDIUM,9.0,True,McLaren,0 days 00:56:34.241000,,1,2.0,False,,False,True
0 days 00:59:38.974000,PIA,81,0 days 00:01:32.299000,10.0,1.0,,,0 days 00:00:31.739000,0 days 00:00:34.946000,0 days 00:00:25.614000,0 days 00:58:38.471000,0 days 00:59:13.417000,0 days 00:59:39.031000,214.0,186.0,283.0,306.0,False,MEDIUM,10.0,True,McLaren,0 days 00:58:06.675000,,1,2.0,False,,False,True
0 days 01:01:11.258000,PIA,81,0 days 00:01:32.284000,11.0,1.0,,,0 days 00:00:31.622000,0 days 00:00:35.059000,0 days 00:00:25.603000,0 days 01:00:10.653000,0 days 01:00:45.712000,0 days 01:01:11.315000,214.0,186.0,283.0,305.0,False,MEDIUM,11.0,True,McLaren,0 days 00:59:38.974000,,1,2.0,False,,False,True
0 days 01:02:43.489000,PIA,81,0 days 00:01:32.231000,12.0,1.0,,,0 days 00:00:31.470000,0 days 00:00:35.103000,0 days 00:00:25.658000,0 days 01:01:42.785000,0 days 01:02:17.888000,0 days 01:02:43.546000,209.0,187.0,285.0,305.0,False,MEDIUM,12.0,True,McLaren,0 days 01:01:11.258000,,1,2.0,False,,False,True
0 days 01:04:16.043000,PIA,81,0 days 00:01:32.554000,13.0,1.0,,,0 days 00:00:31.472000,0 days 00:00:35.417000,0 days 00:00:25.665000,0 days 01:03:15.018000,0 days 01:03:50.435000,0 days 01:04:16.100000,213.0,185.0,283.0,305.0,False,MEDIUM,13.0,True,McLaren,0 days 01:02:43.489000,,1,2.0,False,,False,True
0 days 01:05:48.421000,PIA,81,0 days 00:01:32.378000,14.0,1.0,,,0 days 00:00:31.505000,0 days 00:00:35.247000,0 days 00:00:25.626000,0 days 01:04:47.605000,0 days 01:05:22.852000,0 days 01:05:48.478000,215.0,183.0,283.0,308.0,False,MEDIUM,14.0,True,McLaren,0 days 01:04:16.043000,,1,2.0,False,,False,True
0 days 01:07:20.939000,PIA,81,0 days 00:01:32.518000,15.0,1.0,,,0 days 00:00:31.607000,0 days 00:00:35.294000,0 days 00:00:25.617000,0 days 01:06:20.085000,0 days 01:06:55.379000,0 days 01:07:20.996000,213.0,186.0,281.0,310.0,False,MEDIUM,15.0,True,McLaren,0 days 01:05:48.421000,,1,2.0,False,,False,True
0 days 01:08:53.018000,PIA,81,0 days 00:01:32.079000,16.0,1.0,,,0 days 00:00:31.566000,0 days 00:00:34.978000,0 days 00:00:25.535000,0 days 01:07:52.562000,0 days 01:08:27.540000,0 days 01:08:53.075000,213.0,186.0,283.0,310.0,True,MEDIUM,16.0,True,McLaren,0 days 01:07:20.939000,,1,2.0,False,,False,True
0 days 01:10:25.854000,PIA,81,0 days 00:01:32.836000,17.0,1.0,,,0 days 00:00:31.888000,0 days 00:00:35.303000,0 days 00:00:25.645000,0 days 01:09:24.963000,0 days 01:10:00.266000,0 days 01:10:25.911000,213.0,184.0,286.0,307.0,False,MEDIUM,17.0,True,McLaren,0 days 01:08:53.018000,,1,2.0,False,,False,True
0 days 01:11:58.149000,PIA,81,0 days 00:01:32.295000,18.0,1.0,,,0 days 00:00:31.540000,0 days 00:00:35.166000,0 days 00:00:25.589000,0 days 01:10:57.451000,0 days 01:11:32.617000,0 days 01:11:58.206000,212.0,186.0,287.0,307.0,False,MEDIUM,18.0,True,McLaren,0 days 01:10:25.854000,,1,2.0,False,,False,True
0 days 01:13:30.509000,PIA,81,0 days 00:01:32.360000,19.0,1.0,,,0 days 00:00:31.621000,0 days 00:00:35.228000,0 days 00:00:25.511000,0 days 01:12:29.827000,0 days 01:13:05.055000,0 days 01:13:30.566000,214.0,185.0,286.0,311.0,False,MEDIUM,19.0,True,McLaren,0 days 01:11:58.149000,,1,2.0,False,,False,True
0 days 00:45:47.613000,LEC,16,,1.0,1.0,,,,0 days 00:00:34.899000,0 days 00:00:25.671000,,0 days 00:45:22.084000,0 days 00:45:47.677000,217.0,188.0,287.0,290.0,False,MEDIUM,1.0,True,Ferrari,0 days 00:44:11.427000,,1,3.0,False,,False,False
0 days 00:47:20.380000,LEC,16,0 days 00:01:32.767000,2.0,1.0,,,0 days 00:00:32.236000,0 days 00:00:34.865000,0 days 00:00:25.666000,0 days 00:46:19.901000,0 days 00:46:54.766000,0 days 00:47:20.432000,213.0,186.0,292.0,292.0,True,MEDIUM,2.0,True,Ferrari,0 days 00:45:47.613000,,1,3.0,False,,False,True
0 days 00:48:53.084000,LEC,16,0 days 00:01:32.704000,3.0,1.0,,,0 days 00:00:32.084000,0 days 00:00:34.744000,0 days 00:00:25.876000,0 days 00:47:52.516000,0 days 00:48:27.260000,0 days 00:48:53.136000,212.0,184.0,291.0,305.0,True,MEDIUM,3.0,True,Ferrari,0 days 00:47:20.380000,,1,3.0,False,,False,True
0 days 00:50:26.151000,LEC,16,0 days 00:01:33.067000,4.0,1.0,,,0 days 00:00:32.065000,0 days 00:00:35.206000,0 days 00:00:25.796000,0 days 00:49:25.201000,0 days 00:50:00.407000,0 days 00:50:26.203000,213.0,184.0,281.0,302.0,False,MEDIUM,4.0,True,Ferrari,0 days 00:48:53.084000,,1,3.0,False,,False,True
0 days 00:51:58.639000,LEC,16,0 days 00:01:32.488000,5.0,1.0,,,0 days 00:00:31.776000,0 days 00:00:35.006000,0 days 00:00:25.706000,0 days 00:50:57.979000,0 days 00:51:32.985000,0 days 00:51:58.691000,212.0,185.0,284.0,304.0,True,MEDIUM,5.0,True,Ferrari,0 days 00:50:26.151000,,1,3.0,False,,False,True
0 days 00:53:30.875000,LEC,16,0 days 00:01:32.236000,6.0,1.0,,,0 days 00:00:31.734000,0 days 00:00:34.968000,0 days 00:00:25.534000,0 days 00:52:30.425000,0 days 00:53:05.393000,0 days 00:53:30.927000,215.0,186.0,285.0,302.0,True,MEDIUM,6.0,True,Ferrari,0 days 00:51:58.639000,,1,3.0,False,,False,True
0 days 00:55:03.079000,LEC,16,0 days 00:01:32.204000,7.0,1.0,,,0 days 00:00:31.853000,0 days 00:00:34.800000,0 days 00:00:25.551000,0 days 00:54:02.780000,0 days 00:54:37.580000,0 days 00:55:03.131000,214.0,185.0,285.0,302.0,True,MEDIUM,7.0,True,Ferrari,0 days 00:53:30.875000,,1,3.0,False,,False,True
0 days 00:56:35.500000,LEC,16,0 days 00:01:32.421000,8.0,1.0,,,0 days 00:00:31.690000,0 days 00:00:35.033000,0 days 00:00:25.698000,0 days 00:55:34.821000,0 days 00:56:09.854000,0 days 00:56:35.552000,211.0,184.0,284.0,302.0,False,MEDIUM,8.0,True,Ferrari,0 days 00:55:03.079000,,1,3.0,False,,False,True
0 days 00:58:07.930000,LEC,16,0 days 00:01:32.430000,9.0,1.0,,,0 days 00:00:31.684000,0 days 00:00:35.160000,0 days 00:00:25.586000,0 days 00:57:07.236000,0 days 00:57:42.396000,0 days 00:58:07.982000,210.0,182.0,288.0,301.0,False,MEDIUM,9.0,True,Ferrari,0 days 00:56:35.500000,,1,3.0,False,,False,True
0 days 00:59:40.215000,LEC,16,0 days 00:01:32.285000,10.0,1.0,,,0 days 00:00:31.748000,0 days 00:00:34.953000,0 days 00:00:25.584000,0 days 00:58:39.730000,0 days 00:59:14.683000,0 days 00:59:40.267000,212.0,182.0,285.0,302.0,False,MEDIUM,10.0,True,Ferrari,0 days 00:58:07.930000,,1,3.0,False,,False,True
0 days 01:01:12.179000,LEC,16,0 days 00:01:31.964000,11.0,1.0,,,0 days 00:00:31.673000,0 days 00:00:34.859000,0 days 00:00:25.432000,0 days 01:00:11.940000,0 days 01:00:46.799000,0 days 01:01:12.231000,212.0,184.0,279.0,304.0,True,MEDIUM,11.0,True,Ferrari,0 days 00:59:40.215000,,1,3.0,False,,False,True
0 days 01:02:44.481000,LEC,16,0 days 00:01:32.302000,12.0,1.0,,,0 days 00:00:31.793000,0 days 00:00:35.013000,0 days 00:00:25.496000,0 days 01:01:44.024000,0 days 01:02:19.037000,0 days 01:02:44.533000,211.0,182.0,284.0,292.0,False,MEDIUM,12.0,True,Ferrari,0 days 01:01:12.179000,,1,3.0,False,,False,True
0 days 01:04:16.893000,LEC,16,0 days 00:01:32.412000,13.0,1.0,,,0 days 00:00:31.773000,0 days 00:00:35.146000,0 days 00:00:25.493000,0 days 01:03:16.306000,0 days 01:03:51.452000,0 days 01:04:16.945000,215.0,178.0,284.0,299.0,False,MEDIUM,13.0,True,Ferrari,0 days 01:02:44.481000,,1,3.0,False,,False,True
0 days 01:05:49.354000,LEC,16,0 days 00:01:32.461000,14.0,1.0,,,0 days 00:00:31.983000,0 days 00:00:34.934000,0 days 00:00:25.544000,0 days 01:04:48.928000,0 days 01:05:23.862000,0 days 01:05:49.406000,212.0,178.0,282.0,298.0,False,MEDIUM,14.0,True,Ferrari,0 days 01:04:16.893000,,1,3.0,False,,False,True
0 days 01:07:21.517000,LEC,16,0 days 00:01:32.163000,15.0,1.0,,,0 days 00:00:31.849000,0 days 00:00:34.965000,0 days 00:00:25.349000,0 days 01:06:21.255000,0 days 01:06:56.220000,0 days 01:07:21.569000,212.0,181.0,293.0,304.0,False,MEDIUM,15.0,True,Ferrari,0 days 01:05:49.354000,,1,3.0,False,,False,True
0 days 01:08:54.263000,LEC,16,0 days 00:01:32.746000,16.0,1.0,,,0 days 00:00:31.984000,0 days 00:00:35.136000,0 days 00:00:25.626000,0 days 01:07:53.553000,0 days 01:08:28.689000,0 days 01:08:54.315000,211.0,181.0,281.0,289.0,False,MEDIUM,16.0,True,Ferrari,0 days 01:07:21.517000,,1,3.0,False,,False,True
0 days 01:10:26.665000,LEC,16,0 days 00:01:32.402000,17.0,1.0,,,0 days 00:00:31.831000,0 days 00:00:34.979000,0 days 00:00:25.592000,0 days 01:09:26.146000,0 days 01:10:01.125000,0 days 01:10:26.717000,212.0,181.0,286.0,314.0,False,MEDIUM,17.0,True,Ferrari,0 days 01:08:54.263000,,1,3.0,False,,False,True
0 days 01:11:59.744000,LEC,16,0 days 00:01:33.079000,18.0,1.0,,,0 days 00:00:31.853000,0 days 00:00:35.412000,0 days 00:00:25.814000,0 days 01:10:58.570000,0 days 01:11:33.982000,0 days 01:11:59.796000,212.0,181.0,259.0,328.0,False,MEDIUM,18.0,True,Ferrari,0 days 01:10:26.665000,,1,3.0,True,TRACK LIMITS AT TURN 11 LAP 18 ,False,True
0 days 01:13:32.994000,LEC,16,0 days 00:01:33.250000,19.0,1.0,,,0 days 00:00:32.238000,0 days 00:00:35.145000,0 days 00:00:25.867000,0 days 01:12:32.034000,0 days 01:13:07.179000,0 days 01:13:33.046000,209.0,182.0,285.0,300.0,False,MEDIUM,19.0,True,Ferrari,0 days 01:11:59.744000,,1,3.0,False,,False,True
0 days 00:45:48.948000,RUS,63,,1.0,1.0,,,,0 days 00:00:35.166000,0 days 00:00:25.753000,,0 days 00:45:23.346000,0 days 00:45:49.096000,218.0,183.0,285.0,299.0,False,MEDIUM,1.0,True,Mercedes,0 days 00:44:11.427000,,1,5.0,False,,False,False
0 days 00:47:21.994000,RUS,63,0 days 00:01:33.046000,2.0,1.0,,,0 days 00:00:32.201000,0 days 00:00:35.132000,0 days 00:00:25.713000,0 days 00:46:21.199000,0 days 00:46:56.331000,0 days 00:47:22.044000,216.0,189.0,281.0,316.0,True,MEDIUM,2.0,True,Mercedes,0 days 00:45:48.948000,,1,5.0,False,,False,True
0 days 00:48:54.652000,RUS,63,0 days 00:01:32.658000,3.0,1.0,,,0 days 00:00:32.272000,0 days 00:00:34.825000,0 days 00:00:25.561000,0 days 00:47:54.316000,0 days 00:48:29.141000,0 days 00:48:54.702000,214.0,187.0,277.0,323.0,True,MEDIUM,3.0,True,Mercedes,0 days 00:47:21.994000,,1,5.0,False,,False,True
0 days 00:50:27.481000,RUS,63,0 days 00:01:32.829000,4.0,1.0,,,0 days 00:00:32.268000,0 days 00:00:35.008000,0 days 00:00:25.553000,0 days 00:49:26.970000,0 days 00:50:01.978000,0 days 00:50:27.531000,214.0,185.0,283.0,322.0,False,MEDIUM,4.0,True,Mercedes,0 days 00:48:54.652000,,1,5.0,False,,False,True
0 days 00:52:00.229000,RUS,63,0 days 00:01:32.748000,5.0,1.0,,,0 days 00:00:32.329000,0 days 00:00:34.976000,0 days 00:00:25.443000,0 days 00:50:59.860000,0 days 00:51:34.836000,0 days 00:52:00.279000,214.0,184.0,294.0,321.0,False,MEDIUM,5.0,True,Mercedes,0 days 00:50:27.481000,,1,5.0,False,,False,True
0 days 00:53:32.838000,RUS,63,0 days 00:01:32.609000,6.0,1.0,,,0 days 00:00:32.283000,0 days 00:00:34.819000,0 days 00:00:25.507000,0 days 00:52:32.562000,0 days 00:53:07.381000,0 days 00:53:32.888000,214.0,187.0,277.0,325.0,True,MEDIUM,6.0,True,Mercedes,0 days 00:52:00.229000,,1,5.0,False,,False,True
0 days 00:55:05.314000,RUS,63,0 days 00:01:32.476000,7.0,1.0,,,0 days 00:00:32.217000,0 days 00:00:34.929000,0 days 00:00:25.330000,0 days 00:54:05.105000,0 days 00:54:40.034000,0 days 00:55:05.364000,214.0,186.0,278.0,337.0,True,MEDIUM,7.0,True,Mercedes,0 days 00:53:32.838000,,1,4.0,False,,False,True
0 days 00:56:39.599000,RUS,63,0 days 00:01:34.285000,8.0,1.0,,,0 days 00:00:32.372000,0 days 00:00:36.128000,0 days 00:00:25.785000,0 days 00:55:37.736000,0 days 00:56:13.864000,0 days 00:56:39.649000,213.0,184.0,280.0,306.0,False,MEDIUM,8.0,True,Mercedes,0 days 00:55:05.314000,,1,5.0,False,,False,True
0 days 00:58:12.240000,RUS,63,0 days 00:01:32.641000,9.0,1.0,,,0 days 00:00:32.184000,0 days 00:00:34.982000,0 days 00:00:25.475000,0 days 00:57:11.833000,0 days 00:57:46.815000,0 days 00:58:12.290000,213.0,184.0,284.0,322.0,False,MEDIUM,9.0,True,Mercedes,0 days 00:56:39.599000,,1,5.0,False,,False,True
0 days 00:59:44.627000,RUS,63,0 days 00:01:32.387000,10.0,1.0,,,0 days 00:00:32.102000,0 days 00:00:34.760000,0 days 00:00:25.525000,0 days 00:58:44.392000,0 days 00:59:19.152000,0 days 00:59:44.677000,213.0,185.0,285.0,323.0,True,MEDIUM,10.0,True,Mercedes,0 days 00:58:12.240000,,1,5.0,False,,False,True
0 days 01:01:17.032000,RUS,63,0 days 00:01:32.405000,11.0,1.0,,,0 days 00:00:32.067000,0 days 00:00:34.944000,0 days 00:00:25.394000,0 days 01:00:16.744000,0 days 01:00:51.688000,0 days 01:01:17.082000,214.0,183.0,286.0,319.0,False,MEDIUM,11.0,True,Mercedes,0 days 00:59:44.627000,,1,5.0,False,,False,True
0 days 01:02:49.938000,RUS,63,0 days 00:01:32.906000,12.0,1.0,,,0 days 00:00:32.040000,0 days 00:00:35.163000,0 days 00:00:25.703000,0 days 01:01:49.122000,0 days 01:02:24.285000,0 days 01:02:49.988000,211.0,185.0,278.0,300.0,False,MEDIUM,12.0,True,Mercedes,0 days 01:01:17.032000,,1,5.0,False,,False,True
0 days 01:04:22.931000,RUS,63,0 days 00:01:32.993000,13.0,1.0,,,0 days 00:00:31.972000,0 days 00:00:35.314000,0 days 00:00:25.707000,0 days 01:03:21.960000,0 days 01:03:57.274000,0 days 01:04:22.981000,212.0,183.0,278.0,314.0,False,MEDIUM,13.0,True,Mercedes,0 days 01:02:49.938000,,1,5.0,False,,False,True
0 days 01:05:55.472000,RUS,63,0 days 00:01:32.541000,14.0,1.0,,,0 days 00:00:31.774000,0 days 00:00:35.013000,0 days 00:00:25.754000,0 days 01:04:54.755000,0 days 01:05:29.768000,0 days 01:05:55.522000,213.0,184.0,281.0,316.0,False,MEDIUM,14.0,True,Mercedes,0 days 01:04:22.931000,,1,5.0,False,,False,True
0 days 01:07:28.319000,RUS,63,0 days 00:01:32.847000,15.0,1.0,,,0 days 00:00:31.860000,0 days 00:00:35.249000,0 days 00:00:25.738000,0 days 01:06:27.382000,0 days 01:07:02.631000,0 days 01:07:28.369000,214.0,185.0,279.0,315.0,False,MEDIUM,15.0,True,Mercedes,0 days 01:05:55.472000,,1,5.0,False,,False,True
0 days 01:09:01.046000,RUS,63,0 days 00:01:32.727000,16.0,1.0,,,0 days 00:00:31.915000,0 days 00:00:35.094000,0 days 00:00:25.718000,0 days 01:08:00.284000,0 days 01:08:35.378000,0 days 01:09:01.096000,212.0,185.0,275.0,304.0,False,MEDIUM,16.0,True,Mercedes,0 days 01:07:28.319000,,1,5.0,False,,False,True
0 days 01:10:34.777000,RUS,63,0 days 00:01:33.731000,17.0,1.0,,,0 days 00:00:31.996000,0 days 00:00:36.081000,0 days 00:00:25.654000,0 days 01:09:33.092000,0 days 01:10:09.173000,0 days 01:10:34.827000,215.0,184.0,285.0,313.0,False,MEDIUM,17.0,True,Mercedes,0 days 01:09:01.046000,,1,5.0,True,TRACK LIMITS AT TURN 11 LAP 17 ,False,True
0 days 01:12:07.269000,RUS,63,0 days 00:01:32.492000,18.0,1.0,,,0 days 00:00:31.685000,0 days 00:00:35.283000,0 days 00:00:25.524000,0 days 01:11:06.512000,0 days 01:11:41.795000,0 days 01:12:07.319000,211.0,185.0,282.0,314.0,False,MEDIUM,18.0,True,Mercedes,0 days 01:10:34.777000,,1,5.0,False,,False,True
0 days 01:13:39.694000,RUS,63,0 days 00:01:32.425000,19.0,1.0,,,0 days 00:00:31.638000,0 days 00:00:35.287000,0 days 00:00:25.500000,0 days 01:12:38.957000,0 days 01:13:14.244000,0 days 01:13:39.744000,213.0,185.0,284.0,326.0,False,MEDIUM,19.0,True,Mercedes,0 days 01:12:07.269000,,1,5.0,False,,False,True
0 days 00:45:49.971000,VER,3,,1.0,1.0,,,,0 days 00:00:34.813000,0 days 00:00:26.222000,,0 days 00:45:23.924000,0 days 00:45:50.211000,216.0,188.0,246.0,314.0,False,MEDIUM,4.0,False,Red Bull Racing,0 days 00:44:11.427000,,1,7.0,False,,False,False
0 days 00:47:23.196000,VER,3,0 days 00:01:33.225000,2.0,1.0,,,0 days 00:00:32.677000,0 days 00:00:34.843000,0 days 00:00:25.705000,0 days 00:46:22.706000,0 days 00:46:57.549000,0 days 00:47:23.254000,210.0,176.0,275.0,316.0,True,MEDIUM,5.0,False,Red Bull Racing,0 days 00:45:49.971000,,1,7.0,False,,False,True
0 days 00:48:56.110000,VER,3,0 days 00:01:32.914000,3.0,1.0,,,0 days 00:00:32.354000,0 days 00:00:34.899000,0 days 00:00:25.661000,0 days 00:47:55.608000,0 days 00:48:30.507000,0 days 00:48:56.168000,216.0,183.0,250.0,328.0,True,MEDIUM,6.0,False,Red Bull Racing,0 days 00:47:23.196000,,1,7.0,False,,False,True
0 days 00:50:29.270000,VER,3,0 days 00:01:33.160000,4.0,1.0,,,0 days 00:00:32.522000,0 days 00:00:34.906000,0 days 00:00:25.732000,0 days 00:49:28.690000,0 days 00:50:03.596000,0 days 00:50:29.328000,217.0,185.0,252.0,321.0,False,MEDIUM,7.0,False,Red Bull Racing,0 days 00:48:56.110000,,1,7.0,False,,False,True
0 days 00:52:01.943000,VER,3,0 days 00:01:32.673000,5.0,1.0,,,0 days 00:00:32.461000,0 days 00:00:34.762000,0 days 00:00:25.450000,0 days 00:51:01.789000,0 days 00:51:36.551000,0 days 00:52:02.001000,219.0,185.0,282.0,317.0,True,MEDIUM,8.0,False,Red Bull Racing,0 days 00:50:29.270000,,1,7.0,False,,False,True
0 days 00:53:34.422000,VER,3,0 days 00:01:32.479000,6.0,1.0,,,0 days 00:00:32.007000,0 days 00:00:34.895000,0 days 00:00:25.577000,0 days 00:52:34.008000,0 days 00:53:08.903000,0 days 00:53:34.480000,217.0,185.0,274.0,313.0,True,MEDIUM,9.0,False,Red Bull Racing,0 days 00:52:01.943000,,1,7.0,False,,False,True
0 days 00:55:07.163000,VER,3,0 days 00:01:32.741000,7.0,1.0,,,0 days 00:00:32.028000,0 days 00:00:35.049000,0 days 00:00:25.664000,0 days 00:54:06.508000,0 days 00:54:41.557000,0 days 00:55:07.221000,217.0,185.0,273.0,316.0,False,MEDIUM,10.0,False,Red Bull Racing,0 days 00:53:34.422000,,1,7.0,False,,False,True
0 days 00:56:42.843000,VER,3,0 days 00:01:35.680000,8.0,1.0,,,0 days 00:00:32.053000,0 days 00:00:35.753000,0 days 00:00:27.874000,0 days 00:55:39.274000,0 days 00:56:15.027000,0 days 00:56:42.901000,215.0,185.0,258.0,273.0,False,MEDIUM,11.0,False,Red Bull Racing,0 days 00:55:07.163000,,1,7.0,True,TRACK LIMITS AT TURN 11 LAP 8 ,False,True
0 days 00:58:15.711000,VER,3,0 days 00:01:32.868000,9.0,1.0,,,0 days 00:00:32.125000,0 days 00:00:35.231000,0 days 00:00:25.512000,0 days 00:57:15.026000,0 days 00:57:50.257000,0 days 00:58:15.769000,217.0,184.0,273.0,325.0,False,MEDIUM,12.0,False,Red Bull Racing,0 days 00:56:42.843000,,1,6.0,False,,False,True
0 days 00:59:48.283000,VER,3,0 days 00:01:32.572000,10.0,1.0,,,0 days 00:00:31.775000,0 days 00:00:35.119000,0 days 00:00:25.678000,0 days 00:58:47.544000,0 days 00:59:22.663000,0 days 00:59:48.341000,215.0,186.0,273.0,311.0,False,MEDIUM,13.0,False,Red Bull Racing,0 days 00:58:15.711000,,1,6.0,False,,False,True
0 days 01:01:20.668000,VER,3,0 days 00:01:32.385000,11.0,1.0,,,0 days 00:00:31.718000,0 days 00:00:35.172000,0 days 00:00:25.495000,0 days 01:00:20.059000,0 days 01:00:55.231000,0 days 01:01:20.726000,216.0,187.0,277.0,310.0,True,MEDIUM,14.0,False,Red Bull Racing,0 days 00:59:48.283000,,1,6.0,False,,False,True
0 days 01:02:52.995000,VER,3,0 days 00:01:32.327000,12.0,1.0,,,0 days 00:00:31.627000,0 days 00:00:35.122000,0 days 00:00:25.578000,0 days 01:01:52.353000,0 days 01:02:27.475000,0 days 01:02:53.053000,217.0,186.0,274.0,311.0,True,MEDIUM,15.0,False,Red Bull Racing,0 days 01:01:20.668000,,1,6.0,False,,False,True
0 days 01:04:25.822000,VER,3,0 days 00:01:32.827000,13.0,1.0,,,0 days 00:00:31.660000,0 days 00:00:35.457000,0 days 00:00:25.710000,0 days 01:03:24.713000,0 days 01:04:00.170000,0 days 01:04:25.880000,218.0,184.0,273.0,312.0,False,MEDIUM,16.0,False,Red Bull Racing,0 days 01:02:52.995000,,1,6.0,False,,False,True
0 days 01:05:58.141000,VER,3,0 days 00:01:32.319000,14.0,1.0,,,0 days 00:00:31.691000,0 days 00:00:34.948000,0 days 00:00:25.680000,0 days 01:04:57.571000,0 days 01:05:32.519000,0 days 01:05:58.199000,215.0,187.0,268.0,313.0,True,MEDIUM,17.0,False,Red Bull Racing,0 days 01:04:25.822000,,1,6.0,False,,False,True
0 days 01:07:31.129000,VER,3,0 days 00:01:32.988000,15.0,1.0,,,0 days 00:00:31.767000,0 days 00:00:35.478000,0 days 00:00:25.743000,0 days 01:06:29.966000,0 days 01:07:05.444000,0 days 01:07:31.187000,218.0,185.0,270.0,312.0,False,MEDIUM,18.0,False,Red Bull Racing,0 days 01:05:58.141000,,1,6.0,False,,False,True
0 days 01:09:03.498000,VER,3,0 days 00:01:32.369000,16.0,1.0,,,0 days 00:00:31.753000,0 days 00:00:35.101000,0 days 00:00:25.515000,0 days 01:08:02.940000,0 days 01:08:38.041000,0 days 01:09:03.556000,216.0,186.0,274.0,313.0,False,MEDIUM,19.0,False,Red Bull Racing,0 days 01:07:31.129000,,1,6.0,False,,False,True
0 days 01:10:35.945000,VER,3,0 days 00:01:32.447000,17.0,1.0,,,0 days 00:00:31.734000,0 days 00:00:35.150000,0 days 00:00:25.563000,0 days 01:09:35.290000,0 days 01:10:10.440000,0 days 01:10:36.003000,215.0,185.0,276.0,316.0,False,MEDIUM,20.0,False,Red Bull Racing,0 days 01:09:03.498000,,1,6.0,False,,False,True
0 days 01:12:08.181000,VER,3,0 days 00:01:32.236000,18.0,1.0,,,0 days 00:00:31.677000,0 days 00:00:35.178000,0 days 00:00:25.381000,0 days 01:11:07.680000,0 days 01:11:42.858000,0 days 01:12:08.239000,213.0,184.0,261.0,332.0,True,MEDIUM,21.0,False,Red Bull Racing,0 days 01:10:35.945000,,1,6.0,False,,False,True
0 days 01:13:40.382000,VER,3,0 days 00:01:32.201000,19.0,1.0,,,0 days 00:00:31.802000,0 days 00:00:35.223000,0 days 00:00:25.176000,0 days 01:12:40.041000,0 days 01:13:15.264000,0 days 01:13:40.440000,216.0,185.0,267.0,338.0,True,MEDIUM,22.0,False,Red Bull Racing,0 days 01:12:08.181000,,1,6.0,False,,False,True
0 days 00:45:48.187000,ANT,12,,1.0,1.0,,,,0 days 00:00:35.027000,0 days 00:00:25.637000,,0 days 00:45:22.756000,0 days 00:45:48.291000,220.0,180.0,285.0,298.0,False,MEDIUM,1.0,True,Mercedes,0 days 00:44:11.427000,,1,4.0,False,,False,False
0 days 00:47:21.460000,ANT,12,0 days 00:01:33.273000,2.0,1.0,,,0 days 00:00:32.393000,0 days 00:00:35.182000,0 days 00:00:25.698000,0 days 00:46:20.648000,0 days 00:46:55.830000,0 days 00:47:21.528000,215.0,188.0,278.0,312.0,False,MEDIUM,2.0,True,Mercedes,0 days 00:45:48.187000,,1,4.0,True,TRACK LIMITS AT TURN 11 LAP 2 ,False,True
0 days 00:48:54.105000,ANT,12,0 days 00:01:32.645000,3.0,1.0,,,0 days 00:00:32.044000,0 days 00:00:34.850000,0 days 00:00:25.751000,0 days 00:47:53.572000,0 days 00:48:28.422000,0 days 00:48:54.173000,212.0,187.0,265.0,317.0,True,MEDIUM,3.0,True,Mercedes,0 days 00:47:21.460000,,1,4.0,False,,False,True
0 days 00:50:26.798000,ANT,12,0 days 00:01:32.693000,4.0,1.0,,,0 days 00:00:32.026000,0 days 00:00:34.970000,0 days 00:00:25.697000,0 days 00:49:26.199000,0 days 00:50:01.169000,0 days 00:50:26.866000,215.0,183.0,273.0,311.0,False,MEDIUM,4.0,True,Mercedes,0 days 00:48:54.105000,,1,4.0,True,TRACK LIMITS AT TURN 5 LAP 4 ,False,True
0 days 00:51:59.716000,ANT,12,0 days 00:01:32.918000,5.0,1.0,,,0 days 00:00:32.087000,0 days 00:00:35.113000,0 days 00:00:25.718000,0 days 00:50:58.953000,0 days 00:51:34.066000,0 days 00:51:59.784000,213.0,183.0,285.0,305.0,False,MEDIUM,5.0,True,Mercedes,0 days 00:50:26.798000,,1,4.0,False,,False,True
0 days 00:53:32.212000,ANT,12,0 days 00:01:32.496000,6.0,1.0,,,0 days 00:00:31.921000,0 days 00:00:34.954000,0 days 00:00:25.621000,0 days 00:52:31.705000,0 days 00:53:06.659000,0 days 00:53:32.280000,213.0,186.0,277.0,314.0,True,MEDIUM,6.0,True,Mercedes,0 days 00:51:59.716000,,1,4.0,False,,False,True
0 days 00:55:05.425000,ANT,12,0 days 00:01:33.213000,7.0,1.0,,,0 days 00:00:31.967000,0 days 00:00:35.109000,0 days 00:00:26.137000,0 days 00:54:04.247000,0 days 00:54:39.356000,0 days 00:55:05.493000,213.0,186.0,283.0,313.0,False,MEDIUM,7.0,True,Mercedes,0 days 00:53:32.212000,,1,5.0,False,,False,True
0 days 00:56:38.931000,ANT,12,0 days 00:01:33.506000,8.0,1.0,,,0 days 00:00:32.879000,0 days 00:00:34.835000,0 days 00:00:25.792000,0 days 00:55:38.372000,0 days 00:56:13.207000,0 days 00:56:38.999000,213.0,188.0,270.0,310.0,False,MEDIUM,8.0,True,Mercedes,0 days 00:55:05.425000,,1,4.0,False,,False,True
0 days 00:58:11.523000,ANT,12,0 days 00:01:32.592000,9.0,1.0,,,0 days 00:00:31.762000,0 days 00:00:35.062000,0 days 00:00:25.768000,0 days 00:57:10.761000,0 days 00:57:45.823000,0 days 00:58:11.591000,213.0,184.0,271.0,312.0,False,MEDIUM,9.0,True,Mercedes,0 days 00:56:38.931000,,1,4.0,True,TRACK LIMITS AT TURN 5 LAP 9 ,False,True
0 days 00:59:43.791000,ANT,12,0 days 00:01:32.268000,10.0,1.0,,,0 days 00:00:31.703000,0 days 00:00:34.886000,0 days 00:00:25.679000,0 days 00:58:43.294000,0 days 00:59:18.180000,0 days 00:59:43.859000,214.0,186.0,278.0,311.0,True,MEDIUM,10.0,True,Mercedes,0 days 00:58:11.523000,,1,4.0,False,,False,True
0 days 01:01:15.723000,ANT,12,0 days 00:01:31.932000,11.0,1.0,,,0 days 00:00:31.412000,0 days 00:00:34.876000,0 days 00:00:25.644000,0 days 01:00:15.271000,0 days 01:00:50.147000,0 days 01:01:15.791000,214.0,187.0,277.0,311.0,True,MEDIUM,11.0,True,Mercedes,0 days 00:59:43.791000,,1,4.0,False,,False,True
0 days 01:02:48.166000,ANT,12,0 days 00:01:32.443000,12.0,1.0,,,0 days 00:00:31.713000,0 days 00:00:34.954000,0 days 00:00:25.776000,0 days 01:01:47.504000,0 days 01:02:22.458000,0 days 01:02:48.234000,215.0,184.0,274.0,312.0,False,MEDIUM,12.0,True,Mercedes,0 days 01:01:15.723000,,1,4.0,False,,False,True
0 days 01:04:20.727000,ANT,12,0 days 00:01:32.561000,13.0,1.0,,,0 days 00:00:31.630000,0 days 00:00:35.106000,0 days 00:00:25.825000,0 days 01:03:19.864000,0 days 01:03:54.970000,0 days 01:04:20.795000,214.0,184.0,281.0,310.0,False,MEDIUM,13.0,True,Mercedes,0 days 01:02:48.166000,,1,4.0,False,,False,True
0 days 01:05:53.054000,ANT,12,0 days 00:01:32.327000,14.0,1.0,,,0 days 00:00:31.487000,0 days 00:00:35.114000,0 days 00:00:25.726000,0 days 01:04:52.282000,0 days 01:05:27.396000,0 days 01:05:53.122000,214.0,184.0,277.0,305.0,False,MEDIUM,14.0,True,Mercedes,0 days 01:04:20.727000,,1,4.0,False,,False,True
0 days 01:07:25.634000,ANT,12,0 days 00:01:32.580000,15.0,1.0,,,0 days 00:00:31.651000,0 days 00:00:35.192000,0 days 00:00:25.737000,0 days 01:06:24.773000,0 days 01:06:59.965000,0 days 01:07:25.702000,213.0,184.0,273.0,313.0,False,MEDIUM,15.0,True,Mercedes,0 days 01:05:53.054000,,1,4.0,False,,False,True
0 days 01:08:58.185000,ANT,12,0 days 00:01:32.551000,16.0,1.0,,,0 days 00:00:31.793000,0 days 00:00:35.028000,0 days 00:00:25.730000,0 days 01:07:57.495000,0 days 01:08:32.523000,0 days 01:08:58.253000,211.0,184.0,279.0,310.0,False,MEDIUM,16.0,True,Mercedes,0 days 01:07:25.634000,,1,4.0,True,TRACK LIMITS AT TURN 11 LAP 16 ,False,True
0 days 01:10:30.963000,ANT,12,0 days 00:01:32.778000,17.0,1.0,,,0 days 00:00:31.966000,0 days 00:00:34.988000,0 days 00:00:25.824000,0 days 01:09:30.219000,0 days 01:10:05.207000,0 days 01:10:31.031000,208.0,185.0,274.0,311.0,False,MEDIUM,17.0,True,Mercedes,0 days 01:08:58.185000,,1,4.0,False,,False,True
0 days 01:12:03.280000,ANT,12,0 days 00:01:32.317000,18.0,1.0,,,0 days 00:00:31.616000,0 days 00:00:35.072000,0 days 00:00:25.629000,0 days 01:11:02.647000,0 days 01:11:37.719000,0 days 01:12:03.348000,213.0,184.0,283.0,312.0,False,MEDIUM,18.0,True,Mercedes,0 days 01:10:30.963000,,1,4.0,False,,False,True
0 days 01:13:35.520000,ANT,12,0 days 00:01:32.240000,19.0,1.0,,,0 days 00:00:31.497000,0 days 00:00:35.359000,0 days 00:00:25.384000,0 days 01:12:34.845000,0 days 01:13:10.204000,0 days 01:13:35.588000,213.0,184.0,282.0,327.0,False,MEDIUM,19.0,True,Mercedes,0 days 01:12:03.280000,,1,4.0,False,,False,True
0 days 00:45:49.960000,HAM,44,,1.0,1.0,,,,0 days 00:00:35.117000,0 days 00:00:25.484000,,0 days 00:45:24.560000,0 days 00:45:49.960000,215.0,185.0,288.0,294.0,False,MEDIUM,1.0,True,Ferrari,0 days 00:44:11.427000,,1,6.0,False,,False,False
0 days 00:47:22.482000,HAM,44,0 days 00:01:32.522000,2.0,1.0,,,0 days 00:00:32.014000,0 days 00:00:34.790000,0 days 00:00:25.718000,0 days 00:46:21.974000,0 days 00:46:56.764000,0 days 00:47:22.482000,212.0,186.0,282.0,303.0,True,MEDIUM,2.0,True,Ferrari,0 days 00:45:49.960000,,1,6.0,False,,False,True
0 days 00:48:55.124000,HAM,44,0 days 00:01:32.642000,3.0,1.0,,,0 days 00:00:32.382000,0 days 00:00:34.855000,0 days 00:00:25.405000,0 days 00:47:54.864000,0 days 00:48:29.719000,0 days 00:48:55.124000,208.0,185.0,288.0,303.0,False,MEDIUM,3.0,True,Ferrari,0 days 00:47:22.482000,,1,6.0,False,,False,True
0 days 00:50:28.167000,HAM,44,0 days 00:01:33.043000,4.0,1.0,,,0 days 00:00:32.396000,0 days 00:00:35.008000,0 days 00:00:25.639000,0 days 00:49:27.520000,0 days 00:50:02.528000,0 days 00:50:28.167000,210.0,185.0,282.0,314.0,False,MEDIUM,4.0,True,Ferrari,0 days 00:48:55.124000,,1,6.0,False,,False,True
0 days 00:52:00.859000,HAM,44,0 days 00:01:32.692000,5.0,1.0,,,0 days 00:00:32.394000,0 days 00:00:34.909000,0 days 00:00:25.389000,0 days 00:51:00.561000,0 days 00:51:35.470000,0 days 00:52:00.859000,206.0,185.0,286.0,308.0,False,MEDIUM,5.0,True,Ferrari,0 days 00:50:28.167000,,1,6.0,False,,False,True
0 days 00:53:33.307000,HAM,44,0 days 00:01:32.448000,6.0,1.0,,,0 days 00:00:32.243000,0 days 00:00:34.848000,0 days 00:00:25.357000,0 days 00:52:33.102000,0 days 00:53:07.950000,0 days 00:53:33.307000,209.0,185.0,287.0,310.0,True,MEDIUM,6.0,True,Ferrari,0 days 00:52:00.859000,,1,6.0,False,,False,True
0 days 00:55:06.203000,HAM,44,0 days 00:01:32.896000,7.0,1.0,,,0 days 00:00:32.379000,0 days 00:00:34.932000,0 days 00:00:25.585000,0 days 00:54:05.686000,0 days 00:54:40.618000,0 days 00:55:06.203000,210.0,183.0,279.0,308.0,False,MEDIUM,7.0,True,Ferrari,0 days 00:53:33.307000,,1,6.0,False,,False,True
0 days 00:56:42.414000,HAM,44,0 days 00:01:36.211000,8.0,1.0,,,0 days 00:00:32.616000,0 days 00:00:36.602000,0 days 00:00:26.993000,0 days 00:55:38.819000,0 days 00:56:15.421000,0 days 00:56:42.414000,205.0,183.0,280.0,269.0,False,MEDIUM,8.0,True,Ferrari,0 days 00:55:06.203000,,1,6.0,True,TRACK LIMITS AT TURN 11 LAP 8 ,False,True
0 days 00:58:16.101000,HAM,44,0 days 00:01:33.687000,9.0,1.0,,,0 days 00:00:31.883000,0 days 00:00:35.146000,0 days 00:00:26.658000,0 days 00:57:14.297000,0 days 00:57:49.443000,0 days 00:58:16.101000,208.0,185.0,278.0,303.0,False,MEDIUM,9.0,True,Ferrari,0 days 00:56:42.414000,,1,7.0,False,,False,True
0 days 00:59:49.015000,HAM,44,0 days 00:01:32.914000,10.0,1.0,,,0 days 00:00:32.305000,0 days 00:00:35.143000,0 days 00:00:25.466000,0 days 00:58:48.406000,0 days 00:59:23.549000,0 days 00:59:49.015000,208.0,185.0,284.0,312.0,False,MEDIUM,10.0,True,Ferrari,0 days 00:58:16.101000,,1,7.0,False,,False,True
0 days 01:01:21.608000,HAM,44,0 days 00:01:32.593000,11.0,1.0,,,0 days 00:00:32.035000,0 days 00:00:35.036000,0 days 00:00:25.522000,0 days 01:00:21.050000,0 days 01:00:56.086000,0 days 01:01:21.608000,210.0,184.0,284.0,307.0,False,MEDIUM,11.0,True,Ferrari,0 days 00:59:49.015000,,1,7.0,False,,False,True
0 days 01:02:54.466000,HAM,44,0 days 00:01:32.858000,12.0,1.0,,,0 days 00:00:32.191000,0 days 00:00:35.071000,0 days 00:00:25.596000,0 days 01:01:53.799000,0 days 01:02:28.870000,0 days 01:02:54.466000,211.0,185.0,280.0,300.0,False,MEDIUM,12.0,True,Ferrari,0 days 01:01:21.608000,,1,7.0,False,,False,True
0 days 01:04:27.327000,HAM,44,0 days 00:01:32.861000,13.0,1.0,,,0 days 00:00:31.894000,0 days 00:00:35.325000,0 days 00:00:25.642000,0 days 01:03:26.360000,0 days 01:04:01.685000,0 days 01:04:27.327000,210.0,184.0,287.0,312.0,False,MEDIUM,13.0,True,Ferrari,0 days 01:02:54.466000,,1,7.0,False,,False,True
0 days 01:06:00.533000,HAM,44,0 days 00:01:33.206000,14.0,1.0,,,0 days 00:00:32.012000,0 days 00:00:35.479000,0 days 00:00:25.715000,0 days 01:04:59.339000,0 days 01:05:34.818000,0 days 01:06:00.533000,208.0,183.0,283.0,312.0,False,MEDIUM,14.0,True,Ferrari,0 days 01:04:27.327000,,1,7.0,False,,False,True
0 days 01:07:34.008000,HAM,44,0 days 00:01:33.475000,15.0,1.0,,,0 days 00:00:32.200000,0 days 00:00:35.522000,0 days 00:00:25.753000,0 days 01:06:32.733000,0 days 01:07:08.255000,0 days 01:07:34.008000,212.0,184.0,284.0,307.0,False,MEDIUM,15.0,True,Ferrari,0 days 01:06:00.533000,,1,7.0,False,,False,True
0 days 01:09:07.181000,HAM,44,0 days 00:01:33.173000,16.0,1.0,,,0 days 00:00:31.979000,0 days 00:00:35.480000,0 days 00:00:25.714000,0 days 01:08:05.987000,0 days 01:08:41.467000,0 days 01:09:07.181000,207.0,186.0,285.0,306.0,False,MEDIUM,16.0,True,Ferrari,0 days 01:07:34.008000,,1,7.0,False,,False,True
0 days 01:10:40.714000,HAM,44,0 days 00:01:33.533000,17.0,1.0,,,0 days 00:00:32.161000,0 days 00:00:35.575000,0 days 00:00:25.797000,0 days 01:09:39.342000,0 days 01:10:14.917000,0 days 01:10:40.714000,211.0,184.0,286.0,305.0,False,MEDIUM,17.0,True,Ferrari,0 days 01:09:07.181000,,1,7.0,False,,False,True
0 days 01:12:14.482000,HAM,44,0 days 00:01:33.768000,18.0,1.0,,,0 days 00:00:32.233000,0 days 00:00:35.786000,0 days 00:00:25.749000,0 days 01:11:12.947000,0 days 01:11:48.733000,0 days 01:12:14.482000,210.0,184.0,282.0,305.0,False,MEDIUM,18.0,True,Ferrari,0 days 01:10:40.714000,,1,7.0,False,,False,True
0 days 01:13:48.408000,HAM,44,0 days 00:01:33.926000,19.0,1.0,,,0 days 00:00:32.285000,0 days 00:00:35.854000,0 days 00:00:25.787000,0 days 01:12:46.767000,0 days 01:13:22.621000,0 days 01:13:48.408000,211.0,183.0,286.0,299.0,False,MEDIUM,19.0,True,Ferrari,0 days 01:12:14.482000,,1,7.0,False,,False,True
0 days 00:45:51.112000,GAS,10,,1.0,1.0,,,,0 days 00:00:35.317000,0 days 00:00:25.839000,,0 days 00:45:25.460000,0 days 00:45:51.301000,217.0,175.0,275.0,311.0,False,MEDIUM,1.0,True,Alpine,0 days 00:44:11.427000,,1,8.0,False,,False,False
0 days 00:47:24.534000,GAS,10,0 days 00:01:33.422000,2.0,1.0,,,0 days 00:00:32.498000,0 days 00:00:34.891000,0 days 00:00:26.033000,0 days 00:46:23.676000,0 days 00:46:58.567000,0 days 00:47:24.600000,209.0,181.0,257.0,312.0,True,MEDIUM,2.0,True,Alpine,0 days 00:45:51.112000,,1,8.0,False,,False,True
0 days 00:48:58.203000,GAS,10,0 days 00:01:33.669000,3.0,1.0,,,0 days 00:00:32.433000,0 days 00:00:35.215000,0 days 00:00:26.021000,0 days 00:47:57.033000,0 days 00:48:32.248000,0 days 00:48:58.269000,210.0,182.0,266.0,313.0,False,MEDIUM,3.0,True,Alpine,0 days 00:47:24.534000,,1,8.0,True,TRACK LIMITS AT TURN 11 LAP 3 ,False,True
0 days 00:50:32.455000,GAS,10,0 days 00:01:34.252000,4.0,1.0,,,0 days 00:00:32.750000,0 days 00:00:35.314000,0 days 00:00:26.188000,0 days 00:49:31.019000,0 days 00:50:06.333000,0 days 00:50:32.521000,207.0,182.0,266.0,308.0,False,MEDIUM,4.0,True,Alpine,0 days 00:48:58.203000,,1,8.0,False,,False,True
0 days 00:52:06.040000,GAS,10,0 days 00:01:33.585000,5.0,1.0,,,0 days 00:00:32.291000,0 days 00:00:35.408000,0 days 00:00:25.886000,0 days 00:51:04.812000,0 days 00:51:40.220000,0 days 00:52:06.106000,211.0,183.0,283.0,310.0,False,MEDIUM,5.0,True,Alpine,0 days 00:50:32.455000,,1,8.0,False,,False,True
0 days 00:53:39.232000,GAS,10,0 days 00:01:33.192000,6.0,1.0,,,0 days 00:00:32.191000,0 days 00:00:35.217000,0 days 00:00:25.784000,0 days 00:52:38.297000,0 days 00:53:13.514000,0 days 00:53:39.298000,208.0,182.0,283.0,307.0,True,MEDIUM,6.0,True,Alpine,0 days 00:52:06.040000,,1,8.0,False,,False,True
0 days 00:55:12.561000,GAS,10,0 days 00:01:33.329000,7.0,1.0,,,0 days 00:00:32.096000,0 days 00:00:35.344000,0 days 00:00:25.889000,0 days 00:54:11.394000,0 days 00:54:46.738000,0 days 00:55:12.627000,210.0,183.0,279.0,308.0,False,MEDIUM,7.0,True,Alpine,0 days 00:53:39.232000,,1,8.0,False,,False,True
0 days 00:56:46.308000,GAS,10,0 days 00:01:33.747000,8.0,1.0,,,0 days 00:00:31.999000,0 days 00:00:35.802000,0 days 00:00:25.946000,0 days 00:55:44.626000,0 days 00:56:20.428000,0 days 00:56:46.374000,207.0,182.0,282.0,305.0,False,MEDIUM,8.0,True,Alpine,0 days 00:55:12.561000,,1,8.0,False,,False,True
0 days 00:58:19.668000,GAS,10,0 days 00:01:33.360000,9.0,1.0,,,0 days 00:00:32.110000,0 days 00:00:35.414000,0 days 00:00:25.836000,0 days 00:57:18.484000,0 days 00:57:53.898000,0 days 00:58:19.734000,209.0,179.0,279.0,310.0,False,MEDIUM,9.0,True,Alpine,0 days 00:56:46.308000,,1,8.0,False,,False,True
0 days 00:59:52.740000,GAS,10,0 days 00:01:33.072000,10.0,1.0,,,0 days 00:00:32.082000,0 days 00:00:35.256000,0 days 00:00:25.734000,0 days 00:58:51.816000,0 days 00:59:27.072000,0 days 00:59:52.806000,208.0,182.0,279.0,312.0,True,MEDIUM,10.0,True,Alpine,0 days 00:58:19.668000,,1,8.0,False,,False,True
0 days 01:01:25.934000,GAS,10,0 days 00:01:33.194000,11.0,1.0,,,0 days 00:00:32.159000,0 days 00:00:35.281000,0 days 00:00:25.754000,0 days 01:00:24.965000,0 days 01:01:00.246000,0 days 01:01:26,207.0,183.0,283.0,311.0,False,MEDIUM,11.0,True,Alpine,0 days 00:59:52.740000,,1,8.0,False,,False,True
0 days 01:02:59.268000,GAS,10,0 days 00:01:33.334000,12.0,1.0,,,0 days 00:00:32.105000,0 days 00:00:35.403000,0 days 00:00:25.826000,0 days 01:01:58.105000,0 days 01:02:33.508000,0 days 01:02:59.334000,208.0,185.0,279.0,311.0,False,MEDIUM,12.0,True,Alpine,0 days 01:01:25.934000,,1,8.0,False,,False,True
0 days 01:04:33.330000,GAS,10,0 days 00:01:34.062000,13.0,1.0,,,0 days 00:00:32.477000,0 days 00:00:35.429000,0 days 00:00:26.156000,0 days 01:03:31.811000,0 days 01:04:07.240000,0 days 01:04:33.396000,208.0,184.0,268.0,308.0,False,MEDIUM,13.0,True,Alpine,0 days 01:02:59.268000,,1,8.0,False,,False,True
0 days 01:06:07.381000,GAS,10,0 days 00:01:34.051000,14.0,1.0,,,0 days 00:00:32.349000,0 days 00:00:35.618000,0 days 00:00:26.084000,0 days 01:05:05.745000,0 days 01:05:41.363000,0 days 01:06:07.447000,214.0,183.0,277.0,306.0,False,MEDIUM,14.0,True,Alpine,0 days 01:04:33.330000,,1,8.0,False,,False,True
0 days 01:07:41.322000,GAS,10,0 days 00:01:33.941000,15.0,1.0,,,0 days 00:00:32.414000,0 days 00:00:35.633000,0 days 00:00:25.894000,0 days 01:06:39.861000,0 days 01:07:15.494000,0 days 01:07:41.388000,211.0,184.0,282.0,309.0,False,MEDIUM,15.0,True,Alpine,0 days 01:06:07.381000,,1,8.0,False,,False,True
0 days 01:09:15.269000,GAS,10,0 days 00:01:33.947000,16.0,1.0,,,0 days 00:00:32.537000,0 days 00:00:35.502000,0 days 00:00:25.908000,0 days 01:08:13.925000,0 days 01:08:49.427000,0 days 01:09:15.335000,212.0,185.0,282.0,306.0,False,MEDIUM,16.0,True,Alpine,0 days 01:07:41.322000,,1,8.0,False,,False,True
0 days 01:10:49.543000,GAS,10,0 days 00:01:34.274000,17.0,1.0,,,0 days 00:00:32.480000,0 days 00:00:35.679000,0 days 00:00:26.115000,0 days 01:09:47.815000,0 days 01:10:23.494000,0 days 01:10:49.609000,211.0,183.0,272.0,306.0,False,MEDIUM,17.0,True,Alpine,0 days 01:09:15.269000,,1,8.0,False,,False,True
0 days 01:12:23.608000,GAS,10,0 days 00:01:34.065000,18.0,1.0,,,0 days 00:00:32.432000,0 days 00:00:35.590000,0 days 00:00:26.043000,0 days 01:11:22.041000,0 days 01:11:57.631000,0 days 01:12:23.674000,210.0,184.0,264.0,306.0,False,MEDIUM,18.0,True,Alpine,0 days 01:10:49.543000,,1,8.0,False,,False,True
0 days 01:13:57.268000,GAS,10,0 days 00:01:33.660000,19.0,1.0,,,0 days 00:00:32.382000,0 days 00:00:35.581000,0 days 00:00:25.697000,0 days 01:12:56.056000,0 days 01:13:31.637000,0 days 01:13:57.334000,213.0,186.0,290.0,310.0,False,MEDIUM,19.0,True,Alpine,0 days 01:12:23.608000,,1,8.0,False,,False,True
0 days 00:45:53.266000,HAD,6,,1.0,1.0,,,,0 days 00:00:36.002000,0 days 00:00:26.186000,,0 days 00:45:27.259000,0 days 00:45:53.441000,201.0,185.0,257.0,299.0,False,MEDIUM,7.0,False,Red Bull Racing,0 days 00:44:11.427000,,1,11.0,False,,False,False
0 days 00:47:27.873000,HAD,6,0 days 00:01:34.607000,2.0,1.0,,,0 days 00:00:33.867000,0 days 00:00:34.969000,0 days 00:00:25.771000,0 days 00:46:27.196000,0 days 00:47:02.165000,0 days 00:47:27.936000,215.0,183.0,278.0,306.0,True,MEDIUM,8.0,False,Red Bull Racing,0 days 00:45:53.266000,,1,11.0,False,,False,True
0 days 00:49:01.796000,HAD,6,0 days 00:01:33.923000,3.0,1.0,,,0 days 00:00:32.703000,0 days 00:00:35.393000,0 days 00:00:25.827000,0 days 00:48:00.639000,0 days 00:48:36.032000,0 days 00:49:01.859000,214.0,180.0,281.0,303.0,True,MEDIUM,9.0,False,Red Bull Racing,0 days 00:47:27.873000,,1,11.0,False,,False,True
0 days 00:50:36.097000,HAD,6,0 days 00:01:34.301000,4.0,1.0,,,0 days 00:00:33.070000,0 days 00:00:35.422000,0 days 00:00:25.809000,0 days 00:49:34.929000,0 days 00:50:10.351000,0 days 00:50:36.160000,212.0,182.0,273.0,312.0,False,MEDIUM,10.0,False,Red Bull Racing,0 days 00:49:01.796000,,1,10.0,False,,False,True
0 days 00:52:10.193000,HAD,6,0 days 00:01:34.096000,5.0,1.0,,,0 days 00:00:32.523000,0 days 00:00:35.428000,0 days 00:00:26.145000,0 days 00:51:08.683000,0 days 00:51:44.111000,0 days 00:52:10.256000,214.0,180.0,266.0,305.0,False,MEDIUM,11.0,False,Red Bull Racing,0 days 00:50:36.097000,,1,10.0,False,,False,True
0 days 00:53:43.882000,HAD,6,0 days 00:01:33.689000,6.0,1.0,,,0 days 00:00:32.303000,0 days 00:00:35.344000,0 days 00:00:26.042000,0 days 00:52:42.559000,0 days 00:53:17.903000,0 days 00:53:43.945000,213.0,183.0,269.0,302.0,True,MEDIUM,12.0,False,Red Bull Racing,0 days 00:52:10.193000,,1,10.0,False,,False,True
0 days 00:55:17.429000,HAD,6,0 days 00:01:33.547000,7.0,1.0,,,0 days 00:00:32.308000,0 days 00:00:35.150000,0 days 00:00:26.089000,0 days 00:54:16.253000,0 days 00:54:51.403000,0 days 00:55:17.492000,217.0,184.0,271.0,299.0,True,MEDIUM,13.0,False,Red Bull Racing,0 days 00:53:43.882000,,1,10.0,False,,False,True
0 days 00:56:51.154000,HAD,6,0 days 00:01:33.725000,8.0,1.0,,,0 days 00:00:32.084000,0 days 00:00:35.486000,0 days 00:00:26.155000,0 days 00:55:49.576000,0 days 00:56:25.062000,0 days 00:56:51.217000,216.0,181.0,267.0,290.0,False,MEDIUM,14.0,False,Red Bull Racing,0 days 00:55:17.429000,,1,10.0,False,,False,True
0 days 00:58:24.415000,HAD,6,0 days 00:01:33.261000,9.0,1.0,,,0 days 00:00:32.096000,0 days 00:00:35.261000,0 days 00:00:25.904000,0 days 00:57:23.313000,0 days 00:57:58.574000,0 days 00:58:24.478000,216.0,183.0,271.0,306.0,False,MEDIUM,15.0,False,Red Bull Racing,0 days 00:56:51.154000,,1,10.0,True,TRACK LIMITS AT TURN 11 LAP 9 ,False,True
0 days 00:59:57.534000,HAD,6,0 days 00:01:33.119000,10.0,1.0,,,0 days 00:00:32.055000,0 days 00:00:35.219000,0 days 00:00:25.845000,0 days 00:58:56.533000,0 days 00:59:31.752000,0 days 00:59:57.597000,215.0,183.0,269.0,303.0,False,MEDIUM,16.0,False,Red Bull Racing,0 days 00:58:24.415000,,1,10.0,True,TRACK LIMITS AT TURN 11 LAP 10 ,False,True
0 days 01:01:30.729000,HAD,6,0 days 00:01:33.195000,11.0,1.0,,,0 days 00:00:32.031000,0 days 00:00:35.343000,0 days 00:00:25.821000,0 days 01:00:29.628000,0 days 01:01:04.971000,0 days 01:01:30.792000,213.0,184.0,276.0,307.0,True,MEDIUM,17.0,False,Red Bull Racing,0 days 00:59:57.534000,,1,10.0,False,,False,True
0 days 01:03:04.357000,HAD,6,0 days 00:01:33.628000,12.0,1.0,,,0 days 00:00:32.158000,0 days 00:00:35.521000,0 days 00:00:25.949000,0 days 01:02:02.950000,0 days 01:02:38.471000,0 days 01:03:04.420000,210.0,185.0,275.0,304.0,False,MEDIUM,18.0,False,Red Bull Racing,0 days 01:01:30.729000,,1,10.0,False,,False,True
0 days 01:04:38.040000,HAD,6,0 days 00:01:33.683000,13.0,1.0,,,0 days 00:00:32.373000,0 days 00:00:35.445000,0 days 00:00:25.865000,0 days 01:03:36.793000,0 days 01:04:12.238000,0 days 01:04:38.103000,214.0,182.0,276.0,309.0,False,MEDIUM,19.0,False,Red Bull Racing,0 days 01:03:04.357000,,1,10.0,False,,False,True
0 days 01:06:11.613000,HAD,6,0 days 00:01:33.573000,14.0,1.0,,,0 days 00:00:32.378000,0 days 00:00:35.392000,0 days 00:00:25.803000,0 days 01:05:10.481000,0 days 01:05:45.873000,0 days 01:06:11.676000,215.0,181.0,277.0,317.0,False,MEDIUM,20.0,False,Red Bull Racing,0 days 01:04:38.040000,,1,10.0,False,,False,True
0 days 01:07:46.269000,HAD,6,0 days 00:01:34.656000,15.0,1.0,,,0 days 00:00:32.823000,0 days 00:00:35.971000,0 days 00:00:25.862000,0 days 01:06:44.499000,0 days 01:07:20.470000,0 days 01:07:46.332000,214.0,182.0,281.0,310.0,False,MEDIUM,21.0,False,Red Bull Racing,0 days 01:06:11.613000,,1,10.0,False,,False,True
0 days 01:09:20.105000,HAD,6,0 days 00:01:33.836000,16.0,1.0,,,0 days 00:00:32.625000,0 days 00:00:35.298000,0 days 00:00:25.913000,0 days 01:08:18.957000,0 days 01:08:54.255000,0 days 01:09:20.168000,212.0,183.0,274.0,302.0,False,MEDIUM,22.0,False,Red Bull Racing,0 days 01:07:46.269000,,1,10.0,False,,False,True
0 days 01:10:54.584000,HAD,6,0 days 00:01:34.479000,17.0,1.0,,,0 days 00:00:32.850000,0 days 00:00:35.748000,0 days 00:00:25.881000,0 days 01:09:53.018000,0 days 01:10:28.766000,0 days 01:10:54.647000,212.0,182.0,266.0,309.0,False,MEDIUM,23.0,False,Red Bull Racing,0 days 01:09:20.105000,,1,9.0,False,,False,True
0 days 01:12:28.313000,HAD,6,0 days 00:01:33.729000,18.0,1.0,,,0 days 00:00:32.090000,0 days 00:00:35.520000,0 days 00:00:26.119000,0 days 01:11:26.737000,0 days 01:12:02.257000,0 days 01:12:28.376000,214.0,184.0,269.0,299.0,False,MEDIUM,24.0,False,Red Bull Racing,0 days 01:10:54.584000,,1,9.0,False,,False,True
0 days 01:14:02.089000,HAD,6,0 days 00:01:33.776000,19.0,1.0,,,0 days 00:00:31.848000,0 days 00:00:35.973000,0 days 00:00:25.955000,0 days 01:13:00.224000,0 days 01:13:36.197000,0 days 01:14:02.152000,215.0,182.0,275.0,305.0,False,MEDIUM,25.0,False,Red Bull Racing,0 days 01:12:28.313000,,1,9.0,False,,False,True
0 days 00:45:51.663000,COL,43,,1.0,1.0,,,,0 days 00:00:35.450000,0 days 00:00:25.849000,,0 days 00:45:25.933000,0 days 00:45:51.893000,213.0,178.0,282.0,306.0,False,MEDIUM,1.0,True,Alpine,0 days 00:44:11.427000,,1,9.0,False,,False,False
0 days 00:47:25.350000,COL,43,0 days 00:01:33.687000,2.0,1.0,,,0 days 00:00:32.855000,0 days 00:00:34.915000,0 days 00:00:25.917000,0 days 00:46:24.572000,0 days 00:46:59.487000,0 days 00:47:25.404000,205.0,182.0,272.0,318.0,True,MEDIUM,2.0,True,Alpine,0 days 00:45:51.663000,,1,9.0,False,,False,True
0 days 00:49:00.001000,COL,43,0 days 00:01:34.651000,3.0,1.0,,,0 days 00:00:32.998000,0 days 00:00:35.389000,0 days 00:00:26.264000,0 days 00:47:58.402000,0 days 00:48:33.791000,0 days 00:49:00.055000,206.0,183.0,262.0,309.0,False,MEDIUM,3.0,True,Alpine,0 days 00:47:25.350000,,1,9.0,False,,False,True
0 days 00:50:34.413000,COL,43,0 days 00:01:34.412000,4.0,1.0,,,0 days 00:00:32.718000,0 days 00:00:35.518000,0 days 00:00:26.176000,0 days 00:49:32.773000,0 days 00:50:08.291000,0 days 00:50:34.467000,210.0,179.0,275.0,309.0,False,MEDIUM,4.0,True,Alpine,0 days 00:49:00.001000,,1,9.0,False,,False,True
0 days 00:52:08.372000,COL,43,0 days 00:01:33.959000,5.0,1.0,,,0 days 00:00:32.316000,0 days 00:00:35.515000,0 days 00:00:26.128000,0 days 00:51:06.783000,0 days 00:51:42.298000,0 days 00:52:08.426000,212.0,182.0,287.0,296.0,False,MEDIUM,5.0,True,Alpine,0 days 00:50:34.413000,,1,9.0,False,,False,True
0 days 00:53:41.511000,COL,43,0 days 00:01:33.139000,6.0,1.0,,,0 days 00:00:32.103000,0 days 00:00:35.322000,0 days 00:00:25.714000,0 days 00:52:40.529000,0 days 00:53:15.851000,0 days 00:53:41.565000,211.0,185.0,283.0,313.0,True,MEDIUM,6.0,True,Alpine,0 days 00:52:08.372000,,1,9.0,False,,False,True
0 days 00:55:14.802000,COL,43,0 days 00:01:33.291000,7.0,1.0,,,0 days 00:00:32.133000,0 days 00:00:35.294000,0 days 00:00:25.864000,0 days 00:54:13.698000,0 days 00:54:48.992000,0 days 00:55:14.856000,210.0,184.0,281.0,312.0,False,MEDIUM,7.0,True,Alpine,0 days 00:53:41.511000,,1,9.0,False,,False,True
0 days 00:56:48.495000,COL,43,0 days 00:01:33.693000,8.0,1.0,,,0 days 00:00:32.408000,0 days 00:00:35.396000,0 days 00:00:25.889000,0 days 00:55:47.264000,0 days 00:56:22.660000,0 days 00:56:48.549000,203.0,184.0,266.0,312.0,False,MEDIUM,8.0,True,Alpine,0 days 00:55:14.802000,,1,9.0,False,,False,True
0 days 00:58:22.435000,COL,43,0 days 00:01:33.940000,9.0,1.0,,,0 days 00:00:32.433000,0 days 00:00:35.613000,0 days 00:00:25.894000,0 days 00:57:20.982000,0 days 00:57:56.595000,0 days 00:58:22.489000,209.0,182.0,283.0,312.0,False,MEDIUM,9.0,True,Alpine,0 days 00:56:48.495000,,1,9.0,False,,False,True
0 days 00:59:56.069000,COL,43,0 days 00:01:33.634000,10.0,1.0,,,0 days 00:00:32.393000,0 days 00:00:35.323000,0 days 00:00:25.918000,0 days 00:58:54.882000,0 days 00:59:30.205000,0 days 00:59:56.123000,209.0,182.0,282.0,310.0,False,MEDIUM,10.0,True,Alpine,0 days 00:58:22.435000,,1,9.0,False,,False,True
0 days 01:01:29.507000,COL,43,0 days 00:01:33.438000,11.0,1.0,,,0 days 00:00:32.197000,0 days 00:00:35.345000,0 days 00:00:25.896000,0 days 01:00:28.320000,0 days 01:01:03.665000,0 days 01:01:29.561000,211.0,183.0,282.0,312.0,False,MEDIUM,11.0,True,Alpine,0 days 00:59:56.069000,,1,9.0,False,,False,True
0 days 01:03:03.589000,COL,43,0 days 00:01:34.082000,12.0,1.0,,,0 days 00:00:32.297000,0 days 00:00:35.261000,0 days 00:00:26.524000,0 days 01:02:01.858000,0 days 01:02:37.119000,0 days 01:03:03.643000,209.0,185.0,277.0,270.0,False,MEDIUM,12.0,True,Alpine,0 days 01:01:29.507000,,1,9.0,False,,False,True
0 days 01:04:37.376000,COL,43,0 days 00:01:33.787000,13.0,1.0,,,0 days 00:00:32.148000,0 days 00:00:35.600000,0 days 00:00:26.039000,0 days 01:03:35.791000,0 days 01:04:11.391000,0 days 01:04:37.430000,213.0,182.0,282.0,309.0,False,MEDIUM,13.0,True,Alpine,0 days 01:03:03.589000,,1,9.0,False,,False,True
0 days 01:06:11.244000,COL,43,0 days 00:01:33.868000,14.0,1.0,,,0 days 00:00:32.138000,0 days 00:00:35.725000,0 days 00:00:26.005000,0 days 01:05:09.568000,0 days 01:05:45.293000,0 days 01:06:11.298000,214.0,179.0,262.0,322.0,False,MEDIUM,14.0,True,Alpine,0 days 01:04:37.376000,,1,9.0,False,,False,True
0 days 01:07:45.557000,COL,43,0 days 00:01:34.313000,15.0,1.0,,,0 days 00:00:32.542000,0 days 00:00:35.825000,0 days 00:00:25.946000,0 days 01:06:43.840000,0 days 01:07:19.665000,0 days 01:07:45.611000,212.0,184.0,280.0,309.0,False,MEDIUM,15.0,True,Alpine,0 days 01:06:11.244000,,1,9.0,False,,False,True
0 days 01:09:19.712000,COL,43,0 days 00:01:34.155000,16.0,1.0,,,0 days 00:00:32.693000,0 days 00:00:35.307000,0 days 00:00:26.155000,0 days 01:08:18.304000,0 days 01:08:53.611000,0 days 01:09:19.766000,211.0,185.0,257.0,307.0,False,MEDIUM,16.0,True,Alpine,0 days 01:07:45.557000,,1,9.0,False,,False,True
0 days 01:10:55.489000,COL,43,0 days 00:01:35.777000,17.0,1.0,,,0 days 00:00:33.694000,0 days 00:00:35.886000,0 days 00:00:26.197000,0 days 01:09:53.460000,0 days 01:10:29.346000,0 days 01:10:55.543000,211.0,181.0,276.0,288.0,False,MEDIUM,17.0,True,Alpine,0 days 01:09:19.712000,,1,10.0,False,,False,True
0 days 01:12:29.589000,COL,43,0 days 00:01:34.100000,18.0,1.0,,,0 days 00:00:32.595000,0 days 00:00:35.546000,0 days 00:00:25.959000,0 days 01:11:28.138000,0 days 01:12:03.684000,0 days 01:12:29.643000,209.0,178.0,283.0,315.0,False,MEDIUM,18.0,True,Alpine,0 days 01:10:55.489000,,1,10.0,False,,False,True
0 days 01:14:03.713000,COL,43,0 days 00:01:34.124000,19.0,1.0,,,0 days 00:00:32.072000,0 days 00:00:36.138000,0 days 00:00:25.914000,0 days 01:13:01.715000,0 days 01:13:37.853000,0 days 01:14:03.767000,214.0,181.0,276.0,312.0,False,MEDIUM,19.0,True,Alpine,0 days 01:12:29.589000,,1,10.0,False,,False,True
0 days 00:45:54.338000,OCO,31,,1.0,1.0,,,,0 days 00:00:36.445000,0 days 00:00:25.736000,,0 days 00:45:28.707000,0 days 00:45:54.352000,214.0,187.0,291.0,303.0,False,MEDIUM,4.0,False,Haas F1 Team,0 days 00:44:11.427000,,1,13.0,False,,False,False
0 days 00:47:29.629000,OCO,31,0 days 00:01:35.291000,2.0,1.0,,,0 days 00:00:33.875000,0 days 00:00:35.639000,0 days 00:00:25.777000,0 days 00:46:28.227000,0 days 00:47:03.866000,0 days 00:47:29.643000,213.0,184.0,289.0,303.0,True,MEDIUM,5.0,False,Haas F1 Team,0 days 00:45:54.338000,,1,13.0,False,,False,True
0 days 00:49:04.225000,OCO,31,0 days 00:01:34.596000,3.0,1.0,,,0 days 00:00:33.424000,0 days 00:00:35.442000,0 days 00:00:25.730000,0 days 00:48:03.067000,0 days 00:48:38.509000,0 days 00:49:04.239000,212.0,184.0,288.0,316.0,True,MEDIUM,6.0,False,Haas F1 Team,0 days 00:47:29.629000,,1,13.0,False,,False,True
0 days 00:50:39.122000,OCO,31,0 days 00:01:34.897000,4.0,1.0,,,0 days 00:00:33.289000,0 days 00:00:35.697000,0 days 00:00:25.911000,0 days 00:49:37.528000,0 days 00:50:13.225000,0 days 00:50:39.136000,214.0,184.0,281.0,315.0,False,MEDIUM,7.0,False,Haas F1 Team,0 days 00:49:04.225000,,1,13.0,False,,False,True
0 days 00:52:13.791000,OCO,31,0 days 00:01:34.669000,5.0,1.0,,,0 days 00:00:33.211000,0 days 00:00:35.589000,0 days 00:00:25.869000,0 days 00:51:12.347000,0 days 00:51:47.936000,0 days 00:52:13.805000,214.0,184.0,288.0,311.0,False,MEDIUM,8.0,False,Haas F1 Team,0 days 00:50:39.122000,,1,13.0,False,,False,True
0 days 00:53:48.200000,OCO,31,0 days 00:01:34.409000,6.0,1.0,,,0 days 00:00:33.202000,0 days 00:00:35.448000,0 days 00:00:25.759000,0 days 00:52:47.007000,0 days 00:53:22.455000,0 days 00:53:48.214000,213.0,182.0,283.0,313.0,True,MEDIUM,9.0,False,Haas F1 Team,0 days 00:52:13.791000,,1,13.0,False,,False,True
0 days 00:55:22.929000,OCO,31,0 days 00:01:34.729000,7.0,1.0,,,0 days 00:00:33.371000,0 days 00:00:35.603000,0 days 00:00:25.755000,0 days 00:54:21.585000,0 days 00:54:57.188000,0 days 00:55:22.943000,211.0,185.0,285.0,315.0,False,MEDIUM,10.0,False,Haas F1 Team,0 days 00:53:48.200000,,1,13.0,False,,False,True
0 days 00:56:57.821000,OCO,31,0 days 00:01:34.892000,8.0,1.0,,,0 days 00:00:33.465000,0 days 00:00:35.635000,0 days 00:00:25.792000,0 days 00:55:56.408000,0 days 00:56:32.043000,0 days 00:56:57.835000,209.0,185.0,283.0,315.0,False,MEDIUM,11.0,False,Haas F1 Team,0 days 00:55:22.929000,,1,13.0,False,,False,True
0 days 00:58:32.434000,OCO,31,0 days 00:01:34.613000,9.0,1.0,,,0 days 00:00:33.350000,0 days 00:00:35.553000,0 days 00:00:25.710000,0 days 00:57:31.185000,0 days 00:58:06.738000,0 days 00:58:32.448000,210.0,184.0,284.0,316.0,False,MEDIUM,12.0,False,Haas F1 Team,0 days 00:56:57.821000,,1,13.0,False,,False,True
0 days 01:00:07.199000,OCO,31,0 days 00:01:34.765000,10.0,1.0,,,0 days 00:00:33.378000,0 days 00:00:35.640000,0 days 00:00:25.747000,0 days 00:59:05.826000,0 days 00:59:41.466000,0 days 01:00:07.213000,213.0,183.0,287.0,308.0,False,MEDIUM,13.0,False,Haas F1 Team,0 days 00:58:32.434000,,1,13.0,False,,False,True
0 days 01:01:42.342000,OCO,31,0 days 00:01:35.143000,11.0,1.0,,,0 days 00:00:33.461000,0 days 00:00:35.868000,0 days 00:00:25.814000,0 days 01:00:40.674000,0 days 01:01:16.542000,0 days 01:01:42.356000,213.0,183.0,284.0,312.0,False,MEDIUM,14.0,False,Haas F1 Team,0 days 01:00:07.199000,,1,13.0,False,,False,True
0 days 01:03:17.654000,OCO,31,0 days 00:01:35.312000,12.0,1.0,,,0 days 00:00:33.532000,0 days 00:00:35.705000,0 days 00:00:26.075000,0 days 01:02:15.888000,0 days 01:02:51.593000,0 days 01:03:17.668000,212.0,183.0,282.0,306.0,False,MEDIUM,15.0,False,Haas F1 Team,0 days 01:01:42.342000,,1,12.0,False,,False,True
0 days 01:04:52.936000,OCO,31,0 days 00:01:35.282000,13.0,1.0,,,0 days 00:00:33.053000,0 days 00:00:36.127000,0 days 00:00:26.102000,0 days 01:03:50.721000,0 days 01:04:26.848000,0 days 01:04:52.950000,211.0,184.0,283.0,307.0,False,MEDIUM,16.0,False,Haas F1 Team,0 days 01:03:17.654000,,1,12.0,False,,False,True
0 days 01:06:28.172000,OCO,31,0 days 00:01:35.236000,14.0,1.0,,,0 days 00:00:33.097000,0 days 00:00:35.954000,0 days 00:00:26.185000,0 days 01:05:26.047000,0 days 01:06:02.001000,0 days 01:06:28.186000,213.0,184.0,283.0,304.0,False,MEDIUM,17.0,False,Haas F1 Team,0 days 01:04:52.936000,,1,12.0,False,,False,True
0 days 01:08:03.363000,OCO,31,0 days 00:01:35.191000,15.0,1.0,,,0 days 00:00:32.944000,0 days 00:00:35.910000,0 days 00:00:26.337000,0 days 01:07:01.130000,0 days 01:07:37.040000,0 days 01:08:03.377000,213.0,185.0,283.0,303.0,False,MEDIUM,18.0,False,Haas F1 Team,0 days 01:06:28.172000,,1,12.0,False,,False,True
0 days 01:09:38.515000,OCO,31,0 days 00:01:35.152000,16.0,1.0,,,0 days 00:00:33.153000,0 days 00:00:35.807000,0 days 00:00:26.192000,0 days 01:08:36.530000,0 days 01:09:12.337000,0 days 01:09:38.529000,213.0,186.0,283.0,302.0,False,MEDIUM,19.0,False,Haas F1 Team,0 days 01:08:03.363000,,1,12.0,False,,False,True
0 days 01:11:13.412000,OCO,31,0 days 00:01:34.897000,17.0,1.0,,,0 days 00:00:32.887000,0 days 00:00:35.945000,0 days 00:00:26.065000,0 days 01:10:11.416000,0 days 01:10:47.361000,0 days 01:11:13.426000,213.0,185.0,284.0,304.0,False,MEDIUM,20.0,False,Haas F1 Team,0 days 01:09:38.515000,,1,12.0,False,,False,True
0 days 01:12:48.530000,OCO,31,0 days 00:01:35.118000,18.0,1.0,,,0 days 00:00:32.861000,0 days 00:00:36.166000,0 days 00:00:26.091000,0 days 01:11:46.287000,0 days 01:12:22.453000,0 days 01:12:48.544000,214.0,186.0,284.0,304.0,False,MEDIUM,21.0,False,Haas F1 Team,0 days 01:11:13.412000,,1,12.0,False,,False,True
0 days 01:14:23.715000,OCO,31,0 days 00:01:35.185000,19.0,1.0,,,0 days 00:00:32.980000,0 days 00:00:36.054000,0 days 00:00:26.151000,0 days 01:13:21.524000,0 days 01:13:57.578000,0 days 01:14:23.729000,208.0,187.0,289.0,302.0,False,MEDIUM,22.0,False,Haas F1 Team,0 days 01:12:48.530000,,1,12.0,False,,False,True
0 days 00:45:53.489000,BEA,87,,1.0,1.0,,,,0 days 00:00:36.197000,0 days 00:00:25.872000,,0 days 00:45:27.774000,0 days 00:45:53.607000,211.0,181.0,291.0,278.0,False,MEDIUM,4.0,False,Haas F1 Team,0 days 00:44:11.427000,,1,12.0,False,,False,False
0 days 00:47:28.745000,BEA,87,0 days 00:01:35.256000,2.0,1.0,,,0 days 00:00:34.255000,0 days 00:00:35.278000,0 days 00:00:25.723000,0 days 00:46:27.810000,0 days 00:47:03.088000,0 days 00:47:28.811000,215.0,180.0,287.0,314.0,True,MEDIUM,5.0,False,Haas F1 Team,0 days 00:45:53.489000,,1,12.0,False,,False,True
0 days 00:49:03.275000,BEA,87,0 days 00:01:34.530000,3.0,1.0,,,0 days 00:00:33.298000,0 days 00:00:35.253000,0 days 00:00:25.979000,0 days 00:48:02.109000,0 days 00:48:37.362000,0 days 00:49:03.341000,210.0,180.0,284.0,319.0,True,MEDIUM,6.0,False,Haas F1 Team,0 days 00:47:28.745000,,1,12.0,False,,False,True
0 days 00:50:38.027000,BEA,87,0 days 00:01:34.752000,4.0,1.0,,,0 days 00:00:32.990000,0 days 00:00:35.742000,0 days 00:00:26.020000,0 days 00:49:36.331000,0 days 00:50:12.073000,0 days 00:50:38.093000,213.0,178.0,287.0,316.0,False,MEDIUM,7.0,False,Haas F1 Team,0 days 00:49:03.275000,,1,12.0,False,,False,True
0 days 00:52:12.907000,BEA,87,0 days 00:01:34.880000,5.0,1.0,,,0 days 00:00:33.075000,0 days 00:00:35.713000,0 days 00:00:26.092000,0 days 00:51:11.168000,0 days 00:51:46.881000,0 days 00:52:12.973000,212.0,180.0,289.0,298.0,False,MEDIUM,8.0,False,Haas F1 Team,0 days 00:50:38.027000,,1,12.0,False,,False,True
0 days 00:53:47.431000,BEA,87,0 days 00:01:34.524000,6.0,1.0,,,0 days 00:00:32.970000,0 days 00:00:35.605000,0 days 00:00:25.949000,0 days 00:52:45.943000,0 days 00:53:21.548000,0 days 00:53:47.497000,214.0,182.0,289.0,300.0,True,MEDIUM,9.0,False,Haas F1 Team,0 days 00:52:12.907000,,1,12.0,False,,False,True
0 days 00:55:22.272000,BEA,87,0 days 00:01:34.841000,7.0,1.0,,,0 days 00:00:33.085000,0 days 00:00:35.739000,0 days 00:00:26.017000,0 days 00:54:20.582000,0 days 00:54:56.321000,0 days 00:55:22.338000,211.0,179.0,288.0,301.0,False,MEDIUM,10.0,False,Haas F1 Team,0 days 00:53:47.431000,,1,12.0,False,,False,True
0 days 00:56:56.953000,BEA,87,0 days 00:01:34.681000,8.0,1.0,,,0 days 00:00:33.097000,0 days 00:00:35.511000,0 days 00:00:26.073000,0 days 00:55:55.435000,0 days 00:56:30.946000,0 days 00:56:57.019000,210.0,180.0,284.0,289.0,False,MEDIUM,11.0,False,Haas F1 Team,0 days 00:55:22.272000,,1,12.0,False,,False,True
0 days 00:58:31.618000,BEA,87,0 days 00:01:34.665000,9.0,1.0,,,0 days 00:00:33.115000,0 days 00:00:35.663000,0 days 00:00:25.887000,0 days 00:57:30.134000,0 days 00:58:05.797000,0 days 00:58:31.684000,209.0,177.0,289.0,306.0,False,MEDIUM,12.0,False,Haas F1 Team,0 days 00:56:56.953000,,1,12.0,False,,False,True
0 days 01:00:06.670000,BEA,87,0 days 00:01:35.052000,10.0,1.0,,,0 days 00:00:33.236000,0 days 00:00:35.779000,0 days 00:00:26.037000,0 days 00:59:04.920000,0 days 00:59:40.699000,0 days 01:00:06.736000,208.0,178.0,289.0,297.0,False,MEDIUM,13.0,False,Haas F1 Team,0 days 00:58:31.618000,,1,12.0,False,,False,True
0 days 01:01:41.867000,BEA,87,0 days 00:01:35.197000,11.0,1.0,,,0 days 00:00:33.277000,0 days 00:00:35.928000,0 days 00:00:25.992000,0 days 01:00:40.013000,0 days 01:01:15.941000,0 days 01:01:41.933000,207.0,178.0,288.0,299.0,False,MEDIUM,14.0,False,Haas F1 Team,0 days 01:00:06.670000,,1,12.0,False,,False,True
0 days 01:03:18.455000,BEA,87,0 days 00:01:36.588000,12.0,1.0,,,0 days 00:00:33.229000,0 days 00:00:37.211000,0 days 00:00:26.148000,0 days 01:02:15.162000,0 days 01:02:52.373000,0 days 01:03:18.521000,206.0,177.0,288.0,315.0,False,MEDIUM,15.0,False,Haas F1 Team,0 days 01:01:41.867000,,1,13.0,False,,False,True
0 days 01:04:53.810000,BEA,87,0 days 00:01:35.355000,13.0,1.0,,,0 days 00:00:33.392000,0 days 00:00:35.836000,0 days 00:00:26.127000,0 days 01:03:51.913000,0 days 01:04:27.749000,0 days 01:04:53.876000,211.0,179.0,284.0,303.0,False,MEDIUM,16.0,False,Haas F1 Team,0 days 01:03:18.455000,,1,13.0,False,,False,True
0 days 01:06:28.893000,BEA,87,0 days 00:01:35.083000,14.0,1.0,,,0 days 00:00:33.474000,0 days 00:00:35.668000,0 days 00:00:25.941000,0 days 01:05:27.350000,0 days 01:06:03.018000,0 days 01:06:28.959000,214.0,178.0,287.0,300.0,False,MEDIUM,17.0,False,Haas F1 Team,0 days 01:04:53.810000,,1,13.0,False,,False,True
0 days 01:08:04.044000,BEA,87,0 days 00:01:35.151000,15.0,1.0,,,0 days 00:00:33.404000,0 days 00:00:35.692000,0 days 00:00:26.055000,0 days 01:07:02.363000,0 days 01:07:38.055000,0 days 01:08:04.110000,214.0,179.0,287.0,307.0,False,MEDIUM,18.0,False,Haas F1 Team,0 days 01:06:28.893000,,1,13.0,False,,False,True
0 days 01:09:39.187000,BEA,87,0 days 00:01:35.143000,16.0,1.0,,,0 days 00:00:33.449000,0 days 00:00:35.657000,0 days 00:00:26.037000,0 days 01:08:37.559000,0 days 01:09:13.216000,0 days 01:09:39.253000,211.0,183.0,286.0,290.0,False,MEDIUM,19.0,False,Haas F1 Team,0 days 01:08:04.044000,,1,13.0,False,,False,True
0 days 01:11:14.167000,BEA,87,0 days 00:01:34.980000,17.0,1.0,,,0 days 00:00:33.242000,0 days 00:00:35.841000,0 days 00:00:25.897000,0 days 01:10:12.495000,0 days 01:10:48.336000,0 days 01:11:14.233000,213.0,184.0,285.0,304.0,False,MEDIUM,20.0,False,Haas F1 Team,0 days 01:09:39.187000,,1,13.0,False,,False,True
0 days 01:12:49.187000,BEA,87,0 days 00:01:35.020000,18.0,1.0,,,0 days 00:00:33.370000,0 days 00:00:35.702000,0 days 00:00:25.948000,0 days 01:11:47.603000,0 days 01:12:23.305000,0 days 01:12:49.253000,214.0,181.0,286.0,298.0,False,MEDIUM,21.0,False,Haas F1 Team,0 days 01:11:14.167000,,1,13.0,False,,False,True
0 days 01:14:24.108000,BEA,87,0 days 00:01:34.921000,19.0,1.0,,,0 days 00:00:33.382000,0 days 00:00:35.630000,0 days 00:00:25.909000,0 days 01:13:22.635000,0 days 01:13:58.265000,0 days 01:14:24.174000,216.0,181.0,290.0,317.0,False,MEDIUM,22.0,False,Haas F1 Team,0 days 01:12:49.187000,,1,13.0,False,,False,True
0 days 00:45:55.670000,SAI,55,,1.0,1.0,,,,0 days 00:00:36.503000,0 days 00:00:26.560000,,0 days 00:45:29.244000,0 days 00:45:55.777000,216.0,177.0,274.0,254.0,False,MEDIUM,7.0,False,Williams,0 days 00:44:11.427000,,1,16.0,False,,False,False
0 days 00:47:31.487000,SAI,55,0 days 00:01:35.817000,2.0,1.0,,,0 days 00:00:34.136000,0 days 00:00:35.404000,0 days 00:00:26.277000,0 days 00:46:29.877000,0 days 00:47:05.281000,0 days 00:47:31.558000,209.0,183.0,258.0,306.0,True,MEDIUM,8.0,False,Williams,0 days 00:45:55.670000,,1,14.0,False,,False,True
0 days 00:49:06.213000,SAI,55,0 days 00:01:34.726000,3.0,1.0,,,0 days 00:00:33.539000,0 days 00:00:35.240000,0 days 00:00:25.947000,0 days 00:48:05.097000,0 days 00:48:40.337000,0 days 00:49:06.284000,212.0,184.0,260.0,317.0,True,MEDIUM,9.0,False,Williams,0 days 00:47:31.487000,,1,14.0,False,,False,True
0 days 00:50:40.855000,SAI,55,0 days 00:01:34.642000,4.0,1.0,,,0 days 00:00:33.127000,0 days 00:00:35.500000,0 days 00:00:26.015000,0 days 00:49:39.411000,0 days 00:50:14.911000,0 days 00:50:40.926000,212.0,184.0,277.0,316.0,True,MEDIUM,10.0,False,Williams,0 days 00:49:06.213000,,1,14.0,False,,False,True
0 days 00:52:14.863000,SAI,55,0 days 00:01:34.008000,5.0,1.0,,,0 days 00:00:32.752000,0 days 00:00:35.441000,0 days 00:00:25.815000,0 days 00:51:13.678000,0 days 00:51:49.119000,0 days 00:52:14.934000,214.0,184.0,284.0,322.0,True,MEDIUM,11.0,False,Williams,0 days 00:50:40.855000,,1,14.0,False,,False,True
0 days 00:53:48.929000,SAI,55,0 days 00:01:34.066000,6.0,1.0,,,0 days 00:00:32.981000,0 days 00:00:35.357000,0 days 00:00:25.728000,0 days 00:52:47.915000,0 days 00:53:23.272000,0 days 00:53:49,213.0,184.0,283.0,322.0,False,MEDIUM,12.0,False,Williams,0 days 00:52:14.863000,,1,14.0,False,,False,True
0 days 00:55:23.582000,SAI,55,0 days 00:01:34.653000,7.0,1.0,,,0 days 00:00:33.391000,0 days 00:00:35.436000,0 days 00:00:25.826000,0 days 00:54:22.391000,0 days 00:54:57.827000,0 days 00:55:23.653000,214.0,185.0,277.0,315.0,False,MEDIUM,13.0,False,Williams,0 days 00:53:48.929000,,1,14.0,False,,False,True
0 days 00:56:58.506000,SAI,55,0 days 00:01:34.924000,8.0,1.0,,,0 days 00:00:33.412000,0 days 00:00:35.640000,0 days 00:00:25.872000,0 days 00:55:57.065000,0 days 00:56:32.705000,0 days 00:56:58.577000,213.0,182.0,270.0,324.0,False,MEDIUM,14.0,False,Williams,0 days 00:55:23.582000,,1,14.0,False,,False,True
0 days 00:58:33.316000,SAI,55,0 days 00:01:34.810000,9.0,1.0,,,0 days 00:00:33.426000,0 days 00:00:35.612000,0 days 00:00:25.772000,0 days 00:57:32.003000,0 days 00:58:07.615000,0 days 00:58:33.387000,212.0,182.0,282.0,323.0,False,MEDIUM,15.0,False,Williams,0 days 00:56:58.506000,,1,14.0,False,,False,True
0 days 01:00:07.856000,SAI,55,0 days 00:01:34.540000,10.0,1.0,,,0 days 00:00:33.293000,0 days 00:00:35.563000,0 days 00:00:25.684000,0 days 00:59:06.680000,0 days 00:59:42.243000,0 days 01:00:07.927000,211.0,180.0,286.0,317.0,False,MEDIUM,16.0,False,Williams,0 days 00:58:33.316000,,1,14.0,False,,False,True
0 days 01:01:43.606000,SAI,55,0 days 00:01:35.750000,11.0,1.0,,,0 days 00:00:33.481000,0 days 00:00:36.216000,0 days 00:00:26.053000,0 days 01:00:41.408000,0 days 01:01:17.624000,0 days 01:01:43.677000,212.0,180.0,276.0,315.0,False,MEDIUM,17.0,False,Williams,0 days 01:00:07.856000,,1,14.0,False,,False,True
0 days 01:03:18.734000,SAI,55,0 days 00:01:35.128000,12.0,1.0,,,0 days 00:00:33.311000,0 days 00:00:35.852000,0 days 00:00:25.965000,0 days 01:02:16.988000,0 days 01:02:52.840000,0 days 01:03:18.805000,214.0,182.0,283.0,310.0,False,MEDIUM,18.0,False,Williams,0 days 01:01:43.606000,,1,14.0,False,,False,True
0 days 01:04:54.268000,SAI,55,0 days 00:01:35.534000,13.0,1.0,,,0 days 00:00:33.771000,0 days 00:00:35.861000,0 days 00:00:25.902000,0 days 01:03:52.576000,0 days 01:04:28.437000,0 days 01:04:54.339000,213.0,182.0,278.0,322.0,False,MEDIUM,19.0,False,Williams,0 days 01:03:18.734000,,1,14.0,False,,False,True
0 days 01:06:29.726000,SAI,55,0 days 00:01:35.458000,14.0,1.0,,,0 days 00:00:33.655000,0 days 00:00:35.612000,0 days 00:00:26.191000,0 days 01:05:27.994000,0 days 01:06:03.606000,0 days 01:06:29.797000,212.0,183.0,252.0,320.0,False,MEDIUM,20.0,False,Williams,0 days 01:04:54.268000,,1,14.0,False,,False,True
0 days 01:08:04.682000,SAI,55,0 days 00:01:34.956000,15.0,1.0,,,0 days 00:00:33.618000,0 days 00:00:35.537000,0 days 00:00:25.801000,0 days 01:07:03.415000,0 days 01:07:38.952000,0 days 01:08:04.753000,210.0,182.0,289.0,313.0,False,MEDIUM,21.0,False,Williams,0 days 01:06:29.726000,,1,14.0,False,,False,True
0 days 01:09:40.012000,SAI,55,0 days 00:01:35.330000,16.0,1.0,,,0 days 00:00:33.649000,0 days 00:00:35.627000,0 days 00:00:26.054000,0 days 01:08:38.402000,0 days 01:09:14.029000,0 days 01:09:40.083000,212.0,183.0,284.0,315.0,False,MEDIUM,22.0,False,Williams,0 days 01:08:04.682000,,1,14.0,False,,False,True
0 days 01:11:14.989000,SAI,55,0 days 00:01:34.977000,17.0,1.0,,,0 days 00:00:33.371000,0 days 00:00:35.747000,0 days 00:00:25.859000,0 days 01:10:13.454000,0 days 01:10:49.201000,0 days 01:11:15.060000,210.0,180.0,287.0,322.0,False,MEDIUM,23.0,False,Williams,0 days 01:09:40.012000,,1,14.0,False,,False,True
0 days 01:12:50.207000,SAI,55,0 days 00:01:35.218000,18.0,1.0,,,0 days 00:00:33.195000,0 days 00:00:35.962000,0 days 00:00:26.061000,0 days 01:11:48.255000,0 days 01:12:24.217000,0 days 01:12:50.278000,212.0,183.0,280.0,306.0,False,MEDIUM,24.0,False,Williams,0 days 01:11:14.989000,,1,14.0,False,,False,True
0 days 01:14:25.247000,SAI,55,0 days 00:01:35.040000,19.0,1.0,,,0 days 00:00:33.269000,0 days 00:00:35.874000,0 days 00:00:25.897000,0 days 01:13:23.547000,0 days 01:13:59.421000,0 days 01:14:25.318000,209.0,184.0,273.0,320.0,False,MEDIUM,25.0,False,Williams,0 days 01:12:50.207000,,1,14.0,False,,False,True
0 days 00:45:54.828000,LAW,30,,1.0,1.0,,,,0 days 00:00:36.468000,0 days 00:00:26.656000,,0 days 00:45:28.341000,0 days 00:45:54.924000,214.0,169.0,270.0,299.0,False,MEDIUM,1.0,True,Racing Bulls,0 days 00:44:11.427000,,1,14.0,False,,False,False
0 days 00:47:32.343000,LAW,30,0 days 00:01:37.515000,2.0,1.0,,,0 days 00:00:33.816000,0 days 00:00:36.009000,0 days 00:00:27.690000,0 days 00:46:28.654000,0 days 00:47:04.663000,0 days 00:47:32.353000,215.0,168.0,265.0,293.0,True,MEDIUM,2.0,True,Racing Bulls,0 days 00:45:54.828000,,1,16.0,False,,False,True
0 days 00:49:09.329000,LAW,30,0 days 00:01:36.986000,3.0,1.0,,,0 days 00:00:34.015000,0 days 00:00:35.834000,0 days 00:00:27.137000,0 days 00:48:06.368000,0 days 00:48:42.202000,0 days 00:49:09.339000,213.0,169.0,262.0,282.0,True,MEDIUM,3.0,True,Racing Bulls,0 days 00:47:32.343000,,1,17.0,False,,False,True
0 days 00:50:45.874000,LAW,30,0 days 00:01:36.545000,4.0,1.0,,,0 days 00:00:33.292000,0 days 00:00:35.732000,0 days 00:00:27.521000,0 days 00:49:42.631000,0 days 00:50:18.363000,0 days 00:50:45.884000,214.0,166.0,256.0,297.0,True,MEDIUM,4.0,True,Racing Bulls,0 days 00:49:09.329000,,1,17.0,False,,False,True
0 days 00:52:20.826000,LAW,30,0 days 00:01:34.952000,5.0,1.0,,,0 days 00:00:33.109000,0 days 00:00:35.705000,0 days 00:00:26.138000,0 days 00:51:18.993000,0 days 00:51:54.698000,0 days 00:52:20.836000,218.0,186.0,287.0,299.0,True,MEDIUM,5.0,True,Racing Bulls,0 days 00:50:45.874000,,1,17.0,False,,False,True
0 days 00:53:55.172000,LAW,30,0 days 00:01:34.346000,6.0,1.0,,,0 days 00:00:32.497000,0 days 00:00:35.833000,0 days 00:00:26.016000,0 days 00:52:53.333000,0 days 00:53:29.166000,0 days 00:53:55.182000,216.0,184.0,283.0,293.0,True,MEDIUM,6.0,True,Racing Bulls,0 days 00:52:20.826000,,1,17.0,False,,False,True
0 days 00:55:30.089000,LAW,30,0 days 00:01:34.917000,7.0,1.0,,,0 days 00:00:32.885000,0 days 00:00:35.890000,0 days 00:00:26.142000,0 days 00:54:28.067000,0 days 00:55:03.957000,0 days 00:55:30.099000,213.0,185.0,281.0,291.0,False,MEDIUM,7.0,True,Racing Bulls,0 days 00:53:55.172000,,1,17.0,False,,False,True
0 days 00:57:05.633000,LAW,30,0 days 00:01:35.544000,8.0,1.0,,,0 days 00:00:33.113000,0 days 00:00:36.363000,0 days 00:00:26.068000,0 days 00:56:03.212000,0 days 00:56:39.575000,0 days 00:57:05.643000,211.0,183.0,276.0,294.0,False,MEDIUM,8.0,True,Racing Bulls,0 days 00:55:30.089000,,1,17.0,False,,False,True
0 days 00:58:41.246000,LAW,30,0 days 00:01:35.613000,9.0,1.0,,,0 days 00:00:33.307000,0 days 00:00:36.310000,0 days 00:00:25.996000,0 days 00:57:38.950000,0 days 00:58:15.260000,0 days 00:58:41.256000,211.0,183.0,275.0,294.0,False,MEDIUM,9.0,True,Racing Bulls,0 days 00:57:05.633000,,1,16.0,False,,False,True
0 days 01:00:15.450000,LAW,30,0 days 00:01:34.204000,10.0,1.0,,,0 days 00:00:32.476000,0 days 00:00:35.947000,0 days 00:00:25.781000,0 days 00:59:13.732000,0 days 00:59:49.679000,0 days 01:00:15.460000,218.0,185.0,281.0,301.0,True,MEDIUM,10.0,True,Racing Bulls,0 days 00:58:41.246000,,1,16.0,False,,False,True
0 days 01:01:49.924000,LAW,30,0 days 00:01:34.474000,11.0,1.0,,,0 days 00:00:32.460000,0 days 00:00:36.166000,0 days 00:00:25.848000,0 days 01:00:47.920000,0 days 01:01:24.086000,0 days 01:01:49.934000,217.0,185.0,280.0,302.0,False,MEDIUM,11.0,True,Racing Bulls,0 days 01:00:15.450000,,1,16.0,False,,False,True
0 days 01:03:24.245000,LAW,30,0 days 00:01:34.321000,12.0,1.0,,,0 days 00:00:32.553000,0 days 00:00:35.978000,0 days 00:00:25.790000,0 days 01:02:22.487000,0 days 01:02:58.465000,0 days 01:03:24.255000,218.0,185.0,280.0,301.0,False,MEDIUM,12.0,True,Racing Bulls,0 days 01:01:49.924000,,1,16.0,False,,False,True
0 days 01:04:58.511000,LAW,30,0 days 00:01:34.266000,13.0,1.0,,,0 days 00:00:32.428000,0 days 00:00:36.008000,0 days 00:00:25.830000,0 days 01:03:56.683000,0 days 01:04:32.691000,0 days 01:04:58.521000,217.0,185.0,281.0,301.0,False,MEDIUM,13.0,True,Racing Bulls,0 days 01:03:24.245000,,1,15.0,False,,False,True
0 days 01:06:32.932000,LAW,30,0 days 00:01:34.421000,14.0,1.0,,,0 days 00:00:32.592000,0 days 00:00:35.994000,0 days 00:00:25.835000,0 days 01:05:31.113000,0 days 01:06:07.107000,0 days 01:06:32.942000,219.0,183.0,274.0,302.0,False,MEDIUM,14.0,True,Racing Bulls,0 days 01:04:58.511000,,1,15.0,False,,False,True
0 days 01:08:07.330000,LAW,30,0 days 00:01:34.398000,15.0,1.0,,,0 days 00:00:32.825000,0 days 00:00:35.692000,0 days 00:00:25.881000,0 days 01:07:05.767000,0 days 01:07:41.459000,0 days 01:08:07.340000,217.0,186.0,277.0,301.0,False,MEDIUM,15.0,True,Racing Bulls,0 days 01:06:32.932000,,1,15.0,False,,False,True
0 days 01:09:41.728000,LAW,30,0 days 00:01:34.398000,16.0,1.0,,,0 days 00:00:33.107000,0 days 00:00:35.491000,0 days 00:00:25.800000,0 days 01:08:40.447000,0 days 01:09:15.938000,0 days 01:09:41.738000,217.0,184.0,269.0,307.0,False,MEDIUM,16.0,True,Racing Bulls,0 days 01:08:07.330000,,1,15.0,False,,False,True
0 days 01:11:16.013000,LAW,30,0 days 00:01:34.285000,17.0,1.0,,,0 days 00:00:32.882000,0 days 00:00:35.629000,0 days 00:00:25.774000,0 days 01:10:14.620000,0 days 01:10:50.249000,0 days 01:11:16.023000,216.0,184.0,275.0,313.0,False,MEDIUM,17.0,True,Racing Bulls,0 days 01:09:41.728000,,1,15.0,False,,False,True
0 days 01:12:50.689000,LAW,30,0 days 00:01:34.676000,18.0,1.0,,,0 days 00:00:33.127000,0 days 00:00:35.696000,0 days 00:00:25.853000,0 days 01:11:49.150000,0 days 01:12:24.846000,0 days 01:12:50.699000,214.0,182.0,274.0,308.0,False,MEDIUM,18.0,True,Racing Bulls,0 days 01:11:16.013000,,1,15.0,False,,False,True
0 days 01:14:26.101000,LAW,30,0 days 00:01:35.412000,19.0,1.0,,,0 days 00:00:33.254000,0 days 00:00:35.945000,0 days 00:00:26.213000,0 days 01:13:23.953000,0 days 01:13:59.898000,0 days 01:14:26.111000,216.0,181.0,250.0,303.0,False,MEDIUM,19.0,True,Racing Bulls,0 days 01:12:50.689000,,1,15.0,False,,False,True
0 days 00:45:57.879000,ALO,14,,1.0,1.0,,,,0 days 00:00:37.188000,0 days 00:00:26.527000,,0 days 00:45:31.428000,0 days 00:45:58.067000,210.0,183.0,262.0,279.0,False,SOFT,1.0,True,Aston Martin,0 days 00:44:11.427000,,1,20.0,False,,False,False
0 days 00:47:33.965000,ALO,14,0 days 00:01:36.086000,2.0,1.0,,,0 days 00:00:34.425000,0 days 00:00:36.097000,0 days 00:00:25.564000,0 days 00:46:32.380000,0 days 00:47:08.477000,0 days 00:47:34.041000,207.0,183.0,278.0,321.0,True,SOFT,2.0,True,Aston Martin,0 days 00:45:57.879000,,1,19.0,False,,False,True
0 days 00:49:10.377000,ALO,14,0 days 00:01:36.412000,3.0,1.0,,,0 days 00:00:34.027000,0 days 00:00:35.998000,0 days 00:00:26.387000,0 days 00:48:08.068000,0 days 00:48:44.066000,0 days 00:49:10.453000,211.0,183.0,260.0,301.0,False,SOFT,3.0,True,Aston Martin,0 days 00:47:33.965000,,1,19.0,False,,False,True
0 days 00:50:47.711000,ALO,14,0 days 00:01:37.334000,4.0,1.0,,,0 days 00:00:34.483000,0 days 00:00:36.866000,0 days 00:00:25.985000,0 days 00:49:44.936000,0 days 00:50:21.802000,0 days 00:50:47.787000,206.0,181.0,274.0,315.0,False,SOFT,4.0,True,Aston Martin,0 days 00:49:10.377000,,1,20.0,False,,False,True
0 days 00:52:24.656000,ALO,14,0 days 00:01:36.945000,5.0,1.0,,,0 days 00:00:34.194000,0 days 00:00:36.230000,0 days 00:00:26.521000,0 days 00:51:21.981000,0 days 00:51:58.211000,0 days 00:52:24.732000,209.0,182.0,279.0,280.0,False,SOFT,5.0,True,Aston Martin,0 days 00:50:47.711000,,1,20.0,False,,False,True
0 days 00:54:00.278000,ALO,14,0 days 00:01:35.622000,6.0,1.0,,,0 days 00:00:33.272000,0 days 00:00:36.160000,0 days 00:00:26.190000,0 days 00:52:58.004000,0 days 00:53:34.164000,0 days 00:54:00.354000,208.0,181.0,279.0,290.0,True,SOFT,6.0,True,Aston Martin,0 days 00:52:24.656000,,1,20.0,False,,False,True
0 days 00:55:35.541000,ALO,14,0 days 00:01:35.263000,7.0,1.0,,,0 days 00:00:33.283000,0 days 00:00:36.094000,0 days 00:00:25.886000,0 days 00:54:33.637000,0 days 00:55:09.731000,0 days 00:55:35.617000,207.0,182.0,265.0,305.0,True,SOFT,7.0,True,Aston Martin,0 days 00:54:00.278000,,1,19.0,False,,False,True
0 days 00:57:11.612000,ALO,14,0 days 00:01:36.071000,8.0,1.0,,,0 days 00:00:33.921000,0 days 00:00:35.928000,0 days 00:00:26.222000,0 days 00:56:09.538000,0 days 00:56:45.466000,0 days 00:57:11.688000,209.0,180.0,271.0,285.0,False,SOFT,8.0,True,Aston Martin,0 days 00:55:35.541000,,1,19.0,False,,False,True
0 days 00:58:47.136000,ALO,14,0 days 00:01:35.524000,9.0,1.0,,,0 days 00:00:33.646000,0 days 00:00:35.678000,0 days 00:00:26.200000,0 days 00:57:45.334000,0 days 00:58:21.012000,0 days 00:58:47.212000,209.0,180.0,265.0,297.0,False,SOFT,9.0,True,Aston Martin,0 days 00:57:11.612000,,1,19.0,False,,False,True
0 days 01:00:22.428000,ALO,14,0 days 00:01:35.292000,10.0,1.0,,,0 days 00:00:33.347000,0 days 00:00:35.945000,0 days 00:00:26,0 days 00:59:20.559000,0 days 00:59:56.504000,0 days 01:00:22.504000,207.0,182.0,281.0,304.0,False,SOFT,10.0,True,Aston Martin,0 days 00:58:47.136000,,1,19.0,False,,False,True
0 days 01:01:57.148000,ALO,14,0 days 00:01:34.720000,11.0,1.0,,,0 days 00:00:32.799000,0 days 00:00:35.843000,0 days 00:00:26.078000,0 days 01:00:55.303000,0 days 01:01:31.146000,0 days 01:01:57.224000,207.0,180.0,276.0,307.0,True,SOFT,11.0,True,Aston Martin,0 days 01:00:22.428000,,1,19.0,False,,False,True
0 days 01:03:32.160000,ALO,14,0 days 00:01:35.012000,12.0,1.0,,,0 days 00:00:33.244000,0 days 00:00:35.850000,0 days 00:00:25.918000,0 days 01:02:30.468000,0 days 01:03:06.318000,0 days 01:03:32.236000,205.0,184.0,262.0,298.0,False,SOFT,12.0,True,Aston Martin,0 days 01:01:57.148000,,1,19.0,False,,False,True
0 days 01:05:07.233000,ALO,14,0 days 00:01:35.073000,13.0,1.0,,,0 days 00:00:33.135000,0 days 00:00:36.063000,0 days 00:00:25.875000,0 days 01:04:05.371000,0 days 01:04:41.434000,0 days 01:05:07.309000,206.0,182.0,282.0,311.0,False,SOFT,13.0,True,Aston Martin,0 days 01:03:32.160000,,1,19.0,False,,False,True
0 days 01:06:43.452000,ALO,14,0 days 00:01:36.219000,14.0,1.0,,,0 days 00:00:33.043000,0 days 00:00:37.116000,0 days 00:00:26.060000,0 days 01:05:40.352000,0 days 01:06:17.468000,0 days 01:06:43.528000,206.0,177.0,267.0,310.0,False,SOFT,14.0,True,Aston Martin,0 days 01:05:07.233000,,1,18.0,False,,False,True
0 days 01:08:19.720000,ALO,14,0 days 00:01:36.268000,15.0,1.0,,,0 days 00:00:33.988000,0 days 00:00:35.957000,0 days 00:00:26.323000,0 days 01:07:17.516000,0 days 01:07:53.473000,0 days 01:08:19.796000,205.0,180.0,280.0,272.0,False,SOFT,15.0,True,Aston Martin,0 days 01:06:43.452000,,1,18.0,False,,False,True
0 days 01:09:55.035000,ALO,14,0 days 00:01:35.315000,16.0,1.0,,,0 days 00:00:33.417000,0 days 00:00:35.942000,0 days 00:00:25.956000,0 days 01:08:53.213000,0 days 01:09:29.155000,0 days 01:09:55.111000,208.0,182.0,289.0,305.0,False,SOFT,16.0,True,Aston Martin,0 days 01:08:19.720000,,1,18.0,False,,False,True
0 days 01:11:31.072000,ALO,14,0 days 00:01:36.037000,17.0,1.0,,,0 days 00:00:32.550000,0 days 00:00:36.993000,0 days 00:00:26.494000,0 days 01:10:27.661000,0 days 01:11:04.654000,0 days 01:11:31.148000,203.0,179.0,282.0,305.0,False,SOFT,17.0,True,Aston Martin,0 days 01:09:55.035000,,1,17.0,True,TRACK LIMITS AT TURN 5 LAP 17 ,False,True
0 days 01:13:07.664000,ALO,14,0 days 00:01:36.592000,18.0,1.0,,,0 days 00:00:33.874000,0 days 00:00:36.477000,0 days 00:00:26.241000,0 days 01:12:05.022000,0 days 01:12:41.499000,0 days 01:13:07.740000,207.0,182.0,283.0,291.0,False,SOFT,18.0,True,Aston Martin,0 days 01:11:31.072000,,1,17.0,False,,False,True
0 days 01:14:42.810000,ALO,14,0 days 00:01:35.146000,19.0,1.0,,,0 days 00:00:33.032000,0 days 00:00:36.445000,0 days 00:00:25.669000,0 days 01:13:40.772000,0 days 01:14:17.217000,0 days 01:14:42.886000,207.0,180.0,256.0,316.0,False,SOFT,19.0,True,Aston Martin,0 days 01:13:07.664000,,1,16.0,False,,False,True
0 days 00:45:55.312000,PER,11,,1.0,1.0,,,,0 days 00:00:36.418000,0 days 00:00:25.875000,,0 days 00:45:29.522000,0 days 00:45:55.410000,209.0,187.0,286.0,275.0,False,HARD,1.0,True,Cadillac,0 days 00:44:11.427000,,1,15.0,False,,False,False
0 days 00:47:31.833000,PER,11,0 days 00:01:36.521000,2.0,1.0,,,0 days 00:00:33.968000,0 days 00:00:36.509000,0 days 00:00:26.044000,0 days 00:46:29.327000,0 days 00:47:05.836000,0 days 00:47:31.880000,209.0,178.0,280.0,308.0,True,HARD,2.0,True,Cadillac,0 days 00:45:55.312000,,1,15.0,False,,False,True
0 days 00:49:07.409000,PER,11,0 days 00:01:35.576000,3.0,1.0,,,0 days 00:00:33.958000,0 days 00:00:35.695000,0 days 00:00:25.923000,0 days 00:48:05.838000,0 days 00:48:41.533000,0 days 00:49:07.456000,205.0,183.0,286.0,300.0,True,HARD,3.0,True,Cadillac,0 days 00:47:31.833000,,1,15.0,False,,False,True
0 days 00:50:43.164000,PER,11,0 days 00:01:35.755000,4.0,1.0,,,0 days 00:00:33.513000,0 days 00:00:36.051000,0 days 00:00:26.191000,0 days 00:49:40.969000,0 days 00:50:17.020000,0 days 00:50:43.211000,204.0,183.0,286.0,297.0,False,HARD,4.0,True,Cadillac,0 days 00:49:07.409000,,1,15.0,False,,False,True
0 days 00:52:18.956000,PER,11,0 days 00:01:35.792000,5.0,1.0,,,0 days 00:00:33.260000,0 days 00:00:36.604000,0 days 00:00:25.928000,0 days 00:51:16.471000,0 days 00:51:53.075000,0 days 00:52:19.003000,209.0,181.0,288.0,300.0,False,HARD,5.0,True,Cadillac,0 days 00:50:43.164000,,1,16.0,False,,False,True
0 days 00:53:53.971000,PER,11,0 days 00:01:35.015000,6.0,1.0,,,0 days 00:00:33.435000,0 days 00:00:35.649000,0 days 00:00:25.931000,0 days 00:52:52.438000,0 days 00:53:28.087000,0 days 00:53:54.018000,210.0,184.0,285.0,296.0,True,HARD,6.0,True,Cadillac,0 days 00:52:18.956000,,1,16.0,False,,False,True
0 days 00:55:29.447000,PER,11,0 days 00:01:35.476000,7.0,1.0,,,0 days 00:00:33.272000,0 days 00:00:35.938000,0 days 00:00:26.266000,0 days 00:54:27.290000,0 days 00:55:03.228000,0 days 00:55:29.494000,208.0,180.0,281.0,293.0,False,HARD,7.0,True,Cadillac,0 days 00:53:53.971000,,1,16.0,False,,False,True
0 days 00:57:05.096000,PER,11,0 days 00:01:35.649000,8.0,1.0,,,0 days 00:00:33.259000,0 days 00:00:36.273000,0 days 00:00:26.117000,0 days 00:56:02.753000,0 days 00:56:39.026000,0 days 00:57:05.143000,211.0,184.0,288.0,291.0,False,HARD,8.0,True,Cadillac,0 days 00:55:29.447000,,1,16.0,False,,False,True
0 days 00:58:42.475000,PER,11,0 days 00:01:37.379000,9.0,1.0,,,0 days 00:00:33.317000,0 days 00:00:37.604000,0 days 00:00:26.458000,0 days 00:57:38.460000,0 days 00:58:16.064000,0 days 00:58:42.522000,209.0,172.0,283.0,290.0,False,HARD,9.0,True,Cadillac,0 days 00:57:05.096000,,1,17.0,False,,False,True
0 days 01:00:18.476000,PER,11,0 days 00:01:36.001000,10.0,1.0,,,0 days 00:00:33.649000,0 days 00:00:36.147000,0 days 00:00:26.205000,0 days 00:59:16.171000,0 days 00:59:52.318000,0 days 01:00:18.523000,212.0,183.0,290.0,286.0,False,HARD,10.0,True,Cadillac,0 days 00:58:42.475000,,1,17.0,False,,False,True
0 days 01:01:54.194000,PER,11,0 days 00:01:35.718000,11.0,1.0,,,0 days 00:00:33.239000,0 days 00:00:36.369000,0 days 00:00:26.110000,0 days 01:00:51.762000,0 days 01:01:28.131000,0 days 01:01:54.241000,206.0,183.0,288.0,291.0,False,HARD,11.0,True,Cadillac,0 days 01:00:18.476000,,1,17.0,False,,False,True
0 days 01:03:30.102000,PER,11,0 days 00:01:35.908000,12.0,1.0,,,0 days 00:00:33.237000,0 days 00:00:36.462000,0 days 00:00:26.209000,0 days 01:02:27.478000,0 days 01:03:03.940000,0 days 01:03:30.149000,206.0,183.0,285.0,290.0,False,HARD,12.0,True,Cadillac,0 days 01:01:54.194000,,1,17.0,False,,False,True
0 days 01:05:06.096000,PER,11,0 days 00:01:35.994000,13.0,1.0,,,0 days 00:00:33.284000,0 days 00:00:36.498000,0 days 00:00:26.212000,0 days 01:04:03.433000,0 days 01:04:39.931000,0 days 01:05:06.143000,210.0,182.0,285.0,292.0,False,HARD,13.0,True,Cadillac,0 days 01:03:30.102000,,1,17.0,False,,False,True
0 days 01:06:42.610000,PER,11,0 days 00:01:36.514000,14.0,1.0,,,0 days 00:00:33.572000,0 days 00:00:36.646000,0 days 00:00:26.296000,0 days 01:05:39.715000,0 days 01:06:16.361000,0 days 01:06:42.657000,208.0,181.0,285.0,301.0,False,HARD,14.0,True,Cadillac,0 days 01:05:06.096000,,1,16.0,False,,False,True
0 days 01:08:18.403000,PER,11,0 days 00:01:35.793000,15.0,1.0,,,0 days 00:00:33.375000,0 days 00:00:36.196000,0 days 00:00:26.222000,0 days 01:07:16.032000,0 days 01:07:52.228000,0 days 01:08:18.450000,211.0,185.0,287.0,299.0,False,HARD,15.0,True,Cadillac,0 days 01:06:42.610000,,1,16.0,False,,False,True
0 days 01:09:54.076000,PER,11,0 days 00:01:35.673000,16.0,1.0,,,0 days 00:00:33.309000,0 days 00:00:36.283000,0 days 00:00:26.081000,0 days 01:08:51.759000,0 days 01:09:28.042000,0 days 01:09:54.123000,211.0,183.0,290.0,301.0,False,HARD,16.0,True,Cadillac,0 days 01:08:18.403000,,1,16.0,False,,False,True
0 days 01:11:30.907000,PER,11,0 days 00:01:36.831000,17.0,1.0,,,0 days 00:00:33.079000,0 days 00:00:37.029000,0 days 00:00:26.723000,0 days 01:10:27.202000,0 days 01:11:04.231000,0 days 01:11:30.954000,206.0,180.0,278.0,298.0,False,HARD,17.0,True,Cadillac,0 days 01:09:54.076000,,1,16.0,False,,False,True
0 days 01:13:07.266000,PER,11,0 days 00:01:36.359000,18.0,1.0,,,0 days 00:00:33.484000,0 days 00:00:36.574000,0 days 00:00:26.301000,0 days 01:12:04.438000,0 days 01:12:41.012000,0 days 01:13:07.313000,205.0,177.0,281.0,291.0,False,HARD,18.0,True,Cadillac,0 days 01:11:30.907000,,1,16.0,False,,False,True
0 days 01:14:43.434000,PER,11,0 days 00:01:36.168000,19.0,1.0,,,0 days 00:00:32.927000,0 days 00:00:36.601000,0 days 00:00:26.640000,0 days 01:13:40.240000,0 days 01:14:16.841000,0 days 01:14:43.481000,212.0,184.0,276.0,308.0,False,HARD,19.0,True,Cadillac,0 days 01:13:07.266000,,1,17.0,False,,False,True
0 days 00:45:57.293000,STR,18,,1.0,1.0,,,,0 days 00:00:36.937000,0 days 00:00:26.373000,,0 days 00:45:30.999000,0 days 00:45:57.487000,209.0,184.0,272.0,289.0,False,SOFT,1.0,True,Aston Martin,0 days 00:44:11.427000,,1,19.0,False,,False,False
0 days 00:47:34.470000,STR,18,0 days 00:01:37.177000,2.0,1.0,,,0 days 00:00:34.410000,0 days 00:00:36.343000,0 days 00:00:26.424000,0 days 00:46:31.767000,0 days 00:47:08.110000,0 days 00:47:34.534000,212.0,182.0,276.0,272.0,True,SOFT,2.0,True,Aston Martin,0 days 00:45:57.293000,,1,20.0,False,,False,True
0 days 00:49:10.870000,STR,18,0 days 00:01:36.400000,3.0,1.0,,,0 days 00:00:33.974000,0 days 00:00:36.217000,0 days 00:00:26.209000,0 days 00:48:08.508000,0 days 00:48:44.725000,0 days 00:49:10.934000,209.0,183.0,279.0,304.0,True,SOFT,3.0,True,Aston Martin,0 days 00:47:34.470000,,1,20.0,False,,False,True
0 days 00:50:47.559000,STR,18,0 days 00:01:36.689000,4.0,1.0,,,0 days 00:00:34.410000,0 days 00:00:36.116000,0 days 00:00:26.163000,0 days 00:49:45.344000,0 days 00:50:21.460000,0 days 00:50:47.623000,209.0,178.0,277.0,303.0,False,SOFT,4.0,True,Aston Martin,0 days 00:49:10.870000,,1,19.0,False,,False,True
0 days 00:52:23.549000,STR,18,0 days 00:01:35.990000,5.0,1.0,,,0 days 00:00:33.718000,0 days 00:00:36.103000,0 days 00:00:26.169000,0 days 00:51:21.341000,0 days 00:51:57.444000,0 days 00:52:23.613000,210.0,180.0,277.0,291.0,True,SOFT,5.0,True,Aston Martin,0 days 00:50:47.559000,,1,19.0,False,,False,True
0 days 00:53:59.435000,STR,18,0 days 00:01:35.886000,6.0,1.0,,,0 days 00:00:33.554000,0 days 00:00:36.104000,0 days 00:00:26.228000,0 days 00:52:57.167000,0 days 00:53:33.271000,0 days 00:53:59.499000,211.0,181.0,278.0,295.0,True,SOFT,6.0,True,Aston Martin,0 days 00:52:23.549000,,1,19.0,False,,False,True
0 days 00:55:35.188000,STR,18,0 days 00:01:35.753000,7.0,1.0,,,0 days 00:00:33.404000,0 days 00:00:35.971000,0 days 00:00:26.378000,0 days 00:54:32.903000,0 days 00:55:08.874000,0 days 00:55:35.252000,210.0,181.0,255.0,298.0,True,SOFT,7.0,True,Aston Martin,0 days 00:53:59.435000,,1,18.0,False,,False,True
0 days 00:57:11.063000,STR,18,0 days 00:01:35.875000,8.0,1.0,,,0 days 00:00:33.559000,0 days 00:00:35.883000,0 days 00:00:26.433000,0 days 00:56:08.811000,0 days 00:56:44.694000,0 days 00:57:11.127000,211.0,181.0,250.0,295.0,False,SOFT,8.0,True,Aston Martin,0 days 00:55:35.188000,,1,18.0,False,,False,True
0 days 00:58:46.357000,STR,18,0 days 00:01:35.294000,9.0,1.0,,,0 days 00:00:33.362000,0 days 00:00:35.647000,0 days 00:00:26.285000,0 days 00:57:44.489000,0 days 00:58:20.136000,0 days 00:58:46.421000,213.0,181.0,255.0,294.0,False,SOFT,9.0,True,Aston Martin,0 days 00:57:11.063000,,1,18.0,True,TRACK LIMITS AT TURN 11 LAP 9 ,False,True
0 days 01:00:21.366000,STR,18,0 days 00:01:35.009000,10.0,1.0,,,0 days 00:00:33.355000,0 days 00:00:35.474000,0 days 00:00:26.180000,0 days 00:59:19.776000,0 days 00:59:55.250000,0 days 01:00:21.430000,210.0,184.0,254.0,301.0,True,SOFT,10.0,True,Aston Martin,0 days 00:58:46.357000,,1,18.0,False,,False,True
0 days 01:01:56.412000,STR,18,0 days 00:01:35.046000,11.0,1.0,,,0 days 00:00:33.228000,0 days 00:00:35.583000,0 days 00:00:26.235000,0 days 01:00:54.658000,0 days 01:01:30.241000,0 days 01:01:56.476000,213.0,181.0,254.0,303.0,False,SOFT,11.0,True,Aston Martin,0 days 01:00:21.366000,,1,18.0,False,,False,True
0 days 01:03:31.494000,STR,18,0 days 00:01:35.082000,12.0,1.0,,,0 days 00:00:33.205000,0 days 00:00:35.674000,0 days 00:00:26.203000,0 days 01:02:29.681000,0 days 01:03:05.355000,0 days 01:03:31.558000,211.0,180.0,253.0,307.0,False,SOFT,12.0,True,Aston Martin,0 days 01:01:56.412000,,1,18.0,False,,False,True
0 days 01:05:06.986000,STR,18,0 days 00:01:35.492000,13.0,1.0,,,0 days 00:00:33.236000,0 days 00:00:36.029000,0 days 00:00:26.227000,0 days 01:04:04.794000,0 days 01:04:40.823000,0 days 01:05:07.050000,207.0,179.0,251.0,307.0,False,SOFT,13.0,True,Aston Martin,0 days 01:03:31.494000,,1,18.0,False,,False,True
0 days 01:06:43.197000,STR,18,0 days 00:01:36.211000,14.0,1.0,,,0 days 00:00:34.095000,0 days 00:00:35.914000,0 days 00:00:26.202000,0 days 01:05:41.145000,0 days 01:06:17.059000,0 days 01:06:43.261000,208.0,177.0,252.0,305.0,False,SOFT,14.0,True,Aston Martin,0 days 01:05:06.986000,,1,17.0,False,,False,True
0 days 01:08:18.979000,STR,18,0 days 00:01:35.782000,15.0,1.0,,,0 days 00:00:33.576000,0 days 00:00:35.952000,0 days 00:00:26.254000,0 days 01:07:16.837000,0 days 01:07:52.789000,0 days 01:08:19.043000,210.0,179.0,260.0,289.0,False,SOFT,15.0,True,Aston Martin,0 days 01:06:43.197000,,1,17.0,True,TRACK LIMITS AT TURN 15 LAP 15 ,False,True
0 days 01:09:54.871000,STR,18,0 days 00:01:35.892000,16.0,1.0,,,0 days 00:00:33.462000,0 days 00:00:36.174000,0 days 00:00:26.256000,0 days 01:08:52.505000,0 days 01:09:28.679000,0 days 01:09:54.935000,206.0,180.0,249.0,294.0,False,SOFT,16.0,True,Aston Martin,0 days 01:08:18.979000,,1,17.0,False,,False,True
0 days 01:11:31.576000,STR,18,0 days 00:01:36.705000,17.0,1.0,,,0 days 00:00:33.691000,0 days 00:00:36.476000,0 days 00:00:26.538000,0 days 01:10:28.626000,0 days 01:11:05.102000,0 days 01:11:31.640000,209.0,179.0,259.0,295.0,False,SOFT,17.0,True,Aston Martin,0 days 01:09:54.871000,,1,18.0,False,,False,True
0 days 01:13:08.791000,STR,18,0 days 00:01:37.215000,18.0,1.0,,,0 days 00:00:34.684000,0 days 00:00:35.948000,0 days 00:00:26.583000,0 days 01:12:06.324000,0 days 01:12:42.272000,0 days 01:13:08.855000,209.0,180.0,253.0,291.0,False,SOFT,18.0,True,Aston Martin,0 days 01:11:31.576000,,1,18.0,False,,False,True
0 days 01:14:44.369000,STR,18,0 days 00:01:35.578000,19.0,1.0,,,0 days 00:00:33.350000,0 days 00:00:35.973000,0 days 00:00:26.255000,0 days 01:13:42.205000,0 days 01:14:18.178000,0 days 01:14:44.433000,212.0,180.0,251.0,302.0,False,SOFT,19.0,True,Aston Martin,0 days 01:13:08.791000,,1,18.0,False,,False,True
0 days 00:45:56.232000,ALB,23,,1.0,1.0,,,,0 days 00:00:36.567000,0 days 00:00:25.873000,,0 days 00:45:30.442000,0 days 00:45:56.344000,203.0,188.0,278.0,289.0,False,MEDIUM,7.0,False,Williams,0 days 00:44:11.427000,,1,17.0,False,,False,False
0 days 00:47:32.625000,ALB,23,0 days 00:01:36.393000,2.0,1.0,,,0 days 00:00:34.062000,0 days 00:00:35.909000,0 days 00:00:26.422000,0 days 00:46:30.326000,0 days 00:47:06.235000,0 days 00:47:32.657000,205.0,181.0,271.0,287.0,True,MEDIUM,8.0,False,Williams,0 days 00:45:56.232000,,1,17.0,False,,False,True
0 days 00:49:08.740000,ALB,23,0 days 00:01:36.115000,3.0,1.0,,,0 days 00:00:34.427000,0 days 00:00:35.622000,0 days 00:00:26.066000,0 days 00:48:07.084000,0 days 00:48:42.706000,0 days 00:49:08.772000,209.0,183.0,267.0,306.0,True,MEDIUM,9.0,False,Williams,0 days 00:47:32.625000,,1,16.0,False,,False,True
0 days 00:50:43.719000,ALB,23,0 days 00:01:34.979000,4.0,1.0,,,0 days 00:00:33.203000,0 days 00:00:35.787000,0 days 00:00:25.989000,0 days 00:49:41.975000,0 days 00:50:17.762000,0 days 00:50:43.751000,209.0,183.0,278.0,312.0,True,MEDIUM,10.0,False,Williams,0 days 00:49:08.740000,,1,16.0,False,,False,True
0 days 00:52:18.401000,ALB,23,0 days 00:01:34.682000,5.0,1.0,,,0 days 00:00:33.378000,0 days 00:00:35.258000,0 days 00:00:26.046000,0 days 00:51:17.129000,0 days 00:51:52.387000,0 days 00:52:18.433000,211.0,182.0,270.0,314.0,True,MEDIUM,11.0,False,Williams,0 days 00:50:43.719000,,1,15.0,False,,False,True
0 days 00:53:52.783000,ALB,23,0 days 00:01:34.382000,6.0,1.0,,,0 days 00:00:32.890000,0 days 00:00:35.426000,0 days 00:00:26.066000,0 days 00:52:51.323000,0 days 00:53:26.749000,0 days 00:53:52.815000,210.0,184.0,281.0,308.0,True,MEDIUM,12.0,False,Williams,0 days 00:52:18.401000,,1,15.0,False,,False,True
0 days 00:55:26.919000,ALB,23,0 days 00:01:34.136000,7.0,1.0,,,0 days 00:00:32.883000,0 days 00:00:35.255000,0 days 00:00:25.998000,0 days 00:54:25.698000,0 days 00:55:00.953000,0 days 00:55:26.951000,212.0,185.0,280.0,311.0,True,MEDIUM,13.0,False,Williams,0 days 00:53:52.783000,,1,15.0,False,,False,True
0 days 00:57:00.773000,ALB,23,0 days 00:01:33.854000,8.0,1.0,,,0 days 00:00:32.759000,0 days 00:00:35.290000,0 days 00:00:25.805000,0 days 00:55:59.710000,0 days 00:56:35,0 days 00:57:00.805000,211.0,183.0,284.0,313.0,True,MEDIUM,14.0,False,Williams,0 days 00:55:26.919000,,1,15.0,False,,False,True
0 days 00:58:34.741000,ALB,23,0 days 00:01:33.968000,9.0,1.0,,,0 days 00:00:32.842000,0 days 00:00:35.304000,0 days 00:00:25.822000,0 days 00:57:33.647000,0 days 00:58:08.951000,0 days 00:58:34.773000,210.0,184.0,283.0,318.0,False,MEDIUM,15.0,False,Williams,0 days 00:57:00.773000,,1,15.0,False,,False,True
0 days 01:00:08.793000,ALB,23,0 days 00:01:34.052000,10.0,1.0,,,0 days 00:00:33.023000,0 days 00:00:35.276000,0 days 00:00:25.753000,0 days 00:59:07.796000,0 days 00:59:43.072000,0 days 01:00:08.825000,210.0,183.0,282.0,321.0,False,MEDIUM,16.0,False,Williams,0 days 00:58:34.741000,,1,15.0,False,,False,True
0 days 01:01:43.889000,ALB,23,0 days 00:01:35.096000,11.0,1.0,,,0 days 00:00:33.172000,0 days 00:00:36.078000,0 days 00:00:25.846000,0 days 01:00:41.997000,0 days 01:01:18.075000,0 days 01:01:43.921000,205.0,180.0,285.0,322.0,False,MEDIUM,17.0,False,Williams,0 days 01:00:08.793000,,1,15.0,False,,False,True
0 days 01:03:19.210000,ALB,23,0 days 00:01:35.321000,12.0,1.0,,,0 days 00:00:33.890000,0 days 00:00:35.587000,0 days 00:00:25.844000,0 days 01:02:17.811000,0 days 01:02:53.398000,0 days 01:03:19.242000,209.0,181.0,285.0,316.0,False,MEDIUM,18.0,False,Williams,0 days 01:01:43.889000,,1,15.0,False,,False,True
0 days 01:05:00.097000,ALB,23,0 days 00:01:40.887000,13.0,1.0,,0 days 01:04:54.812000,0 days 00:00:33.919000,0 days 00:00:35.712000,0 days 00:00:31.256000,0 days 01:03:53.161000,0 days 01:04:28.873000,0 days 01:05:00.129000,208.0,181.0,,295.0,False,MEDIUM,19.0,False,Williams,0 days 01:03:19.210000,,1,16.0,False,,False,False
0 days 01:07:07.207000,ALB,23,0 days 00:02:07.110000,14.0,2.0,0 days 01:05:35.442000,,0 days 00:01:06.098000,0 days 00:00:35.103000,0 days 00:00:25.909000,0 days 01:06:06.227000,0 days 01:06:41.330000,0 days 01:07:07.239000,212.0,186.0,271.0,306.0,False,MEDIUM,7.0,False,Williams,0 days 01:05:00.097000,,1,20.0,False,,False,False
0 days 01:08:40.777000,ALB,23,0 days 00:01:33.570000,15.0,2.0,,,0 days 00:00:32.560000,0 days 00:00:35.108000,0 days 00:00:25.902000,0 days 01:07:39.799000,0 days 01:08:14.907000,0 days 01:08:40.809000,214.0,188.0,271.0,306.0,True,MEDIUM,8.0,False,Williams,0 days 01:07:07.207000,,1,20.0,False,,False,True
0 days 01:10:14.266000,ALB,23,0 days 00:01:33.489000,16.0,2.0,,,0 days 00:00:32.641000,0 days 00:00:35.019000,0 days 00:00:25.829000,0 days 01:09:13.450000,0 days 01:09:48.469000,0 days 01:10:14.298000,210.0,188.0,280.0,306.0,True,MEDIUM,9.0,False,Williams,0 days 01:08:40.777000,,1,20.0,False,,False,True
0 days 01:11:47.780000,ALB,23,0 days 00:01:33.514000,17.0,2.0,,,0 days 00:00:32.316000,0 days 00:00:35.259000,0 days 00:00:25.939000,0 days 01:10:46.614000,0 days 01:11:21.873000,0 days 01:11:47.812000,213.0,186.0,279.0,307.0,False,MEDIUM,10.0,False,Williams,0 days 01:10:14.266000,,1,20.0,False,,False,True
0 days 01:13:21.253000,ALB,23,0 days 00:01:33.473000,18.0,2.0,,,0 days 00:00:32.303000,0 days 00:00:35.375000,0 days 00:00:25.795000,0 days 01:12:20.115000,0 days 01:12:55.490000,0 days 01:13:21.285000,215.0,186.0,281.0,310.0,True,MEDIUM,11.0,False,Williams,0 days 01:11:47.780000,,1,20.0,False,,False,True
0 days 01:14:54.916000,ALB,23,0 days 00:01:33.663000,19.0,2.0,,,0 days 00:00:32.408000,0 days 00:00:35.593000,0 days 00:00:25.662000,0 days 01:13:53.693000,0 days 01:14:29.286000,0 days 01:14:54.948000,216.0,183.0,276.0,327.0,False,MEDIUM,12.0,False,Williams,0 days 01:13:21.253000,,1,19.0,False,,False,True
0 days 00:45:56.558000,BOT,77,,1.0,1.0,,,,0 days 00:00:36.605000,0 days 00:00:26.596000,,0 days 00:45:30.137000,0 days 00:45:56.767000,212.0,179.0,288.0,294.0,False,HARD,1.0,True,Cadillac,0 days 00:44:11.427000,,1,18.0,False,,False,False
0 days 00:47:33.153000,BOT,77,0 days 00:01:36.595000,2.0,1.0,,,0 days 00:00:34.553000,0 days 00:00:35.959000,0 days 00:00:26.083000,0 days 00:46:31.181000,0 days 00:47:07.140000,0 days 00:47:33.223000,211.0,184.0,281.0,308.0,True,HARD,2.0,True,Cadillac,0 days 00:45:56.558000,,1,18.0,False,,False,True
0 days 00:49:09.794000,BOT,77,0 days 00:01:36.641000,3.0,1.0,,,0 days 00:00:34.450000,0 days 00:00:35.942000,0 days 00:00:26.249000,0 days 00:48:07.673000,0 days 00:48:43.615000,0 days 00:49:09.864000,211.0,184.0,283.0,263.0,False,HARD,3.0,True,Cadillac,0 days 00:47:33.153000,,1,18.0,False,,False,True
0 days 00:50:46.415000,BOT,77,0 days 00:01:36.621000,4.0,1.0,,,0 days 00:00:34.477000,0 days 00:00:36.029000,0 days 00:00:26.115000,0 days 00:49:44.341000,0 days 00:50:20.370000,0 days 00:50:46.485000,213.0,185.0,281.0,303.0,False,HARD,4.0,True,Cadillac,0 days 00:49:09.794000,,1,18.0,False,,False,True
0 days 00:52:22.649000,BOT,77,0 days 00:01:36.234000,5.0,1.0,,,0 days 00:00:34.245000,0 days 00:00:35.953000,0 days 00:00:26.036000,0 days 00:51:20.730000,0 days 00:51:56.683000,0 days 00:52:22.719000,211.0,183.0,282.0,301.0,True,HARD,5.0,True,Cadillac,0 days 00:50:46.415000,,1,18.0,False,,False,True
0 days 00:53:58.747000,BOT,77,0 days 00:01:36.098000,6.0,1.0,,,0 days 00:00:33.682000,0 days 00:00:36.082000,0 days 00:00:26.334000,0 days 00:52:56.401000,0 days 00:53:32.483000,0 days 00:53:58.817000,214.0,184.0,284.0,290.0,True,HARD,6.0,True,Cadillac,0 days 00:52:22.649000,,1,18.0,False,,False,True
0 days 00:55:35.953000,BOT,77,0 days 00:01:37.206000,7.0,1.0,,,0 days 00:00:33.599000,0 days 00:00:37.037000,0 days 00:00:26.570000,0 days 00:54:32.416000,0 days 00:55:09.453000,0 days 00:55:36.023000,213.0,182.0,282.0,258.0,False,HARD,7.0,True,Cadillac,0 days 00:53:58.747000,,1,20.0,False,,False,True
0 days 00:57:13.161000,BOT,77,0 days 00:01:37.208000,8.0,1.0,,,0 days 00:00:34.695000,0 days 00:00:36.295000,0 days 00:00:26.218000,0 days 00:56:10.718000,0 days 00:56:47.013000,0 days 00:57:13.231000,211.0,182.0,278.0,305.0,False,HARD,8.0,True,Cadillac,0 days 00:55:35.953000,,1,20.0,False,,False,True
0 days 00:58:49.663000,BOT,77,0 days 00:01:36.502000,9.0,1.0,,,0 days 00:00:34.183000,0 days 00:00:36.135000,0 days 00:00:26.184000,0 days 00:57:47.414000,0 days 00:58:23.549000,0 days 00:58:49.733000,212.0,182.0,290.0,286.0,False,HARD,9.0,True,Cadillac,0 days 00:57:13.161000,,1,20.0,False,,False,True
0 days 01:00:25.519000,BOT,77,0 days 00:01:35.856000,10.0,1.0,,,0 days 00:00:33.421000,0 days 00:00:36.298000,0 days 00:00:26.137000,0 days 00:59:23.154000,0 days 00:59:59.452000,0 days 01:00:25.589000,212.0,182.0,286.0,296.0,True,HARD,10.0,True,Cadillac,0 days 00:58:49.663000,,1,20.0,False,,False,True
0 days 01:02:01.918000,BOT,77,0 days 00:01:36.399000,11.0,1.0,,,0 days 00:00:33.624000,0 days 00:00:36.492000,0 days 00:00:26.283000,0 days 01:00:59.213000,0 days 01:01:35.705000,0 days 01:02:01.988000,208.0,181.0,285.0,289.0,False,HARD,11.0,True,Cadillac,0 days 01:00:25.519000,,1,20.0,False,,False,True
0 days 01:03:38.673000,BOT,77,0 days 00:01:36.755000,12.0,1.0,,,0 days 00:00:33.924000,0 days 00:00:36.590000,0 days 00:00:26.241000,0 days 01:02:35.912000,0 days 01:03:12.502000,0 days 01:03:38.743000,209.0,181.0,285.0,286.0,False,HARD,12.0,True,Cadillac,0 days 01:02:01.918000,,1,20.0,False,,False,True
0 days 01:05:15.614000,BOT,77,0 days 00:01:36.941000,13.0,1.0,,,0 days 00:00:33.672000,0 days 00:00:36.818000,0 days 00:00:26.451000,0 days 01:04:12.415000,0 days 01:04:49.233000,0 days 01:05:15.684000,214.0,181.0,282.0,287.0,False,HARD,13.0,True,Cadillac,0 days 01:03:38.673000,,1,20.0,False,,False,True
0 days 01:06:52.901000,BOT,77,0 days 00:01:37.287000,14.0,1.0,,,0 days 00:00:34.126000,0 days 00:00:36.630000,0 days 00:00:26.531000,0 days 01:05:49.810000,0 days 01:06:26.440000,0 days 01:06:52.971000,215.0,181.0,281.0,293.0,False,HARD,14.0,True,Cadillac,0 days 01:05:15.614000,,1,19.0,False,,False,True
0 days 01:08:29.774000,BOT,77,0 days 00:01:36.873000,15.0,1.0,,,0 days 00:00:33.890000,0 days 00:00:36.614000,0 days 00:00:26.369000,0 days 01:07:26.861000,0 days 01:08:03.475000,0 days 01:08:29.844000,212.0,182.0,284.0,274.0,False,HARD,15.0,True,Cadillac,0 days 01:06:52.901000,,1,19.0,False,,False,True
0 days 01:10:06.251000,BOT,77,0 days 00:01:36.477000,16.0,1.0,,,0 days 00:00:33.502000,0 days 00:00:36.548000,0 days 00:00:26.427000,0 days 01:09:03.346000,0 days 01:09:39.894000,0 days 01:10:06.321000,211.0,181.0,286.0,279.0,False,HARD,16.0,True,Cadillac,0 days 01:08:29.774000,,1,19.0,False,,False,True
0 days 01:11:43.016000,BOT,77,0 days 00:01:36.765000,17.0,1.0,,,0 days 00:00:33.638000,0 days 00:00:36.817000,0 days 00:00:26.310000,0 days 01:10:39.959000,0 days 01:11:16.776000,0 days 01:11:43.086000,209.0,180.0,285.0,285.0,False,HARD,17.0,True,Cadillac,0 days 01:10:06.251000,,1,19.0,False,,False,True
0 days 01:13:19.479000,BOT,77,0 days 00:01:36.463000,18.0,1.0,,,0 days 00:00:33.482000,0 days 00:00:36.706000,0 days 00:00:26.275000,0 days 01:12:16.568000,0 days 01:12:53.274000,0 days 01:13:19.549000,212.0,181.0,285.0,295.0,False,HARD,18.0,True,Cadillac,0 days 01:11:43.016000,,1,19.0,False,,False,True
0 days 01:14:56.340000,BOT,77,0 days 00:01:36.861000,19.0,1.0,,,0 days 00:00:33.270000,0 days 00:00:37.359000,0 days 00:00:26.232000,0 days 01:13:52.819000,0 days 01:14:30.178000,0 days 01:14:56.410000,215.0,180.0,289.0,311.0,False,HARD,19.0,True,Cadillac,0 days 01:13:19.479000,,1,20.0,True,TRACK LIMITS AT TURN 11 LAP 19 ,False,True
0 days 00:45:45.655000,HUL,27,,1.0,1.0,,,,,,,,,,,,,False,MEDIUM,7.0,False,Audi,0 days 00:44:11.427000,,1,,False,,True,False
0 days 00:45:45.655000,LIN,41,,1.0,1.0,,,,,,,,,,,,,False,MEDIUM,4.0,False,Racing Bulls,0 days 00:44:11.427000,,1,,False,,True,False
0 days 00:45:52.644000,BOR,5,,1.0,1.0,,,,0 days 00:00:35.515000,0 days 00:00:26.298000,,0 days 00:45:26.475000,0 days 00:45:52.755000,211.0,184.0,267.0,297.0,False,MEDIUM,7.0,False,Audi,0 days 00:44:11.427000,,1,10.0,False,,False,False
0 days 00:47:27.042000,BOR,5,0 days 00:01:34.398000,2.0,1.0,,,0 days 00:00:32.953000,0 days 00:00:35.126000,0 days 00:00:26.319000,0 days 00:46:25.654000,0 days 00:47:00.780000,0 days 00:47:27.099000,215.0,182.0,267.0,295.0,True,MEDIUM,8.0,False,Audi,0 days 00:45:52.644000,,1,10.0,False,,False,True
0 days 00:49:01.308000,BOR,5,0 days 00:01:34.266000,3.0,1.0,,,0 days 00:00:32.704000,0 days 00:00:35.290000,0 days 00:00:26.272000,0 days 00:47:59.803000,0 days 00:48:35.093000,0 days 00:49:01.365000,214.0,182.0,264.0,298.0,True,MEDIUM,9.0,False,Audi,0 days 00:47:27.042000,,1,10.0,False,,False,True
0 days 00:50:36.665000,BOR,5,0 days 00:01:35.357000,4.0,1.0,,,0 days 00:00:32.886000,0 days 00:00:35.562000,0 days 00:00:26.909000,0 days 00:49:34.251000,0 days 00:50:09.813000,0 days 00:50:36.722000,213.0,180.0,276.0,292.0,False,MEDIUM,10.0,False,Audi,0 days 00:49:01.308000,,1,11.0,False,,False,True
0 days 00:52:11.371000,BOR,5,0 days 00:01:34.706000,5.0,1.0,,,0 days 00:00:33.103000,0 days 00:00:35.367000,0 days 00:00:26.236000,0 days 00:51:09.825000,0 days 00:51:45.192000,0 days 00:52:11.428000,214.0,180.0,269.0,294.0,False,MEDIUM,11.0,False,Audi,0 days 00:50:36.665000,,1,11.0,False,,False,True
0 days 00:53:46.311000,BOR,5,0 days 00:01:34.940000,6.0,1.0,,,0 days 00:00:32.924000,0 days 00:00:35.668000,0 days 00:00:26.348000,0 days 00:52:44.352000,0 days 00:53:20.020000,0 days 00:53:46.368000,215.0,182.0,268.0,295.0,False,MEDIUM,12.0,False,Audi,0 days 00:52:11.371000,,1,11.0,False,,False,True
0 days 00:55:21.454000,BOR,5,0 days 00:01:35.143000,7.0,1.0,,,0 days 00:00:33.160000,0 days 00:00:35.506000,0 days 00:00:26.477000,0 days 00:54:19.528000,0 days 00:54:55.034000,0 days 00:55:21.511000,210.0,183.0,267.0,292.0,False,MEDIUM,13.0,False,Audi,0 days 00:53:46.311000,,1,11.0,False,,False,True
0 days 00:56:55.628000,BOR,5,0 days 00:01:34.174000,8.0,1.0,,,0 days 00:00:32.576000,0 days 00:00:35.335000,0 days 00:00:26.263000,0 days 00:55:54.087000,0 days 00:56:29.422000,0 days 00:56:55.685000,215.0,181.0,268.0,292.0,True,MEDIUM,14.0,False,Audi,0 days 00:55:21.454000,,1,11.0,False,,False,True
0 days 00:58:30.135000,BOR,5,0 days 00:01:34.507000,9.0,1.0,,,0 days 00:00:32.719000,0 days 00:00:35.360000,0 days 00:00:26.428000,0 days 00:57:28.404000,0 days 00:58:03.764000,0 days 00:58:30.192000,212.0,180.0,269.0,292.0,False,MEDIUM,15.0,False,Audi,0 days 00:56:55.628000,,1,11.0,False,,False,True
0 days 01:00:04.469000,BOR,5,0 days 00:01:34.334000,10.0,1.0,,,0 days 00:00:32.683000,0 days 00:00:35.342000,0 days 00:00:26.309000,0 days 00:59:02.875000,0 days 00:59:38.217000,0 days 01:00:04.526000,213.0,182.0,269.0,294.0,False,MEDIUM,16.0,False,Audi,0 days 00:58:30.135000,,1,11.0,False,,False,True
0 days 01:01:38.913000,BOR,5,0 days 00:01:34.444000,11.0,1.0,,,0 days 00:00:32.624000,0 days 00:00:35.429000,0 days 00:00:26.391000,0 days 01:00:37.150000,0 days 01:01:12.579000,0 days 01:01:38.970000,213.0,182.0,271.0,292.0,False,MEDIUM,17.0,False,Audi,0 days 01:00:04.469000,,1,11.0,False,,False,True
0 days 01:03:13.373000,BOR,5,0 days 00:01:34.460000,12.0,1.0,,,0 days 00:00:32.679000,0 days 00:00:35.444000,0 days 00:00:26.337000,0 days 01:02:11.649000,0 days 01:02:47.093000,0 days 01:03:13.430000,213.0,183.0,269.0,293.0,False,MEDIUM,18.0,False,Audi,0 days 01:01:38.913000,,1,11.0,False,,False,True
0 days 01:04:47.873000,BOR,5,0 days 00:01:34.500000,13.0,1.0,,,0 days 00:00:32.584000,0 days 00:00:35.591000,0 days 00:00:26.325000,0 days 01:03:46.014000,0 days 01:04:21.605000,0 days 01:04:47.930000,216.0,183.0,267.0,293.0,False,MEDIUM,19.0,False,Audi,0 days 01:03:13.373000,,1,11.0,False,,False,True
0 days 01:06:22.267000,BOR,5,0 days 00:01:34.394000,14.0,1.0,,,0 days 00:00:32.567000,0 days 00:00:35.507000,0 days 00:00:26.320000,0 days 01:05:20.497000,0 days 01:05:56.004000,0 days 01:06:22.324000,214.0,182.0,267.0,295.0,False,MEDIUM,20.0,False,Audi,0 days 01:04:47.873000,,1,11.0,False,,False,True
0 days 01:07:56.981000,BOR,5,0 days 00:01:34.714000,15.0,1.0,,,0 days 00:00:32.620000,0 days 00:00:35.789000,0 days 00:00:26.305000,0 days 01:06:54.944000,0 days 01:07:30.733000,0 days 01:07:57.038000,214.0,180.0,270.0,294.0,False,MEDIUM,21.0,False,Audi,0 days 01:06:22.267000,,1,11.0,False,,False,True
0 days 01:09:31.616000,BOR,5,0 days 00:01:34.635000,16.0,1.0,,,0 days 00:00:32.713000,0 days 00:00:35.501000,0 days 00:00:26.421000,0 days 01:08:29.751000,0 days 01:09:05.252000,0 days 01:09:31.673000,214.0,183.0,269.0,292.0,False,MEDIUM,22.0,False,Audi,0 days 01:07:56.981000,,1,11.0,False,,False,True
0 days 01:11:06.015000,BOR,5,0 days 00:01:34.399000,17.0,1.0,,,0 days 00:00:32.498000,0 days 00:00:35.596000,0 days 00:00:26.305000,0 days 01:10:04.171000,0 days 01:10:39.767000,0 days 01:11:06.072000,214.0,183.0,268.0,294.0,False,MEDIUM,23.0,False,Audi,0 days 01:09:31.616000,,1,11.0,False,,False,True
0 days 01:12:40.760000,BOR,5,0 days 00:01:34.745000,18.0,1.0,,,0 days 00:00:32.726000,0 days 00:00:35.726000,0 days 00:00:26.293000,0 days 01:11:38.798000,0 days 01:12:14.524000,0 days 01:12:40.817000,210.0,184.0,268.0,293.0,False,MEDIUM,24.0,False,Audi,0 days 01:11:06.015000,,1,11.0,False,,False,True
0 days 01:14:15.181000,BOR,5,0 days 00:01:34.421000,19.0,1.0,,,0 days 00:00:32.551000,0 days 00:00:35.769000,0 days 00:00:26.101000,0 days 01:13:13.368000,0 days 01:13:49.137000,0 days 01:14:15.238000,215.0,182.0,271.0,312.0,False,MEDIUM,25.0,False,Audi,0 days 01:12:40.760000,,1,11.0,False,,False,True
