Time,Driver,DriverNumber,LapTime,LapNumber,Stint,PitOutTime,PitInTime,Sector1Time,Sector2Time,Sector3Time,Sector1SessionTime,Sector2SessionTime,Sector3SessionTime,SpeedI1,SpeedI2,SpeedFL,SpeedST,IsPersonalBest,Compound,TyreLife,FreshTyre,Team,LapStartTime,LapStartDate,TrackStatus,Position,Deleted,DeletedReason,FastF1Generated,IsAccurate
0 days 00:17:06.163000,NOR,1,,1.0,1.0,0 days 00:14:58.051000,,,0 days 00:00:36.604000,0 days 00:00:50.656000,,0 days 00:16:15.687000,0 days 00:17:06.327000,252.0,243.0,227.0,282.0,False,MEDIUM,1.0,True,McLaren,0 days 00:14:58.051000,,1,,False,,False,False
0 days 00:18:52.893000,NOR,1,0 days 00:01:46.730000,2.0,1.0,,,0 days 00:00:28.276000,0 days 00:00:32.957000,0 days 00:00:45.497000,0 days 00:17:34.439000,0 days 00:18:07.396000,0 days 00:18:52.893000,255.0,259.0,257.0,284.0,True,MEDIUM,2.0,True,McLaren,0 days 00:17:06.163000,,12,,False,,False,True
0 days 00:20:30.435000,NOR,1,0 days 00:01:37.542000,3.0,1.0,,,0 days 00:00:25.762000,0 days 00:00:29.433000,0 days 00:00:42.347000,0 days 00:19:18.655000,0 days 00:19:48.088000,0 days 00:20:30.435000,275.0,267.0,244.0,312.0,True,MEDIUM,3.0,True,McLaren,0 days 00:18:52.893000,,1,,False,,False,True
0 days 00:22:33.561000,NOR,1,0 days 00:02:03.126000,4.0,1.0,,0 days 00:22:31.721000,0 days 00:00:31.004000,0 days 00:00:36.784000,0 days 00:00:55.338000,0 days 00:21:01.439000,0 days 00:21:38.223000,0 days 00:22:33.561000,207.0,218.0,,293.0,False,MEDIUM,4.0,True,McLaren,0 days 00:20:30.435000,,1,,False,,False,False
0 days 00:25:19.581000,NOR,1,,5.0,2.0,0 days 00:23:00.175000,,0 days 00:00:55.215000,0 days 00:00:46.507000,0 days 00:01:04.313000,0 days 00:23:29.021000,0 days 00:24:15.461000,0 days 00:25:19.709000,205.0,203.0,249.0,255.0,False,MEDIUM,5.0,False,McLaren,0 days 00:22:33.561000,,167,,False,,False,False
0 days 00:27:07.675000,NOR,1,0 days 00:01:48.094000,6.0,2.0,,,0 days 00:00:27.416000,0 days 00:00:31.201000,0 days 00:00:49.477000,0 days 00:25:46.997000,0 days 00:26:18.198000,0 days 00:27:07.675000,254.0,148.0,257.0,292.0,False,MEDIUM,6.0,False,McLaren,0 days 00:25:19.581000,,1,,False,,False,True
0 days 00:29:24.969000,NOR,1,0 days 00:02:17.294000,7.0,2.0,,,0 days 00:00:24.861000,0 days 00:00:30.153000,0 days 00:01:22.280000,0 days 00:27:32.536000,0 days 00:28:02.689000,0 days 00:29:24.969000,279.0,114.0,213.0,109.0,False,MEDIUM,7.0,False,McLaren,0 days 00:27:07.675000,,126,,False,,False,False
0 days 00:31:26.851000,NOR,1,0 days 00:02:01.882000,8.0,2.0,,,0 days 00:00:30.039000,0 days 00:00:33.544000,0 days 00:00:58.299000,0 days 00:29:55.008000,0 days 00:30:28.552000,0 days 00:31:26.851000,239.0,233.0,243.0,207.0,False,MEDIUM,8.0,False,McLaren,0 days 00:29:24.969000,,6,,False,,False,False
0 days 00:33:15.872000,NOR,1,0 days 00:01:49.021000,9.0,2.0,,,0 days 00:00:28.921000,0 days 00:00:30.812000,0 days 00:00:49.288000,0 days 00:31:55.772000,0 days 00:32:26.584000,0 days 00:33:15.872000,261.0,267.0,274.0,274.0,False,MEDIUM,9.0,False,McLaren,0 days 00:31:26.851000,,671,,False,,False,False
0 days 00:34:51.444000,NOR,1,0 days 00:01:35.572000,10.0,2.0,,,0 days 00:00:24.857000,0 days 00:00:28.836000,0 days 00:00:41.879000,0 days 00:33:40.729000,0 days 00:34:09.565000,0 days 00:34:51.444000,279.0,274.0,245.0,306.0,True,MEDIUM,10.0,False,McLaren,0 days 00:33:15.872000,,1,,False,,False,True
0 days 00:36:47.997000,NOR,1,0 days 00:01:56.553000,11.0,2.0,,,0 days 00:00:33.376000,0 days 00:00:33.525000,0 days 00:00:49.652000,0 days 00:35:24.820000,0 days 00:35:58.345000,0 days 00:36:47.997000,248.0,261.0,272.0,294.0,False,MEDIUM,11.0,False,McLaren,0 days 00:34:51.444000,,1,,False,,False,True
0 days 00:38:42.398000,NOR,1,0 days 00:01:54.401000,12.0,2.0,,,0 days 00:00:32.952000,0 days 00:00:33.881000,0 days 00:00:47.568000,0 days 00:37:20.949000,0 days 00:37:54.830000,0 days 00:38:42.398000,266.0,255.0,271.0,293.0,False,MEDIUM,12.0,False,McLaren,0 days 00:36:47.997000,,1,,True,TRACK LIMITS AT TURN 2 LAP 13 ,False,True
0 days 00:40:25.224000,NOR,1,0 days 00:01:42.826000,13.0,2.0,,0 days 00:40:23.382000,0 days 00:00:24.907000,0 days 00:00:28.862000,0 days 00:00:49.057000,0 days 00:39:07.305000,0 days 00:39:36.167000,0 days 00:40:25.224000,278.0,272.0,,305.0,False,MEDIUM,13.0,False,McLaren,0 days 00:38:42.398000,,1,,False,,False,False
0 days 00:49:34.249000,NOR,1,,14.0,3.0,0 days 00:47:51.583000,,,0 days 00:00:31.036000,0 days 00:00:44.362000,,0 days 00:48:49.986000,0 days 00:49:34.377000,239.0,259.0,273.0,293.0,False,MEDIUM,14.0,False,McLaren,0 days 00:40:25.224000,,1,,False,,False,False
0 days 00:51:13.131000,NOR,1,0 days 00:01:38.882000,15.0,3.0,,,0 days 00:00:25.427000,0 days 00:00:29.527000,0 days 00:00:43.928000,0 days 00:49:59.676000,0 days 00:50:29.203000,0 days 00:51:13.131000,275.0,260.0,269.0,300.0,False,MEDIUM,15.0,False,McLaren,0 days 00:49:34.249000,,1,,False,,False,True
0 days 00:52:53.337000,NOR,1,0 days 00:01:40.206000,16.0,3.0,,,0 days 00:00:25.936000,0 days 00:00:29.962000,0 days 00:00:44.308000,0 days 00:51:39.067000,0 days 00:52:09.029000,0 days 00:52:53.337000,283.0,273.0,273.0,322.0,False,MEDIUM,16.0,False,McLaren,0 days 00:51:13.131000,,1,,False,,False,True
0 days 00:54:31.084000,NOR,1,0 days 00:01:37.747000,17.0,3.0,,,0 days 00:00:25.665000,0 days 00:00:29.597000,0 days 00:00:42.485000,0 days 00:53:19.002000,0 days 00:53:48.599000,0 days 00:54:31.084000,277.0,263.0,273.0,311.0,False,MEDIUM,17.0,False,McLaren,0 days 00:52:53.337000,,1,,False,,False,True
0 days 00:56:08.450000,NOR,1,0 days 00:01:37.366000,18.0,3.0,,,0 days 00:00:25.630000,0 days 00:00:29.478000,0 days 00:00:42.258000,0 days 00:54:56.714000,0 days 00:55:26.192000,0 days 00:56:08.450000,276.0,262.0,273.0,307.0,False,MEDIUM,18.0,False,McLaren,0 days 00:54:31.084000,,1,,False,,False,True
0 days 00:57:46.245000,NOR,1,0 days 00:01:37.795000,19.0,3.0,,,0 days 00:00:25.781000,0 days 00:00:29.485000,0 days 00:00:42.529000,0 days 00:56:34.231000,0 days 00:57:03.716000,0 days 00:57:46.245000,276.0,266.0,273.0,318.0,False,MEDIUM,19.0,False,McLaren,0 days 00:56:08.450000,,1,,False,,False,True
0 days 00:59:30.050000,NOR,1,0 days 00:01:43.805000,20.0,3.0,,0 days 00:59:28.296000,0 days 00:00:25.774000,0 days 00:00:29.923000,0 days 00:00:48.108000,0 days 00:58:12.019000,0 days 00:58:41.942000,0 days 00:59:30.050000,273.0,259.0,,302.0,False,MEDIUM,20.0,False,McLaren,0 days 00:57:46.245000,,1,,False,,False,False
0 days 01:05:29.443000,NOR,1,,21.0,4.0,0 days 01:03:48.413000,,,0 days 00:00:30.222000,0 days 00:00:44.677000,,0 days 01:04:44.929000,0 days 01:05:29.502000,262.0,266.0,273.0,285.0,False,SOFT,1.0,True,McLaren,0 days 00:59:30.050000,,12,,False,,False,False
0 days 01:07:03.143000,NOR,1,0 days 00:01:33.700000,22.0,4.0,,,0 days 00:00:24.337000,0 days 00:00:28.275000,0 days 00:00:41.088000,0 days 01:05:53.780000,0 days 01:06:22.055000,0 days 01:07:03.143000,288.0,272.0,258.0,309.0,True,SOFT,2.0,True,McLaren,0 days 01:05:29.443000,,1,,False,,False,True
0 days 01:09:08.732000,NOR,1,0 days 00:02:05.589000,23.0,4.0,,,0 days 00:00:33.422000,0 days 00:00:36.510000,0 days 00:00:55.657000,0 days 01:07:36.565000,0 days 01:08:13.075000,0 days 01:09:08.732000,207.0,201.0,276.0,273.0,False,SOFT,3.0,True,McLaren,0 days 01:07:03.143000,,1,,False,,False,True
0 days 01:10:42.477000,NOR,1,0 days 00:01:33.745000,24.0,4.0,,,0 days 00:00:24.430000,0 days 00:00:28.305000,0 days 00:00:41.010000,0 days 01:09:33.162000,0 days 01:10:01.467000,0 days 01:10:42.477000,294.0,274.0,258.0,312.0,False,SOFT,4.0,True,McLaren,0 days 01:09:08.732000,,1,,False,,False,True
0 days 01:12:47.783000,NOR,1,0 days 00:02:05.306000,25.0,4.0,,,0 days 00:00:33.232000,0 days 00:00:40.959000,0 days 00:00:51.115000,0 days 01:11:15.709000,0 days 01:11:56.668000,0 days 01:12:47.783000,168.0,150.0,275.0,298.0,False,SOFT,5.0,True,McLaren,0 days 01:10:42.477000,,1,,False,,False,True
0 days 01:14:21.079000,NOR,1,0 days 00:01:33.296000,26.0,4.0,,,0 days 00:00:24.358000,0 days 00:00:28.258000,0 days 00:00:40.680000,0 days 01:13:12.141000,0 days 01:13:40.399000,0 days 01:14:21.079000,289.0,275.0,257.0,311.0,True,SOFT,6.0,True,McLaren,0 days 01:12:47.783000,,1,,False,,False,True
0 days 01:16:27.380000,NOR,1,0 days 00:02:06.301000,27.0,4.0,,,0 days 00:00:32.593000,0 days 00:00:35.021000,0 days 00:00:58.687000,0 days 01:14:53.672000,0 days 01:15:28.693000,0 days 01:16:27.380000,181.0,224.0,42.0,287.0,False,SOFT,7.0,True,McLaren,0 days 01:14:21.079000,,1,,False,,False,True
0 days 01:19:02.342000,NOR,1,,28.0,4.0,,,0 days 00:01:10.602000,0 days 00:00:31.252000,0 days 00:00:53.108000,0 days 01:17:38.097000,0 days 01:18:09.483000,0 days 01:19:02.342000,304.0,245.0,109.0,233.0,False,SOFT,8.0,True,McLaren,0 days 01:16:27.380000,,1,,False,,False,False
0 days 01:21:36.730000,NOR,1,,29.0,4.0,,0 days 01:21:34.896000,0 days 00:01:06.678000,0 days 00:00:28.960000,0 days 00:00:58.752000,0 days 01:20:09.183000,0 days 01:20:38.247000,0 days 01:21:36.730000,304.0,260.0,,185.0,False,SOFT,9.0,True,McLaren,0 days 01:19:02.342000,,1,,False,,False,False
0 days 00:17:15.968000,VER,3,,1.0,1.0,0 days 00:15:14.804000,,,0 days 00:00:33.719000,0 days 00:00:48.811000,,0 days 00:16:27.447000,0 days 00:17:16.106000,240.0,243.0,241.0,286.0,False,MEDIUM,1.0,True,Red Bull Racing,0 days 00:15:14.804000,,1,,False,,False,False
0 days 00:19:02.954000,VER,3,0 days 00:01:46.986000,2.0,1.0,,,0 days 00:00:27.885000,0 days 00:00:31.257000,0 days 00:00:47.844000,0 days 00:17:43.853000,0 days 00:18:15.110000,0 days 00:19:02.954000,224.0,258.0,275.0,253.0,True,MEDIUM,2.0,True,Red Bull Racing,0 days 00:17:15.968000,,12,,False,,False,True
0 days 00:20:39.006000,VER,3,0 days 00:01:36.052000,3.0,1.0,,,0 days 00:00:25.152000,0 days 00:00:28.977000,0 days 00:00:41.923000,0 days 00:19:28.106000,0 days 00:19:57.083000,0 days 00:20:39.006000,294.0,283.0,254.0,307.0,True,MEDIUM,3.0,True,Red Bull Racing,0 days 00:19:02.954000,,1,,False,,False,True
0 days 00:22:46.678000,VER,3,0 days 00:02:07.672000,4.0,1.0,,,0 days 00:00:31.821000,0 days 00:00:39.111000,0 days 00:00:56.740000,0 days 00:21:10.827000,0 days 00:21:49.938000,0 days 00:22:46.678000,187.0,242.0,273.0,238.0,False,MEDIUM,4.0,True,Red Bull Racing,0 days 00:20:39.006000,,1,,False,,False,True
0 days 00:25:00.002000,VER,3,0 days 00:02:13.324000,5.0,1.0,,,0 days 00:00:25.066000,0 days 00:00:36.221000,0 days 00:01:12.037000,0 days 00:23:11.744000,0 days 00:23:47.965000,0 days 00:25:00.002000,292.0,151.0,274.0,258.0,False,MEDIUM,5.0,True,Red Bull Racing,0 days 00:22:46.678000,,167,,False,,False,False
0 days 00:26:36.042000,VER,3,0 days 00:01:36.040000,6.0,1.0,,,0 days 00:00:24.962000,0 days 00:00:28.807000,0 days 00:00:42.271000,0 days 00:25:24.964000,0 days 00:25:53.771000,0 days 00:26:36.042000,291.0,282.0,264.0,299.0,True,MEDIUM,6.0,True,Red Bull Racing,0 days 00:25:00.002000,,1,,False,,False,True
0 days 00:28:33.696000,VER,3,0 days 00:01:57.654000,7.0,1.0,,0 days 00:28:31.884000,0 days 00:00:28.428000,0 days 00:00:32.023000,0 days 00:00:57.203000,0 days 00:27:04.470000,0 days 00:27:36.493000,0 days 00:28:33.696000,244.0,246.0,,174.0,False,MEDIUM,7.0,True,Red Bull Racing,0 days 00:26:36.042000,,126,,False,,False,False
0 days 00:46:38.727000,VER,3,,8.0,2.0,0 days 00:44:58.300000,,,0 days 00:00:31.001000,0 days 00:00:43.466000,,0 days 00:45:55.503000,0 days 00:46:38.741000,249.0,269.0,273.0,306.0,False,MEDIUM,8.0,False,Red Bull Racing,0 days 00:28:33.696000,,671,,False,,False,False
0 days 00:48:17.458000,VER,3,0 days 00:01:38.731000,9.0,2.0,,,0 days 00:00:25.893000,0 days 00:00:30.206000,0 days 00:00:42.632000,0 days 00:47:04.620000,0 days 00:47:34.826000,0 days 00:48:17.458000,271.0,263.0,273.0,304.0,False,MEDIUM,9.0,False,Red Bull Racing,0 days 00:46:38.727000,,1,,False,,False,True
0 days 00:49:56.698000,VER,3,0 days 00:01:39.240000,10.0,2.0,,,0 days 00:00:26.076000,0 days 00:00:30.437000,0 days 00:00:42.727000,0 days 00:48:43.534000,0 days 00:49:13.971000,0 days 00:49:56.698000,269.0,260.0,271.0,305.0,False,MEDIUM,10.0,False,Red Bull Racing,0 days 00:48:17.458000,,1,,False,,False,True
0 days 00:51:36.196000,VER,3,0 days 00:01:39.498000,11.0,2.0,,,0 days 00:00:26.209000,0 days 00:00:30.454000,0 days 00:00:42.835000,0 days 00:50:22.907000,0 days 00:50:53.361000,0 days 00:51:36.196000,270.0,262.0,272.0,306.0,False,MEDIUM,11.0,False,Red Bull Racing,0 days 00:49:56.698000,,1,,False,,False,True
0 days 00:53:16.562000,VER,3,0 days 00:01:40.366000,12.0,2.0,,,0 days 00:00:26.323000,0 days 00:00:30.669000,0 days 00:00:43.374000,0 days 00:52:02.519000,0 days 00:52:33.188000,0 days 00:53:16.562000,271.0,257.0,273.0,306.0,False,MEDIUM,12.0,False,Red Bull Racing,0 days 00:51:36.196000,,1,,False,,False,True
0 days 00:54:56.189000,VER,3,0 days 00:01:39.627000,13.0,2.0,,,0 days 00:00:26.317000,0 days 00:00:30.639000,0 days 00:00:42.671000,0 days 00:53:42.879000,0 days 00:54:13.518000,0 days 00:54:56.189000,275.0,261.0,273.0,314.0,False,MEDIUM,13.0,False,Red Bull Racing,0 days 00:53:16.562000,,1,,False,,False,True
0 days 00:56:35.987000,VER,3,0 days 00:01:39.798000,14.0,2.0,,,0 days 00:00:26.202000,0 days 00:00:30.481000,0 days 00:00:43.115000,0 days 00:55:22.391000,0 days 00:55:52.872000,0 days 00:56:35.987000,272.0,265.0,270.0,306.0,False,MEDIUM,14.0,False,Red Bull Racing,0 days 00:54:56.189000,,1,,False,,False,True
0 days 00:58:16.413000,VER,3,0 days 00:01:40.426000,15.0,2.0,,,0 days 00:00:26.435000,0 days 00:00:30.710000,0 days 00:00:43.281000,0 days 00:57:02.422000,0 days 00:57:33.132000,0 days 00:58:16.413000,266.0,260.0,271.0,304.0,False,MEDIUM,15.0,False,Red Bull Racing,0 days 00:56:35.987000,,1,,False,,False,True
0 days 01:00:06.831000,VER,3,0 days 00:01:50.418000,16.0,2.0,,0 days 01:00:04.280000,0 days 00:00:26.566000,0 days 00:00:31.130000,0 days 00:00:52.722000,0 days 00:58:42.979000,0 days 00:59:14.109000,0 days 01:00:06.831000,266.0,254.0,,285.0,False,MEDIUM,16.0,False,Red Bull Racing,0 days 00:58:16.413000,,1,,False,,False,False
0 days 01:06:39.083000,VER,3,,17.0,3.0,0 days 01:04:54.331000,,,0 days 00:00:30.857000,0 days 00:00:47.193000,,0 days 01:05:52.018000,0 days 01:06:39.086000,247.0,244.0,277.0,250.0,False,SOFT,1.0,True,Red Bull Racing,0 days 01:00:06.831000,,12,,False,,False,False
0 days 01:08:13.624000,VER,3,0 days 00:01:34.541000,18.0,3.0,,,0 days 00:00:24.709000,0 days 00:00:28.499000,0 days 00:00:41.333000,0 days 01:07:03.792000,0 days 01:07:32.291000,0 days 01:08:13.624000,293.0,286.0,262.0,306.0,True,SOFT,2.0,True,Red Bull Racing,0 days 01:06:39.083000,,1,,False,,False,True
0 days 01:10:24.129000,VER,3,0 days 00:02:10.505000,19.0,3.0,,,0 days 00:00:36.342000,0 days 00:00:42.260000,0 days 00:00:51.903000,0 days 01:08:49.966000,0 days 01:09:32.226000,0 days 01:10:24.129000,194.0,167.0,276.0,305.0,False,SOFT,3.0,True,Red Bull Racing,0 days 01:08:13.624000,,1,,False,,False,True
0 days 01:11:58.935000,VER,3,0 days 00:01:34.806000,20.0,3.0,,,0 days 00:00:24.774000,0 days 00:00:28.747000,0 days 00:00:41.285000,0 days 01:10:48.903000,0 days 01:11:17.650000,0 days 01:11:58.935000,289.0,283.0,267.0,304.0,False,SOFT,4.0,True,Red Bull Racing,0 days 01:10:24.129000,,1,,False,,False,True
0 days 01:14:11.134000,VER,3,0 days 00:02:12.199000,21.0,3.0,,,0 days 00:00:31.595000,0 days 00:00:42.185000,0 days 00:00:58.419000,0 days 01:12:30.530000,0 days 01:13:12.715000,0 days 01:14:11.134000,209.0,149.0,232.0,221.0,False,SOFT,5.0,True,Red Bull Racing,0 days 01:11:58.935000,,1,,False,,False,True
0 days 01:16:08.393000,VER,3,0 days 00:01:57.259000,22.0,3.0,,,0 days 00:00:30.237000,0 days 00:00:31.742000,0 days 00:00:55.280000,0 days 01:14:41.371000,0 days 01:15:13.113000,0 days 01:16:08.393000,204.0,250.0,103.0,253.0,False,SOFT,6.0,True,Red Bull Racing,0 days 01:14:11.134000,,1,,False,,False,True
0 days 01:18:28.051000,VER,3,0 days 00:02:19.658000,23.0,3.0,,,0 days 00:00:45.269000,0 days 00:00:31.155000,0 days 00:01:03.234000,0 days 01:16:53.662000,0 days 01:17:24.817000,0 days 01:18:28.051000,262.0,246.0,75.0,275.0,False,SOFT,7.0,True,Red Bull Racing,0 days 01:16:08.393000,,1,,False,,False,True
0 days 01:20:55.539000,VER,3,0 days 00:02:27.488000,24.0,3.0,,0 days 01:20:53.186000,0 days 00:01:05.592000,0 days 00:00:31.030000,0 days 00:00:50.866000,0 days 01:19:33.643000,0 days 01:20:04.673000,0 days 01:20:55.539000,259.0,225.0,,287.0,False,SOFT,8.0,True,Red Bull Racing,0 days 01:18:28.051000,,1,,False,,False,False
0 days 00:17:55.088000,BOR,5,,1.0,1.0,0 days 00:15:44.237000,,,0 days 00:00:34.198000,0 days 00:00:59.405000,,0 days 00:16:55.957000,0 days 00:17:55.282000,237.0,247.0,269.0,208.0,False,MEDIUM,1.0,True,Audi,0 days 00:15:44.237000,,12,,False,,False,False
0 days 00:19:35.378000,BOR,5,0 days 00:01:40.290000,2.0,1.0,,,0 days 00:00:26.847000,0 days 00:00:30.631000,0 days 00:00:42.812000,0 days 00:18:21.935000,0 days 00:18:52.566000,0 days 00:19:35.378000,280.0,260.0,274.0,310.0,True,MEDIUM,2.0,True,Audi,0 days 00:17:55.088000,,21,,False,,False,True
0 days 00:21:43.269000,BOR,5,0 days 00:02:07.891000,3.0,1.0,,,0 days 00:00:32.096000,0 days 00:00:36.128000,0 days 00:00:59.667000,0 days 00:20:07.474000,0 days 00:20:43.602000,0 days 00:21:43.269000,208.0,249.0,267.0,255.0,False,MEDIUM,3.0,True,Audi,0 days 00:19:35.378000,,1,,False,,False,True
0 days 00:23:37.846000,BOR,5,0 days 00:01:54.577000,4.0,1.0,,,0 days 00:00:25.462000,0 days 00:00:38.241000,0 days 00:00:50.874000,0 days 00:22:08.731000,0 days 00:22:46.972000,0 days 00:23:37.846000,290.0,255.0,108.0,253.0,False,MEDIUM,4.0,True,Audi,0 days 00:21:43.269000,,16,,True,TRACK LIMITS AT TURN 6 LAP 5 ,False,False
0 days 00:25:56.108000,BOR,5,0 days 00:02:18.262000,5.0,1.0,,,0 days 00:00:47.299000,0 days 00:00:36.020000,0 days 00:00:54.943000,0 days 00:24:25.145000,0 days 00:25:01.165000,0 days 00:25:56.108000,186.0,241.0,267.0,250.0,False,MEDIUM,5.0,True,Audi,0 days 00:23:37.846000,,671,,False,,False,False
0 days 00:27:33.851000,BOR,5,0 days 00:01:37.743000,6.0,1.0,,,0 days 00:00:25.500000,0 days 00:00:29.820000,0 days 00:00:42.423000,0 days 00:26:21.608000,0 days 00:26:51.428000,0 days 00:27:33.851000,291.0,283.0,249.0,318.0,True,MEDIUM,6.0,True,Audi,0 days 00:25:56.108000,,12,,False,,False,True
0 days 00:29:57.609000,BOR,5,0 days 00:02:23.758000,7.0,1.0,,,0 days 00:00:35.834000,0 days 00:00:42.927000,0 days 00:01:04.997000,0 days 00:28:09.685000,0 days 00:28:52.612000,0 days 00:29:57.609000,147.0,209.0,253.0,153.0,False,MEDIUM,7.0,True,Audi,0 days 00:27:33.851000,,26,,False,,False,False
0 days 00:32:06.116000,BOR,5,0 days 00:02:08.507000,8.0,1.0,,,0 days 00:00:31.677000,0 days 00:00:36.535000,0 days 00:01:00.295000,0 days 00:30:29.286000,0 days 00:31:05.821000,0 days 00:32:06.116000,192.0,251.0,271.0,256.0,False,MEDIUM,8.0,True,Audi,0 days 00:29:57.609000,,671,,False,,False,False
0 days 00:33:49.478000,BOR,5,0 days 00:01:43.362000,9.0,1.0,,0 days 00:33:47.385000,0 days 00:00:25.534000,0 days 00:00:29.496000,0 days 00:00:48.332000,0 days 00:32:31.650000,0 days 00:33:01.146000,0 days 00:33:49.478000,290.0,284.0,,315.0,False,MEDIUM,9.0,True,Audi,0 days 00:32:06.116000,,1,,False,,False,False
0 days 00:45:39.011000,BOR,5,,10.0,2.0,0 days 00:43:48.925000,,,0 days 00:00:34.479000,0 days 00:00:47.237000,,0 days 00:44:51.973000,0 days 00:45:39.222000,250.0,255.0,262.0,257.0,False,MEDIUM,10.0,False,Audi,0 days 00:33:49.478000,,1,,False,,False,False
0 days 00:47:26.691000,BOR,5,0 days 00:01:47.680000,11.0,2.0,,,0 days 00:00:27.643000,0 days 00:00:31.571000,0 days 00:00:48.466000,0 days 00:46:06.654000,0 days 00:46:38.225000,0 days 00:47:26.691000,267.0,256.0,272.0,255.0,False,MEDIUM,11.0,False,Audi,0 days 00:45:39.011000,,1,,False,,False,True
0 days 00:49:02.923000,BOR,5,0 days 00:01:36.232000,12.0,2.0,,,0 days 00:00:25.288000,0 days 00:00:29.313000,0 days 00:00:41.631000,0 days 00:47:51.979000,0 days 00:48:21.292000,0 days 00:49:02.923000,291.0,282.0,255.0,320.0,True,MEDIUM,12.0,False,Audi,0 days 00:47:26.691000,,1,,False,,False,True
0 days 00:51:10.684000,BOR,5,0 days 00:02:07.761000,13.0,2.0,,,0 days 00:00:31.561000,0 days 00:00:37.726000,0 days 00:00:58.474000,0 days 00:49:34.484000,0 days 00:50:12.210000,0 days 00:51:10.684000,199.0,253.0,253.0,179.0,False,MEDIUM,13.0,False,Audi,0 days 00:49:02.923000,,1,,False,,False,True
0 days 00:52:56.496000,BOR,5,0 days 00:01:45.812000,14.0,2.0,,,0 days 00:00:30.559000,0 days 00:00:32.255000,0 days 00:00:42.998000,0 days 00:51:41.243000,0 days 00:52:13.498000,0 days 00:52:56.496000,257.0,269.0,272.0,312.0,False,MEDIUM,14.0,False,Audi,0 days 00:51:10.684000,,1,,False,,False,True
0 days 00:54:34.798000,BOR,5,0 days 00:01:38.302000,15.0,2.0,,,0 days 00:00:25.888000,0 days 00:00:29.841000,0 days 00:00:42.573000,0 days 00:53:22.384000,0 days 00:53:52.225000,0 days 00:54:34.798000,281.0,271.0,272.0,315.0,False,MEDIUM,15.0,False,Audi,0 days 00:52:56.496000,,1,,False,,False,True
0 days 00:56:13.550000,BOR,5,0 days 00:01:38.752000,16.0,2.0,,,0 days 00:00:25.961000,0 days 00:00:29.967000,0 days 00:00:42.824000,0 days 00:55:00.759000,0 days 00:55:30.726000,0 days 00:56:13.550000,276.0,267.0,271.0,310.0,False,MEDIUM,16.0,False,Audi,0 days 00:54:34.798000,,1,,False,,False,True
0 days 00:57:52.845000,BOR,5,0 days 00:01:39.295000,17.0,2.0,,,0 days 00:00:25.981000,0 days 00:00:30.096000,0 days 00:00:43.218000,0 days 00:56:39.531000,0 days 00:57:09.627000,0 days 00:57:52.845000,300.0,267.0,270.0,303.0,False,MEDIUM,17.0,False,Audi,0 days 00:56:13.550000,,1,,False,,False,True
0 days 00:59:42.509000,BOR,5,0 days 00:01:49.664000,18.0,2.0,,0 days 00:59:40.537000,0 days 00:00:26.003000,0 days 00:00:30.117000,0 days 00:00:53.544000,0 days 00:58:18.848000,0 days 00:58:48.965000,0 days 00:59:42.509000,273.0,266.0,,250.0,False,MEDIUM,18.0,False,Audi,0 days 00:57:52.845000,,1,,False,,False,False
0 days 01:07:05.873000,BOR,5,,19.0,3.0,0 days 01:05:16.029000,,,0 days 00:00:32.607000,0 days 00:00:48.743000,,0 days 01:06:17.354000,0 days 01:07:06.112000,261.0,257.0,262.0,245.0,False,SOFT,1.0,True,Audi,0 days 00:59:42.509000,,12,,False,,False,False
0 days 01:09:00.865000,BOR,5,0 days 00:01:54.992000,20.0,3.0,,,0 days 00:00:28.012000,0 days 00:00:31.493000,0 days 00:00:55.487000,0 days 01:07:33.885000,0 days 01:08:05.378000,0 days 01:09:00.865000,268.0,252.0,275.0,149.0,False,SOFT,2.0,True,Audi,0 days 01:07:05.873000,,1,,False,,False,True
0 days 01:10:36.013000,BOR,5,0 days 00:01:35.148000,21.0,3.0,,,0 days 00:00:24.973000,0 days 00:00:28.745000,0 days 00:00:41.430000,0 days 01:09:25.838000,0 days 01:09:54.583000,0 days 01:10:36.013000,289.0,285.0,258.0,313.0,True,SOFT,3.0,True,Audi,0 days 01:09:00.865000,,1,,False,,False,True
0 days 01:12:52.469000,BOR,5,0 days 00:02:16.456000,22.0,3.0,,,0 days 00:00:37.862000,0 days 00:00:44.908000,0 days 00:00:53.686000,0 days 01:11:13.875000,0 days 01:11:58.783000,0 days 01:12:52.469000,144.0,137.0,273.0,252.0,False,SOFT,4.0,True,Audi,0 days 01:10:36.013000,,1,,False,,False,True
0 days 01:14:27.297000,BOR,5,0 days 00:01:34.828000,23.0,3.0,,,0 days 00:00:25.020000,0 days 00:00:28.689000,0 days 00:00:41.119000,0 days 01:13:17.489000,0 days 01:13:46.178000,0 days 01:14:27.297000,291.0,284.0,256.0,318.0,True,SOFT,5.0,True,Audi,0 days 01:12:52.469000,,1,,False,,False,True
0 days 01:17:10.782000,BOR,5,,24.0,3.0,,,0 days 00:00:37.025000,0 days 00:00:45.535000,0 days 00:01:20.760000,0 days 01:15:04.630000,0 days 01:15:50.022000,0 days 01:17:10.797000,157.0,152.0,78.0,184.0,False,SOFT,6.0,True,Audi,0 days 01:14:27.297000,,1,,False,,False,False
0 days 01:20:06.821000,BOR,5,,25.0,3.0,,,0 days 00:01:07.547000,0 days 00:00:39.511000,0 days 00:01:08.978000,0 days 01:18:18.486000,0 days 01:18:58.005000,0 days 01:20:06.821000,185.0,175.0,52.0,241.0,False,SOFT,7.0,True,Audi,0 days 01:17:10.782000,,1,,False,,False,False
0 days 01:22:47.295000,BOR,5,,26.0,3.0,,0 days 01:22:45.233000,0 days 00:01:04.862000,0 days 00:00:36.663000,0 days 00:00:59.029000,0 days 01:21:11.778000,0 days 01:21:48.337000,0 days 01:22:47.295000,187.0,251.0,,288.0,False,SOFT,8.0,True,Audi,0 days 01:20:06.821000,,1,,False,,False,False
0 days 00:17:24.050000,HAD,6,,1.0,1.0,0 days 00:15:24.094000,,,0 days 00:00:34.436000,0 days 00:00:52.790000,,0 days 00:16:31.524000,0 days 00:17:24.112000,250.0,247.0,273.0,269.0,False,MEDIUM,1.0,True,Red Bull Racing,0 days 00:15:24.094000,,1,,False,,False,False
0 days 00:19:39.248000,HAD,6,0 days 00:02:15.198000,2.0,1.0,,,0 days 00:00:25.562000,0 days 00:00:42.406000,0 days 00:01:07.230000,0 days 00:17:49.612000,0 days 00:18:32.018000,0 days 00:19:39.248000,247.0,237.0,270.0,77.0,True,MEDIUM,2.0,True,Red Bull Racing,0 days 00:17:24.050000,,12,,False,,False,True
0 days 00:21:33.820000,HAD,6,0 days 00:01:54.572000,3.0,1.0,,,0 days 00:00:25.204000,0 days 00:00:34.357000,0 days 00:00:55.011000,0 days 00:20:04.452000,0 days 00:20:38.809000,0 days 00:21:33.820000,301.0,169.0,272.0,235.0,True,MEDIUM,3.0,True,Red Bull Racing,0 days 00:19:39.248000,,1,,False,,False,True
0 days 00:23:10.364000,HAD,6,0 days 00:01:36.544000,4.0,1.0,,,0 days 00:00:25.247000,0 days 00:00:28.973000,0 days 00:00:42.324000,0 days 00:21:59.067000,0 days 00:22:28.040000,0 days 00:23:10.364000,296.0,285.0,262.0,309.0,True,MEDIUM,4.0,True,Red Bull Racing,0 days 00:21:33.820000,,1,,False,,False,True
0 days 00:25:39.414000,HAD,6,0 days 00:02:29.050000,5.0,1.0,,,0 days 00:00:45.456000,0 days 00:00:40.749000,0 days 00:01:02.845000,0 days 00:23:55.820000,0 days 00:24:36.569000,0 days 00:25:39.414000,125.0,234.0,272.0,159.0,False,MEDIUM,5.0,True,Red Bull Racing,0 days 00:23:10.364000,,167,,False,,False,False
0 days 00:27:15.365000,HAD,6,0 days 00:01:35.951000,6.0,1.0,,,0 days 00:00:25.106000,0 days 00:00:28.868000,0 days 00:00:41.977000,0 days 00:26:04.520000,0 days 00:26:33.388000,0 days 00:27:15.365000,294.0,285.0,260.0,306.0,True,MEDIUM,6.0,True,Red Bull Racing,0 days 00:25:39.414000,,12,,False,,False,True
0 days 00:29:40.163000,HAD,6,0 days 00:02:24.798000,7.0,1.0,,0 days 00:29:38.373000,0 days 00:00:28.240000,0 days 00:00:40.139000,0 days 00:01:16.419000,0 days 00:27:43.605000,0 days 00:28:23.744000,0 days 00:29:40.163000,237.0,176.0,,88.0,False,MEDIUM,7.0,True,Red Bull Racing,0 days 00:27:15.365000,,26,,False,,False,False
0 days 00:42:08.236000,HAD,6,,8.0,2.0,0 days 00:40:26.809000,,,0 days 00:00:31.092000,0 days 00:00:43.121000,,0 days 00:41:25.336000,0 days 00:42:08.426000,275.0,267.0,271.0,313.0,False,MEDIUM,8.0,False,Red Bull Racing,0 days 00:29:40.163000,,671,,False,,False,False
0 days 00:43:46.957000,HAD,6,0 days 00:01:38.721000,9.0,2.0,,,0 days 00:00:25.931000,0 days 00:00:30.109000,0 days 00:00:42.681000,0 days 00:42:34.167000,0 days 00:43:04.276000,0 days 00:43:46.957000,277.0,262.0,269.0,306.0,False,MEDIUM,9.0,False,Red Bull Racing,0 days 00:42:08.236000,,1,,False,,False,True
0 days 00:45:25.873000,HAD,6,0 days 00:01:38.916000,10.0,2.0,,,0 days 00:00:26.009000,0 days 00:00:30.122000,0 days 00:00:42.785000,0 days 00:44:12.966000,0 days 00:44:43.088000,0 days 00:45:25.873000,273.0,263.0,269.0,310.0,False,MEDIUM,10.0,False,Red Bull Racing,0 days 00:43:46.957000,,1,,False,,False,True
0 days 00:47:05.887000,HAD,6,0 days 00:01:40.014000,11.0,2.0,,,0 days 00:00:26.069000,0 days 00:00:30.722000,0 days 00:00:43.223000,0 days 00:45:51.942000,0 days 00:46:22.664000,0 days 00:47:05.887000,273.0,262.0,270.0,309.0,False,MEDIUM,11.0,False,Red Bull Racing,0 days 00:45:25.873000,,1,,False,,False,True
0 days 00:48:46.411000,HAD,6,0 days 00:01:40.524000,12.0,2.0,,,0 days 00:00:26.397000,0 days 00:00:30.833000,0 days 00:00:43.294000,0 days 00:47:32.284000,0 days 00:48:03.117000,0 days 00:48:46.411000,272.0,260.0,272.0,306.0,False,MEDIUM,12.0,False,Red Bull Racing,0 days 00:47:05.887000,,1,,False,,False,True
0 days 00:50:31.391000,HAD,6,0 days 00:01:44.980000,13.0,2.0,,,0 days 00:00:26.181000,0 days 00:00:31.007000,0 days 00:00:47.792000,0 days 00:49:12.592000,0 days 00:49:43.599000,0 days 00:50:31.391000,272.0,260.0,260.0,308.0,False,MEDIUM,13.0,False,Red Bull Racing,0 days 00:48:46.411000,,1,,False,,False,True
0 days 00:52:12.577000,HAD,6,0 days 00:01:41.186000,14.0,2.0,,,0 days 00:00:26.436000,0 days 00:00:31.393000,0 days 00:00:43.357000,0 days 00:50:57.827000,0 days 00:51:29.220000,0 days 00:52:12.577000,272.0,259.0,272.0,307.0,False,MEDIUM,14.0,False,Red Bull Racing,0 days 00:50:31.391000,,1,,False,,False,True
0 days 00:53:54.189000,HAD,6,0 days 00:01:41.612000,15.0,2.0,,,0 days 00:00:26.402000,0 days 00:00:31.303000,0 days 00:00:43.907000,0 days 00:52:38.979000,0 days 00:53:10.282000,0 days 00:53:54.189000,273.0,265.0,272.0,312.0,False,MEDIUM,15.0,False,Red Bull Racing,0 days 00:52:12.577000,,1,,False,,False,True
0 days 00:55:35.340000,HAD,6,0 days 00:01:41.151000,16.0,2.0,,,0 days 00:00:26.365000,0 days 00:00:31.181000,0 days 00:00:43.605000,0 days 00:54:20.554000,0 days 00:54:51.735000,0 days 00:55:35.340000,276.0,260.0,272.0,317.0,False,MEDIUM,16.0,False,Red Bull Racing,0 days 00:53:54.189000,,1,,False,,False,True
0 days 00:57:16.918000,HAD,6,0 days 00:01:41.578000,17.0,2.0,,,0 days 00:00:26.542000,0 days 00:00:31.178000,0 days 00:00:43.858000,0 days 00:56:01.882000,0 days 00:56:33.060000,0 days 00:57:16.918000,271.0,258.0,271.0,308.0,False,MEDIUM,17.0,False,Red Bull Racing,0 days 00:55:35.340000,,1,,False,,False,True
0 days 00:58:58.278000,HAD,6,0 days 00:01:41.360000,18.0,2.0,,,0 days 00:00:26.542000,0 days 00:00:31.180000,0 days 00:00:43.638000,,0 days 00:58:14.640000,0 days 00:58:58.278000,272.0,264.0,272.0,308.0,False,MEDIUM,18.0,False,Red Bull Racing,0 days 00:57:16.918000,,1,,False,,False,True
0 days 01:00:46.927000,HAD,6,0 days 00:01:48.649000,19.0,2.0,,0 days 01:00:45.128000,0 days 00:00:26.670000,0 days 00:00:31.419000,0 days 00:00:50.560000,0 days 00:59:24.948000,0 days 00:59:56.367000,0 days 01:00:46.927000,272.0,266.0,,284.0,False,MEDIUM,19.0,False,Red Bull Racing,0 days 00:58:58.278000,,12,,False,,False,False
0 days 01:09:33.532000,HAD,6,,20.0,3.0,0 days 01:07:33.196000,,,0 days 00:00:33.493000,0 days 00:00:55.010000,,0 days 01:08:38.819000,0 days 01:09:33.729000,251.0,251.0,274.0,162.0,False,SOFT,1.0,True,Red Bull Racing,0 days 01:00:46.927000,,1,,False,,False,False
0 days 01:11:08.717000,HAD,6,0 days 00:01:35.185000,21.0,3.0,,,0 days 00:00:24.987000,0 days 00:00:28.667000,0 days 00:00:41.531000,0 days 01:09:58.519000,0 days 01:10:27.186000,0 days 01:11:08.717000,295.0,286.0,252.0,305.0,True,SOFT,2.0,True,Red Bull Racing,0 days 01:09:33.532000,,1,,False,,False,True
0 days 01:13:34.153000,HAD,6,0 days 00:02:25.436000,22.0,3.0,,,0 days 00:00:38.593000,0 days 00:00:45.835000,0 days 00:01:01.008000,0 days 01:11:47.310000,0 days 01:12:33.145000,0 days 01:13:34.153000,159.0,227.0,272.0,238.0,False,SOFT,3.0,True,Red Bull Racing,0 days 01:11:08.717000,,1,,False,,False,True
0 days 01:15:09.009000,HAD,6,0 days 00:01:34.856000,23.0,3.0,,,0 days 00:00:25,0 days 00:00:28.672000,0 days 00:00:41.184000,0 days 01:13:59.153000,0 days 01:14:27.825000,0 days 01:15:09.009000,294.0,284.0,254.0,306.0,True,SOFT,4.0,True,Red Bull Racing,0 days 01:13:34.153000,,1,,False,,False,True
0 days 01:17:28.018000,HAD,6,0 days 00:02:19.009000,24.0,3.0,,,0 days 00:00:34.725000,0 days 00:00:39.430000,0 days 00:01:04.854000,0 days 01:15:43.734000,0 days 01:16:23.164000,0 days 01:17:28.018000,153.0,214.0,74.0,157.0,False,SOFT,5.0,True,Red Bull Racing,0 days 01:15:09.009000,,1,,False,,False,True
0 days 01:20:12.157000,HAD,6,,25.0,3.0,,,0 days 00:01:04.445000,0 days 00:00:32.310000,0 days 00:01:07.346000,0 days 01:18:32.826000,0 days 01:19:05.057000,0 days 01:20:12.231000,242.0,244.0,57.0,236.0,False,SOFT,6.0,True,Red Bull Racing,0 days 01:17:28.018000,,1,,False,,False,False
0 days 01:22:34.279000,HAD,6,0 days 00:02:22.122000,26.0,3.0,,0 days 01:22:32.498000,0 days 00:01:04.657000,0 days 00:00:30.171000,0 days 00:00:47.294000,0 days 01:21:16.814000,0 days 01:21:46.985000,0 days 01:22:34.279000,284.0,268.0,,306.0,False,SOFT,7.0,True,Red Bull Racing,0 days 01:20:12.157000,,1,,False,,False,False
0 days 00:16:15.564000,GAS,10,,1.0,1.0,0 days 00:14:17.865000,,,0 days 00:00:33.154000,0 days 00:00:51.319000,,0 days 00:15:24.499000,0 days 00:16:15.757000,250.0,243.0,271.0,286.0,False,MEDIUM,1.0,True,Alpine,0 days 00:14:17.865000,,1,,False,,False,False
0 days 00:17:53.318000,GAS,10,0 days 00:01:37.754000,2.0,1.0,,,0 days 00:00:25.818000,0 days 00:00:29.965000,0 days 00:00:41.971000,0 days 00:16:41.382000,0 days 00:17:11.347000,0 days 00:17:53.318000,281.0,271.0,249.0,317.0,True,MEDIUM,2.0,True,Alpine,0 days 00:16:15.564000,,12,,False,,False,True
0 days 00:20:14.301000,GAS,10,0 days 00:02:20.983000,3.0,1.0,,,0 days 00:00:42.288000,0 days 00:00:47.550000,0 days 00:00:51.145000,0 days 00:18:35.606000,0 days 00:19:23.156000,0 days 00:20:14.301000,118.0,236.0,272.0,286.0,False,MEDIUM,3.0,True,Alpine,0 days 00:17:53.318000,,21,,False,,False,True
0 days 00:21:50.275000,GAS,10,0 days 00:01:35.974000,4.0,1.0,,,0 days 00:00:25.147000,0 days 00:00:29.032000,0 days 00:00:41.795000,0 days 00:20:39.448000,0 days 00:21:08.480000,0 days 00:21:50.275000,280.0,267.0,247.0,310.0,True,MEDIUM,4.0,True,Alpine,0 days 00:20:14.301000,,1,,False,,False,True
0 days 00:24:14.470000,GAS,10,0 days 00:02:24.195000,5.0,1.0,,,0 days 00:00:36.215000,0 days 00:00:44.393000,0 days 00:01:03.587000,0 days 00:22:26.490000,0 days 00:23:10.883000,0 days 00:24:14.470000,151.0,240.0,272.0,244.0,False,MEDIUM,5.0,True,Alpine,0 days 00:21:50.275000,,16,,False,,False,False
0 days 00:26:14.990000,GAS,10,0 days 00:02:00.520000,6.0,1.0,,,0 days 00:00:31.229000,0 days 00:00:35.566000,0 days 00:00:53.725000,0 days 00:24:45.699000,0 days 00:25:21.265000,0 days 00:26:14.990000,247.0,256.0,244.0,255.0,False,MEDIUM,6.0,True,Alpine,0 days 00:24:14.470000,,671,,False,,False,False
0 days 00:27:56.616000,GAS,10,0 days 00:01:41.626000,7.0,1.0,,,0 days 00:00:25.366000,0 days 00:00:28.910000,0 days 00:00:47.350000,0 days 00:26:40.356000,0 days 00:27:09.266000,0 days 00:27:56.616000,281.0,269.0,223.0,311.0,False,MEDIUM,7.0,True,Alpine,0 days 00:26:14.990000,,12,,False,,False,True
0 days 00:30:19.032000,GAS,10,0 days 00:02:22.416000,8.0,1.0,,,0 days 00:00:41.249000,0 days 00:00:41.313000,0 days 00:00:59.854000,0 days 00:28:37.865000,0 days 00:29:19.178000,0 days 00:30:19.032000,194.0,237.0,217.0,288.0,False,MEDIUM,8.0,True,Alpine,0 days 00:27:56.616000,,26,,False,,False,False
0 days 00:32:21.154000,GAS,10,0 days 00:02:02.122000,9.0,1.0,,,0 days 00:00:31.063000,0 days 00:00:37.512000,0 days 00:00:53.547000,0 days 00:30:50.095000,0 days 00:31:27.607000,0 days 00:32:21.154000,256.0,230.0,271.0,309.0,False,MEDIUM,9.0,True,Alpine,0 days 00:30:19.032000,,671,,False,,False,False
0 days 00:33:56.793000,GAS,10,0 days 00:01:35.639000,10.0,1.0,,,0 days 00:00:25.450000,0 days 00:00:28.721000,0 days 00:00:41.468000,0 days 00:32:46.604000,0 days 00:33:15.325000,0 days 00:33:56.793000,280.0,269.0,249.0,317.0,True,MEDIUM,10.0,True,Alpine,0 days 00:32:21.154000,,1,,False,,False,True
0 days 00:35:57.149000,GAS,10,0 days 00:02:00.356000,11.0,1.0,,0 days 00:35:55.388000,0 days 00:00:29.583000,0 days 00:00:38.170000,0 days 00:00:52.603000,0 days 00:34:26.376000,0 days 00:35:04.546000,0 days 00:35:57.149000,240.0,190.0,,294.0,False,MEDIUM,11.0,True,Alpine,0 days 00:33:56.793000,,1,,False,,False,False
0 days 00:46:25.060000,GAS,10,,12.0,2.0,0 days 00:44:39.831000,,,0 days 00:00:32.029000,0 days 00:00:44.562000,,0 days 00:45:40.722000,0 days 00:46:25.156000,255.0,210.0,272.0,310.0,False,MEDIUM,12.0,False,Alpine,0 days 00:35:57.149000,,1,,False,,False,False
0 days 00:48:03.016000,GAS,10,0 days 00:01:37.956000,13.0,2.0,,,0 days 00:00:25.761000,0 days 00:00:29.657000,0 days 00:00:42.538000,0 days 00:46:50.821000,0 days 00:47:20.478000,0 days 00:48:03.016000,273.0,258.0,262.0,307.0,False,MEDIUM,13.0,False,Alpine,0 days 00:46:25.060000,,1,,False,,False,True
0 days 00:49:40.932000,GAS,10,0 days 00:01:37.916000,14.0,2.0,,,0 days 00:00:26.129000,0 days 00:00:29.523000,0 days 00:00:42.264000,0 days 00:48:29.145000,0 days 00:48:58.668000,0 days 00:49:40.932000,273.0,258.0,268.0,310.0,False,MEDIUM,14.0,False,Alpine,0 days 00:48:03.016000,,1,,False,,False,True
0 days 00:51:18.839000,GAS,10,0 days 00:01:37.907000,15.0,2.0,,,0 days 00:00:25.817000,0 days 00:00:29.500000,0 days 00:00:42.590000,0 days 00:50:06.749000,0 days 00:50:36.249000,0 days 00:51:18.839000,272.0,257.0,268.0,307.0,False,MEDIUM,15.0,False,Alpine,0 days 00:49:40.932000,,1,,False,,False,True
0 days 00:52:57.031000,GAS,10,0 days 00:01:38.192000,16.0,2.0,,,0 days 00:00:25.929000,0 days 00:00:29.733000,0 days 00:00:42.530000,0 days 00:51:44.768000,0 days 00:52:14.501000,0 days 00:52:57.031000,274.0,265.0,273.0,323.0,False,MEDIUM,16.0,False,Alpine,0 days 00:51:18.839000,,1,,False,,False,True
0 days 00:54:35.756000,GAS,10,0 days 00:01:38.725000,17.0,2.0,,,0 days 00:00:26.086000,0 days 00:00:30.114000,0 days 00:00:42.525000,0 days 00:53:23.117000,0 days 00:53:53.231000,0 days 00:54:35.756000,280.0,263.0,273.0,320.0,False,MEDIUM,17.0,False,Alpine,0 days 00:52:57.031000,,1,,False,,False,True
0 days 00:56:14.420000,GAS,10,0 days 00:01:38.664000,18.0,2.0,,,0 days 00:00:26.002000,0 days 00:00:30.143000,0 days 00:00:42.519000,0 days 00:55:01.758000,0 days 00:55:31.901000,0 days 00:56:14.420000,280.0,260.0,270.0,323.0,False,MEDIUM,18.0,False,Alpine,0 days 00:54:35.756000,,1,,False,,False,True
0 days 00:57:59.519000,GAS,10,0 days 00:01:45.099000,19.0,2.0,,0 days 00:57:57.643000,0 days 00:00:26.366000,0 days 00:00:30.051000,0 days 00:00:48.682000,0 days 00:56:40.786000,0 days 00:57:10.837000,0 days 00:57:59.519000,278.0,251.0,,320.0,False,MEDIUM,19.0,False,Alpine,0 days 00:56:14.420000,,1,,False,,False,False
0 days 01:04:46.700000,GAS,10,,20.0,3.0,0 days 01:02:44.228000,,,0 days 00:00:32.028000,0 days 00:00:49.299000,,0 days 01:03:57.538000,0 days 01:04:46.804000,238.0,255.0,275.0,301.0,False,SOFT,1.0,True,Alpine,0 days 00:57:59.519000,,12,,False,,False,False
0 days 01:06:21.376000,GAS,10,0 days 00:01:34.676000,21.0,3.0,,,0 days 00:00:24.675000,0 days 00:00:28.285000,0 days 00:00:41.716000,0 days 01:05:11.375000,0 days 01:05:39.660000,0 days 01:06:21.376000,280.0,275.0,254.0,310.0,True,SOFT,2.0,True,Alpine,0 days 01:04:46.700000,,1,,False,,False,True
0 days 01:08:36.205000,GAS,10,0 days 00:02:14.829000,22.0,3.0,,,0 days 00:00:32.171000,0 days 00:00:45.377000,0 days 00:00:57.281000,0 days 01:06:53.547000,0 days 01:07:38.924000,0 days 01:08:36.205000,183.0,163.0,273.0,297.0,False,SOFT,3.0,True,Alpine,0 days 01:06:21.376000,,1,,False,,False,True
0 days 01:10:11.058000,GAS,10,0 days 00:01:34.853000,23.0,3.0,,,0 days 00:00:24.783000,0 days 00:00:28.601000,0 days 00:00:41.469000,0 days 01:09:00.988000,0 days 01:09:29.589000,0 days 01:10:11.058000,281.0,275.0,248.0,314.0,False,SOFT,4.0,True,Alpine,0 days 01:08:36.205000,,1,,False,,False,True
0 days 01:12:12.165000,GAS,10,0 days 00:02:01.107000,24.0,3.0,,0 days 01:12:10.252000,0 days 00:00:30.180000,0 days 00:00:36.233000,0 days 00:00:54.694000,0 days 01:10:41.238000,0 days 01:11:17.471000,0 days 01:12:12.165000,238.0,153.0,,291.0,False,SOFT,5.0,True,Alpine,0 days 01:10:11.058000,,1,,False,,False,False
0 days 01:14:52.500000,GAS,10,,25.0,4.0,0 days 01:12:45.129000,,0 days 00:01:06.397000,0 days 00:00:39.057000,0 days 00:00:54.777000,0 days 01:13:18.703000,0 days 01:13:57.770000,0 days 01:14:52.552000,212.0,220.0,230.0,267.0,False,MEDIUM,20.0,False,Alpine,0 days 01:12:12.165000,,1,,False,,False,False
0 days 01:17:01.282000,GAS,10,0 days 00:02:08.782000,26.0,4.0,,,0 days 00:00:32.299000,0 days 00:00:36.831000,0 days 00:00:59.652000,0 days 01:15:24.799000,0 days 01:16:01.630000,0 days 01:17:01.282000,204.0,244.0,74.0,254.0,False,MEDIUM,21.0,False,Alpine,0 days 01:14:52.500000,,1,,False,,False,True
0 days 01:19:48.088000,GAS,10,,27.0,4.0,,,0 days 00:01:07.048000,0 days 00:00:37.244000,0 days 00:01:02.680000,0 days 01:18:08.366000,0 days 01:18:45.696000,0 days 01:19:48.254000,250.0,221.0,51.0,204.0,False,MEDIUM,22.0,False,Alpine,0 days 01:17:01.282000,,1,,False,,False,False
0 days 01:22:17.764000,GAS,10,0 days 00:02:29.676000,28.0,4.0,,0 days 01:22:15.998000,0 days 00:01:02.503000,0 days 00:00:31.230000,0 days 00:00:55.943000,0 days 01:20:50.591000,0 days 01:21:21.821000,0 days 01:22:17.764000,291.0,261.0,,322.0,False,MEDIUM,23.0,False,Alpine,0 days 01:19:48.088000,,1,,False,,False,False
0 days 00:17:56.582000,PER,11,,1.0,1.0,0 days 00:15:58.234000,,,0 days 00:00:36.784000,0 days 00:00:51.439000,,0 days 00:17:05.422000,0 days 00:17:56.725000,252.0,259.0,266.0,267.0,False,MEDIUM,1.0,True,Cadillac,0 days 00:15:58.234000,,12,,False,,False,False
0 days 00:19:39.922000,PER,11,0 days 00:01:43.340000,2.0,1.0,,,0 days 00:00:26.630000,0 days 00:00:31.465000,0 days 00:00:45.245000,0 days 00:18:23.212000,0 days 00:18:54.677000,0 days 00:19:39.922000,276.0,272.0,273.0,282.0,True,MEDIUM,2.0,True,Cadillac,0 days 00:17:56.582000,,21,,False,,False,True
0 days 00:21:44.900000,PER,11,0 days 00:02:04.978000,3.0,1.0,,,0 days 00:00:28.995000,0 days 00:00:36.767000,0 days 00:00:59.216000,0 days 00:20:08.917000,0 days 00:20:45.684000,0 days 00:21:44.900000,240.0,222.0,256.0,273.0,False,MEDIUM,3.0,True,Cadillac,0 days 00:19:39.922000,,1,,False,,False,True
0 days 00:23:24.100000,PER,11,0 days 00:01:39.200000,4.0,1.0,,,0 days 00:00:26.300000,0 days 00:00:29.813000,0 days 00:00:43.087000,0 days 00:22:11.200000,0 days 00:22:41.013000,0 days 00:23:24.100000,268.0,271.0,252.0,299.0,True,MEDIUM,4.0,True,Cadillac,0 days 00:21:44.900000,,1,,False,,False,True
0 days 00:25:49.802000,PER,11,0 days 00:02:25.702000,5.0,1.0,,,0 days 00:00:37.401000,0 days 00:00:45.394000,0 days 00:01:02.907000,0 days 00:24:01.501000,0 days 00:24:46.895000,0 days 00:25:49.802000,134.0,252.0,270.0,98.0,False,MEDIUM,5.0,True,Cadillac,0 days 00:23:24.100000,,167,,False,,False,False
0 days 00:27:30.944000,PER,11,0 days 00:01:41.142000,6.0,1.0,,,0 days 00:00:25.755000,0 days 00:00:29.594000,0 days 00:00:45.793000,0 days 00:26:15.557000,0 days 00:26:45.151000,0 days 00:27:30.944000,270.0,264.0,262.0,309.0,False,MEDIUM,6.0,True,Cadillac,0 days 00:25:49.802000,,12,,False,,False,True
0 days 00:29:53.166000,PER,11,0 days 00:02:22.222000,7.0,1.0,,,0 days 00:00:29.276000,0 days 00:00:45.379000,0 days 00:01:07.567000,0 days 00:28:00.220000,0 days 00:28:45.599000,0 days 00:29:53.166000,207.0,210.0,257.0,216.0,False,MEDIUM,7.0,True,Cadillac,0 days 00:27:30.944000,,26,,False,,False,False
0 days 00:32:03.942000,PER,11,0 days 00:02:10.776000,8.0,1.0,,0 days 00:32:02.080000,0 days 00:00:28.399000,0 days 00:00:34.550000,0 days 00:01:07.827000,0 days 00:30:21.565000,0 days 00:30:56.115000,0 days 00:32:03.942000,277.0,233.0,,269.0,False,MEDIUM,8.0,True,Cadillac,0 days 00:29:53.166000,,671,,False,,False,False
0 days 00:47:36.499000,PER,11,,9.0,2.0,0 days 00:45:47.910000,,,0 days 00:00:32.533000,0 days 00:00:47.214000,,0 days 00:46:49.577000,0 days 00:47:36.570000,245.0,266.0,265.0,290.0,False,MEDIUM,9.0,False,Cadillac,0 days 00:32:03.942000,,1,,False,,False,False
0 days 00:49:18.415000,PER,11,0 days 00:01:41.916000,10.0,2.0,,,0 days 00:00:26.651000,0 days 00:00:30.750000,0 days 00:00:44.515000,0 days 00:48:03.150000,0 days 00:48:33.900000,0 days 00:49:18.415000,277.0,244.0,245.0,301.0,False,MEDIUM,10.0,False,Cadillac,0 days 00:47:36.499000,,1,,False,,False,True
0 days 00:51:00.340000,PER,11,0 days 00:01:41.925000,11.0,2.0,,,0 days 00:00:27.436000,0 days 00:00:30.920000,0 days 00:00:43.569000,0 days 00:49:45.851000,0 days 00:50:16.771000,0 days 00:51:00.340000,259.0,247.0,265.0,306.0,False,MEDIUM,11.0,False,Cadillac,0 days 00:49:18.415000,,1,,False,,False,True
0 days 00:52:41.910000,PER,11,0 days 00:01:41.570000,12.0,2.0,,,0 days 00:00:27.046000,0 days 00:00:30.861000,0 days 00:00:43.663000,0 days 00:51:27.386000,0 days 00:51:58.247000,0 days 00:52:41.910000,256.0,251.0,268.0,300.0,False,MEDIUM,12.0,False,Cadillac,0 days 00:51:00.340000,,1,,False,,False,True
0 days 00:54:44.438000,PER,11,0 days 00:02:02.528000,13.0,2.0,,0 days 00:54:42.581000,0 days 00:00:26.777000,0 days 00:00:38.280000,0 days 00:00:57.471000,0 days 00:53:08.687000,0 days 00:53:46.967000,0 days 00:54:44.438000,257.0,224.0,,229.0,False,MEDIUM,13.0,False,Cadillac,0 days 00:52:41.910000,,1,,False,,False,False
0 days 00:16:25.953000,ANT,12,,1.0,1.0,0 days 00:14:24.427000,,,0 days 00:00:32.465000,0 days 00:00:54.158000,,0 days 00:15:32.073000,0 days 00:16:26.142000,219.0,255.0,238.0,262.0,False,MEDIUM,1.0,True,Mercedes,0 days 00:14:24.427000,,1,,False,,False,False
0 days 00:18:16.581000,ANT,12,0 days 00:01:50.628000,2.0,1.0,,,0 days 00:00:28.049000,0 days 00:00:30.862000,0 days 00:00:51.717000,0 days 00:16:54.002000,0 days 00:17:24.864000,0 days 00:18:16.581000,249.0,251.0,273.0,259.0,True,MEDIUM,2.0,True,Mercedes,0 days 00:16:25.953000,,12,,False,,False,True
0 days 00:19:51.675000,ANT,12,0 days 00:01:35.094000,3.0,1.0,,,0 days 00:00:25.013000,0 days 00:00:28.602000,0 days 00:00:41.479000,0 days 00:18:41.594000,0 days 00:19:10.196000,0 days 00:19:51.675000,280.0,272.0,251.0,316.0,True,MEDIUM,3.0,True,Mercedes,0 days 00:18:16.581000,,1,,False,,False,True
0 days 00:22:05.530000,ANT,12,0 days 00:02:13.855000,4.0,1.0,,,0 days 00:00:34.885000,0 days 00:00:47.451000,0 days 00:00:51.519000,0 days 00:20:26.560000,0 days 00:21:14.011000,0 days 00:22:05.530000,85.0,227.0,274.0,262.0,False,MEDIUM,4.0,True,Mercedes,0 days 00:19:51.675000,,1,,False,,False,True
0 days 00:23:44.717000,ANT,12,0 days 00:01:39.187000,5.0,1.0,,,0 days 00:00:24.510000,0 days 00:00:28.230000,0 days 00:00:46.447000,0 days 00:22:30.040000,0 days 00:22:58.270000,0 days 00:23:44.717000,280.0,270.0,135.0,313.0,False,MEDIUM,5.0,True,Mercedes,0 days 00:22:05.530000,,16,,False,,False,False
0 days 00:26:06.696000,ANT,12,0 days 00:02:21.979000,6.0,1.0,,,0 days 00:00:43.566000,0 days 00:00:36.407000,0 days 00:01:02.006000,0 days 00:24:28.283000,0 days 00:25:04.690000,0 days 00:26:06.696000,140.0,256.0,275.0,166.0,False,MEDIUM,6.0,True,Mercedes,0 days 00:23:44.717000,,671,,False,,False,False
0 days 00:27:41.490000,ANT,12,0 days 00:01:34.794000,7.0,1.0,,,0 days 00:00:24.413000,0 days 00:00:28.100000,0 days 00:00:42.281000,0 days 00:26:31.109000,0 days 00:26:59.209000,0 days 00:27:41.490000,281.0,270.0,256.0,311.0,True,MEDIUM,7.0,True,Mercedes,0 days 00:26:06.696000,,12,,False,,False,True
0 days 00:30:21.271000,ANT,12,,8.0,1.0,,0 days 00:30:19.349000,0 days 00:00:36.038000,0 days 00:00:52.446000,0 days 00:01:11.204000,0 days 00:28:17.687000,0 days 00:29:10.290000,0 days 00:30:21.271000,149.0,220.0,,148.0,False,MEDIUM,8.0,True,Mercedes,0 days 00:27:41.490000,,26,,False,,False,False
0 days 00:38:47.715000,ANT,12,,9.0,2.0,0 days 00:37:08.124000,,,0 days 00:00:31.265000,0 days 00:00:42.434000,,0 days 00:38:05.384000,0 days 00:38:47.837000,240.0,260.0,272.0,321.0,False,MEDIUM,9.0,False,Mercedes,0 days 00:30:21.271000,,671,,False,,False,False
0 days 00:40:24.387000,ANT,12,0 days 00:01:36.672000,10.0,2.0,,,0 days 00:00:25.412000,0 days 00:00:29.026000,0 days 00:00:42.234000,0 days 00:39:13.127000,0 days 00:39:42.153000,0 days 00:40:24.387000,270.0,259.0,267.0,304.0,False,MEDIUM,10.0,False,Mercedes,0 days 00:38:47.715000,,1,,False,,False,True
0 days 00:42:00.729000,ANT,12,0 days 00:01:36.342000,11.0,2.0,,,0 days 00:00:25.549000,0 days 00:00:28.973000,0 days 00:00:41.820000,0 days 00:40:49.936000,0 days 00:41:18.909000,0 days 00:42:00.729000,270.0,259.0,269.0,311.0,False,MEDIUM,11.0,False,Mercedes,0 days 00:40:24.387000,,1,,False,,False,True
0 days 00:43:36.863000,ANT,12,0 days 00:01:36.134000,12.0,2.0,,,0 days 00:00:25.524000,0 days 00:00:28.924000,0 days 00:00:41.686000,0 days 00:42:26.253000,0 days 00:42:55.177000,0 days 00:43:36.863000,269.0,257.0,270.0,305.0,False,MEDIUM,12.0,False,Mercedes,0 days 00:42:00.729000,,1,,False,,False,True
0 days 00:45:13.025000,ANT,12,0 days 00:01:36.162000,13.0,2.0,,,0 days 00:00:25.484000,0 days 00:00:28.974000,0 days 00:00:41.704000,0 days 00:44:02.347000,0 days 00:44:31.321000,0 days 00:45:13.025000,272.0,259.0,271.0,308.0,False,MEDIUM,13.0,False,Mercedes,0 days 00:43:36.863000,,1,,False,,False,True
0 days 00:46:49.057000,ANT,12,0 days 00:01:36.032000,14.0,2.0,,,0 days 00:00:25.442000,0 days 00:00:28.986000,0 days 00:00:41.604000,0 days 00:45:38.467000,0 days 00:46:07.453000,0 days 00:46:49.057000,272.0,260.0,270.0,312.0,False,MEDIUM,14.0,False,Mercedes,0 days 00:45:13.025000,,1,,False,,False,True
0 days 00:48:25.272000,ANT,12,0 days 00:01:36.215000,15.0,2.0,,,0 days 00:00:25.434000,0 days 00:00:29.130000,0 days 00:00:41.651000,0 days 00:47:14.491000,0 days 00:47:43.621000,0 days 00:48:25.272000,273.0,259.0,272.0,312.0,False,MEDIUM,15.0,False,Mercedes,0 days 00:46:49.057000,,1,,False,,False,True
0 days 00:50:01.494000,ANT,12,0 days 00:01:36.222000,16.0,2.0,,,0 days 00:00:25.456000,0 days 00:00:29.199000,0 days 00:00:41.567000,0 days 00:48:50.728000,0 days 00:49:19.927000,0 days 00:50:01.494000,274.0,261.0,273.0,311.0,False,MEDIUM,16.0,False,Mercedes,0 days 00:48:25.272000,,1,,False,,False,True
0 days 00:51:38.331000,ANT,12,0 days 00:01:36.837000,17.0,2.0,,,0 days 00:00:25.555000,0 days 00:00:29.347000,0 days 00:00:41.935000,0 days 00:50:27.049000,0 days 00:50:56.396000,0 days 00:51:38.331000,274.0,258.0,273.0,315.0,False,MEDIUM,17.0,False,Mercedes,0 days 00:50:01.494000,,1,,False,,False,True
0 days 00:53:16.014000,ANT,12,0 days 00:01:37.683000,18.0,2.0,,,0 days 00:00:25.622000,0 days 00:00:29.594000,0 days 00:00:42.467000,0 days 00:52:03.953000,0 days 00:52:33.547000,0 days 00:53:16.014000,277.0,264.0,271.0,332.0,False,MEDIUM,18.0,False,Mercedes,0 days 00:51:38.331000,,1,,False,,False,True
0 days 00:54:58.773000,ANT,12,0 days 00:01:42.759000,19.0,2.0,,0 days 00:54:56.953000,0 days 00:00:25.584000,0 days 00:00:29.521000,0 days 00:00:47.654000,0 days 00:53:41.598000,0 days 00:54:11.119000,0 days 00:54:58.773000,271.0,256.0,,303.0,False,MEDIUM,19.0,False,Mercedes,0 days 00:53:16.014000,,1,,False,,False,False
0 days 01:00:57.008000,ANT,12,,20.0,3.0,0 days 00:59:05.958000,,,0 days 00:00:31.575000,0 days 00:00:53.196000,,0 days 01:00:04.032000,0 days 01:00:57.118000,239.0,253.0,275.0,252.0,False,SOFT,1.0,True,Mercedes,0 days 00:54:58.773000,,12,,False,,False,False
0 days 01:02:29.971000,ANT,12,0 days 00:01:32.963000,21.0,3.0,,,0 days 00:00:24.508000,0 days 00:00:27.999000,0 days 00:00:40.456000,0 days 01:01:21.516000,0 days 01:01:49.515000,0 days 01:02:29.971000,270.0,259.0,259.0,310.0,True,SOFT,2.0,True,Mercedes,0 days 01:00:57.008000,,1,,False,,False,True
0 days 01:04:33.877000,ANT,12,0 days 00:02:03.906000,22.0,3.0,,,0 days 00:00:36.075000,0 days 00:00:40.335000,0 days 00:00:47.496000,0 days 01:03:06.046000,0 days 01:03:46.381000,0 days 01:04:33.877000,166.0,225.0,276.0,256.0,False,SOFT,3.0,True,Mercedes,0 days 01:02:29.971000,,1,,False,,False,True
0 days 01:06:09.957000,ANT,12,0 days 00:01:36.080000,23.0,3.0,,,0 days 00:00:24.396000,0 days 00:00:27.922000,0 days 00:00:43.762000,0 days 01:04:58.273000,0 days 01:05:26.195000,0 days 01:06:09.957000,271.0,264.0,227.0,315.0,False,SOFT,4.0,True,Mercedes,0 days 01:04:33.877000,,1,,False,,False,True
0 days 01:08:28.178000,ANT,12,0 days 00:02:18.221000,24.0,3.0,,,0 days 00:00:43.672000,0 days 00:00:39.762000,0 days 00:00:54.787000,0 days 01:06:53.629000,0 days 01:07:33.391000,0 days 01:08:28.178000,215.0,138.0,276.0,159.0,False,SOFT,5.0,True,Mercedes,0 days 01:06:09.957000,,1,,False,,False,True
0 days 01:10:01.039000,ANT,12,0 days 00:01:32.861000,25.0,3.0,,,0 days 00:00:24.267000,0 days 00:00:27.943000,0 days 00:00:40.651000,0 days 01:08:52.445000,0 days 01:09:20.388000,0 days 01:10:01.039000,274.0,259.0,255.0,311.0,True,SOFT,6.0,True,Mercedes,0 days 01:08:28.178000,,1,,False,,False,True
0 days 01:11:56.007000,ANT,12,0 days 00:01:54.968000,26.0,3.0,,0 days 01:11:54.154000,0 days 00:00:28.544000,0 days 00:00:32.751000,0 days 00:00:53.673000,0 days 01:10:29.583000,0 days 01:11:02.334000,0 days 01:11:56.007000,233.0,250.0,,283.0,False,SOFT,7.0,True,Mercedes,0 days 01:10:01.039000,,1,,False,,False,False
0 days 01:15:41.287000,ANT,12,,27.0,4.0,0 days 01:13:56.989000,,,0 days 00:00:30.667000,0 days 00:00:47.165000,,0 days 01:14:54.396000,0 days 01:15:41.287000,237.0,249.0,209.0,280.0,False,SOFT,8.0,False,Mercedes,0 days 01:11:56.007000,,1,,False,,False,False
0 days 01:17:51.888000,ANT,12,0 days 00:02:10.601000,28.0,4.0,,,0 days 00:00:30.680000,0 days 00:00:32.670000,0 days 00:01:07.251000,0 days 01:16:11.967000,0 days 01:16:44.637000,0 days 01:17:51.888000,195.0,209.0,78.0,257.0,False,SOFT,9.0,False,Mercedes,0 days 01:15:41.287000,,1,,False,,False,True
0 days 01:20:40.272000,ANT,12,,29.0,4.0,,,0 days 00:01:18.101000,0 days 00:00:32.352000,0 days 00:00:57.949000,0 days 01:19:10.147000,0 days 01:19:42.540000,0 days 01:20:40.272000,203.0,213.0,58.0,268.0,False,SOFT,10.0,False,Mercedes,0 days 01:17:51.888000,,1,,False,,False,False
0 days 01:23:22.701000,ANT,12,,30.0,4.0,,0 days 01:23:20.905000,0 days 00:01:19.151000,0 days 00:00:31.431000,0 days 00:00:51.894000,0 days 01:21:59.654000,0 days 01:22:31.076000,0 days 01:23:22.701000,238.0,223.0,,270.0,False,SOFT,11.0,False,Mercedes,0 days 01:20:40.272000,,1,,False,,False,False
0 days 00:16:46.045000,ALO,14,,1.0,1.0,0 days 00:14:41.771000,,,0 days 00:00:38.468000,0 days 00:00:50.099000,,0 days 00:15:56.187000,0 days 00:16:46.220000,258.0,216.0,249.0,278.0,False,SOFT,1.0,True,Aston Martin,0 days 00:14:41.771000,,1,,False,,False,False
0 days 00:18:42.440000,ALO,14,0 days 00:01:56.395000,2.0,1.0,,0 days 00:18:40.612000,0 days 00:00:27.717000,0 days 00:00:33.756000,0 days 00:00:54.922000,0 days 00:17:13.762000,0 days 00:17:47.518000,0 days 00:18:42.440000,268.0,199.0,,279.0,False,SOFT,2.0,True,Aston Martin,0 days 00:16:46.045000,,12,,False,,False,False
0 days 00:33:55.639000,ALO,14,,3.0,2.0,0 days 00:32:07.158000,,,0 days 00:00:32.233000,0 days 00:00:47.937000,,0 days 00:33:07.902000,0 days 00:33:55.762000,263.0,248.0,241.0,269.0,False,SOFT,3.0,False,Aston Martin,0 days 00:18:42.440000,,1672,,False,,False,False
0 days 00:35:34.218000,ALO,14,0 days 00:01:38.579000,4.0,2.0,,,0 days 00:00:25.863000,0 days 00:00:29.576000,0 days 00:00:43.140000,0 days 00:34:21.502000,0 days 00:34:51.078000,0 days 00:35:34.218000,279.0,276.0,249.0,287.0,True,SOFT,4.0,False,Aston Martin,0 days 00:33:55.639000,,1,,False,,False,True
0 days 00:37:27.734000,ALO,14,0 days 00:01:53.516000,5.0,2.0,,,0 days 00:00:32.235000,0 days 00:00:32.893000,0 days 00:00:48.388000,0 days 00:36:06.453000,0 days 00:36:39.346000,0 days 00:37:27.734000,230.0,251.0,259.0,269.0,False,SOFT,5.0,False,Aston Martin,0 days 00:35:34.218000,,1,,False,,False,True
0 days 00:39:25.696000,ALO,14,0 days 00:01:57.962000,6.0,2.0,,,0 days 00:00:25.301000,0 days 00:00:29.850000,0 days 00:01:02.811000,0 days 00:37:53.035000,0 days 00:38:22.885000,0 days 00:39:25.696000,280.0,273.0,259.0,191.0,False,SOFT,6.0,False,Aston Martin,0 days 00:37:27.734000,,1,,False,,False,True
0 days 00:41:03.025000,ALO,14,0 days 00:01:37.329000,7.0,2.0,,,0 days 00:00:25.327000,0 days 00:00:29.287000,0 days 00:00:42.715000,0 days 00:39:51.023000,0 days 00:40:20.310000,0 days 00:41:03.025000,272.0,274.0,251.0,299.0,True,SOFT,7.0,False,Aston Martin,0 days 00:39:25.696000,,1,,False,,False,True
0 days 00:42:58.378000,ALO,14,0 days 00:01:55.353000,8.0,2.0,,0 days 00:42:56.590000,0 days 00:00:28.846000,0 days 00:00:33.237000,0 days 00:00:53.270000,0 days 00:41:31.871000,0 days 00:42:05.108000,0 days 00:42:58.378000,247.0,212.0,,274.0,False,SOFT,8.0,False,Aston Martin,0 days 00:41:03.025000,,1,,False,,False,False
0 days 00:55:19.107000,ALO,14,,9.0,3.0,0 days 00:53:27.585000,,,0 days 00:00:36.234000,0 days 00:00:49.062000,,0 days 00:54:30.325000,0 days 00:55:19.245000,246.0,236.0,262.0,246.0,False,SOFT,1.0,True,Aston Martin,0 days 00:42:58.378000,,1,,False,,False,False
0 days 00:56:55.868000,ALO,14,0 days 00:01:36.761000,10.0,3.0,,,0 days 00:00:25.266000,0 days 00:00:28.912000,0 days 00:00:42.583000,0 days 00:55:44.373000,0 days 00:56:13.285000,0 days 00:56:55.868000,281.0,272.0,242.0,299.0,True,SOFT,2.0,True,Aston Martin,0 days 00:55:19.107000,,1,,False,,False,True
0 days 00:58:52.957000,ALO,14,0 days 00:01:57.089000,11.0,3.0,,,0 days 00:00:31.518000,0 days 00:00:35.532000,0 days 00:00:50.039000,0 days 00:57:27.386000,0 days 00:58:02.918000,0 days 00:58:52.957000,210.0,247.0,261.0,273.0,False,SOFT,3.0,True,Aston Martin,0 days 00:56:55.868000,,1,,False,,False,True
0 days 01:00:39.862000,ALO,14,0 days 00:01:46.905000,12.0,3.0,,0 days 01:00:37.987000,0 days 00:00:25.177000,0 days 00:00:28.954000,0 days 00:00:52.774000,0 days 00:59:18.134000,0 days 00:59:47.088000,0 days 01:00:39.862000,280.0,272.0,,302.0,False,SOFT,4.0,True,Aston Martin,0 days 00:58:52.957000,,12,,False,,False,False
0 days 01:08:54.358000,ALO,14,,13.0,4.0,0 days 01:06:58.236000,,,0 days 00:00:32.863000,0 days 00:00:55.934000,,0 days 01:07:58.642000,0 days 01:08:54.495000,241.0,231.0,263.0,110.0,False,MEDIUM,1.0,True,Aston Martin,0 days 01:00:39.862000,,1,,False,,False,False
0 days 01:10:30.233000,ALO,14,0 days 00:01:35.875000,14.0,4.0,,,0 days 00:00:24.885000,0 days 00:00:28.886000,0 days 00:00:42.104000,0 days 01:09:19.243000,0 days 01:09:48.129000,0 days 01:10:30.233000,286.0,274.0,246.0,299.0,True,MEDIUM,2.0,True,Aston Martin,0 days 01:08:54.358000,,1,,False,,False,True
0 days 01:12:32.693000,ALO,14,0 days 00:02:02.460000,15.0,4.0,,,0 days 00:00:32.577000,0 days 00:00:34.887000,0 days 00:00:54.996000,0 days 01:11:02.810000,0 days 01:11:37.697000,0 days 01:12:32.693000,124.0,248.0,266.0,262.0,False,MEDIUM,3.0,True,Aston Martin,0 days 01:10:30.233000,,1,,False,,False,True
0 days 01:14:08.549000,ALO,14,0 days 00:01:35.856000,16.0,4.0,,,0 days 00:00:24.944000,0 days 00:00:28.854000,0 days 00:00:42.058000,0 days 01:12:57.637000,0 days 01:13:26.491000,0 days 01:14:08.549000,286.0,274.0,251.0,296.0,True,MEDIUM,4.0,True,Aston Martin,0 days 01:12:32.693000,,1,,False,,False,True
0 days 01:16:08.409000,ALO,14,0 days 00:01:59.860000,17.0,4.0,,,0 days 00:00:32.198000,0 days 00:00:31.692000,0 days 00:00:55.970000,0 days 01:14:40.747000,0 days 01:15:12.439000,0 days 01:16:08.409000,190.0,219.0,81.0,276.0,False,MEDIUM,5.0,True,Aston Martin,0 days 01:14:08.549000,,1,,False,,False,True
0 days 01:18:57.830000,ALO,14,,18.0,4.0,,0 days 01:18:55.914000,0 days 00:01:12.152000,0 days 00:00:37.084000,0 days 00:01:00.095000,0 days 01:17:20.726000,0 days 01:17:57.883000,0 days 01:18:57.830000,201.0,201.0,,148.0,False,MEDIUM,6.0,True,Aston Martin,0 days 01:16:08.409000,,1,,False,,False,False
0 days 00:17:33.790000,LEC,16,,1.0,1.0,0 days 00:15:30.999000,,,0 days 00:00:36.708000,0 days 00:00:54.228000,,0 days 00:16:39.858000,0 days 00:17:34.054000,237.0,253.0,271.0,246.0,False,MEDIUM,1.0,True,Ferrari,0 days 00:15:30.999000,,1,,False,,False,False
0 days 00:19:25.753000,LEC,16,0 days 00:01:51.963000,2.0,1.0,,,0 days 00:00:25.347000,0 days 00:00:32.323000,0 days 00:00:54.293000,0 days 00:17:59.137000,0 days 00:18:31.460000,0 days 00:19:25.753000,226.0,268.0,270.0,256.0,True,MEDIUM,2.0,True,Ferrari,0 days 00:17:33.790000,,12,,False,,False,True
0 days 00:21:01.296000,LEC,16,0 days 00:01:35.543000,3.0,1.0,,,0 days 00:00:24.931000,0 days 00:00:29.039000,0 days 00:00:41.573000,0 days 00:19:50.684000,0 days 00:20:19.723000,0 days 00:21:01.296000,280.0,264.0,256.0,320.0,True,MEDIUM,3.0,True,Ferrari,0 days 00:19:25.753000,,1,,False,,False,True
0 days 00:23:20.898000,LEC,16,0 days 00:02:19.602000,4.0,1.0,,,0 days 00:00:31.921000,0 days 00:00:48.201000,0 days 00:00:59.480000,0 days 00:21:33.217000,0 days 00:22:21.418000,0 days 00:23:20.898000,186.0,121.0,274.0,149.0,False,MEDIUM,4.0,True,Ferrari,0 days 00:21:01.296000,,1,,False,,False,True
0 days 00:25:44.288000,LEC,16,0 days 00:02:23.390000,5.0,1.0,,,0 days 00:00:35.977000,0 days 00:00:44.768000,0 days 00:01:02.645000,0 days 00:23:56.875000,0 days 00:24:41.643000,0 days 00:25:44.288000,104.0,247.0,272.0,137.0,False,MEDIUM,5.0,True,Ferrari,0 days 00:23:20.898000,,167,,False,,False,False
0 days 00:27:28.765000,LEC,16,0 days 00:01:44.477000,6.0,1.0,,,0 days 00:00:24.925000,0 days 00:00:29.740000,0 days 00:00:49.812000,0 days 00:26:09.213000,0 days 00:26:38.953000,0 days 00:27:28.765000,280.0,263.0,273.0,244.0,False,MEDIUM,6.0,True,Ferrari,0 days 00:25:44.288000,,12,,True,DOUBLE YELLOW AT TURN 14,False,True
0 days 00:29:41.159000,LEC,16,0 days 00:02:12.394000,7.0,1.0,,,0 days 00:00:24.971000,0 days 00:00:40.767000,0 days 00:01:06.656000,0 days 00:27:53.736000,0 days 00:28:34.503000,0 days 00:29:41.159000,276.0,249.0,250.0,78.0,False,MEDIUM,7.0,True,Ferrari,0 days 00:27:28.765000,,26,,False,,False,False
0 days 00:31:54.134000,LEC,16,0 days 00:02:12.975000,8.0,1.0,,,0 days 00:00:26.462000,0 days 00:00:46.354000,0 days 00:01:00.159000,0 days 00:30:07.621000,0 days 00:30:53.975000,0 days 00:31:54.134000,205.0,208.0,273.0,211.0,False,MEDIUM,8.0,True,Ferrari,0 days 00:29:41.159000,,671,,False,,False,False
0 days 00:33:28.841000,LEC,16,0 days 00:01:34.707000,9.0,1.0,,,0 days 00:00:25.066000,0 days 00:00:28.198000,0 days 00:00:41.443000,0 days 00:32:19.200000,0 days 00:32:47.398000,0 days 00:33:28.841000,273.0,270.0,257.0,300.0,True,MEDIUM,9.0,True,Ferrari,0 days 00:31:54.134000,,1,,False,,False,True
0 days 00:35:26.493000,LEC,16,0 days 00:01:57.652000,10.0,1.0,,,0 days 00:00:29.309000,0 days 00:00:32.910000,0 days 00:00:55.433000,0 days 00:33:58.150000,0 days 00:34:31.060000,0 days 00:35:26.493000,255.0,249.0,275.0,256.0,False,MEDIUM,10.0,True,Ferrari,0 days 00:33:28.841000,,1,,False,,False,True
0 days 00:37:00.902000,LEC,16,0 days 00:01:34.409000,11.0,1.0,,,0 days 00:00:24.916000,0 days 00:00:28.388000,0 days 00:00:41.105000,0 days 00:35:51.409000,0 days 00:36:19.797000,0 days 00:37:00.902000,277.0,270.0,256.0,309.0,True,MEDIUM,11.0,True,Ferrari,0 days 00:35:26.493000,,1,,False,,False,True
0 days 00:38:57.465000,LEC,16,0 days 00:01:56.563000,12.0,1.0,,0 days 00:38:55.790000,0 days 00:00:29.705000,0 days 00:00:32.949000,0 days 00:00:53.909000,0 days 00:37:30.607000,0 days 00:38:03.556000,0 days 00:38:57.465000,255.0,254.0,,242.0,False,MEDIUM,12.0,True,Ferrari,0 days 00:37:00.902000,,1,,False,,False,False
0 days 00:41:10.965000,LEC,16,0 days 00:02:13.500000,13.0,2.0,0 days 00:39:33.914000,,0 days 00:01:00.874000,0 days 00:00:29.060000,0 days 00:00:43.566000,0 days 00:39:58.339000,0 days 00:40:27.399000,0 days 00:41:10.965000,285.0,284.0,276.0,291.0,False,MEDIUM,13.0,False,Ferrari,0 days 00:38:57.465000,,1,,False,,False,False
0 days 00:42:46.926000,LEC,16,0 days 00:01:35.961000,14.0,2.0,,,0 days 00:00:24.971000,0 days 00:00:29.042000,0 days 00:00:41.948000,0 days 00:41:35.936000,0 days 00:42:04.978000,0 days 00:42:46.926000,278.0,257.0,270.0,298.0,False,MEDIUM,14.0,False,Ferrari,0 days 00:41:10.965000,,1,,False,,False,True
0 days 00:44:23.486000,LEC,16,0 days 00:01:36.560000,15.0,2.0,,,0 days 00:00:25.460000,0 days 00:00:29.108000,0 days 00:00:41.992000,0 days 00:43:12.386000,0 days 00:43:41.494000,0 days 00:44:23.486000,274.0,260.0,269.0,300.0,False,MEDIUM,15.0,False,Ferrari,0 days 00:42:46.926000,,1,,False,,False,True
0 days 00:46:00.357000,LEC,16,0 days 00:01:36.871000,16.0,2.0,,,0 days 00:00:25.640000,0 days 00:00:29.157000,0 days 00:00:42.074000,0 days 00:44:49.126000,0 days 00:45:18.283000,0 days 00:46:00.357000,271.0,259.0,278.0,306.0,False,MEDIUM,16.0,False,Ferrari,0 days 00:44:23.486000,,1,,False,,False,True
0 days 00:47:43.204000,LEC,16,0 days 00:01:42.847000,17.0,2.0,,0 days 00:47:41.508000,0 days 00:00:25.505000,0 days 00:00:29.245000,0 days 00:00:48.097000,0 days 00:46:25.862000,0 days 00:46:55.107000,0 days 00:47:43.204000,270.0,260.0,,309.0,False,MEDIUM,17.0,False,Ferrari,0 days 00:46:00.357000,,1,,False,,False,False
0 days 01:01:31.997000,LEC,16,,18.0,3.0,0 days 00:59:48.044000,,,0 days 00:00:29.976000,0 days 00:00:47.911000,,0 days 01:00:44.237000,0 days 01:01:32.057000,278.0,273.0,277.0,246.0,False,SOFT,1.0,True,Ferrari,0 days 00:47:43.204000,,12,,False,,False,False
0 days 01:03:05.596000,LEC,16,0 days 00:01:33.599000,19.0,3.0,,,0 days 00:00:24.637000,0 days 00:00:28.205000,0 days 00:00:40.757000,0 days 01:01:56.634000,0 days 01:02:24.839000,0 days 01:03:05.596000,274.0,267.0,257.0,308.0,True,SOFT,2.0,True,Ferrari,0 days 01:01:31.997000,,1,,False,,False,True
0 days 01:05:12.937000,LEC,16,0 days 00:02:07.341000,20.0,3.0,,,0 days 00:00:31.593000,0 days 00:00:45.152000,0 days 00:00:50.596000,0 days 01:03:37.189000,0 days 01:04:22.341000,0 days 01:05:12.937000,176.0,169.0,276.0,249.0,False,SOFT,3.0,True,Ferrari,0 days 01:03:05.596000,,1,,False,,False,True
0 days 01:07:05.967000,LEC,16,0 days 00:01:53.030000,21.0,3.0,,0 days 01:07:04.127000,0 days 00:00:24.598000,0 days 00:00:28.252000,0 days 00:01:00.180000,0 days 01:05:37.535000,0 days 01:06:05.787000,0 days 01:07:05.967000,272.0,266.0,,195.0,False,SOFT,4.0,True,Ferrari,0 days 01:05:12.937000,,1,,False,,False,False
0 days 01:09:41.195000,LEC,16,,22.0,4.0,0 days 01:07:49.763000,,0 days 00:01:13.011000,0 days 00:00:31.271000,0 days 00:00:50.904000,0 days 01:08:19.133000,0 days 01:08:50.354000,0 days 01:09:41.195000,242.0,242.0,265.0,231.0,False,SOFT,5.0,False,Ferrari,0 days 01:07:05.967000,,1,,False,,False,False
0 days 01:11:28.079000,LEC,16,0 days 00:01:46.884000,23.0,4.0,,,0 days 00:00:25.151000,0 days 00:00:34.911000,0 days 00:00:46.822000,0 days 01:10:06.346000,0 days 01:10:41.257000,0 days 01:11:28.079000,267.0,208.0,277.0,256.0,False,SOFT,6.0,False,Ferrari,0 days 01:09:41.195000,,1,,False,,False,True
0 days 01:13:02.697000,LEC,16,0 days 00:01:34.618000,24.0,4.0,,,0 days 00:00:24.461000,0 days 00:00:28.235000,0 days 00:00:41.922000,0 days 01:11:52.540000,0 days 01:12:20.775000,0 days 01:13:02.697000,274.0,269.0,218.0,307.0,False,SOFT,7.0,False,Ferrari,0 days 01:11:28.079000,,1,,True,TRACK LIMITS AT TURN 16 LAP 25 ,False,True
0 days 01:14:55.568000,LEC,16,0 days 00:01:52.871000,25.0,4.0,,,0 days 00:00:30.217000,0 days 00:00:33.872000,0 days 00:00:48.782000,0 days 01:13:32.914000,0 days 01:14:06.786000,0 days 01:14:55.568000,239.0,186.0,276.0,281.0,False,SOFT,8.0,False,Ferrari,0 days 01:13:02.697000,,1,,False,,False,True
0 days 01:17:02.821000,LEC,16,0 days 00:02:07.253000,26.0,4.0,,,0 days 00:00:29.934000,0 days 00:00:35.277000,0 days 00:01:02.042000,0 days 01:15:25.502000,0 days 01:16:00.779000,0 days 01:17:02.821000,188.0,195.0,63.0,170.0,False,SOFT,9.0,False,Ferrari,0 days 01:14:55.568000,,1,,False,,False,True
0 days 01:19:37.708000,LEC,16,,27.0,4.0,,,0 days 00:01:07.476000,0 days 00:00:32.650000,0 days 00:00:54.761000,0 days 01:18:10.411000,0 days 01:18:43.039000,0 days 01:19:37.708000,190.0,225.0,102.0,187.0,False,SOFT,10.0,False,Ferrari,0 days 01:17:02.821000,,1,,False,,False,False
0 days 01:22:05.346000,LEC,16,0 days 00:02:27.638000,28.0,4.0,,0 days 01:22:03.404000,0 days 00:00:57.313000,0 days 00:00:34.005000,0 days 00:00:56.320000,0 days 01:20:35.021000,0 days 01:21:09.026000,0 days 01:22:05.346000,289.0,188.0,,209.0,False,SOFT,11.0,False,Ferrari,0 days 01:19:37.708000,,1,,False,,False,False
0 days 00:17:38.947000,STR,18,,1.0,1.0,0 days 00:15:27.521000,,,0 days 00:00:40.823000,0 days 00:00:56.603000,,0 days 00:16:42.559000,0 days 00:17:39.072000,172.0,231.0,249.0,255.0,False,SOFT,1.0,True,Aston Martin,0 days 00:15:27.521000,,12,,False,,False,False
0 days 00:19:22.957000,STR,18,0 days 00:01:44.010000,2.0,1.0,,,0 days 00:00:27.726000,0 days 00:00:31.516000,0 days 00:00:44.768000,0 days 00:18:06.673000,0 days 00:18:38.189000,0 days 00:19:22.957000,269.0,255.0,258.0,295.0,True,SOFT,2.0,True,Aston Martin,0 days 00:17:38.947000,,21,,False,,False,True
0 days 00:21:09.937000,STR,18,0 days 00:01:46.980000,3.0,1.0,,,0 days 00:00:27.650000,0 days 00:00:32.612000,0 days 00:00:46.718000,0 days 00:19:50.607000,0 days 00:20:23.219000,0 days 00:21:09.937000,273.0,255.0,230.0,314.0,False,SOFT,3.0,True,Aston Martin,0 days 00:19:22.957000,,1,,False,,False,True
0 days 00:23:33.570000,STR,18,0 days 00:02:23.633000,4.0,1.0,,0 days 00:23:31.722000,0 days 00:00:35.667000,0 days 00:00:45.608000,0 days 00:01:02.358000,0 days 00:21:45.604000,0 days 00:22:31.212000,0 days 00:23:33.570000,197.0,184.0,,257.0,False,SOFT,4.0,True,Aston Martin,0 days 00:21:09.937000,,16,,False,,False,False
0 days 00:35:16.717000,STR,18,,5.0,2.0,0 days 00:33:11.462000,,,0 days 00:00:39.565000,0 days 00:00:53.487000,,0 days 00:34:23.486000,0 days 00:35:16.844000,235.0,235.0,246.0,207.0,False,SOFT,5.0,False,Aston Martin,0 days 00:23:33.570000,,6712,,False,,False,False
0 days 00:36:57.134000,STR,18,0 days 00:01:40.417000,6.0,2.0,,,0 days 00:00:26.592000,0 days 00:00:30.213000,0 days 00:00:43.612000,0 days 00:35:43.309000,0 days 00:36:13.522000,0 days 00:36:57.134000,277.0,274.0,240.0,286.0,True,SOFT,6.0,False,Aston Martin,0 days 00:35:16.717000,,1,,False,,False,True
0 days 00:39:05.518000,STR,18,0 days 00:02:08.384000,7.0,2.0,,,0 days 00:00:35.740000,0 days 00:00:40.648000,0 days 00:00:51.996000,0 days 00:37:32.874000,0 days 00:38:13.522000,0 days 00:39:05.518000,171.0,205.0,248.0,262.0,False,SOFT,7.0,False,Aston Martin,0 days 00:36:57.134000,,1,,False,,False,True
0 days 00:40:44.741000,STR,18,0 days 00:01:39.223000,8.0,2.0,,,0 days 00:00:25.778000,0 days 00:00:29.465000,0 days 00:00:43.980000,0 days 00:39:31.296000,0 days 00:40:00.761000,0 days 00:40:44.741000,276.0,274.0,243.0,279.0,True,SOFT,8.0,False,Aston Martin,0 days 00:39:05.518000,,1,,False,,False,True
0 days 00:43:02.953000,STR,18,0 days 00:02:18.212000,9.0,2.0,,0 days 00:43:01.170000,0 days 00:00:35.175000,0 days 00:00:40.077000,0 days 00:01:02.960000,0 days 00:41:19.916000,0 days 00:41:59.993000,0 days 00:43:02.953000,171.0,194.0,,225.0,False,SOFT,9.0,False,Aston Martin,0 days 00:40:44.741000,,1,,False,,False,False
0 days 00:51:58.259000,STR,18,,10.0,3.0,0 days 00:49:58.002000,,,0 days 00:00:35.612000,0 days 00:00:53.330000,,0 days 00:51:05.190000,0 days 00:51:58.461000,244.0,223.0,254.0,200.0,False,SOFT,1.0,True,Aston Martin,0 days 00:43:02.953000,,1,,False,,False,False
0 days 00:53:35.526000,STR,18,0 days 00:01:37.267000,11.0,3.0,,,0 days 00:00:25.425000,0 days 00:00:29.133000,0 days 00:00:42.709000,0 days 00:52:23.684000,0 days 00:52:52.817000,0 days 00:53:35.526000,284.0,269.0,246.0,289.0,True,SOFT,2.0,True,Aston Martin,0 days 00:51:58.259000,,1,,False,,False,True
0 days 00:55:45.272000,STR,18,0 days 00:02:09.746000,12.0,3.0,,,0 days 00:00:37.708000,0 days 00:00:43.117000,0 days 00:00:48.921000,0 days 00:54:13.234000,0 days 00:54:56.351000,0 days 00:55:45.272000,175.0,229.0,253.0,268.0,False,SOFT,3.0,True,Aston Martin,0 days 00:53:35.526000,,1,,False,,False,True
0 days 00:57:22.504000,STR,18,0 days 00:01:37.232000,13.0,3.0,,,0 days 00:00:25.377000,0 days 00:00:29.063000,0 days 00:00:42.792000,0 days 00:56:10.649000,0 days 00:56:39.712000,0 days 00:57:22.504000,280.0,272.0,243.0,289.0,True,SOFT,4.0,True,Aston Martin,0 days 00:55:45.272000,,1,,False,,False,True
0 days 00:59:40.568000,STR,18,0 days 00:02:18.064000,14.0,3.0,,0 days 00:59:38.250000,0 days 00:00:32.567000,0 days 00:00:36.701000,0 days 00:01:08.796000,0 days 00:57:55.071000,0 days 00:58:31.772000,0 days 00:59:40.568000,203.0,221.0,,221.0,False,SOFT,5.0,True,Aston Martin,0 days 00:57:22.504000,,1,,False,,False,False
0 days 01:08:20.678000,STR,18,,15.0,4.0,0 days 01:06:18.025000,,,0 days 00:00:34.787000,0 days 00:00:51.618000,,0 days 01:07:29.254000,0 days 01:08:20.708000,230.0,230.0,257.0,231.0,False,MEDIUM,1.0,True,Aston Martin,0 days 00:59:40.568000,,12,,False,,False,False
0 days 01:10:46.979000,STR,18,0 days 00:02:26.301000,16.0,4.0,,,0 days 00:00:25.411000,0 days 00:00:50.502000,0 days 00:01:10.388000,0 days 01:08:46.089000,0 days 01:09:36.591000,0 days 01:10:46.979000,281.0,186.0,256.0,249.0,False,MEDIUM,2.0,True,Aston Martin,0 days 01:08:20.678000,,1,,True,TRACK LIMITS AT TURN 6 LAP 17 ,False,True
0 days 01:12:24.203000,STR,18,0 days 00:01:37.224000,17.0,4.0,,,0 days 00:00:25.709000,0 days 00:00:29.254000,0 days 00:00:42.261000,0 days 01:11:12.688000,0 days 01:11:41.942000,0 days 01:12:24.203000,280.0,271.0,250.0,303.0,True,MEDIUM,3.0,True,Aston Martin,0 days 01:10:46.979000,,1,,False,,False,True
0 days 01:14:43.409000,STR,18,0 days 00:02:19.206000,18.0,4.0,,,0 days 00:00:36.941000,0 days 00:00:38.456000,0 days 00:01:03.809000,0 days 01:13:01.144000,0 days 01:13:39.600000,0 days 01:14:43.409000,175.0,166.0,260.0,241.0,False,MEDIUM,4.0,True,Aston Martin,0 days 01:12:24.203000,,1,,False,,False,True
0 days 01:16:46.007000,STR,18,0 days 00:02:02.598000,19.0,4.0,,,0 days 00:00:27.840000,0 days 00:00:37.265000,0 days 00:00:57.493000,0 days 01:15:11.249000,0 days 01:15:48.514000,0 days 01:16:46.007000,234.0,202.0,86.0,219.0,False,MEDIUM,5.0,True,Aston Martin,0 days 01:14:43.409000,,1,,False,,False,True
0 days 01:19:25.753000,STR,18,,20.0,4.0,,0 days 01:19:23.752000,0 days 00:01:06.251000,0 days 00:00:33.597000,0 days 00:00:59.811000,0 days 01:17:52.440000,0 days 01:18:26.058000,0 days 01:19:25.753000,283.0,213.0,,147.0,False,MEDIUM,6.0,True,Aston Martin,0 days 01:16:46.007000,,1,,False,,False,False
0 days 00:17:27.519000,ALB,23,,1.0,1.0,0 days 00:15:08.642000,,,0 days 00:00:37.198000,0 days 00:00:55.514000,,0 days 00:16:32.263000,0 days 00:17:27.706000,252.0,246.0,259.0,257.0,False,MEDIUM,1.0,True,Williams,0 days 00:15:08.642000,,1,,False,,False,False
0 days 00:19:15.472000,ALB,23,0 days 00:01:47.953000,2.0,1.0,,,0 days 00:00:27.350000,0 days 00:00:32.250000,0 days 00:00:48.353000,0 days 00:17:54.869000,0 days 00:18:27.119000,0 days 00:19:15.472000,272.0,258.0,269.0,260.0,True,MEDIUM,2.0,True,Williams,0 days 00:17:27.519000,,12,,False,,False,True
0 days 00:20:53.243000,ALB,23,0 days 00:01:37.771000,3.0,1.0,,,0 days 00:00:25.762000,0 days 00:00:29.648000,0 days 00:00:42.361000,0 days 00:19:41.234000,0 days 00:20:10.882000,0 days 00:20:53.243000,284.0,267.0,248.0,314.0,True,MEDIUM,3.0,True,Williams,0 days 00:19:15.472000,,1,,False,,False,True
0 days 00:22:52.944000,ALB,23,0 days 00:01:59.701000,4.0,1.0,,,0 days 00:00:31.831000,0 days 00:00:35.859000,0 days 00:00:52.011000,0 days 00:21:25.074000,0 days 00:22:00.933000,0 days 00:22:52.944000,215.0,250.0,273.0,294.0,False,MEDIUM,4.0,True,Williams,0 days 00:20:53.243000,,1,,False,,False,True
0 days 00:25:07.598000,ALB,23,0 days 00:02:14.654000,5.0,1.0,,,0 days 00:00:25.320000,0 days 00:00:36.828000,0 days 00:01:12.506000,0 days 00:23:18.264000,0 days 00:23:55.092000,0 days 00:25:07.598000,285.0,184.0,272.0,188.0,False,MEDIUM,5.0,True,Williams,0 days 00:22:52.944000,,167,,False,,False,False
0 days 00:26:44.336000,ALB,23,0 days 00:01:36.738000,6.0,1.0,,,0 days 00:00:25.233000,0 days 00:00:29.430000,0 days 00:00:42.075000,0 days 00:25:32.831000,0 days 00:26:02.261000,0 days 00:26:44.336000,280.0,267.0,253.0,314.0,True,MEDIUM,6.0,True,Williams,0 days 00:25:07.598000,,1,,False,,False,True
0 days 00:29:18.999000,ALB,23,,7.0,1.0,,,0 days 00:00:32.662000,0 days 00:00:35.085000,0 days 00:01:26.955000,0 days 00:27:17.240000,0 days 00:27:52.397000,0 days 00:29:19.180000,201.0,225.0,217.0,98.0,False,MEDIUM,7.0,True,Williams,0 days 00:26:44.336000,,126,,False,,False,False
0 days 00:31:17.071000,ALB,23,0 days 00:01:58.072000,8.0,1.0,,,0 days 00:00:29.716000,0 days 00:00:34.425000,0 days 00:00:53.931000,0 days 00:29:48.715000,0 days 00:30:23.140000,0 days 00:31:17.071000,266.0,237.0,246.0,280.0,False,MEDIUM,8.0,True,Williams,0 days 00:29:18.999000,,6,,False,,False,False
0 days 00:33:08.556000,ALB,23,0 days 00:01:51.485000,9.0,1.0,,,0 days 00:00:29.463000,0 days 00:00:31.670000,0 days 00:00:50.352000,0 days 00:31:46.534000,0 days 00:32:18.204000,0 days 00:33:08.556000,259.0,256.0,272.0,256.0,False,MEDIUM,9.0,True,Williams,0 days 00:31:17.071000,,671,,False,,False,False
0 days 00:34:55.940000,ALB,23,0 days 00:01:47.384000,10.0,1.0,,,0 days 00:00:26.337000,0 days 00:00:31.662000,0 days 00:00:49.385000,0 days 00:33:34.893000,0 days 00:34:06.555000,0 days 00:34:55.940000,272.0,262.0,274.0,283.0,False,MEDIUM,10.0,True,Williams,0 days 00:33:08.556000,,1,,False,,False,True
0 days 00:36:32.434000,ALB,23,0 days 00:01:36.494000,11.0,1.0,,,0 days 00:00:25.366000,0 days 00:00:29.302000,0 days 00:00:41.826000,0 days 00:35:21.306000,0 days 00:35:50.608000,0 days 00:36:32.434000,279.0,268.0,253.0,313.0,True,MEDIUM,11.0,True,Williams,0 days 00:34:55.940000,,1,,False,,False,True
0 days 00:38:30.636000,ALB,23,0 days 00:01:58.202000,12.0,1.0,,0 days 00:38:28.959000,0 days 00:00:29.007000,0 days 00:00:35.837000,0 days 00:00:53.358000,0 days 00:37:01.441000,0 days 00:37:37.278000,0 days 00:38:30.636000,235.0,253.0,,273.0,False,MEDIUM,12.0,True,Williams,0 days 00:36:32.434000,,1,,False,,False,False
0 days 00:41:18.533000,ALB,23,,13.0,2.0,0 days 00:39:15.587000,0 days 00:41:16.616000,0 days 00:01:13.819000,0 days 00:00:33.255000,0 days 00:01:00.754000,0 days 00:39:44.650000,0 days 00:40:17.930000,0 days 00:41:18.533000,255.0,253.0,,199.0,False,MEDIUM,13.0,False,Williams,0 days 00:38:30.636000,,1,,False,,False,False
0 days 00:43:53.328000,ALB,23,,14.0,3.0,0 days 00:42:00.162000,,0 days 00:01:13.576000,0 days 00:00:35.359000,0 days 00:00:45.832000,0 days 00:42:32.215000,0 days 00:43:07.664000,0 days 00:43:53.394000,260.0,252.0,256.0,292.0,False,MEDIUM,14.0,False,Williams,0 days 00:41:18.533000,,1,,False,,False,False
0 days 00:45:31.436000,ALB,23,0 days 00:01:38.108000,15.0,3.0,,,0 days 00:00:25.971000,0 days 00:00:29.770000,0 days 00:00:42.367000,0 days 00:44:19.299000,0 days 00:44:49.069000,0 days 00:45:31.436000,286.0,266.0,272.0,329.0,False,MEDIUM,15.0,False,Williams,0 days 00:43:53.328000,,1,,False,,False,True
0 days 00:47:09.704000,ALB,23,0 days 00:01:38.268000,16.0,3.0,,,0 days 00:00:26.111000,0 days 00:00:29.698000,0 days 00:00:42.459000,0 days 00:45:57.547000,0 days 00:46:27.245000,0 days 00:47:09.704000,279.0,259.0,269.0,316.0,False,MEDIUM,16.0,False,Williams,0 days 00:45:31.436000,,1,,False,,False,True
0 days 00:48:48.005000,ALB,23,0 days 00:01:38.301000,17.0,3.0,,,0 days 00:00:26.127000,0 days 00:00:29.802000,0 days 00:00:42.372000,0 days 00:47:35.831000,0 days 00:48:05.633000,0 days 00:48:48.005000,278.0,263.0,269.0,317.0,False,MEDIUM,17.0,False,Williams,0 days 00:47:09.704000,,1,,False,,False,True
0 days 00:50:27.375000,ALB,23,0 days 00:01:39.370000,18.0,3.0,,,0 days 00:00:26.099000,0 days 00:00:30.071000,0 days 00:00:43.200000,0 days 00:49:14.104000,0 days 00:49:44.175000,0 days 00:50:27.375000,279.0,267.0,264.0,314.0,False,MEDIUM,18.0,False,Williams,0 days 00:48:48.005000,,1,,False,,False,True
0 days 00:52:06.126000,ALB,23,0 days 00:01:38.751000,19.0,3.0,,,0 days 00:00:26.157000,0 days 00:00:29.888000,0 days 00:00:42.706000,0 days 00:50:53.532000,0 days 00:51:23.420000,0 days 00:52:06.126000,279.0,265.0,272.0,307.0,False,MEDIUM,19.0,False,Williams,0 days 00:50:27.375000,,1,,False,,False,True
0 days 00:53:44.430000,ALB,23,0 days 00:01:38.304000,20.0,3.0,,,0 days 00:00:26.098000,0 days 00:00:29.732000,0 days 00:00:42.474000,0 days 00:52:32.224000,0 days 00:53:01.956000,0 days 00:53:44.430000,279.0,269.0,273.0,308.0,False,MEDIUM,20.0,False,Williams,0 days 00:52:06.126000,,1,,False,,False,True
0 days 00:55:33.468000,ALB,23,0 days 00:01:49.038000,21.0,3.0,,0 days 00:55:31.629000,0 days 00:00:26.127000,0 days 00:00:30.071000,0 days 00:00:52.840000,0 days 00:54:10.557000,0 days 00:54:40.628000,0 days 00:55:33.468000,280.0,269.0,,242.0,False,MEDIUM,21.0,False,Williams,0 days 00:53:44.430000,,1,,False,,False,False
0 days 01:04:51.660000,ALB,23,,22.0,4.0,0 days 01:02:38.341000,,,0 days 00:00:38.311000,0 days 00:00:58.870000,,0 days 01:03:52.929000,0 days 01:04:51.784000,212.0,215.0,211.0,130.0,False,SOFT,1.0,True,Williams,0 days 00:55:33.468000,,12,,False,,False,False
0 days 01:06:43.956000,ALB,23,0 days 00:01:52.296000,23.0,4.0,,,0 days 00:00:30.663000,0 days 00:00:33.781000,0 days 00:00:47.852000,0 days 01:05:22.323000,0 days 01:05:56.104000,0 days 01:06:43.956000,263.0,251.0,267.0,261.0,False,SOFT,2.0,True,Williams,0 days 01:04:51.660000,,1,,False,,False,True
0 days 01:08:40.449000,ALB,23,0 days 00:01:56.493000,24.0,4.0,,,0 days 00:00:30.127000,0 days 00:00:35.519000,0 days 00:00:50.847000,0 days 01:07:14.083000,0 days 01:07:49.602000,0 days 01:08:40.449000,169.0,262.0,274.0,228.0,False,SOFT,3.0,True,Williams,0 days 01:06:43.956000,,1,,False,,False,True
0 days 01:10:15.929000,ALB,23,0 days 00:01:35.480000,25.0,4.0,,,0 days 00:00:24.941000,0 days 00:00:29.038000,0 days 00:00:41.501000,0 days 01:09:05.390000,0 days 01:09:34.428000,0 days 01:10:15.929000,283.0,270.0,257.0,317.0,True,SOFT,4.0,True,Williams,0 days 01:08:40.449000,,1,,False,,False,True
0 days 01:12:22.982000,ALB,23,0 days 00:02:07.053000,26.0,4.0,,,0 days 00:00:34.421000,0 days 00:00:38.886000,0 days 00:00:53.746000,0 days 01:10:50.350000,0 days 01:11:29.236000,0 days 01:12:22.982000,183.0,179.0,274.0,292.0,False,SOFT,5.0,True,Williams,0 days 01:10:15.929000,,1,,False,,False,True
0 days 01:13:58.554000,ALB,23,0 days 00:01:35.572000,27.0,4.0,,,0 days 00:00:25.153000,0 days 00:00:28.957000,0 days 00:00:41.462000,0 days 01:12:48.135000,0 days 01:13:17.092000,0 days 01:13:58.554000,284.0,272.0,256.0,316.0,False,SOFT,6.0,True,Williams,0 days 01:12:22.982000,,1,,False,,False,True
0 days 01:15:56.118000,ALB,23,0 days 00:01:57.564000,28.0,4.0,,,0 days 00:00:30.810000,0 days 00:00:35.906000,0 days 00:00:50.848000,0 days 01:14:29.364000,0 days 01:15:05.270000,0 days 01:15:56.118000,221.0,192.0,270.0,289.0,False,SOFT,7.0,True,Williams,0 days 01:13:58.554000,,1,,False,,False,True
0 days 01:17:55.202000,ALB,23,0 days 00:01:59.084000,29.0,4.0,,,0 days 00:00:25.497000,0 days 00:00:29.078000,0 days 00:01:04.509000,0 days 01:16:21.615000,0 days 01:16:50.693000,0 days 01:17:55.202000,283.0,269.0,53.0,248.0,False,SOFT,8.0,True,Williams,0 days 01:15:56.118000,,1,,False,,False,True
0 days 01:20:48.582000,ALB,23,,30.0,4.0,,,0 days 00:01:15.859000,0 days 00:00:35.620000,0 days 00:01:01.911000,0 days 01:19:11.221000,0 days 01:19:46.914000,0 days 01:20:48.809000,274.0,204.0,64.0,216.0,False,SOFT,9.0,True,Williams,0 days 01:17:55.202000,,1,,False,,False,False
0 days 01:23:08.092000,ALB,23,0 days 00:02:19.510000,31.0,4.0,,0 days 01:23:06.358000,0 days 00:00:58.919000,0 days 00:00:30.159000,0 days 00:00:50.432000,0 days 01:21:47.501000,0 days 01:22:17.660000,0 days 01:23:08.092000,266.0,254.0,,298.0,False,SOFT,10.0,True,Williams,0 days 01:20:48.582000,,1,,False,,False,False
0 days 00:16:19.546000,HUL,27,,1.0,1.0,0 days 00:14:21.239000,,,0 days 00:00:33.165000,0 days 00:00:53.524000,,0 days 00:15:26.199000,0 days 00:16:19.757000,243.0,255.0,271.0,274.0,False,MEDIUM,1.0,True,Audi,0 days 00:14:21.239000,,1,,False,,False,False
0 days 00:17:59.186000,HUL,27,0 days 00:01:39.640000,2.0,1.0,,,0 days 00:00:26.724000,0 days 00:00:30.242000,0 days 00:00:42.674000,0 days 00:16:46.270000,0 days 00:17:16.512000,0 days 00:17:59.186000,286.0,269.0,273.0,313.0,True,MEDIUM,2.0,True,Audi,0 days 00:16:19.546000,,12,,False,,False,True
0 days 00:20:02.459000,HUL,27,0 days 00:02:03.273000,3.0,1.0,,,0 days 00:00:35.350000,0 days 00:00:40.520000,0 days 00:00:47.403000,0 days 00:18:34.536000,0 days 00:19:15.056000,0 days 00:20:02.459000,155.0,257.0,271.0,259.0,False,MEDIUM,3.0,True,Audi,0 days 00:17:59.186000,,1,,False,,False,True
0 days 00:21:41.766000,HUL,27,0 days 00:01:39.307000,4.0,1.0,,,0 days 00:00:25.420000,0 days 00:00:29.087000,0 days 00:00:44.800000,0 days 00:20:27.879000,0 days 00:20:56.966000,0 days 00:21:41.766000,295.0,283.0,260.0,300.0,True,MEDIUM,4.0,True,Audi,0 days 00:20:02.459000,,1,,False,,False,True
0 days 00:23:30.329000,HUL,27,0 days 00:01:48.563000,5.0,1.0,,,0 days 00:00:32.136000,0 days 00:00:30.954000,0 days 00:00:45.473000,0 days 00:22:13.902000,0 days 00:22:44.856000,0 days 00:23:30.329000,273.0,259.0,275.0,268.0,False,MEDIUM,5.0,True,Audi,0 days 00:21:41.766000,,1,,False,,False,True
0 days 00:25:46.900000,HUL,27,0 days 00:02:16.571000,6.0,1.0,,0 days 00:25:45.047000,0 days 00:00:38.556000,0 days 00:00:43.691000,0 days 00:00:54.324000,0 days 00:24:08.885000,0 days 00:24:52.576000,0 days 00:25:46.900000,177.0,179.0,,279.0,False,MEDIUM,6.0,True,Audi,0 days 00:23:30.329000,,167,,False,,False,False
0 days 00:34:09.200000,HUL,27,,7.0,2.0,0 days 00:32:14.111000,,,0 days 00:00:32.216000,0 days 00:00:56.236000,,0 days 00:33:13.107000,0 days 00:34:09.366000,252.0,185.0,272.0,258.0,False,MEDIUM,7.0,False,Audi,0 days 00:25:46.900000,,1267,,False,,False,False
0 days 00:35:54.510000,HUL,27,0 days 00:01:45.310000,8.0,2.0,,0 days 00:35:52.608000,0 days 00:00:25.471000,0 days 00:00:29.368000,0 days 00:00:50.471000,0 days 00:34:34.671000,0 days 00:35:04.039000,0 days 00:35:54.510000,289.0,282.0,,312.0,False,MEDIUM,8.0,False,Audi,0 days 00:34:09.200000,,1,,False,,False,False
0 days 00:43:28.121000,HUL,27,,9.0,3.0,0 days 00:41:44.715000,,,0 days 00:00:30.968000,0 days 00:00:45.737000,,0 days 00:42:42.543000,0 days 00:43:28.203000,250.0,245.0,272.0,263.0,False,MEDIUM,9.0,False,Audi,0 days 00:35:54.510000,,1,,False,,False,False
0 days 00:45:04.195000,HUL,27,0 days 00:01:36.074000,10.0,3.0,,,0 days 00:00:25.361000,0 days 00:00:29.016000,0 days 00:00:41.697000,0 days 00:43:53.482000,0 days 00:44:22.498000,0 days 00:45:04.195000,288.0,281.0,255.0,313.0,True,MEDIUM,10.0,False,Audi,0 days 00:43:28.121000,,1,,False,,False,True
0 days 00:46:57.414000,HUL,27,0 days 00:01:53.219000,11.0,3.0,,0 days 00:46:55.591000,0 days 00:00:28.818000,0 days 00:00:32.071000,0 days 00:00:52.330000,0 days 00:45:33.013000,0 days 00:46:05.084000,0 days 00:46:57.414000,267.0,253.0,,287.0,False,MEDIUM,11.0,False,Audi,0 days 00:45:04.195000,,1,,False,,False,False
0 days 00:49:07.822000,HUL,27,0 days 00:02:10.408000,12.0,4.0,0 days 00:47:23.914000,,0 days 00:00:51.912000,0 days 00:00:33.662000,0 days 00:00:44.834000,0 days 00:47:49.326000,0 days 00:48:22.988000,0 days 00:49:07.822000,267.0,251.0,274.0,276.0,False,MEDIUM,12.0,False,Audi,0 days 00:46:57.414000,,1,,False,,False,False
0 days 00:50:43.950000,HUL,27,0 days 00:01:36.128000,13.0,4.0,,,0 days 00:00:25.296000,0 days 00:00:29.097000,0 days 00:00:41.735000,0 days 00:49:33.118000,0 days 00:50:02.215000,0 days 00:50:43.950000,289.0,280.0,243.0,313.0,False,MEDIUM,13.0,False,Audi,0 days 00:49:07.822000,,1,,False,,False,True
0 days 00:52:34.643000,HUL,27,0 days 00:01:50.693000,14.0,4.0,,,0 days 00:00:29.462000,0 days 00:00:35.599000,0 days 00:00:45.632000,0 days 00:51:13.412000,0 days 00:51:49.011000,0 days 00:52:34.643000,210.0,237.0,275.0,296.0,False,MEDIUM,14.0,False,Audi,0 days 00:50:43.950000,,1,,False,,False,True
0 days 00:54:13.322000,HUL,27,0 days 00:01:38.679000,15.0,4.0,,,0 days 00:00:25.894000,0 days 00:00:30.485000,0 days 00:00:42.300000,0 days 00:53:00.537000,0 days 00:53:31.022000,0 days 00:54:13.322000,277.0,261.0,275.0,315.0,False,MEDIUM,15.0,False,Audi,0 days 00:52:34.643000,,1,,False,,False,True
0 days 00:55:51.055000,HUL,27,0 days 00:01:37.733000,16.0,4.0,,,0 days 00:00:25.634000,0 days 00:00:29.832000,0 days 00:00:42.267000,0 days 00:54:38.956000,0 days 00:55:08.788000,0 days 00:55:51.055000,281.0,268.0,272.0,310.0,False,MEDIUM,16.0,False,Audi,0 days 00:54:13.322000,,1,,False,,False,True
0 days 00:57:35.233000,HUL,27,0 days 00:01:44.178000,17.0,4.0,,0 days 00:57:33.414000,0 days 00:00:25.839000,0 days 00:00:29.912000,0 days 00:00:48.427000,0 days 00:56:16.894000,0 days 00:56:46.806000,0 days 00:57:35.233000,278.0,266.0,,304.0,False,MEDIUM,17.0,False,Audi,0 days 00:55:51.055000,,1,,False,,False,False
0 days 01:04:25.856000,HUL,27,,18.0,5.0,0 days 01:02:32.355000,,,0 days 00:00:33.743000,0 days 00:00:50.286000,,0 days 01:03:35.819000,0 days 01:04:25.960000,243.0,245.0,251.0,280.0,False,SOFT,1.0,True,Audi,0 days 00:57:35.233000,,12,,False,,False,False
0 days 01:06:09.882000,HUL,27,0 days 00:01:44.026000,19.0,5.0,,,0 days 00:00:27.723000,0 days 00:00:30.572000,0 days 00:00:45.731000,0 days 01:04:53.579000,0 days 01:05:24.151000,0 days 01:06:09.882000,257.0,258.0,258.0,288.0,False,SOFT,2.0,True,Audi,0 days 01:04:25.856000,,1,,False,,False,True
0 days 01:07:44.807000,HUL,27,0 days 00:01:34.925000,20.0,5.0,,,0 days 00:00:25.100000,0 days 00:00:28.499000,0 days 00:00:41.326000,0 days 01:06:34.982000,0 days 01:07:03.481000,0 days 01:07:44.807000,286.0,280.0,267.0,311.0,True,SOFT,3.0,True,Audi,0 days 01:06:09.882000,,1,,False,,False,True
0 days 01:09:46.580000,HUL,27,0 days 00:02:01.773000,21.0,5.0,,,0 days 00:00:30.494000,0 days 00:00:35.869000,0 days 00:00:55.410000,0 days 01:08:15.301000,0 days 01:08:51.170000,0 days 01:09:46.580000,209.0,253.0,274.0,215.0,False,SOFT,4.0,True,Audi,0 days 01:07:44.807000,,1,,False,,False,True
0 days 01:11:21.219000,HUL,27,0 days 00:01:34.639000,22.0,5.0,,,0 days 00:00:24.951000,0 days 00:00:28.682000,0 days 00:00:41.006000,0 days 01:10:11.531000,0 days 01:10:40.213000,0 days 01:11:21.219000,287.0,282.0,266.0,306.0,True,SOFT,5.0,True,Audi,0 days 01:09:46.580000,,1,,False,,False,True
0 days 01:13:25.827000,HUL,27,0 days 00:02:04.608000,23.0,5.0,,,0 days 00:00:30.698000,0 days 00:00:39.575000,0 days 00:00:54.335000,0 days 01:11:51.917000,0 days 01:12:31.492000,0 days 01:13:25.827000,190.0,170.0,267.0,225.0,False,SOFT,6.0,True,Audi,0 days 01:11:21.219000,,1,,False,,False,True
0 days 01:15:00.893000,HUL,27,0 days 00:01:35.066000,24.0,5.0,,,0 days 00:00:25.165000,0 days 00:00:28.900000,0 days 00:00:41.001000,0 days 01:13:50.992000,0 days 01:14:19.892000,0 days 01:15:00.893000,287.0,281.0,256.0,313.0,False,SOFT,7.0,True,Audi,0 days 01:13:25.827000,,1,,False,,False,True
0 days 01:17:15.185000,HUL,27,0 days 00:02:14.292000,25.0,5.0,,,0 days 00:00:30.295000,0 days 00:00:38.151000,0 days 00:01:05.846000,0 days 01:15:31.188000,0 days 01:16:09.339000,0 days 01:17:15.185000,186.0,200.0,62.0,223.0,False,SOFT,8.0,True,Audi,0 days 01:15:00.893000,,1,,False,,False,True
0 days 01:19:42.158000,HUL,27,0 days 00:02:26.973000,26.0,5.0,,,0 days 00:00:58.922000,0 days 00:00:32.072000,0 days 00:00:55.979000,0 days 01:18:14.107000,0 days 01:18:46.179000,0 days 01:19:42.158000,248.0,241.0,54.0,215.0,False,SOFT,9.0,True,Audi,0 days 01:17:15.185000,,1,,False,,False,True
0 days 01:22:02.069000,HUL,27,0 days 00:02:19.911000,27.0,5.0,,0 days 01:22:00.342000,0 days 00:00:58.381000,0 days 00:00:31.611000,0 days 00:00:49.919000,0 days 01:20:40.539000,0 days 01:21:12.150000,0 days 01:22:02.069000,259.0,253.0,,291.0,False,SOFT,10.0,True,Audi,0 days 01:19:42.158000,,1,,False,,False,False
0 days 00:17:45.271000,LAW,30,,1.0,1.0,0 days 00:15:36.156000,,,0 days 00:00:33.682000,0 days 00:00:59.674000,,0 days 00:16:45.811000,0 days 00:17:45.347000,263.0,261.0,241.0,246.0,False,MEDIUM,1.0,True,Racing Bulls,0 days 00:15:36.156000,,12,,False,,False,False
0 days 00:19:27.331000,LAW,30,0 days 00:01:42.060000,2.0,1.0,,,0 days 00:00:27.563000,0 days 00:00:30.294000,0 days 00:00:44.203000,0 days 00:18:12.834000,0 days 00:18:43.128000,0 days 00:19:27.331000,280.0,269.0,272.0,315.0,True,MEDIUM,2.0,True,Racing Bulls,0 days 00:17:45.271000,,21,,False,,False,True
0 days 00:21:06.570000,LAW,30,0 days 00:01:39.239000,3.0,1.0,,,0 days 00:00:25.877000,0 days 00:00:30.231000,0 days 00:00:43.131000,0 days 00:19:53.208000,0 days 00:20:23.439000,0 days 00:21:06.570000,283.0,276.0,278.0,315.0,True,MEDIUM,3.0,True,Racing Bulls,0 days 00:19:27.331000,,1,,False,,False,True
0 days 00:23:14.141000,LAW,30,0 days 00:02:07.571000,4.0,1.0,,,0 days 00:00:25.764000,0 days 00:00:41.868000,0 days 00:00:59.939000,0 days 00:21:32.334000,0 days 00:22:14.202000,0 days 00:23:14.141000,277.0,165.0,276.0,234.0,False,MEDIUM,4.0,True,Racing Bulls,0 days 00:21:06.570000,,1,,False,,False,True
0 days 00:25:33.054000,LAW,30,0 days 00:02:18.913000,5.0,1.0,,,0 days 00:00:31.177000,0 days 00:00:43.859000,0 days 00:01:03.877000,0 days 00:23:45.318000,0 days 00:24:29.177000,0 days 00:25:33.054000,190.0,131.0,272.0,188.0,False,MEDIUM,5.0,True,Racing Bulls,0 days 00:23:14.141000,,167,,False,,False,False
0 days 00:27:09.809000,LAW,30,0 days 00:01:36.755000,6.0,1.0,,,0 days 00:00:25.407000,0 days 00:00:29.443000,0 days 00:00:41.905000,0 days 00:25:58.461000,0 days 00:26:27.904000,0 days 00:27:09.809000,297.0,286.0,261.0,306.0,True,MEDIUM,6.0,True,Racing Bulls,0 days 00:25:33.054000,,12,,False,,False,True
0 days 00:29:28.815000,LAW,30,0 days 00:02:19.006000,7.0,1.0,,,0 days 00:00:29.770000,0 days 00:00:40.104000,0 days 00:01:09.132000,0 days 00:27:39.579000,0 days 00:28:19.683000,0 days 00:29:28.815000,190.0,170.0,210.0,127.0,False,MEDIUM,7.0,True,Racing Bulls,0 days 00:27:09.809000,,26,,False,,False,False
0 days 00:31:35.759000,LAW,30,0 days 00:02:06.944000,8.0,1.0,,,0 days 00:00:29.075000,0 days 00:00:38.091000,0 days 00:00:59.778000,0 days 00:29:57.890000,0 days 00:30:35.981000,0 days 00:31:35.759000,246.0,145.0,159.0,185.0,False,MEDIUM,8.0,True,Racing Bulls,0 days 00:29:28.815000,,6,,False,,False,False
0 days 00:33:26.907000,LAW,30,0 days 00:01:51.148000,9.0,1.0,,,0 days 00:00:31.204000,0 days 00:00:32.786000,0 days 00:00:47.158000,0 days 00:32:06.963000,0 days 00:32:39.749000,0 days 00:33:26.907000,243.0,247.0,278.0,253.0,False,MEDIUM,9.0,True,Racing Bulls,0 days 00:31:35.759000,,671,,False,,False,False
0 days 00:35:02.563000,LAW,30,0 days 00:01:35.656000,10.0,1.0,,,0 days 00:00:25.059000,0 days 00:00:28.878000,0 days 00:00:41.719000,0 days 00:33:51.966000,0 days 00:34:20.844000,0 days 00:35:02.563000,298.0,290.0,259.0,303.0,True,MEDIUM,10.0,True,Racing Bulls,0 days 00:33:26.907000,,1,,False,,False,True
0 days 00:37:05.771000,LAW,30,0 days 00:02:03.208000,11.0,1.0,,0 days 00:37:03.943000,0 days 00:00:28.028000,0 days 00:00:33.518000,0 days 00:01:01.662000,0 days 00:35:30.591000,0 days 00:36:04.109000,0 days 00:37:05.771000,238.0,249.0,,106.0,False,MEDIUM,11.0,True,Racing Bulls,0 days 00:35:02.563000,,1,,False,,False,False
0 days 00:44:18.473000,LAW,30,,12.0,2.0,0 days 00:42:38.777000,,,0 days 00:00:30.896000,0 days 00:00:43.221000,,0 days 00:43:35.419000,0 days 00:44:18.581000,276.0,266.0,274.0,307.0,False,MEDIUM,12.0,False,Racing Bulls,0 days 00:37:05.771000,,1,,False,,False,False
0 days 00:45:57.905000,LAW,30,0 days 00:01:39.432000,13.0,2.0,,,0 days 00:00:26.064000,0 days 00:00:30.261000,0 days 00:00:43.107000,0 days 00:44:44.537000,0 days 00:45:14.798000,0 days 00:45:57.905000,275.0,265.0,275.0,310.0,False,MEDIUM,13.0,False,Racing Bulls,0 days 00:44:18.473000,,1,,False,,False,True
0 days 00:47:36.912000,LAW,30,0 days 00:01:39.007000,14.0,2.0,,,0 days 00:00:25.897000,0 days 00:00:30.114000,0 days 00:00:42.996000,0 days 00:46:23.802000,0 days 00:46:53.916000,0 days 00:47:36.912000,274.0,256.0,277.0,309.0,False,MEDIUM,14.0,False,Racing Bulls,0 days 00:45:57.905000,,1,,False,,False,True
0 days 00:49:17.445000,LAW,30,0 days 00:01:40.533000,15.0,2.0,,,0 days 00:00:26.502000,0 days 00:00:30.933000,0 days 00:00:43.098000,0 days 00:48:03.414000,0 days 00:48:34.347000,0 days 00:49:17.445000,284.0,267.0,274.0,315.0,False,MEDIUM,15.0,False,Racing Bulls,0 days 00:47:36.912000,,1,,False,,False,True
0 days 00:50:56.788000,LAW,30,0 days 00:01:39.343000,16.0,2.0,,,0 days 00:00:25.936000,0 days 00:00:30.397000,0 days 00:00:43.010000,0 days 00:49:43.381000,0 days 00:50:13.778000,0 days 00:50:56.788000,277.0,256.0,276.0,310.0,False,MEDIUM,16.0,False,Racing Bulls,0 days 00:49:17.445000,,1,,False,,False,True
0 days 00:52:36.073000,LAW,30,0 days 00:01:39.285000,17.0,2.0,,,0 days 00:00:26.045000,0 days 00:00:30.341000,0 days 00:00:42.899000,0 days 00:51:22.833000,0 days 00:51:53.174000,0 days 00:52:36.073000,278.0,262.0,276.0,325.0,False,MEDIUM,17.0,False,Racing Bulls,0 days 00:50:56.788000,,1,,False,,False,True
0 days 00:54:15.389000,LAW,30,0 days 00:01:39.316000,18.0,2.0,,,0 days 00:00:26.031000,0 days 00:00:30.427000,0 days 00:00:42.858000,0 days 00:53:02.104000,0 days 00:53:32.531000,0 days 00:54:15.389000,277.0,261.0,271.0,330.0,False,MEDIUM,18.0,False,Racing Bulls,0 days 00:52:36.073000,,1,,False,,False,True
0 days 00:55:54.991000,LAW,30,0 days 00:01:39.602000,19.0,2.0,,,0 days 00:00:26.259000,0 days 00:00:30.402000,0 days 00:00:42.941000,0 days 00:54:41.648000,0 days 00:55:12.050000,0 days 00:55:54.991000,272.0,262.0,272.0,325.0,False,MEDIUM,19.0,False,Racing Bulls,0 days 00:54:15.389000,,1,,False,,False,True
0 days 00:57:39.959000,LAW,30,0 days 00:01:44.968000,20.0,2.0,,0 days 00:57:38.064000,0 days 00:00:26.199000,0 days 00:00:30.533000,0 days 00:00:48.236000,0 days 00:56:21.190000,0 days 00:56:51.723000,0 days 00:57:39.959000,276.0,264.0,,311.0,False,MEDIUM,20.0,False,Racing Bulls,0 days 00:55:54.991000,,1,,False,,False,False
0 days 01:04:23.826000,LAW,30,,21.0,3.0,0 days 01:02:30.520000,,,0 days 00:00:32.603000,0 days 00:00:51.609000,,0 days 01:03:32.397000,0 days 01:04:23.929000,247.0,252.0,275.0,250.0,False,SOFT,1.0,True,Racing Bulls,0 days 00:57:39.959000,,12,,False,,False,False
0 days 01:05:59.112000,LAW,30,0 days 00:01:35.286000,22.0,3.0,,,0 days 00:00:25.038000,0 days 00:00:29.104000,0 days 00:00:41.144000,0 days 01:04:48.864000,0 days 01:05:17.968000,0 days 01:05:59.112000,296.0,291.0,266.0,316.0,True,SOFT,2.0,True,Racing Bulls,0 days 01:04:23.826000,,1,,False,,False,True
0 days 01:07:49.461000,LAW,30,0 days 00:01:50.349000,23.0,3.0,,,0 days 00:00:28.307000,0 days 00:00:33.684000,0 days 00:00:48.358000,0 days 01:06:27.419000,0 days 01:07:01.103000,0 days 01:07:49.461000,239.0,248.0,280.0,275.0,False,SOFT,3.0,True,Racing Bulls,0 days 01:05:59.112000,,1,,False,,False,True
0 days 01:09:24.234000,LAW,30,0 days 00:01:34.773000,24.0,3.0,,,0 days 00:00:24.721000,0 days 00:00:28.964000,0 days 00:00:41.088000,0 days 01:08:14.182000,0 days 01:08:43.146000,0 days 01:09:24.234000,300.0,288.0,262.0,317.0,True,SOFT,4.0,True,Racing Bulls,0 days 01:07:49.461000,,1,,False,,False,True
0 days 01:11:20.148000,LAW,30,0 days 00:01:55.914000,25.0,3.0,,0 days 01:11:18.349000,0 days 00:00:28.202000,0 days 00:00:33.749000,0 days 00:00:53.963000,0 days 01:09:52.436000,0 days 01:10:26.185000,0 days 01:11:20.148000,237.0,199.0,,270.0,False,SOFT,5.0,True,Racing Bulls,0 days 01:09:24.234000,,1,,False,,False,False
0 days 01:14:24.071000,LAW,30,,26.0,4.0,0 days 01:12:35.177000,,,0 days 00:00:32.726000,0 days 00:00:48.861000,,0 days 01:13:35.348000,0 days 01:14:24.114000,253.0,241.0,241.0,173.0,False,MEDIUM,21.0,False,Racing Bulls,0 days 01:11:20.148000,,1,,False,,False,False
0 days 01:16:19.631000,LAW,30,0 days 00:01:55.560000,27.0,4.0,,,0 days 00:00:29.051000,0 days 00:00:32.193000,0 days 00:00:54.316000,0 days 01:14:53.122000,0 days 01:15:25.315000,0 days 01:16:19.631000,249.0,236.0,71.0,256.0,False,MEDIUM,22.0,False,Racing Bulls,0 days 01:14:24.071000,,1,,False,,False,True
0 days 01:19:11.081000,LAW,30,,28.0,4.0,,,0 days 00:01:16.850000,0 days 00:00:34.296000,0 days 00:01:00.273000,0 days 01:17:36.581000,0 days 01:18:10.914000,0 days 01:19:11.081000,256.0,249.0,56.0,216.0,False,MEDIUM,23.0,False,Racing Bulls,0 days 01:16:19.631000,,1,,False,,False,False
0 days 01:21:47.584000,LAW,30,,29.0,4.0,,0 days 01:21:45.672000,0 days 00:01:11.617000,0 days 00:00:32.336000,0 days 00:00:52.604000,0 days 01:20:22.965000,0 days 01:20:55.130000,0 days 01:21:47.584000,255.0,235.0,,291.0,False,MEDIUM,24.0,False,Racing Bulls,0 days 01:19:11.081000,,1,,False,,False,False
0 days 00:16:08.022000,OCO,31,,1.0,1.0,0 days 00:14:10.114000,,,0 days 00:00:35.679000,0 days 00:00:49.456000,,0 days 00:15:18.720000,0 days 00:16:08.121000,185.0,216.0,251.0,251.0,False,MEDIUM,1.0,True,Haas F1 Team,0 days 00:14:10.114000,,1,,False,,False,False
0 days 00:18:05.487000,OCO,31,0 days 00:01:57.465000,2.0,1.0,,,0 days 00:00:28.581000,0 days 00:00:33.480000,0 days 00:00:55.404000,0 days 00:16:36.603000,0 days 00:17:10.083000,0 days 00:18:05.487000,276.0,241.0,270.0,286.0,True,MEDIUM,2.0,True,Haas F1 Team,0 days 00:16:08.022000,,12,,False,,False,True
0 days 00:19:44.213000,OCO,31,0 days 00:01:38.726000,3.0,1.0,,,0 days 00:00:26.008000,0 days 00:00:29.424000,0 days 00:00:43.294000,0 days 00:18:31.495000,0 days 00:19:00.919000,0 days 00:19:44.213000,271.0,267.0,249.0,299.0,True,MEDIUM,3.0,True,Haas F1 Team,0 days 00:18:05.487000,,1,,False,,False,True
0 days 00:21:51.341000,OCO,31,0 days 00:02:07.128000,4.0,1.0,,0 days 00:21:49.513000,0 days 00:00:30.891000,0 days 00:00:37.714000,0 days 00:00:58.523000,0 days 00:20:15.104000,0 days 00:20:52.818000,0 days 00:21:51.341000,193.0,258.0,,275.0,False,MEDIUM,4.0,True,Haas F1 Team,0 days 00:19:44.213000,,1,,False,,False,False
0 days 00:29:49.398000,OCO,31,,5.0,2.0,0 days 00:27:28.928000,0 days 00:29:47.601000,,0 days 00:00:41.870000,0 days 00:01:09.658000,,0 days 00:28:39.978000,0 days 00:29:49.398000,266.0,207.0,,219.0,False,MEDIUM,5.0,False,Haas F1 Team,0 days 00:21:51.341000,,1672,,False,,False,False
0 days 00:34:03.739000,OCO,31,,6.0,3.0,0 days 00:32:11.002000,,,0 days 00:00:31.104000,0 days 00:00:54.849000,,0 days 00:33:09.027000,0 days 00:34:03.863000,266.0,258.0,270.0,266.0,False,MEDIUM,6.0,False,Haas F1 Team,0 days 00:29:49.398000,,671,,False,,False,False
0 days 00:35:40.281000,OCO,31,0 days 00:01:36.542000,7.0,3.0,,,0 days 00:00:25.477000,0 days 00:00:28.970000,0 days 00:00:42.095000,0 days 00:34:29.216000,0 days 00:34:58.186000,0 days 00:35:40.281000,268.0,272.0,253.0,297.0,True,MEDIUM,7.0,False,Haas F1 Team,0 days 00:34:03.739000,,1,,False,,False,True
0 days 00:37:38.494000,OCO,31,0 days 00:01:58.213000,8.0,3.0,,,0 days 00:00:30.169000,0 days 00:00:36.509000,0 days 00:00:51.535000,0 days 00:36:10.450000,0 days 00:36:46.959000,0 days 00:37:38.494000,195.0,267.0,270.0,278.0,False,MEDIUM,8.0,False,Haas F1 Team,0 days 00:35:40.281000,,1,,False,,False,True
0 days 00:39:14.275000,OCO,31,0 days 00:01:35.781000,9.0,3.0,,,0 days 00:00:25.099000,0 days 00:00:28.704000,0 days 00:00:41.978000,0 days 00:38:03.593000,0 days 00:38:32.297000,0 days 00:39:14.275000,266.0,274.0,251.0,299.0,True,MEDIUM,9.0,False,Haas F1 Team,0 days 00:37:38.494000,,1,,False,,False,True
0 days 00:41:14.177000,OCO,31,0 days 00:01:59.902000,10.0,3.0,,0 days 00:41:12.309000,0 days 00:00:27.447000,0 days 00:00:30.485000,0 days 00:01:01.970000,0 days 00:39:41.722000,0 days 00:40:12.207000,0 days 00:41:14.177000,250.0,272.0,,280.0,False,MEDIUM,10.0,False,Haas F1 Team,0 days 00:39:14.275000,,1,,False,,False,False
0 days 00:46:12.041000,OCO,31,,11.0,4.0,0 days 00:44:29.691000,,,0 days 00:00:30.164000,0 days 00:00:43.098000,,0 days 00:45:29.128000,0 days 00:46:12.125000,271.0,265.0,272.0,305.0,False,MEDIUM,11.0,False,Haas F1 Team,0 days 00:41:14.177000,,1,,False,,False,False
0 days 00:47:49.542000,OCO,31,0 days 00:01:37.501000,12.0,4.0,,,0 days 00:00:25.563000,0 days 00:00:29.375000,0 days 00:00:42.563000,0 days 00:46:37.604000,0 days 00:47:06.979000,0 days 00:47:49.542000,267.0,259.0,266.0,298.0,False,MEDIUM,12.0,False,Haas F1 Team,0 days 00:46:12.041000,,1,,False,,False,True
0 days 00:49:27.113000,OCO,31,0 days 00:01:37.571000,13.0,4.0,,,0 days 00:00:25.882000,0 days 00:00:29.356000,0 days 00:00:42.333000,0 days 00:48:15.424000,0 days 00:48:44.780000,0 days 00:49:27.113000,266.0,262.0,270.0,300.0,False,MEDIUM,13.0,False,Haas F1 Team,0 days 00:47:49.542000,,1,,False,,False,True
0 days 00:51:04.988000,OCO,31,0 days 00:01:37.875000,14.0,4.0,,,0 days 00:00:25.693000,0 days 00:00:29.541000,0 days 00:00:42.641000,0 days 00:49:52.806000,0 days 00:50:22.347000,0 days 00:51:04.988000,272.0,261.0,268.0,300.0,False,MEDIUM,14.0,False,Haas F1 Team,0 days 00:49:27.113000,,1,,False,,False,True
0 days 00:52:43.366000,OCO,31,0 days 00:01:38.378000,15.0,4.0,,,0 days 00:00:25.962000,0 days 00:00:29.884000,0 days 00:00:42.532000,0 days 00:51:30.950000,0 days 00:52:00.834000,0 days 00:52:43.366000,273.0,259.0,273.0,305.0,False,MEDIUM,15.0,False,Haas F1 Team,0 days 00:51:04.988000,,1,,False,,False,True
0 days 00:54:57.565000,OCO,31,0 days 00:02:14.199000,16.0,4.0,,0 days 00:54:55.750000,0 days 00:00:28.113000,0 days 00:00:40.428000,0 days 00:01:05.658000,0 days 00:53:11.479000,0 days 00:53:51.907000,0 days 00:54:57.565000,226.0,136.0,,238.0,False,MEDIUM,16.0,False,Haas F1 Team,0 days 00:52:43.366000,,1,,False,,False,False
0 days 01:05:43.486000,OCO,31,,17.0,5.0,0 days 01:03:55.507000,,,0 days 00:00:33.486000,0 days 00:00:47.741000,,0 days 01:04:55.878000,0 days 01:05:43.674000,223.0,275.0,275.0,255.0,False,SOFT,1.0,True,Haas F1 Team,0 days 00:54:57.565000,,12,,False,,False,False
0 days 01:07:18.363000,OCO,31,0 days 00:01:34.877000,18.0,5.0,,,0 days 00:00:24.895000,0 days 00:00:28.435000,0 days 00:00:41.547000,0 days 01:06:08.381000,0 days 01:06:36.816000,0 days 01:07:18.363000,273.0,273.0,262.0,301.0,True,SOFT,2.0,True,Haas F1 Team,0 days 01:05:43.486000,,1,,False,,False,True
0 days 01:09:35.793000,OCO,31,0 days 00:02:17.430000,19.0,5.0,,0 days 01:09:34.094000,0 days 00:00:31.877000,0 days 00:00:43.833000,0 days 00:01:01.720000,0 days 01:07:50.240000,0 days 01:08:34.073000,0 days 01:09:35.793000,156.0,184.0,,165.0,False,SOFT,3.0,True,Haas F1 Team,0 days 01:07:18.363000,,1,,False,,False,False
0 days 01:11:57.376000,OCO,31,0 days 00:02:21.583000,20.0,6.0,0 days 01:09:53.461000,,0 days 00:00:48.603000,0 days 00:00:39.245000,0 days 00:00:53.735000,0 days 01:10:24.396000,0 days 01:11:03.641000,0 days 01:11:57.376000,200.0,170.0,272.0,277.0,False,SOFT,4.0,False,Haas F1 Team,0 days 01:09:35.793000,,1,,False,,False,False
0 days 01:13:32.625000,OCO,31,0 days 00:01:35.249000,21.0,6.0,,,0 days 00:00:25.220000,0 days 00:00:28.638000,0 days 00:00:41.391000,0 days 01:12:22.596000,0 days 01:12:51.234000,0 days 01:13:32.625000,270.0,273.0,261.0,301.0,False,SOFT,5.0,False,Haas F1 Team,0 days 01:11:57.376000,,1,,False,,False,True
0 days 01:15:31.098000,OCO,31,0 days 00:01:58.473000,22.0,6.0,,,0 days 00:00:31.670000,0 days 00:00:36.429000,0 days 00:00:50.374000,0 days 01:14:04.295000,0 days 01:14:40.724000,0 days 01:15:31.098000,176.0,190.0,222.0,246.0,False,SOFT,6.0,False,Haas F1 Team,0 days 01:13:32.625000,,1,,False,,False,True
0 days 01:17:35.616000,OCO,31,0 days 00:02:04.518000,23.0,6.0,,,0 days 00:00:29.315000,0 days 00:00:33.524000,0 days 00:01:01.679000,0 days 01:16:00.413000,0 days 01:16:33.937000,0 days 01:17:35.616000,226.0,252.0,55.0,200.0,False,SOFT,7.0,False,Haas F1 Team,0 days 01:15:31.098000,,1,,False,,False,True
0 days 01:20:22.567000,OCO,31,,24.0,6.0,,,0 days 00:01:14.195000,0 days 00:00:31.433000,0 days 00:01:01.303000,0 days 01:18:50.015000,0 days 01:19:21.450000,0 days 01:20:22.700000,262.0,247.0,64.0,252.0,False,SOFT,8.0,False,Haas F1 Team,0 days 01:17:35.616000,,1,,False,,False,False
0 days 01:22:40.311000,OCO,31,0 days 00:02:17.744000,25.0,6.0,,0 days 01:22:38.592000,0 days 00:00:58.116000,0 days 00:00:30.016000,0 days 00:00:49.612000,0 days 01:21:20.683000,0 days 01:21:50.699000,0 days 01:22:40.311000,268.0,261.0,,299.0,False,SOFT,9.0,False,Haas F1 Team,0 days 01:20:22.567000,,1,,False,,False,False
0 days 00:17:49.611000,LIN,41,,1.0,1.0,0 days 00:15:40.812000,,,0 days 00:00:35.135000,0 days 00:00:54.090000,,0 days 00:16:55.699000,0 days 00:17:49.743000,232.0,236.0,271.0,219.0,False,MEDIUM,1.0,True,Racing Bulls,0 days 00:15:40.812000,,12,,False,,False,False
0 days 00:19:33.221000,LIN,41,0 days 00:01:43.610000,2.0,1.0,,,0 days 00:00:26.498000,0 days 00:00:30.822000,0 days 00:00:46.290000,0 days 00:18:16.109000,0 days 00:18:46.931000,0 days 00:19:33.221000,283.0,271.0,275.0,318.0,True,MEDIUM,2.0,True,Racing Bulls,0 days 00:17:49.611000,,21,,False,,False,True
0 days 00:21:11.117000,LIN,41,0 days 00:01:37.896000,3.0,1.0,,,0 days 00:00:25.753000,0 days 00:00:29.525000,0 days 00:00:42.618000,0 days 00:19:58.974000,0 days 00:20:28.499000,0 days 00:21:11.117000,280.0,273.0,276.0,317.0,True,MEDIUM,3.0,True,Racing Bulls,0 days 00:19:33.221000,,1,,False,,False,True
0 days 00:23:04.521000,LIN,41,0 days 00:01:53.404000,4.0,1.0,,,0 days 00:00:25.633000,0 days 00:00:32.099000,0 days 00:00:55.672000,0 days 00:21:36.750000,0 days 00:22:08.849000,0 days 00:23:04.521000,279.0,185.0,274.0,265.0,False,MEDIUM,4.0,True,Racing Bulls,0 days 00:21:11.117000,,1,,False,,False,True
0 days 00:25:24.736000,LIN,41,0 days 00:02:20.215000,5.0,1.0,,,0 days 00:00:25.133000,0 days 00:00:43.319000,0 days 00:01:11.763000,0 days 00:23:29.654000,0 days 00:24:12.973000,0 days 00:25:24.736000,294.0,226.0,272.0,243.0,False,MEDIUM,5.0,True,Racing Bulls,0 days 00:23:04.521000,,167,,False,,False,False
0 days 01:23:33.811000,LIN,41,,6.0,1.0,,0 days 01:23:33.811000,0 days 00:00:25.183000,0 days 00:00:29.157000,,0 days 00:25:50.197000,0 days 00:26:19.334000,,292.0,282.0,,122.0,False,MEDIUM,6.0,True,Racing Bulls,0 days 00:25:24.736000,,1267,,False,,False,False
0 days 00:16:50.341000,COL,43,,1.0,1.0,0 days 00:14:35.106000,,,0 days 00:00:53.018000,0 days 00:00:49.693000,,0 days 00:16:00.828000,0 days 00:16:50.550000,228.0,240.0,246.0,263.0,False,MEDIUM,1.0,True,Alpine,0 days 00:14:35.106000,,1,,False,,False,False
0 days 00:18:41.518000,COL,43,0 days 00:01:51.177000,2.0,1.0,,,0 days 00:00:28.394000,0 days 00:00:33.075000,0 days 00:00:49.708000,0 days 00:17:18.735000,0 days 00:17:51.810000,0 days 00:18:41.518000,250.0,248.0,273.0,258.0,True,MEDIUM,2.0,True,Alpine,0 days 00:16:50.341000,,12,,False,,False,True
0 days 00:20:19.889000,COL,43,0 days 00:01:38.371000,3.0,1.0,,,0 days 00:00:25.749000,0 days 00:00:29.883000,0 days 00:00:42.739000,0 days 00:19:07.267000,0 days 00:19:37.150000,0 days 00:20:19.889000,280.0,269.0,243.0,313.0,True,MEDIUM,3.0,True,Alpine,0 days 00:18:41.518000,,1,,False,,False,True
0 days 00:22:40.072000,COL,43,0 days 00:02:20.183000,4.0,1.0,,,0 days 00:00:36.371000,0 days 00:00:48.509000,0 days 00:00:55.303000,0 days 00:20:56.260000,0 days 00:21:44.769000,0 days 00:22:40.072000,164.0,188.0,271.0,255.0,False,MEDIUM,4.0,True,Alpine,0 days 00:20:19.889000,,1,,False,,False,True
0 days 00:24:52.599000,COL,43,0 days 00:02:12.527000,5.0,1.0,,,0 days 00:00:25.598000,0 days 00:00:31.168000,0 days 00:01:15.761000,0 days 00:23:05.670000,0 days 00:23:36.838000,0 days 00:24:52.599000,277.0,106.0,271.0,127.0,False,MEDIUM,5.0,True,Alpine,0 days 00:22:40.072000,,167,,False,,False,False
0 days 00:26:29.366000,COL,43,0 days 00:01:36.767000,6.0,1.0,,,0 days 00:00:25.420000,0 days 00:00:29.297000,0 days 00:00:42.050000,0 days 00:25:18.019000,0 days 00:25:47.316000,0 days 00:26:29.366000,278.0,267.0,248.0,308.0,True,MEDIUM,6.0,True,Alpine,0 days 00:24:52.599000,,1,,False,,False,True
0 days 00:29:18.296000,COL,43,,7.0,1.0,,,0 days 00:00:35.820000,0 days 00:00:42.118000,0 days 00:01:30.926000,0 days 00:27:05.438000,0 days 00:27:47.600000,0 days 00:29:18.442000,149.0,247.0,219.0,90.0,False,MEDIUM,7.0,True,Alpine,0 days 00:26:29.366000,,126,,False,,False,False
0 days 00:31:16.384000,COL,43,0 days 00:01:58.088000,8.0,1.0,,,0 days 00:00:29.795000,0 days 00:00:33.308000,0 days 00:00:54.985000,0 days 00:29:48.091000,0 days 00:30:21.399000,0 days 00:31:16.384000,256.0,249.0,250.0,256.0,False,MEDIUM,8.0,True,Alpine,0 days 00:29:18.296000,,6,,False,,False,False
0 days 00:33:03.322000,COL,43,0 days 00:01:46.938000,9.0,1.0,,,0 days 00:00:27.006000,0 days 00:00:30.090000,0 days 00:00:49.842000,0 days 00:31:43.390000,0 days 00:32:13.480000,0 days 00:33:03.322000,275.0,274.0,251.0,252.0,False,MEDIUM,9.0,True,Alpine,0 days 00:31:16.384000,,671,,False,,False,False
0 days 00:34:39.498000,COL,43,0 days 00:01:36.176000,10.0,1.0,,,0 days 00:00:25.556000,0 days 00:00:29.110000,0 days 00:00:41.510000,0 days 00:33:28.878000,0 days 00:33:57.988000,0 days 00:34:39.498000,279.0,270.0,251.0,311.0,True,MEDIUM,10.0,True,Alpine,0 days 00:33:03.322000,,1,,False,,False,True
0 days 00:36:31.793000,COL,43,0 days 00:01:52.295000,11.0,1.0,,0 days 00:36:29.934000,0 days 00:00:28.994000,0 days 00:00:33.029000,0 days 00:00:50.272000,0 days 00:35:08.492000,0 days 00:35:41.521000,0 days 00:36:31.793000,239.0,254.0,,285.0,False,MEDIUM,11.0,True,Alpine,0 days 00:34:39.498000,,1,,False,,False,False
0 days 00:47:33.208000,COL,43,,12.0,2.0,0 days 00:45:36.597000,,,0 days 00:00:33.157000,0 days 00:00:46.941000,,0 days 00:46:46.451000,0 days 00:47:33.226000,251.0,248.0,270.0,296.0,False,MEDIUM,12.0,False,Alpine,0 days 00:36:31.793000,,1,,False,,False,False
0 days 00:49:12.202000,COL,43,0 days 00:01:38.994000,13.0,2.0,,,0 days 00:00:26.404000,0 days 00:00:30.039000,0 days 00:00:42.551000,0 days 00:47:59.612000,0 days 00:48:29.651000,0 days 00:49:12.202000,275.0,260.0,267.0,314.0,False,MEDIUM,13.0,False,Alpine,0 days 00:47:33.208000,,1,,False,,False,True
0 days 00:50:50.880000,COL,43,0 days 00:01:38.678000,14.0,2.0,,,0 days 00:00:26.227000,0 days 00:00:30.166000,0 days 00:00:42.285000,0 days 00:49:38.429000,0 days 00:50:08.595000,0 days 00:50:50.880000,271.0,254.0,268.0,310.0,False,MEDIUM,14.0,False,Alpine,0 days 00:49:12.202000,,1,,False,,False,True
0 days 00:52:29.978000,COL,43,0 days 00:01:39.098000,15.0,2.0,,,0 days 00:00:26.136000,0 days 00:00:30.113000,0 days 00:00:42.849000,0 days 00:51:17.016000,0 days 00:51:47.129000,0 days 00:52:29.978000,274.0,260.0,268.0,303.0,False,MEDIUM,15.0,False,Alpine,0 days 00:50:50.880000,,1,,False,,False,True
0 days 00:54:08.347000,COL,43,0 days 00:01:38.369000,16.0,2.0,,,0 days 00:00:26.054000,0 days 00:00:29.872000,0 days 00:00:42.443000,0 days 00:52:56.032000,0 days 00:53:25.904000,0 days 00:54:08.347000,272.0,254.0,266.0,303.0,False,MEDIUM,16.0,False,Alpine,0 days 00:52:29.978000,,1,,False,,False,True
0 days 00:55:46.854000,COL,43,0 days 00:01:38.507000,17.0,2.0,,,0 days 00:00:26.132000,0 days 00:00:29.852000,0 days 00:00:42.523000,0 days 00:54:34.479000,0 days 00:55:04.331000,0 days 00:55:46.854000,274.0,259.0,270.0,311.0,False,MEDIUM,17.0,False,Alpine,0 days 00:54:08.347000,,1,,False,,False,True
0 days 00:57:25.405000,COL,43,0 days 00:01:38.551000,18.0,2.0,,,0 days 00:00:26.184000,0 days 00:00:29.840000,0 days 00:00:42.527000,0 days 00:56:13.038000,0 days 00:56:42.878000,0 days 00:57:25.405000,275.0,259.0,270.0,313.0,False,MEDIUM,18.0,False,Alpine,0 days 00:55:46.854000,,1,,False,,False,True
0 days 00:59:12.704000,COL,43,0 days 00:01:47.299000,19.0,2.0,,0 days 00:59:09.828000,0 days 00:00:26.437000,0 days 00:00:30.427000,0 days 00:00:50.435000,0 days 00:57:51.842000,0 days 00:58:22.269000,0 days 00:59:12.704000,271.0,262.0,,312.0,False,MEDIUM,19.0,False,Alpine,0 days 00:57:25.405000,,1,,False,,False,False
0 days 01:09:18.336000,COL,43,,20.0,3.0,0 days 01:07:22.816000,,,0 days 00:00:34.598000,0 days 00:00:48.778000,,0 days 01:08:29.833000,0 days 01:09:18.548000,236.0,170.0,273.0,249.0,False,SOFT,1.0,True,Alpine,0 days 00:59:12.704000,,12,,False,,False,False
0 days 01:10:53.603000,COL,43,0 days 00:01:35.267000,21.0,3.0,,,0 days 00:00:25.161000,0 days 00:00:28.782000,0 days 00:00:41.324000,0 days 01:09:43.497000,0 days 01:10:12.279000,0 days 01:10:53.603000,284.0,273.0,258.0,313.0,True,SOFT,2.0,True,Alpine,0 days 01:09:18.336000,,1,,False,,False,True
0 days 01:13:21.167000,COL,43,0 days 00:02:27.564000,22.0,3.0,,,0 days 00:00:42.744000,0 days 00:00:50.835000,0 days 00:00:53.985000,0 days 01:11:36.347000,0 days 01:12:27.182000,0 days 01:13:21.167000,107.0,221.0,268.0,272.0,False,SOFT,3.0,True,Alpine,0 days 01:10:53.603000,,1,,False,,False,True
0 days 01:14:56.114000,COL,43,0 days 00:01:34.947000,23.0,3.0,,,0 days 00:00:25.088000,0 days 00:00:28.757000,0 days 00:00:41.102000,0 days 01:13:46.255000,0 days 01:14:15.012000,0 days 01:14:56.114000,282.0,275.0,260.0,316.0,True,SOFT,4.0,True,Alpine,0 days 01:13:21.167000,,1,,False,,False,True
0 days 01:17:12.685000,COL,43,0 days 00:02:16.571000,24.0,3.0,,,0 days 00:00:29.975000,0 days 00:00:38.075000,0 days 00:01:08.521000,0 days 01:15:26.089000,0 days 01:16:04.164000,0 days 01:17:12.685000,182.0,170.0,69.0,199.0,False,SOFT,5.0,True,Alpine,0 days 01:14:56.114000,,1,,False,,False,True
0 days 01:19:50.235000,COL,43,,25.0,3.0,,,0 days 00:01:08.734000,0 days 00:00:32.983000,0 days 00:00:55.732000,0 days 01:18:21.641000,0 days 01:18:54.647000,0 days 01:19:50.270000,282.0,268.0,70.0,191.0,False,SOFT,6.0,True,Alpine,0 days 01:17:12.685000,,1,,False,,False,False
0 days 01:22:06.014000,COL,43,0 days 00:02:15.779000,26.0,3.0,,0 days 01:22:04.107000,0 days 00:00:58.052000,0 days 00:00:30.131000,0 days 00:00:47.596000,0 days 01:20:48.287000,0 days 01:21:18.418000,0 days 01:22:06.014000,281.0,281.0,,314.0,False,SOFT,7.0,True,Alpine,0 days 01:19:50.235000,,1,,False,,False,False
0 days 00:17:05.464000,HAM,44,,1.0,1.0,0 days 00:14:50.640000,,,0 days 00:00:34.146000,0 days 00:01:01.643000,,0 days 00:16:04.062000,0 days 00:17:05.612000,260.0,258.0,252.0,168.0,False,MEDIUM,1.0,True,Ferrari,0 days 00:14:50.640000,,1,,False,,False,False
0 days 00:19:22.436000,HAM,44,0 days 00:02:16.972000,2.0,1.0,,,0 days 00:00:25.861000,0 days 00:00:54.795000,0 days 00:00:56.316000,0 days 00:17:31.325000,0 days 00:18:26.120000,0 days 00:19:22.436000,283.0,226.0,267.0,234.0,False,MEDIUM,2.0,True,Ferrari,0 days 00:17:05.464000,,12,,True,TRACK LIMITS AT TURN 6 LAP 3 ,False,True
0 days 00:21:00.971000,HAM,44,0 days 00:01:38.535000,3.0,1.0,,,0 days 00:00:26.279000,0 days 00:00:29.748000,0 days 00:00:42.508000,0 days 00:19:48.715000,0 days 00:20:18.463000,0 days 00:21:00.971000,271.0,265.0,249.0,309.0,True,MEDIUM,3.0,True,Ferrari,0 days 00:19:22.436000,,1,,False,,False,True
0 days 00:23:09.751000,HAM,44,0 days 00:02:08.780000,4.0,1.0,,,0 days 00:00:33.054000,0 days 00:00:39.811000,0 days 00:00:55.915000,0 days 00:21:34.025000,0 days 00:22:13.836000,0 days 00:23:09.751000,185.0,201.0,260.0,254.0,False,MEDIUM,4.0,True,Ferrari,0 days 00:21:00.971000,,1,,False,,False,True
0 days 00:25:29.717000,HAM,44,0 days 00:02:19.966000,5.0,1.0,,,0 days 00:00:27.493000,0 days 00:00:49.135000,0 days 00:01:03.338000,0 days 00:23:37.244000,0 days 00:24:26.379000,0 days 00:25:29.717000,114.0,122.0,268.0,198.0,False,MEDIUM,5.0,True,Ferrari,0 days 00:23:09.751000,,167,,False,,False,False
0 days 00:27:05.825000,HAM,44,0 days 00:01:36.108000,6.0,1.0,,,0 days 00:00:25.343000,0 days 00:00:28.920000,0 days 00:00:41.845000,0 days 00:25:55.060000,0 days 00:26:23.980000,0 days 00:27:05.825000,272.0,271.0,255.0,316.0,True,MEDIUM,6.0,True,Ferrari,0 days 00:25:29.717000,,1,,False,,False,True
0 days 00:29:35.093000,HAM,44,0 days 00:02:29.268000,7.0,1.0,,0 days 00:29:33.464000,0 days 00:00:32.061000,0 days 00:00:43.110000,0 days 00:01:14.097000,0 days 00:27:37.886000,0 days 00:28:20.996000,0 days 00:29:35.093000,198.0,170.0,,137.0,False,MEDIUM,7.0,True,Ferrari,0 days 00:27:05.825000,,126,,False,,False,False
0 days 00:40:21.649000,HAM,44,,8.0,2.0,0 days 00:38:34.053000,,,0 days 00:00:32.417000,0 days 00:00:48.720000,,0 days 00:39:33.089000,0 days 00:40:21.737000,258.0,260.0,270.0,271.0,False,SOFT,1.0,True,Ferrari,0 days 00:29:35.093000,,671,,False,,False,False
0 days 00:41:56.634000,HAM,44,0 days 00:01:34.985000,9.0,2.0,,,0 days 00:00:25.106000,0 days 00:00:28.519000,0 days 00:00:41.360000,0 days 00:40:46.755000,0 days 00:41:15.274000,0 days 00:41:56.634000,269.0,273.0,257.0,310.0,True,SOFT,2.0,True,Ferrari,0 days 00:40:21.649000,,1,,False,,False,True
0 days 00:44:30.593000,HAM,44,,10.0,2.0,,,0 days 00:00:42.455000,0 days 00:00:54.834000,0 days 00:00:56.628000,0 days 00:42:39.402000,0 days 00:43:34.104000,0 days 00:44:30.660000,145.0,167.0,272.0,256.0,False,SOFT,3.0,True,Ferrari,0 days 00:41:56.634000,,1,,False,,False,False
0 days 00:46:05.210000,HAM,44,0 days 00:01:34.617000,11.0,2.0,,,0 days 00:00:24.917000,0 days 00:00:28.499000,0 days 00:00:41.201000,0 days 00:44:55.510000,0 days 00:45:24.009000,0 days 00:46:05.210000,276.0,269.0,258.0,314.0,True,SOFT,4.0,True,Ferrari,0 days 00:44:30.593000,,1,,False,,False,True
0 days 00:48:34.770000,HAM,44,0 days 00:02:29.560000,12.0,2.0,,,0 days 00:00:47.175000,0 days 00:00:53.535000,0 days 00:00:48.850000,0 days 00:46:52.385000,0 days 00:47:45.920000,0 days 00:48:34.770000,113.0,256.0,275.0,261.0,False,SOFT,5.0,True,Ferrari,0 days 00:46:05.210000,,1,,False,,False,True
0 days 00:50:09.147000,HAM,44,0 days 00:01:34.377000,13.0,2.0,,,0 days 00:00:24.841000,0 days 00:00:28.335000,0 days 00:00:41.201000,0 days 00:48:59.611000,0 days 00:49:27.946000,0 days 00:50:09.147000,277.0,273.0,259.0,309.0,True,SOFT,6.0,True,Ferrari,0 days 00:48:34.770000,,1,,False,,False,True
0 days 00:52:54.504000,HAM,44,,14.0,2.0,,0 days 00:52:52.576000,0 days 00:00:45.326000,0 days 00:00:51.372000,0 days 00:01:08.515000,0 days 00:50:54.703000,0 days 00:51:46.077000,0 days 00:52:54.504000,118.0,234.0,,175.0,False,SOFT,7.0,True,Ferrari,0 days 00:50:09.147000,,1,,False,,False,False
0 days 00:55:27.066000,HAM,44,,15.0,3.0,0 days 00:53:38.829000,,0 days 00:01:13.102000,0 days 00:00:31.485000,0 days 00:00:48.162000,0 days 00:54:07.579000,0 days 00:54:39.105000,0 days 00:55:27.254000,237.0,242.0,239.0,240.0,False,SOFT,8.0,False,Ferrari,0 days 00:52:54.504000,,1,,False,,False,False
0 days 00:57:13.537000,HAM,44,0 days 00:01:46.471000,16.0,3.0,,,0 days 00:00:28.678000,0 days 00:00:30.525000,0 days 00:00:47.268000,0 days 00:55:55.744000,0 days 00:56:26.269000,0 days 00:57:13.537000,270.0,264.0,274.0,256.0,False,SOFT,9.0,False,Ferrari,0 days 00:55:27.066000,,1,,False,,False,True
0 days 00:58:59.977000,HAM,44,0 days 00:01:46.440000,17.0,3.0,,,0 days 00:00:24.977000,0 days 00:00:31.535000,0 days 00:00:49.928000,0 days 00:57:38.514000,0 days 00:58:10.049000,0 days 00:58:59.977000,276.0,263.0,275.0,259.0,False,SOFT,10.0,False,Ferrari,0 days 00:57:13.537000,,1,,False,,False,True
0 days 01:00:49.899000,HAM,44,0 days 00:01:49.922000,18.0,3.0,,,0 days 00:00:26.108000,0 days 00:00:34.632000,0 days 00:00:49.182000,0 days 00:59:26.085000,0 days 01:00:00.717000,0 days 01:00:49.899000,260.0,240.0,274.0,256.0,False,SOFT,11.0,False,Ferrari,0 days 00:58:59.977000,,12,,False,,False,True
0 days 01:02:24.198000,HAM,44,0 days 00:01:34.299000,19.0,3.0,,,0 days 00:00:24.915000,0 days 00:00:28.118000,0 days 00:00:41.266000,0 days 01:01:14.814000,0 days 01:01:42.932000,0 days 01:02:24.198000,274.0,273.0,259.0,302.0,True,SOFT,12.0,False,Ferrari,0 days 01:00:49.899000,,1,,False,,False,True
0 days 01:04:20.533000,HAM,44,0 days 00:01:56.335000,20.0,3.0,,,0 days 00:00:29.363000,0 days 00:00:37.161000,0 days 00:00:49.811000,0 days 01:02:53.561000,0 days 01:03:30.722000,0 days 01:04:20.533000,242.0,243.0,274.0,253.0,False,SOFT,13.0,False,Ferrari,0 days 01:02:24.198000,,1,,False,,False,True
0 days 01:05:54.662000,HAM,44,0 days 00:01:34.129000,21.0,3.0,,,0 days 00:00:24.913000,0 days 00:00:28.099000,0 days 00:00:41.117000,0 days 01:04:45.446000,0 days 01:05:13.545000,0 days 01:05:54.662000,276.0,275.0,261.0,303.0,True,SOFT,14.0,False,Ferrari,0 days 01:04:20.533000,,1,,False,,False,True
0 days 01:07:43.897000,HAM,44,0 days 00:01:49.235000,22.0,3.0,,0 days 01:07:42.150000,0 days 00:00:26.615000,0 days 00:00:32.196000,0 days 00:00:50.424000,0 days 01:06:21.277000,0 days 01:06:53.473000,0 days 01:07:43.897000,262.0,268.0,,280.0,False,SOFT,15.0,False,Ferrari,0 days 01:05:54.662000,,1,,False,,False,False
0 days 01:15:23.530000,HAM,44,,23.0,4.0,0 days 01:13:36.755000,,,0 days 00:00:31.732000,0 days 00:00:47.945000,,0 days 01:14:35.739000,0 days 01:15:23.606000,249.0,239.0,273.0,233.0,False,SOFT,16.0,False,Ferrari,0 days 01:07:43.897000,,1,,False,,False,False
0 days 01:17:26.280000,HAM,44,0 days 00:02:02.750000,24.0,4.0,,,0 days 00:00:24.940000,0 days 00:00:35.208000,0 days 00:01:02.602000,0 days 01:15:48.470000,0 days 01:16:23.678000,0 days 01:17:26.280000,270.0,225.0,60.0,180.0,False,SOFT,17.0,False,Ferrari,0 days 01:15:23.530000,,1,,False,,False,True
0 days 01:20:07.807000,HAM,44,,25.0,4.0,,,0 days 00:01:00.738000,0 days 00:00:35.805000,0 days 00:01:05.077000,0 days 01:18:27.071000,0 days 01:19:02.954000,0 days 01:20:07.915000,233.0,193.0,77.0,155.0,False,SOFT,18.0,False,Ferrari,0 days 01:17:26.280000,,1,,False,,False,False
0 days 01:22:32.858000,HAM,44,0 days 00:02:25.051000,26.0,4.0,,0 days 01:22:31.076000,0 days 00:00:52.136000,0 days 00:00:29.650000,0 days 00:01:03.265000,0 days 01:20:59.943000,0 days 01:21:29.593000,0 days 01:22:32.858000,282.0,252.0,,318.0,False,SOFT,19.0,False,Ferrari,0 days 01:20:07.807000,,1,,False,,False,False
0 days 00:17:31.756000,SAI,55,,1.0,1.0,0 days 00:15:29.250000,0 days 00:17:29.845000,,0 days 00:00:34.444000,0 days 00:00:55.201000,,0 days 00:16:36.626000,0 days 00:17:31.756000,241.0,250.0,,265.0,False,MEDIUM,1.0,True,Williams,0 days 00:15:29.250000,,1,,False,,False,False
0 days 00:52:33.464000,SAI,55,,2.0,2.0,0 days 00:50:44.375000,,,0 days 00:00:31.650000,0 days 00:00:47.114000,,0 days 00:51:46.604000,0 days 00:52:33.649000,237.0,252.0,269.0,285.0,False,MEDIUM,2.0,False,Williams,0 days 00:17:31.756000,,1267,,False,,False,False
0 days 00:54:22.249000,SAI,55,0 days 00:01:48.785000,3.0,2.0,,,0 days 00:00:26.043000,0 days 00:00:30.518000,0 days 00:00:52.224000,0 days 00:52:59.507000,0 days 00:53:30.025000,0 days 00:54:22.249000,280.0,260.0,269.0,214.0,True,MEDIUM,3.0,False,Williams,0 days 00:52:33.464000,,1,,False,,False,True
0 days 00:55:59.304000,SAI,55,0 days 00:01:37.055000,4.0,2.0,,,0 days 00:00:25.404000,0 days 00:00:29.481000,0 days 00:00:42.170000,0 days 00:54:47.653000,0 days 00:55:17.134000,0 days 00:55:59.304000,280.0,268.0,246.0,317.0,True,MEDIUM,4.0,False,Williams,0 days 00:54:22.249000,,1,,False,,False,True
0 days 00:57:51.181000,SAI,55,0 days 00:01:51.877000,5.0,2.0,,,0 days 00:00:29.083000,0 days 00:00:32.371000,0 days 00:00:50.423000,0 days 00:56:28.387000,0 days 00:57:00.758000,0 days 00:57:51.181000,248.0,258.0,272.0,278.0,False,MEDIUM,5.0,False,Williams,0 days 00:55:59.304000,,1,,False,,False,True
0 days 00:59:27.829000,SAI,55,0 days 00:01:36.648000,6.0,2.0,,,0 days 00:00:25.320000,0 days 00:00:29.438000,0 days 00:00:41.890000,0 days 00:58:16.501000,0 days 00:58:45.939000,0 days 00:59:27.829000,278.0,268.0,249.0,318.0,True,MEDIUM,6.0,False,Williams,0 days 00:57:51.181000,,1,,False,,False,True
0 days 01:01:21.225000,SAI,55,0 days 00:01:53.396000,7.0,2.0,,,0 days 00:00:31.934000,0 days 00:00:33.815000,0 days 00:00:47.647000,0 days 00:59:59.763000,0 days 01:00:33.578000,0 days 01:01:21.225000,233.0,254.0,254.0,286.0,False,MEDIUM,7.0,False,Williams,0 days 00:59:27.829000,,12,,False,,False,True
0 days 01:03:04.648000,SAI,55,0 days 00:01:43.423000,8.0,2.0,,,0 days 00:00:28.191000,0 days 00:00:30.524000,0 days 00:00:44.708000,0 days 01:01:49.416000,0 days 01:02:19.940000,0 days 01:03:04.648000,268.0,262.0,274.0,284.0,False,MEDIUM,8.0,False,Williams,0 days 01:01:21.225000,,1,,False,,False,True
0 days 01:04:48.886000,SAI,55,0 days 00:01:44.238000,9.0,2.0,,0 days 01:04:47.054000,0 days 00:00:25.416000,0 days 00:00:29.392000,0 days 00:00:49.430000,0 days 01:03:30.064000,0 days 01:03:59.456000,0 days 01:04:48.886000,277.0,268.0,,295.0,False,MEDIUM,9.0,False,Williams,0 days 01:03:04.648000,,1,,False,,False,False
0 days 01:06:57.411000,SAI,55,0 days 00:02:08.525000,10.0,3.0,0 days 01:05:12.144000,,0 days 00:00:51.181000,0 days 00:00:31.256000,0 days 00:00:46.088000,0 days 01:05:40.067000,0 days 01:06:11.323000,0 days 01:06:57.411000,275.0,262.0,273.0,281.0,False,SOFT,1.0,True,Williams,0 days 01:04:48.886000,,1,,False,,False,False
0 days 01:08:45.444000,SAI,55,0 days 00:01:48.033000,11.0,3.0,,,0 days 00:00:26.291000,0 days 00:00:31.136000,0 days 00:00:50.606000,0 days 01:07:23.702000,0 days 01:07:54.838000,0 days 01:08:45.444000,277.0,264.0,274.0,270.0,False,SOFT,2.0,True,Williams,0 days 01:06:57.411000,,1,,False,,False,True
0 days 01:10:21.123000,SAI,55,0 days 00:01:35.679000,12.0,3.0,,,0 days 00:00:24.903000,0 days 00:00:29.049000,0 days 00:00:41.727000,0 days 01:09:10.347000,0 days 01:09:39.396000,0 days 01:10:21.123000,282.0,272.0,251.0,314.0,True,SOFT,3.0,True,Williams,0 days 01:08:45.444000,,1,,False,,False,True
0 days 01:12:18.227000,SAI,55,0 days 00:01:57.104000,13.0,3.0,,,0 days 00:00:33.493000,0 days 00:00:37.798000,0 days 00:00:45.813000,0 days 01:10:54.616000,0 days 01:11:32.414000,0 days 01:12:18.227000,235.0,177.0,273.0,303.0,False,SOFT,4.0,True,Williams,0 days 01:10:21.123000,,1,,False,,False,True
0 days 01:13:53.924000,SAI,55,0 days 00:01:35.697000,14.0,3.0,,,0 days 00:00:25.092000,0 days 00:00:29.036000,0 days 00:00:41.569000,0 days 01:12:43.319000,0 days 01:13:12.355000,0 days 01:13:53.924000,281.0,270.0,251.0,314.0,False,SOFT,5.0,True,Williams,0 days 01:12:18.227000,,1,,False,,False,True
0 days 01:15:48.909000,SAI,55,0 days 00:01:54.985000,15.0,3.0,,,0 days 00:00:33.142000,0 days 00:00:35.295000,0 days 00:00:46.548000,0 days 01:14:27.066000,0 days 01:15:02.361000,0 days 01:15:48.909000,203.0,258.0,256.0,270.0,False,SOFT,6.0,True,Williams,0 days 01:13:53.924000,,1,,False,,False,True
0 days 01:17:43.866000,SAI,55,0 days 00:01:54.957000,16.0,3.0,,,0 days 00:00:25.450000,0 days 00:00:32.947000,0 days 00:00:56.560000,0 days 01:16:14.359000,0 days 01:16:47.306000,0 days 01:17:43.866000,283.0,238.0,63.0,266.0,False,SOFT,7.0,True,Williams,0 days 01:15:48.909000,,1,,False,,False,True
0 days 01:20:22.738000,SAI,55,,17.0,3.0,,,0 days 00:01:13.848000,0 days 00:00:30.853000,0 days 00:00:53.974000,0 days 01:18:58.009000,0 days 01:19:28.764000,0 days 01:20:23.013000,283.0,251.0,63.0,290.0,False,SOFT,8.0,True,Williams,0 days 01:17:43.866000,,1,,False,,False,False
0 days 01:22:55.779000,SAI,55,,18.0,3.0,,0 days 01:22:53.889000,0 days 00:01:07.529000,0 days 00:00:32.411000,0 days 00:00:53.212000,0 days 01:21:30.341000,0 days 01:22:02.734000,0 days 01:22:55.779000,199.0,258.0,,237.0,False,SOFT,9.0,True,Williams,0 days 01:20:22.738000,,1,,False,,False,False
0 days 00:16:02.896000,RUS,63,,1.0,1.0,0 days 00:14:14.693000,,,0 days 00:00:32.476000,0 days 00:00:47.315000,,0 days 00:15:15.747000,0 days 00:16:03.015000,246.0,246.0,246.0,244.0,False,MEDIUM,1.0,True,Mercedes,0 days 00:14:14.693000,,1,,False,,False,False
0 days 00:17:45.205000,RUS,63,0 days 00:01:42.309000,2.0,1.0,,,0 days 00:00:27.225000,0 days 00:00:30.138000,0 days 00:00:44.946000,0 days 00:16:30.121000,0 days 00:17:00.259000,0 days 00:17:45.205000,249.0,246.0,275.0,283.0,True,MEDIUM,2.0,True,Mercedes,0 days 00:16:02.896000,,12,,False,,False,True
0 days 00:19:28.635000,RUS,63,0 days 00:01:43.430000,3.0,1.0,,,0 days 00:00:24.947000,0 days 00:00:29.696000,0 days 00:00:48.787000,0 days 00:18:10.152000,0 days 00:18:39.848000,0 days 00:19:28.635000,285.0,276.0,197.0,274.0,False,MEDIUM,3.0,True,Mercedes,0 days 00:17:45.205000,,21,,False,,False,True
0 days 00:21:27.237000,RUS,63,0 days 00:01:58.602000,4.0,1.0,,,0 days 00:00:33.988000,0 days 00:00:35.069000,0 days 00:00:49.545000,0 days 00:20:02.623000,0 days 00:20:37.692000,0 days 00:21:27.237000,282.0,254.0,272.0,310.0,False,MEDIUM,4.0,True,Mercedes,0 days 00:19:28.635000,,1,,False,,False,True
0 days 00:23:02.302000,RUS,63,0 days 00:01:35.065000,5.0,1.0,,,0 days 00:00:24.799000,0 days 00:00:28.557000,0 days 00:00:41.709000,0 days 00:21:52.036000,0 days 00:22:20.593000,0 days 00:23:02.302000,280.0,271.0,248.0,312.0,True,MEDIUM,5.0,True,Mercedes,0 days 00:21:27.237000,,1,,False,,False,True
0 days 00:25:14.204000,RUS,63,0 days 00:02:11.902000,6.0,1.0,,,0 days 00:00:34.349000,0 days 00:00:46.716000,0 days 00:00:50.837000,0 days 00:23:36.651000,0 days 00:24:23.367000,0 days 00:25:14.204000,137.0,172.0,278.0,315.0,False,MEDIUM,6.0,True,Mercedes,0 days 00:23:02.302000,,167,,False,,False,False
0 days 00:26:48.373000,RUS,63,0 days 00:01:34.169000,7.0,1.0,,,0 days 00:00:24.572000,0 days 00:00:28.333000,0 days 00:00:41.264000,0 days 00:25:38.776000,0 days 00:26:07.109000,0 days 00:26:48.373000,279.0,269.0,252.0,312.0,True,MEDIUM,7.0,True,Mercedes,0 days 00:25:14.204000,,1,,False,,False,True
0 days 00:29:24.898000,RUS,63,,8.0,1.0,,0 days 00:29:23.055000,0 days 00:00:28.223000,0 days 00:00:35.988000,0 days 00:01:32.358000,0 days 00:27:16.756000,0 days 00:27:52.709000,0 days 00:29:24.898000,248.0,172.0,,91.0,False,MEDIUM,8.0,True,Mercedes,0 days 00:26:48.373000,,126,,False,,False,False
0 days 00:38:20.787000,RUS,63,,9.0,2.0,0 days 00:36:33.824000,,,0 days 00:00:32.899000,0 days 00:00:45.419000,,0 days 00:37:35.618000,0 days 00:38:20.900000,240.0,238.0,274.0,280.0,False,MEDIUM,9.0,False,Mercedes,0 days 00:29:24.898000,,671,,False,,False,False
0 days 00:39:57.558000,RUS,63,0 days 00:01:36.771000,10.0,2.0,,,0 days 00:00:25.333000,0 days 00:00:29.376000,0 days 00:00:42.062000,0 days 00:38:46.120000,0 days 00:39:15.496000,0 days 00:39:57.558000,271.0,259.0,267.0,304.0,False,MEDIUM,10.0,False,Mercedes,0 days 00:38:20.787000,,1,,False,,False,True
0 days 00:41:33.951000,RUS,63,0 days 00:01:36.393000,11.0,2.0,,,0 days 00:00:25.435000,0 days 00:00:29.132000,0 days 00:00:41.826000,0 days 00:40:22.993000,0 days 00:40:52.125000,0 days 00:41:33.951000,268.0,256.0,266.0,302.0,False,MEDIUM,11.0,False,Mercedes,0 days 00:39:57.558000,,1,,False,,False,True
0 days 00:43:09.958000,RUS,63,0 days 00:01:36.007000,12.0,2.0,,,0 days 00:00:25.571000,0 days 00:00:28.862000,0 days 00:00:41.574000,0 days 00:41:59.522000,0 days 00:42:28.384000,0 days 00:43:09.958000,269.0,257.0,268.0,303.0,False,MEDIUM,12.0,False,Mercedes,0 days 00:41:33.951000,,1,,False,,False,True
0 days 00:44:45.626000,RUS,63,0 days 00:01:35.668000,13.0,2.0,,,0 days 00:00:25.459000,0 days 00:00:28.715000,0 days 00:00:41.494000,0 days 00:43:35.417000,0 days 00:44:04.132000,0 days 00:44:45.626000,271.0,256.0,271.0,303.0,False,MEDIUM,13.0,False,Mercedes,0 days 00:43:09.958000,,1,,False,,False,True
0 days 00:46:21.878000,RUS,63,0 days 00:01:36.252000,14.0,2.0,,,0 days 00:00:25.422000,0 days 00:00:29.216000,0 days 00:00:41.614000,0 days 00:45:11.048000,0 days 00:45:40.264000,0 days 00:46:21.878000,271.0,258.0,270.0,307.0,False,MEDIUM,14.0,False,Mercedes,0 days 00:44:45.626000,,1,,False,,False,True
0 days 00:47:58.193000,RUS,63,0 days 00:01:36.315000,15.0,2.0,,,0 days 00:00:25.533000,0 days 00:00:29.079000,0 days 00:00:41.703000,0 days 00:46:47.411000,0 days 00:47:16.490000,0 days 00:47:58.193000,273.0,258.0,271.0,306.0,False,MEDIUM,15.0,False,Mercedes,0 days 00:46:21.878000,,1,,False,,False,True
0 days 00:49:34.668000,RUS,63,0 days 00:01:36.475000,16.0,2.0,,,0 days 00:00:25.543000,0 days 00:00:28.971000,0 days 00:00:41.961000,0 days 00:48:23.736000,0 days 00:48:52.707000,0 days 00:49:34.668000,272.0,258.0,275.0,316.0,False,MEDIUM,16.0,False,Mercedes,0 days 00:47:58.193000,,1,,False,,False,True
0 days 00:51:12.428000,RUS,63,0 days 00:01:37.760000,17.0,2.0,,,0 days 00:00:25.666000,0 days 00:00:29.648000,0 days 00:00:42.446000,0 days 00:50:00.334000,0 days 00:50:29.982000,0 days 00:51:12.428000,277.0,258.0,262.0,335.0,False,MEDIUM,17.0,False,Mercedes,0 days 00:49:34.668000,,1,,False,,False,True
0 days 00:52:49.920000,RUS,63,0 days 00:01:37.492000,18.0,2.0,,,0 days 00:00:25.896000,0 days 00:00:29.487000,0 days 00:00:42.109000,0 days 00:51:38.324000,0 days 00:52:07.811000,0 days 00:52:49.920000,270.0,254.0,272.0,304.0,False,MEDIUM,18.0,False,Mercedes,0 days 00:51:12.428000,,1,,False,,False,True
0 days 00:54:33.377000,RUS,63,0 days 00:01:43.457000,19.0,2.0,,0 days 00:54:31.518000,0 days 00:00:25.587000,0 days 00:00:29.353000,0 days 00:00:48.517000,0 days 00:53:15.507000,0 days 00:53:44.860000,0 days 00:54:33.377000,273.0,255.0,,295.0,False,MEDIUM,19.0,False,Mercedes,0 days 00:52:49.920000,,1,,False,,False,False
0 days 01:00:26.780000,RUS,63,,20.0,3.0,0 days 00:58:42.053000,,,0 days 00:00:30.768000,0 days 00:00:45.293000,,0 days 00:59:41.748000,0 days 01:00:26.911000,256.0,241.0,276.0,256.0,False,SOFT,1.0,True,Mercedes,0 days 00:54:33.377000,,12,,False,,False,False
0 days 01:01:59.587000,RUS,63,0 days 00:01:32.807000,21.0,3.0,,,0 days 00:00:24.315000,0 days 00:00:27.976000,0 days 00:00:40.516000,0 days 01:00:51.095000,0 days 01:01:19.071000,0 days 01:01:59.587000,268.0,262.0,254.0,305.0,True,SOFT,2.0,True,Mercedes,0 days 01:00:26.780000,,1,,False,,False,True
0 days 01:03:59.183000,RUS,63,0 days 00:01:59.596000,22.0,3.0,,,0 days 00:00:30.868000,0 days 00:00:38.431000,0 days 00:00:50.297000,0 days 01:02:30.455000,0 days 01:03:08.886000,0 days 01:03:59.183000,237.0,220.0,277.0,273.0,False,SOFT,3.0,True,Mercedes,0 days 01:01:59.587000,,1,,False,,False,True
0 days 01:05:31.924000,RUS,63,0 days 00:01:32.741000,23.0,3.0,,,0 days 00:00:24.414000,0 days 00:00:27.911000,0 days 00:00:40.416000,0 days 01:04:23.597000,0 days 01:04:51.508000,0 days 01:05:31.924000,268.0,271.0,257.0,311.0,True,SOFT,4.0,True,Mercedes,0 days 01:03:59.183000,,1,,False,,False,True
0 days 01:07:36.961000,RUS,63,0 days 00:02:05.037000,24.0,3.0,,,0 days 00:00:37.280000,0 days 00:00:39.253000,0 days 00:00:48.504000,0 days 01:06:09.204000,0 days 01:06:48.457000,0 days 01:07:36.961000,173.0,253.0,279.0,261.0,False,SOFT,5.0,True,Mercedes,0 days 01:05:31.924000,,1,,False,,False,True
0 days 01:09:19.315000,RUS,63,0 days 00:01:42.354000,25.0,3.0,,0 days 01:09:17.482000,0 days 00:00:24.380000,0 days 00:00:27.985000,0 days 00:00:49.989000,0 days 01:08:01.341000,0 days 01:08:29.326000,0 days 01:09:19.315000,276.0,271.0,,286.0,False,SOFT,6.0,True,Mercedes,0 days 01:07:36.961000,,1,,False,,False,False
0 days 01:15:36.709000,RUS,63,,26.0,4.0,0 days 01:13:45.114000,,,0 days 00:00:32.338000,0 days 00:00:49.558000,,0 days 01:14:47.161000,0 days 01:15:36.709000,205.0,245.0,200.0,250.0,False,SOFT,7.0,False,Mercedes,0 days 01:09:19.315000,,1,,False,,False,False
0 days 01:17:49.831000,RUS,63,0 days 00:02:13.122000,27.0,4.0,,,0 days 00:00:30.895000,0 days 00:00:31.446000,0 days 00:01:10.781000,0 days 01:16:07.604000,0 days 01:16:39.050000,0 days 01:17:49.831000,215.0,231.0,61.0,252.0,False,SOFT,8.0,False,Mercedes,0 days 01:15:36.709000,,1,,False,,False,True
0 days 01:20:46.256000,RUS,63,,28.0,4.0,,,0 days 00:01:14.878000,0 days 00:00:33.805000,0 days 00:01:07.807000,0 days 01:19:04.783000,0 days 01:19:38.495000,0 days 01:20:46.309000,273.0,250.0,86.0,256.0,False,SOFT,9.0,False,Mercedes,0 days 01:17:49.831000,,1,,False,,False,False
0 days 01:23:01.170000,RUS,63,0 days 00:02:14.914000,29.0,4.0,,0 days 01:22:59.279000,0 days 00:00:57.605000,0 days 00:00:29.143000,0 days 00:00:48.166000,0 days 01:21:43.861000,0 days 01:22:13.004000,0 days 01:23:01.170000,281.0,258.0,,301.0,False,SOFT,10.0,False,Mercedes,0 days 01:20:46.256000,,1,,False,,False,False
0 days 00:17:42.433000,BOT,77,,1.0,1.0,0 days 00:15:32.701000,,,0 days 00:00:36.328000,0 days 00:00:58.972000,,0 days 00:16:43.740000,0 days 00:17:42.554000,243.0,246.0,267.0,249.0,False,MEDIUM,1.0,True,Cadillac,0 days 00:15:32.701000,,12,,False,,False,False
0 days 00:19:29.171000,BOT,77,0 days 00:01:46.738000,2.0,1.0,,,0 days 00:00:26.668000,0 days 00:00:30.534000,0 days 00:00:49.536000,0 days 00:18:09.101000,0 days 00:18:39.635000,0 days 00:19:29.171000,276.0,267.0,260.0,271.0,True,MEDIUM,2.0,True,Cadillac,0 days 00:17:42.433000,,21,,False,,False,True
0 days 00:21:36.611000,BOT,77,0 days 00:02:07.440000,3.0,1.0,,,0 days 00:00:32.034000,0 days 00:00:39.010000,0 days 00:00:56.396000,0 days 00:20:01.205000,0 days 00:20:40.215000,0 days 00:21:36.611000,247.0,201.0,266.0,228.0,False,MEDIUM,3.0,True,Cadillac,0 days 00:19:29.171000,,1,,False,,False,True
0 days 00:23:16.300000,BOT,77,0 days 00:01:39.689000,4.0,1.0,,,0 days 00:00:26.241000,0 days 00:00:30.182000,0 days 00:00:43.266000,0 days 00:22:02.852000,0 days 00:22:33.034000,0 days 00:23:16.300000,272.0,252.0,247.0,300.0,True,MEDIUM,4.0,True,Cadillac,0 days 00:21:36.611000,,1,,False,,False,True
0 days 00:25:46.585000,BOT,77,,5.0,1.0,,,0 days 00:00:41.721000,0 days 00:00:46.395000,0 days 00:01:02.234000,0 days 00:23:58.267000,0 days 00:24:44.634000,0 days 00:25:46.788000,136.0,231.0,271.0,187.0,False,MEDIUM,5.0,True,Cadillac,0 days 00:23:16.300000,,167,,False,,False,False
0 days 00:27:25.287000,BOT,77,0 days 00:01:38.702000,6.0,1.0,,,0 days 00:00:25.737000,0 days 00:00:30.011000,0 days 00:00:42.954000,0 days 00:26:12.322000,0 days 00:26:42.333000,0 days 00:27:25.287000,273.0,255.0,252.0,305.0,False,MEDIUM,6.0,True,Cadillac,0 days 00:25:46.585000,,12,,True,DOUBLE YELLOW AT TURN 14,False,True
0 days 00:29:37.490000,BOT,77,0 days 00:02:12.203000,7.0,1.0,,,0 days 00:00:26.763000,0 days 00:00:41.699000,0 days 00:01:03.741000,0 days 00:27:52.050000,0 days 00:28:33.749000,0 days 00:29:37.490000,229.0,161.0,260.0,118.0,False,MEDIUM,7.0,True,Cadillac,0 days 00:27:25.287000,,26,,False,,False,False
0 days 00:31:51.968000,BOT,77,0 days 00:02:14.478000,8.0,1.0,,0 days 00:31:50.174000,0 days 00:00:29.313000,0 days 00:00:39.906000,0 days 00:01:05.259000,0 days 00:30:06.803000,0 days 00:30:46.709000,0 days 00:31:51.968000,255.0,180.0,,160.0,False,MEDIUM,8.0,True,Cadillac,0 days 00:29:37.490000,,67,,False,,False,False
0 days 00:48:07.771000,BOT,77,,9.0,2.0,0 days 00:46:14.078000,,,0 days 00:00:31.790000,0 days 00:00:52.988000,,0 days 00:47:14.914000,0 days 00:48:07.771000,270.0,256.0,271.0,137.0,False,MEDIUM,9.0,False,Cadillac,0 days 00:31:51.968000,,71,,False,,False,False
0 days 00:49:44.811000,BOT,77,0 days 00:01:37.040000,10.0,2.0,,,0 days 00:00:25.410000,0 days 00:00:29.467000,0 days 00:00:42.163000,0 days 00:48:33.181000,0 days 00:49:02.648000,0 days 00:49:44.811000,275.0,266.0,255.0,311.0,True,MEDIUM,10.0,False,Cadillac,0 days 00:48:07.771000,,1,,False,,False,True
0 days 00:51:29.960000,BOT,77,0 days 00:01:45.149000,11.0,2.0,,,0 days 00:00:30.282000,0 days 00:00:31.701000,0 days 00:00:43.166000,0 days 00:50:15.093000,0 days 00:50:46.794000,0 days 00:51:29.960000,273.0,266.0,270.0,310.0,False,MEDIUM,11.0,False,Cadillac,0 days 00:49:44.811000,,1,,False,,False,True
0 days 00:53:09.156000,BOT,77,0 days 00:01:39.196000,12.0,2.0,,,0 days 00:00:26.231000,0 days 00:00:29.992000,0 days 00:00:42.973000,0 days 00:51:56.191000,0 days 00:52:26.183000,0 days 00:53:09.156000,266.0,261.0,273.0,302.0,False,MEDIUM,12.0,False,Cadillac,0 days 00:51:29.960000,,1,,False,,False,True
0 days 00:54:48.067000,BOT,77,0 days 00:01:38.911000,13.0,2.0,,,0 days 00:00:26.109000,0 days 00:00:30.058000,0 days 00:00:42.744000,0 days 00:53:35.265000,0 days 00:54:05.323000,0 days 00:54:48.067000,270.0,259.0,269.0,306.0,False,MEDIUM,13.0,False,Cadillac,0 days 00:53:09.156000,,1,,False,,False,True
0 days 00:56:27.901000,BOT,77,0 days 00:01:39.834000,14.0,2.0,,,0 days 00:00:26.367000,0 days 00:00:30.248000,0 days 00:00:43.219000,0 days 00:55:14.434000,0 days 00:55:44.682000,0 days 00:56:27.901000,271.0,258.0,268.0,299.0,False,MEDIUM,14.0,False,Cadillac,0 days 00:54:48.067000,,1,,False,,False,True
0 days 00:58:08.235000,BOT,77,0 days 00:01:40.334000,15.0,2.0,,,0 days 00:00:26.390000,0 days 00:00:30.563000,0 days 00:00:43.381000,0 days 00:56:54.291000,0 days 00:57:24.854000,0 days 00:58:08.235000,275.0,255.0,269.0,298.0,False,MEDIUM,15.0,False,Cadillac,0 days 00:56:27.901000,,1,,False,,False,True
0 days 00:59:49.297000,BOT,77,0 days 00:01:41.062000,16.0,2.0,,,0 days 00:00:26.536000,0 days 00:00:30.817000,0 days 00:00:43.709000,0 days 00:58:34.771000,0 days 00:59:05.588000,0 days 00:59:49.297000,270.0,257.0,265.0,295.0,False,MEDIUM,16.0,False,Cadillac,0 days 00:58:08.235000,,1,,False,,False,True
0 days 01:01:44.459000,BOT,77,0 days 00:01:55.162000,17.0,2.0,,0 days 01:01:42.605000,0 days 00:00:28.052000,0 days 00:00:31.857000,0 days 00:00:55.253000,0 days 01:00:17.349000,0 days 01:00:49.206000,0 days 01:01:44.459000,273.0,243.0,,265.0,False,MEDIUM,17.0,False,Cadillac,0 days 00:59:49.297000,,12,,False,,False,False
0 days 01:07:27.386000,BOT,77,,18.0,3.0,0 days 01:05:31.456000,,,0 days 00:00:35.667000,0 days 00:00:48.197000,,0 days 01:06:39.433000,0 days 01:07:27.504000,273.0,267.0,275.0,257.0,False,SOFT,1.0,True,Cadillac,0 days 01:01:44.459000,,1,,False,,False,False
0 days 01:09:03.443000,BOT,77,0 days 00:01:36.057000,19.0,3.0,,,0 days 00:00:25.316000,0 days 00:00:28.848000,0 days 00:00:41.893000,0 days 01:07:52.702000,0 days 01:08:21.550000,0 days 01:09:03.443000,280.0,274.0,255.0,302.0,True,SOFT,2.0,True,Cadillac,0 days 01:07:27.386000,,1,,False,,False,True
0 days 01:11:05.636000,BOT,77,0 days 00:02:02.193000,20.0,3.0,,,0 days 00:00:29.159000,0 days 00:00:39.541000,0 days 00:00:53.493000,0 days 01:09:32.602000,0 days 01:10:12.143000,0 days 01:11:05.636000,195.0,146.0,273.0,281.0,False,SOFT,3.0,True,Cadillac,0 days 01:09:03.443000,,1,,False,,False,True
0 days 01:12:41.829000,BOT,77,0 days 00:01:36.193000,21.0,3.0,,,0 days 00:00:25.229000,0 days 00:00:28.848000,0 days 00:00:42.116000,0 days 01:11:30.865000,0 days 01:11:59.713000,0 days 01:12:41.829000,273.0,270.0,257.0,311.0,False,SOFT,4.0,True,Cadillac,0 days 01:11:05.636000,,1,,False,,False,True
0 days 01:14:42.539000,BOT,77,0 days 00:02:00.710000,22.0,3.0,,,0 days 00:00:30.049000,0 days 00:00:39.611000,0 days 00:00:51.050000,0 days 01:13:11.878000,0 days 01:13:51.489000,0 days 01:14:42.539000,207.0,252.0,255.0,253.0,False,SOFT,5.0,True,Cadillac,0 days 01:12:41.829000,,1,,False,,False,True
0 days 01:16:49.763000,BOT,77,0 days 00:02:07.224000,23.0,3.0,,,0 days 00:00:32.259000,0 days 00:00:35.613000,0 days 00:00:59.352000,0 days 01:15:14.798000,0 days 01:15:50.411000,0 days 01:16:49.763000,230.0,219.0,70.0,234.0,False,SOFT,6.0,True,Cadillac,0 days 01:14:42.539000,,1,,False,,False,True
0 days 01:19:17.320000,BOT,77,0 days 00:02:27.557000,24.0,3.0,,,0 days 00:00:57.263000,0 days 00:00:33.533000,0 days 00:00:56.761000,0 days 01:17:47.026000,0 days 01:18:20.559000,0 days 01:19:17.320000,286.0,192.0,74.0,226.0,False,SOFT,7.0,True,Cadillac,0 days 01:16:49.763000,,1,,False,,False,True
0 days 01:21:44.984000,BOT,77,0 days 00:02:27.664000,25.0,3.0,,0 days 01:21:43.141000,0 days 00:00:57.443000,0 days 00:00:35.472000,0 days 00:00:54.749000,0 days 01:20:14.763000,0 days 01:20:50.235000,0 days 01:21:44.984000,242.0,253.0,,252.0,False,SOFT,8.0,True,Cadillac,0 days 01:19:17.320000,,1,,False,,False,False
0 days 00:17:18.851000,PIA,81,,1.0,1.0,0 days 00:15:03.004000,,,0 days 00:00:37.541000,0 days 00:00:50.478000,,0 days 00:16:28.685000,0 days 00:17:19.060000,214.0,245.0,252.0,265.0,False,MEDIUM,1.0,True,McLaren,0 days 00:15:03.004000,,1,,False,,False,False
0 days 00:19:10.871000,PIA,81,0 days 00:01:52.020000,2.0,1.0,,,0 days 00:00:27.984000,0 days 00:00:33.521000,0 days 00:00:50.515000,0 days 00:17:46.835000,0 days 00:18:20.356000,0 days 00:19:10.871000,206.0,262.0,261.0,277.0,True,MEDIUM,2.0,True,McLaren,0 days 00:17:18.851000,,12,,False,,False,True
0 days 00:20:46.914000,PIA,81,0 days 00:01:36.043000,3.0,1.0,,,0 days 00:00:24.988000,0 days 00:00:29.178000,0 days 00:00:41.877000,0 days 00:19:35.859000,0 days 00:20:05.037000,0 days 00:20:46.914000,282.0,268.0,244.0,306.0,True,MEDIUM,3.0,True,McLaren,0 days 00:19:10.871000,,1,,False,,False,True
0 days 00:22:58.521000,PIA,81,0 days 00:02:11.607000,4.0,1.0,,,0 days 00:00:32.169000,0 days 00:00:38.363000,0 days 00:01:01.075000,0 days 00:21:19.083000,0 days 00:21:57.446000,0 days 00:22:58.521000,194.0,192.0,271.0,214.0,False,MEDIUM,4.0,True,McLaren,0 days 00:20:46.914000,,1,,False,,False,True
0 days 00:25:14.277000,PIA,81,0 days 00:02:15.756000,5.0,1.0,,0 days 00:25:12.615000,0 days 00:00:24.996000,0 days 00:00:39.555000,0 days 00:01:11.205000,0 days 00:23:23.517000,0 days 00:24:03.072000,0 days 00:25:14.277000,280.0,166.0,,233.0,False,MEDIUM,5.0,True,McLaren,0 days 00:22:58.521000,,167,,False,,False,False
0 days 00:37:29.880000,PIA,81,,6.0,2.0,0 days 00:35:40.714000,,,0 days 00:00:32.043000,0 days 00:00:45.907000,,0 days 00:36:44.240000,0 days 00:37:30.087000,273.0,264.0,251.0,289.0,False,MEDIUM,6.0,False,McLaren,0 days 00:25:14.277000,,1267,,False,,False,False
0 days 00:39:21.077000,PIA,81,0 days 00:01:51.197000,7.0,2.0,,,0 days 00:00:27.987000,0 days 00:00:31.383000,0 days 00:00:51.827000,0 days 00:37:57.867000,0 days 00:38:29.250000,0 days 00:39:21.077000,265.0,260.0,265.0,299.0,False,MEDIUM,7.0,False,McLaren,0 days 00:37:29.880000,,1,,False,,False,True
0 days 00:40:56.197000,PIA,81,0 days 00:01:35.120000,8.0,2.0,,,0 days 00:00:24.818000,0 days 00:00:28.801000,0 days 00:00:41.501000,0 days 00:39:45.895000,0 days 00:40:14.696000,0 days 00:40:56.197000,283.0,272.0,246.0,307.0,True,MEDIUM,8.0,False,McLaren,0 days 00:39:21.077000,,1,,False,,False,True
0 days 00:43:09.545000,PIA,81,0 days 00:02:13.348000,9.0,2.0,,0 days 00:43:07.711000,0 days 00:00:34.741000,0 days 00:00:40.288000,0 days 00:00:58.319000,0 days 00:41:30.938000,0 days 00:42:11.226000,0 days 00:43:09.545000,143.0,203.0,,231.0,False,MEDIUM,9.0,False,McLaren,0 days 00:40:56.197000,,1,,False,,False,False
0 days 00:45:22.773000,PIA,81,0 days 00:02:13.228000,10.0,3.0,0 days 00:43:32.423000,,0 days 00:00:53.725000,0 days 00:00:32.883000,0 days 00:00:46.620000,0 days 00:44:03.270000,0 days 00:44:36.153000,0 days 00:45:22.773000,262.0,258.0,272.0,269.0,False,MEDIUM,10.0,False,McLaren,0 days 00:43:09.545000,,1,,False,,False,False
0 days 00:47:18.944000,PIA,81,0 days 00:01:56.171000,11.0,3.0,,,0 days 00:00:32.046000,0 days 00:00:37.335000,0 days 00:00:46.790000,0 days 00:45:54.819000,0 days 00:46:32.154000,0 days 00:47:18.944000,224.0,223.0,270.0,277.0,False,MEDIUM,11.0,False,McLaren,0 days 00:45:22.773000,,1,,True,TRACK LIMITS AT TURN 2 LAP 12 ,False,True
0 days 00:48:53.494000,PIA,81,0 days 00:01:34.550000,12.0,3.0,,,0 days 00:00:24.748000,0 days 00:00:28.490000,0 days 00:00:41.312000,0 days 00:47:43.692000,0 days 00:48:12.182000,0 days 00:48:53.494000,278.0,270.0,249.0,307.0,True,MEDIUM,12.0,False,McLaren,0 days 00:47:18.944000,,1,,False,,False,True
0 days 00:50:37.752000,PIA,81,0 days 00:01:44.258000,13.0,3.0,,,0 days 00:00:29.419000,0 days 00:00:32.658000,0 days 00:00:42.181000,0 days 00:49:22.913000,0 days 00:49:55.571000,0 days 00:50:37.752000,243.0,261.0,276.0,308.0,False,MEDIUM,13.0,False,McLaren,0 days 00:48:53.494000,,1,,False,,False,True
0 days 00:52:14.275000,PIA,81,0 days 00:01:36.523000,14.0,3.0,,,0 days 00:00:25.091000,0 days 00:00:29.234000,0 days 00:00:42.198000,0 days 00:51:02.843000,0 days 00:51:32.077000,0 days 00:52:14.275000,276.0,258.0,277.0,301.0,False,MEDIUM,14.0,False,McLaren,0 days 00:50:37.752000,,1,,False,,False,True
0 days 00:53:51.946000,PIA,81,0 days 00:01:37.671000,15.0,3.0,,,0 days 00:00:25.303000,0 days 00:00:30.189000,0 days 00:00:42.179000,0 days 00:52:39.578000,0 days 00:53:09.767000,0 days 00:53:51.946000,280.0,261.0,276.0,299.0,False,MEDIUM,15.0,False,McLaren,0 days 00:52:14.275000,,1,,False,,False,True
0 days 00:55:28.685000,PIA,81,0 days 00:01:36.739000,16.0,3.0,,,0 days 00:00:25.376000,0 days 00:00:29.294000,0 days 00:00:42.069000,0 days 00:54:17.322000,0 days 00:54:46.616000,0 days 00:55:28.685000,277.0,262.0,280.0,300.0,False,MEDIUM,16.0,False,McLaren,0 days 00:53:51.946000,,1,,False,,False,True
0 days 00:57:05.035000,PIA,81,0 days 00:01:36.350000,17.0,3.0,,,0 days 00:00:25.416000,0 days 00:00:29.082000,0 days 00:00:41.852000,0 days 00:55:54.101000,0 days 00:56:23.183000,0 days 00:57:05.035000,276.0,267.0,277.0,300.0,False,MEDIUM,17.0,False,McLaren,0 days 00:55:28.685000,,1,,False,,False,True
0 days 00:58:41.842000,PIA,81,0 days 00:01:36.807000,18.0,3.0,,,0 days 00:00:25.493000,0 days 00:00:29.355000,0 days 00:00:41.959000,0 days 00:57:30.528000,0 days 00:57:59.883000,0 days 00:58:41.842000,273.0,261.0,270.0,298.0,False,MEDIUM,18.0,False,McLaren,0 days 00:57:05.035000,,1,,False,,False,True
0 days 01:00:24.662000,PIA,81,0 days 00:01:42.820000,19.0,3.0,,0 days 01:00:22.743000,0 days 00:00:25.778000,0 days 00:00:29.237000,0 days 00:00:47.805000,0 days 00:59:07.620000,0 days 00:59:36.857000,0 days 01:00:24.662000,270.0,258.0,,297.0,False,MEDIUM,19.0,False,McLaren,0 days 00:58:41.842000,,12,,False,,False,False
0 days 01:06:18.520000,PIA,81,,20.0,4.0,0 days 01:04:22.897000,,,0 days 00:00:35.551000,0 days 00:00:49.012000,,0 days 01:05:29.721000,0 days 01:06:18.651000,247.0,264.0,254.0,254.0,False,SOFT,1.0,True,McLaren,0 days 01:00:24.662000,,1,,False,,False,False
0 days 01:08:01.537000,PIA,81,0 days 00:01:43.017000,21.0,4.0,,,0 days 00:00:26.401000,0 days 00:00:31.502000,0 days 00:00:45.114000,0 days 01:06:44.921000,0 days 01:07:16.423000,0 days 01:08:01.537000,269.0,262.0,274.0,296.0,False,SOFT,2.0,True,McLaren,0 days 01:06:18.520000,,1,,False,,False,True
0 days 01:09:35.014000,PIA,81,0 days 00:01:33.477000,22.0,4.0,,,0 days 00:00:24.402000,0 days 00:00:28.200000,0 days 00:00:40.875000,0 days 01:08:25.939000,0 days 01:08:54.139000,0 days 01:09:35.014000,287.0,276.0,262.0,311.0,True,SOFT,3.0,True,McLaren,0 days 01:08:01.537000,,1,,False,,False,True
0 days 01:11:39.348000,PIA,81,0 days 00:02:04.334000,23.0,4.0,,,0 days 00:00:33.348000,0 days 00:00:38.471000,0 days 00:00:52.515000,0 days 01:10:08.362000,0 days 01:10:46.833000,0 days 01:11:39.348000,207.0,200.0,276.0,212.0,False,SOFT,4.0,True,McLaren,0 days 01:09:35.014000,,1,,False,,False,True
0 days 01:13:12.820000,PIA,81,0 days 00:01:33.472000,24.0,4.0,,,0 days 00:00:24.545000,0 days 00:00:28.164000,0 days 00:00:40.763000,0 days 01:12:03.893000,0 days 01:12:32.057000,0 days 01:13:12.820000,287.0,274.0,259.0,309.0,True,SOFT,5.0,True,McLaren,0 days 01:11:39.348000,,1,,False,,False,True
0 days 01:15:04.743000,PIA,81,0 days 00:01:51.923000,25.0,4.0,,,0 days 00:00:31.154000,0 days 00:00:33.511000,0 days 00:00:47.258000,0 days 01:13:43.974000,0 days 01:14:17.485000,0 days 01:15:04.743000,164.0,262.0,240.0,311.0,False,SOFT,6.0,True,McLaren,0 days 01:13:12.820000,,1,,False,,False,True
0 days 01:17:19.012000,PIA,81,0 days 00:02:14.269000,26.0,4.0,,,0 days 00:00:30.892000,0 days 00:00:36.847000,0 days 00:01:06.530000,0 days 01:15:35.635000,0 days 01:16:12.482000,0 days 01:17:19.012000,256.0,198.0,65.0,288.0,False,SOFT,7.0,True,McLaren,0 days 01:15:04.743000,,1,,False,,False,True
0 days 01:19:56.627000,PIA,81,,27.0,4.0,,,0 days 00:01:04.604000,0 days 00:00:32.455000,0 days 00:01:00.588000,0 days 01:18:23.821000,0 days 01:18:56.193000,0 days 01:19:56.757000,290.0,225.0,71.0,176.0,False,SOFT,8.0,True,McLaren,0 days 01:17:19.012000,,1,,False,,False,False
0 days 01:22:19.186000,PIA,81,0 days 00:02:22.559000,28.0,4.0,,0 days 01:22:17.326000,0 days 00:01:03.934000,0 days 00:00:29.237000,0 days 00:00:49.388000,0 days 01:21:00.561000,0 days 01:21:29.798000,0 days 01:22:19.186000,307.0,269.0,,335.0,False,SOFT,9.0,True,McLaren,0 days 01:19:56.627000,,1,,False,,False,False
0 days 00:16:10.180000,BEA,87,,1.0,1.0,0 days 00:14:13.130000,,,0 days 00:00:35.167000,0 days 00:00:50.787000,,0 days 00:15:19.620000,0 days 00:16:10.372000,222.0,254.0,247.0,279.0,False,MEDIUM,1.0,True,Haas F1 Team,0 days 00:14:13.130000,,1,,False,,False,False
0 days 00:18:09.120000,BEA,87,0 days 00:01:58.940000,2.0,1.0,,,0 days 00:00:27.890000,0 days 00:00:33.214000,0 days 00:00:57.836000,0 days 00:16:38.070000,0 days 00:17:11.284000,0 days 00:18:09.120000,280.0,221.0,271.0,267.0,True,MEDIUM,2.0,True,Haas F1 Team,0 days 00:16:10.180000,,12,,False,,False,True
0 days 00:19:45.775000,BEA,87,0 days 00:01:36.655000,3.0,1.0,,,0 days 00:00:25.791000,0 days 00:00:29.026000,0 days 00:00:41.838000,0 days 00:18:34.911000,0 days 00:19:03.937000,0 days 00:19:45.775000,271.0,269.0,255.0,308.0,True,MEDIUM,3.0,True,Haas F1 Team,0 days 00:18:09.120000,,1,,False,,False,True
0 days 00:21:58.447000,BEA,87,0 days 00:02:12.672000,4.0,1.0,,,0 days 00:00:38.700000,0 days 00:00:43.916000,0 days 00:00:50.056000,0 days 00:20:24.475000,0 days 00:21:08.391000,0 days 00:21:58.447000,159.0,162.0,267.0,279.0,False,MEDIUM,4.0,True,Haas F1 Team,0 days 00:19:45.775000,,1,,False,,False,True
0 days 00:23:36.003000,BEA,87,0 days 00:01:37.556000,5.0,1.0,,,0 days 00:00:25.527000,0 days 00:00:28.870000,0 days 00:00:43.159000,0 days 00:22:23.974000,0 days 00:22:52.844000,0 days 00:23:36.003000,269.0,265.0,115.0,301.0,False,MEDIUM,5.0,True,Haas F1 Team,0 days 00:21:58.447000,,16,,False,,False,False
0 days 00:25:59.356000,BEA,87,0 days 00:02:23.353000,6.0,1.0,,,0 days 00:00:47.373000,0 days 00:00:39.444000,0 days 00:00:56.536000,0 days 00:24:23.376000,0 days 00:25:02.820000,0 days 00:25:59.356000,166.0,238.0,273.0,280.0,False,MEDIUM,6.0,True,Haas F1 Team,0 days 00:23:36.003000,,671,,False,,False,False
0 days 00:27:34.306000,BEA,87,0 days 00:01:34.950000,7.0,1.0,,,0 days 00:00:25.268000,0 days 00:00:28.656000,0 days 00:00:41.026000,0 days 00:26:24.624000,0 days 00:26:53.280000,0 days 00:27:34.306000,275.0,276.0,263.0,319.0,True,MEDIUM,7.0,True,Haas F1 Team,0 days 00:25:59.356000,,12,,False,,False,True
0 days 00:30:19.922000,BEA,87,,8.0,1.0,,0 days 00:30:18.027000,0 days 00:00:41.471000,0 days 00:00:49.153000,0 days 00:01:14.878000,0 days 00:28:16.122000,0 days 00:29:05.134000,0 days 00:30:19.922000,126.0,162.0,,130.0,False,MEDIUM,8.0,True,Haas F1 Team,0 days 00:27:34.306000,,26,,False,,False,False
0 days 00:40:10.515000,BEA,87,,9.0,2.0,0 days 00:38:25.877000,,,0 days 00:00:31.492000,0 days 00:00:46.488000,,0 days 00:39:24.228000,0 days 00:40:10.578000,272.0,271.0,265.0,275.0,False,MEDIUM,9.0,False,Haas F1 Team,0 days 00:30:19.922000,,671,,False,,False,False
0 days 00:41:55.217000,BEA,87,0 days 00:01:44.702000,10.0,2.0,,,0 days 00:00:26.788000,0 days 00:00:31.140000,0 days 00:00:46.774000,0 days 00:40:37.303000,0 days 00:41:08.443000,0 days 00:41:55.217000,280.0,272.0,273.0,259.0,False,MEDIUM,10.0,False,Haas F1 Team,0 days 00:40:10.515000,,1,,False,,False,True
0 days 00:43:31.527000,BEA,87,0 days 00:01:36.310000,11.0,2.0,,,0 days 00:00:24.751000,0 days 00:00:29.323000,0 days 00:00:42.236000,0 days 00:42:19.968000,0 days 00:42:49.291000,0 days 00:43:31.527000,305.0,251.0,243.0,293.0,False,MEDIUM,11.0,False,Haas F1 Team,0 days 00:41:55.217000,,1,,False,,False,True
0 days 00:45:23.648000,BEA,87,0 days 00:01:52.121000,12.0,2.0,,,0 days 00:00:30.877000,0 days 00:00:35.897000,0 days 00:00:45.347000,0 days 00:44:02.404000,0 days 00:44:38.301000,0 days 00:45:23.648000,195.0,224.0,270.0,320.0,False,MEDIUM,12.0,False,Haas F1 Team,0 days 00:43:31.527000,,1,,False,,False,True
0 days 00:47:01.444000,BEA,87,0 days 00:01:37.796000,13.0,2.0,,,0 days 00:00:26.169000,0 days 00:00:29.575000,0 days 00:00:42.052000,0 days 00:45:49.817000,0 days 00:46:19.392000,0 days 00:47:01.444000,270.0,255.0,266.0,301.0,False,MEDIUM,13.0,False,Haas F1 Team,0 days 00:45:23.648000,,1,,False,,False,True
0 days 00:48:38.698000,BEA,87,0 days 00:01:37.254000,14.0,2.0,,,0 days 00:00:25.862000,0 days 00:00:29.373000,0 days 00:00:42.019000,0 days 00:47:27.306000,0 days 00:47:56.679000,0 days 00:48:38.698000,273.0,260.0,274.0,301.0,False,MEDIUM,14.0,False,Haas F1 Team,0 days 00:47:01.444000,,1,,False,,False,True
0 days 00:50:16.029000,BEA,87,0 days 00:01:37.331000,15.0,2.0,,,0 days 00:00:25.622000,0 days 00:00:29.463000,0 days 00:00:42.246000,0 days 00:49:04.320000,0 days 00:49:33.783000,0 days 00:50:16.029000,272.0,258.0,268.0,300.0,False,MEDIUM,15.0,False,Haas F1 Team,0 days 00:48:38.698000,,1,,False,,False,True
0 days 00:51:53.855000,BEA,87,0 days 00:01:37.826000,16.0,2.0,,,0 days 00:00:25.917000,0 days 00:00:29.616000,0 days 00:00:42.293000,0 days 00:50:41.946000,0 days 00:51:11.562000,0 days 00:51:53.855000,274.0,255.0,273.0,304.0,False,MEDIUM,16.0,False,Haas F1 Team,0 days 00:50:16.029000,,1,,False,,False,True
0 days 00:53:31.595000,BEA,87,0 days 00:01:37.740000,17.0,2.0,,,0 days 00:00:25.739000,0 days 00:00:29.379000,0 days 00:00:42.622000,0 days 00:52:19.594000,0 days 00:52:48.973000,0 days 00:53:31.595000,275.0,254.0,262.0,295.0,False,MEDIUM,17.0,False,Haas F1 Team,0 days 00:51:53.855000,,1,,False,,False,True
0 days 00:55:14.808000,BEA,87,0 days 00:01:43.213000,18.0,2.0,,0 days 00:55:12.817000,0 days 00:00:26.237000,0 days 00:00:29.742000,0 days 00:00:47.234000,0 days 00:53:57.832000,0 days 00:54:27.574000,0 days 00:55:14.808000,275.0,259.0,,302.0,False,MEDIUM,18.0,False,Haas F1 Team,0 days 00:53:31.595000,,1,,False,,False,False
0 days 00:57:51.448000,BEA,87,,19.0,3.0,0 days 00:56:00.101000,0 days 00:57:49.268000,0 days 00:01:13.865000,0 days 00:00:32.287000,0 days 00:00:50.485000,0 days 00:56:28.830000,0 days 00:57:01.111000,0 days 00:57:51.448000,223.0,265.0,,297.0,False,MEDIUM,19.0,False,Haas F1 Team,0 days 00:55:14.808000,,1,,False,,False,False
0 days 01:04:39.147000,BEA,87,,20.0,4.0,0 days 01:02:41.678000,,,0 days 00:00:32.513000,0 days 00:00:51.421000,,0 days 01:03:47.929000,0 days 01:04:39.147000,268.0,272.0,276.0,241.0,False,SOFT,1.0,True,Haas F1 Team,0 days 00:57:51.448000,,12,,False,,False,False
0 days 01:06:13.659000,BEA,87,0 days 00:01:34.512000,21.0,4.0,,,0 days 00:00:25.136000,0 days 00:00:28.248000,0 days 00:00:41.128000,0 days 01:05:04.283000,0 days 01:05:32.531000,0 days 01:06:13.659000,273.0,277.0,262.0,312.0,True,SOFT,2.0,True,Haas F1 Team,0 days 01:04:39.147000,,1,,False,,False,True
0 days 01:08:47.514000,BEA,87,,22.0,4.0,,,0 days 00:00:49.524000,0 days 00:00:46.175000,0 days 00:00:58.238000,0 days 01:07:03.549000,0 days 01:07:49.678000,0 days 01:08:47.597000,117.0,160.0,258.0,281.0,False,SOFT,3.0,True,Haas F1 Team,0 days 01:06:13.659000,,1,,False,,False,False
0 days 01:10:38.703000,BEA,87,0 days 00:01:51.189000,23.0,4.0,,,0 days 00:00:28.584000,0 days 00:00:34.506000,0 days 00:00:48.099000,0 days 01:09:16.098000,0 days 01:09:50.604000,0 days 01:10:38.703000,278.0,275.0,277.0,249.0,False,SOFT,4.0,True,Haas F1 Team,0 days 01:08:47.514000,,1,,False,,False,True
0 days 01:12:13.129000,BEA,87,0 days 00:01:34.426000,24.0,4.0,,,0 days 00:00:24.937000,0 days 00:00:28.381000,0 days 00:00:41.108000,0 days 01:11:03.640000,0 days 01:11:32.021000,0 days 01:12:13.129000,274.0,272.0,258.0,309.0,True,SOFT,5.0,True,Haas F1 Team,0 days 01:10:38.703000,,1,,False,,False,True
0 days 01:14:35.718000,BEA,87,0 days 00:02:22.589000,25.0,4.0,,,0 days 00:00:38.019000,0 days 00:00:40.191000,0 days 00:01:04.379000,0 days 01:12:51.148000,0 days 01:13:31.339000,0 days 01:14:35.718000,161.0,213.0,177.0,166.0,False,SOFT,6.0,True,Haas F1 Team,0 days 01:12:13.129000,,1,,False,,False,True
0 days 01:16:54.522000,BEA,87,0 days 00:02:18.804000,26.0,4.0,,,0 days 00:00:42.328000,0 days 00:00:34.728000,0 days 00:01:01.748000,0 days 01:15:18.046000,0 days 01:15:52.774000,0 days 01:16:54.522000,181.0,254.0,46.0,245.0,False,SOFT,7.0,True,Haas F1 Team,0 days 01:14:35.718000,,1,,False,,False,True
0 days 01:19:31.814000,BEA,87,,27.0,4.0,,,0 days 00:01:07.915000,0 days 00:00:32.446000,0 days 00:00:56.860000,0 days 01:18:02.674000,0 days 01:18:35.253000,0 days 01:19:31.984000,281.0,238.0,49.0,243.0,False,SOFT,8.0,True,Haas F1 Team,0 days 01:16:54.522000,,1,,False,,False,False
0 days 01:21:52.467000,BEA,87,0 days 00:02:20.653000,28.0,4.0,,0 days 01:21:50.621000,0 days 00:00:58.684000,0 days 00:00:30.202000,0 days 00:00:51.767000,0 days 01:20:30.498000,0 days 01:21:00.700000,0 days 01:21:52.467000,268.0,261.0,,222.0,False,SOFT,9.0,True,Haas F1 Team,0 days 01:19:31.814000,,1,,False,,False,False
