Time,Driver,DriverNumber,LapTime,LapNumber,Stint,PitOutTime,PitInTime,Sector1Time,Sector2Time,Sector3Time,Sector1SessionTime,Sector2SessionTime,Sector3SessionTime,SpeedI1,SpeedI2,SpeedFL,SpeedST,IsPersonalBest,Compound,TyreLife,FreshTyre,Team,LapStartTime,LapStartDate,TrackStatus,Position,Deleted,DeletedReason,FastF1Generated,IsAccurate
0 days 00:17:26.863000,NOR,1,,1.0,1.0,0 days 00:15:06.027000,0 days 00:17:25.417000,,0 days 00:00:47.991000,0 days 00:00:28.662000,,0 days 00:16:58.462000,0 days 00:17:26.863000,255.0,264.0,,140.0,False,MEDIUM,1.0,True,McLaren,0 days 00:15:06.027000,,671,,False,,False,False
0 days 00:38:21.611000,NOR,1,,2.0,2.0,0 days 00:36:18.187000,,,0 days 00:00:45.227000,0 days 00:00:21.570000,,0 days 00:38:00.255000,0 days 00:38:21.709000,269.0,255.0,268.0,254.0,False,MEDIUM,2.0,False,McLaren,0 days 00:17:26.863000,,1,,False,,False,False
0 days 00:39:56.206000,NOR,1,0 days 00:01:34.595000,3.0,2.0,,,0 days 00:00:33.696000,0 days 00:00:42.133000,0 days 00:00:18.766000,0 days 00:38:55.307000,0 days 00:39:37.440000,0 days 00:39:56.206000,267.0,312.0,254.0,273.0,False,MEDIUM,3.0,False,McLaren,0 days 00:38:21.611000,,1,,True,TRACK LIMITS AT TURN 14 LAP 4 ,False,True
0 days 00:42:00.827000,NOR,1,0 days 00:02:04.621000,4.0,2.0,,,0 days 00:00:43.813000,0 days 00:00:56.858000,0 days 00:00:23.950000,0 days 00:40:40.019000,0 days 00:41:36.877000,0 days 00:42:00.827000,173.0,270.0,269.0,174.0,True,MEDIUM,4.0,False,McLaren,0 days 00:39:56.206000,,1,,False,,False,True
0 days 00:43:33.978000,NOR,1,0 days 00:01:33.151000,5.0,2.0,,,0 days 00:00:33.658000,0 days 00:00:41.167000,0 days 00:00:18.326000,0 days 00:42:34.485000,0 days 00:43:15.652000,0 days 00:43:33.978000,264.0,312.0,253.0,273.0,True,MEDIUM,5.0,False,McLaren,0 days 00:42:00.827000,,1,,False,,False,True
0 days 00:45:56.113000,NOR,1,0 days 00:02:22.135000,6.0,2.0,,,0 days 00:00:47.169000,0 days 00:01:00.130000,0 days 00:00:34.836000,0 days 00:44:21.147000,0 days 00:45:21.277000,0 days 00:45:56.113000,204.0,234.0,270.0,155.0,False,MEDIUM,6.0,False,McLaren,0 days 00:43:33.978000,,1,,False,,False,True
0 days 00:47:40.563000,NOR,1,0 days 00:01:44.450000,7.0,2.0,,,0 days 00:00:33.783000,0 days 00:00:50.633000,0 days 00:00:20.034000,0 days 00:46:29.896000,0 days 00:47:20.529000,0 days 00:47:40.563000,270.0,272.0,277.0,259.0,False,MEDIUM,7.0,False,McLaren,0 days 00:45:56.113000,,1,,False,,False,True
0 days 00:49:13.080000,NOR,1,0 days 00:01:32.517000,8.0,2.0,,,0 days 00:00:33.186000,0 days 00:00:41.156000,0 days 00:00:18.175000,0 days 00:48:13.749000,0 days 00:48:54.905000,0 days 00:49:13.080000,266.0,311.0,255.0,272.0,True,MEDIUM,8.0,False,McLaren,0 days 00:47:40.563000,,1,,False,,False,True
0 days 00:51:16.412000,NOR,1,0 days 00:02:03.332000,9.0,2.0,,,0 days 00:00:43.660000,0 days 00:00:59.129000,0 days 00:00:20.543000,0 days 00:49:56.740000,0 days 00:50:55.869000,0 days 00:51:16.412000,206.0,266.0,267.0,256.0,False,MEDIUM,9.0,False,McLaren,0 days 00:49:13.080000,,1,,False,,False,True
0 days 00:52:48.688000,NOR,1,0 days 00:01:32.276000,10.0,2.0,,,0 days 00:00:33.237000,0 days 00:00:40.939000,0 days 00:00:18.100000,0 days 00:51:49.649000,0 days 00:52:30.588000,0 days 00:52:48.688000,270.0,316.0,257.0,273.0,True,MEDIUM,10.0,False,McLaren,0 days 00:51:16.412000,,1,,False,,False,True
0 days 00:54:43.039000,NOR,1,0 days 00:01:54.351000,11.0,2.0,,0 days 00:54:41.654000,0 days 00:00:43.365000,0 days 00:00:48.711000,0 days 00:00:22.275000,0 days 00:53:32.053000,0 days 00:54:20.764000,0 days 00:54:43.039000,260.0,278.0,,260.0,False,MEDIUM,11.0,False,McLaren,0 days 00:52:48.688000,,1,,False,,False,False
0 days 01:04:12.335000,NOR,1,,12.0,3.0,0 days 01:02:25.830000,,,0 days 00:00:43.287000,0 days 00:00:24.995000,,0 days 01:03:47.481000,0 days 01:04:12.522000,260.0,283.0,250.0,249.0,False,SOFT,1.0,True,McLaren,0 days 00:54:43.039000,,1,,False,,False,False
0 days 01:06:01.491000,NOR,1,0 days 00:01:49.156000,13.0,3.0,,,0 days 00:00:35.012000,0 days 00:00:52.158000,0 days 00:00:21.986000,0 days 01:04:47.347000,0 days 01:05:39.505000,0 days 01:06:01.491000,238.0,282.0,250.0,229.0,False,SOFT,2.0,True,McLaren,0 days 01:04:12.335000,,1,,False,,False,True
0 days 01:07:33.289000,NOR,1,0 days 00:01:31.798000,14.0,3.0,,,0 days 00:00:33.176000,0 days 00:00:40.719000,0 days 00:00:17.903000,0 days 01:06:34.667000,0 days 01:07:15.386000,0 days 01:07:33.289000,269.0,318.0,261.0,277.0,True,SOFT,3.0,True,McLaren,0 days 01:06:01.491000,,1,,False,,False,True
0 days 01:09:27.565000,NOR,1,0 days 00:01:54.276000,15.0,3.0,,,0 days 00:00:43.014000,0 days 00:00:50.422000,0 days 00:00:20.840000,0 days 01:08:16.303000,0 days 01:09:06.725000,0 days 01:09:27.565000,249.0,263.0,260.0,229.0,False,SOFT,4.0,True,McLaren,0 days 01:07:33.289000,,1,,False,,False,True
0 days 01:11:01.920000,NOR,1,0 days 00:01:34.355000,16.0,3.0,,,0 days 00:00:34.361000,0 days 00:00:41.811000,0 days 00:00:18.183000,0 days 01:10:01.926000,0 days 01:10:43.737000,0 days 01:11:01.920000,268.0,315.0,280.0,276.0,False,SOFT,5.0,True,McLaren,0 days 01:09:27.565000,,1,,False,,False,True
0 days 01:12:36.426000,NOR,1,0 days 00:01:34.506000,17.0,3.0,,,0 days 00:00:34.452000,0 days 00:00:41.776000,0 days 00:00:18.278000,0 days 01:11:36.372000,0 days 01:12:18.148000,0 days 01:12:36.426000,258.0,317.0,284.0,281.0,False,SOFT,6.0,True,McLaren,0 days 01:11:01.920000,,1,,False,,False,True
0 days 01:14:10.152000,NOR,1,0 days 00:01:33.726000,18.0,3.0,,,0 days 00:00:33.962000,0 days 00:00:41.641000,0 days 00:00:18.123000,0 days 01:13:10.388000,0 days 01:13:52.029000,0 days 01:14:10.152000,260.0,318.0,280.0,279.0,False,SOFT,7.0,True,McLaren,0 days 01:12:36.426000,,1,,False,,False,True
0 days 01:15:44.117000,NOR,1,0 days 00:01:33.965000,19.0,3.0,,,0 days 00:00:34.101000,0 days 00:00:41.789000,0 days 00:00:18.075000,0 days 01:14:44.253000,0 days 01:15:26.042000,0 days 01:15:44.117000,259.0,314.0,279.0,276.0,False,SOFT,8.0,True,McLaren,0 days 01:14:10.152000,,1,,False,,False,True
0 days 01:17:52.375000,NOR,1,0 days 00:02:08.258000,20.0,3.0,,0 days 01:17:50.982000,0 days 00:00:43.567000,0 days 00:00:55.643000,0 days 00:00:29.048000,0 days 01:16:27.684000,0 days 01:17:23.327000,0 days 01:17:52.375000,217.0,201.0,,188.0,False,SOFT,9.0,True,McLaren,0 days 01:15:44.117000,,1,,False,,False,False
0 days 00:18:32.418000,VER,3,,1.0,1.0,0 days 00:16:33.191000,,,0 days 00:00:55.171000,0 days 00:00:27.834000,,0 days 00:18:04.772000,0 days 00:18:32.531000,242.0,83.0,266.0,233.0,False,MEDIUM,1.0,True,Red Bull Racing,0 days 00:16:33.191000,,1,,False,,False,False
0 days 00:20:06.507000,VER,3,0 days 00:01:34.089000,2.0,1.0,,,0 days 00:00:34.236000,0 days 00:00:41.805000,0 days 00:00:18.048000,0 days 00:19:06.654000,0 days 00:19:48.459000,0 days 00:20:06.507000,269.0,337.0,270.0,290.0,True,MEDIUM,2.0,True,Red Bull Racing,0 days 00:18:32.418000,,1,,False,,False,True
0 days 00:22:03.743000,VER,3,0 days 00:01:57.236000,3.0,1.0,,,0 days 00:00:45.614000,0 days 00:00:50.459000,0 days 00:00:21.163000,0 days 00:20:52.121000,0 days 00:21:42.580000,0 days 00:22:03.743000,233.0,274.0,270.0,236.0,False,MEDIUM,3.0,True,Red Bull Racing,0 days 00:20:06.507000,,1,,False,,False,True
0 days 00:23:37.105000,VER,3,0 days 00:01:33.362000,4.0,1.0,,,0 days 00:00:33.611000,0 days 00:00:41.768000,0 days 00:00:17.983000,0 days 00:22:37.354000,0 days 00:23:19.122000,0 days 00:23:37.105000,270.0,331.0,261.0,287.0,True,MEDIUM,4.0,True,Red Bull Racing,0 days 00:22:03.743000,,1,,False,,False,True
0 days 00:25:31.216000,VER,3,0 days 00:01:54.111000,5.0,1.0,,0 days 00:25:29.973000,0 days 00:00:41.522000,0 days 00:00:48.592000,0 days 00:00:23.997000,0 days 00:24:18.627000,0 days 00:25:07.219000,0 days 00:25:31.216000,239.0,274.0,,250.0,False,MEDIUM,5.0,True,Red Bull Racing,0 days 00:23:37.105000,,1,,False,,False,False
0 days 00:27:59.885000,VER,3,0 days 00:02:28.669000,6.0,2.0,0 days 00:26:12.590000,,0 days 00:01:21.516000,0 days 00:00:45.821000,0 days 00:00:21.332000,0 days 00:26:52.732000,0 days 00:27:38.553000,0 days 00:27:59.885000,250.0,266.0,268.0,255.0,False,MEDIUM,6.0,False,Red Bull Racing,0 days 00:25:31.216000,,1,,False,,False,False
0 days 00:29:33.177000,VER,3,0 days 00:01:33.292000,7.0,2.0,,,0 days 00:00:33.869000,0 days 00:00:41.380000,0 days 00:00:18.043000,0 days 00:28:33.754000,0 days 00:29:15.134000,0 days 00:29:33.177000,270.0,330.0,269.0,285.0,True,MEDIUM,7.0,False,Red Bull Racing,0 days 00:27:59.885000,,1,,False,,False,True
0 days 00:31:23.415000,VER,3,0 days 00:01:50.238000,8.0,2.0,,0 days 00:31:22.129000,0 days 00:00:39.606000,0 days 00:00:47.127000,0 days 00:00:23.505000,0 days 00:30:12.783000,0 days 00:30:59.910000,0 days 00:31:23.415000,241.0,278.0,,255.0,False,MEDIUM,8.0,False,Red Bull Racing,0 days 00:29:33.177000,,1,,False,,False,False
0 days 00:42:52.220000,VER,3,,9.0,3.0,0 days 00:41:07.916000,,,0 days 00:00:46.301000,0 days 00:00:21.969000,,0 days 00:42:30.470000,0 days 00:42:52.270000,247.0,218.0,268.0,245.0,False,SOFT,1.0,True,Red Bull Racing,0 days 00:31:23.415000,,1,,False,,False,False
0 days 00:44:24.677000,VER,3,0 days 00:01:32.457000,10.0,3.0,,,0 days 00:00:33.292000,0 days 00:00:41.096000,0 days 00:00:18.069000,0 days 00:43:25.512000,0 days 00:44:06.608000,0 days 00:44:24.677000,272.0,322.0,268.0,279.0,True,SOFT,2.0,True,Red Bull Racing,0 days 00:42:52.220000,,1,,False,,False,True
0 days 00:46:23.605000,VER,3,0 days 00:01:58.928000,11.0,3.0,,0 days 00:46:22.352000,0 days 00:00:45.368000,0 days 00:00:50.862000,0 days 00:00:22.698000,0 days 00:45:10.045000,0 days 00:46:00.907000,0 days 00:46:23.605000,239.0,279.0,,261.0,False,SOFT,3.0,True,Red Bull Racing,0 days 00:44:24.677000,,1,,False,,False,False
0 days 00:48:50.417000,VER,3,0 days 00:02:26.812000,12.0,4.0,0 days 00:47:03.476000,,0 days 00:01:16.365000,0 days 00:00:46.231000,0 days 00:00:24.216000,0 days 00:47:39.970000,0 days 00:48:26.201000,0 days 00:48:50.417000,250.0,258.0,269.0,172.0,False,SOFT,4.0,False,Red Bull Racing,0 days 00:46:23.605000,,1,,False,,False,False
0 days 00:50:23.157000,VER,3,0 days 00:01:32.740000,13.0,4.0,,,0 days 00:00:33.433000,0 days 00:00:41.223000,0 days 00:00:18.084000,0 days 00:49:23.850000,0 days 00:50:05.073000,0 days 00:50:23.157000,275.0,322.0,261.0,278.0,False,SOFT,5.0,False,Red Bull Racing,0 days 00:48:50.417000,,1,,False,,False,True
0 days 00:52:10.548000,VER,3,0 days 00:01:47.391000,14.0,4.0,,0 days 00:52:09.189000,0 days 00:00:38.648000,0 days 00:00:46.342000,0 days 00:00:22.401000,0 days 00:51:01.805000,0 days 00:51:48.147000,0 days 00:52:10.548000,244.0,276.0,,259.0,False,SOFT,6.0,False,Red Bull Racing,0 days 00:50:23.157000,,1,,False,,False,False
0 days 00:59:57.279000,VER,3,,15.0,5.0,0 days 00:57:49.921000,,,0 days 00:00:45.433000,0 days 00:00:21.628000,,0 days 00:59:35.810000,0 days 00:59:57.350000,243.0,300.0,273.0,268.0,False,MEDIUM,9.0,False,Red Bull Racing,0 days 00:52:10.548000,,1,,False,,False,False
0 days 01:01:33.881000,VER,3,0 days 00:01:36.602000,16.0,5.0,,,0 days 00:00:35.186000,0 days 00:00:43.048000,0 days 00:00:18.368000,0 days 01:00:32.465000,0 days 01:01:15.513000,0 days 01:01:33.881000,260.0,311.0,277.0,274.0,False,MEDIUM,10.0,False,Red Bull Racing,0 days 00:59:57.279000,,1,,False,,False,True
0 days 01:03:10.912000,VER,3,0 days 00:01:37.031000,17.0,5.0,,,0 days 00:00:35.222000,0 days 00:00:43.134000,0 days 00:00:18.675000,0 days 01:02:09.103000,0 days 01:02:52.237000,0 days 01:03:10.912000,260.0,307.0,275.0,272.0,False,MEDIUM,11.0,False,Red Bull Racing,0 days 01:01:33.881000,,1,,False,,False,True
0 days 01:04:47.526000,VER,3,0 days 00:01:36.614000,18.0,5.0,,,0 days 00:00:35.232000,0 days 00:00:42.890000,0 days 00:00:18.492000,0 days 01:03:46.144000,0 days 01:04:29.034000,0 days 01:04:47.526000,259.0,310.0,276.0,273.0,False,MEDIUM,12.0,False,Red Bull Racing,0 days 01:03:10.912000,,1,,False,,False,True
0 days 01:06:24.467000,VER,3,0 days 00:01:36.941000,19.0,5.0,,,0 days 00:00:35.209000,0 days 00:00:43.379000,0 days 00:00:18.353000,0 days 01:05:22.735000,0 days 01:06:06.114000,0 days 01:06:24.467000,262.0,308.0,275.0,273.0,False,MEDIUM,13.0,False,Red Bull Racing,0 days 01:04:47.526000,,1,,False,,False,True
0 days 01:08:00.914000,VER,3,0 days 00:01:36.447000,20.0,5.0,,,0 days 00:00:35.362000,0 days 00:00:42.812000,0 days 00:00:18.273000,0 days 01:06:59.829000,0 days 01:07:42.641000,0 days 01:08:00.914000,262.0,313.0,275.0,277.0,False,MEDIUM,14.0,False,Red Bull Racing,0 days 01:06:24.467000,,1,,False,,False,True
0 days 01:09:37.230000,VER,3,0 days 00:01:36.316000,21.0,5.0,,,0 days 00:00:35.359000,0 days 00:00:42.683000,0 days 00:00:18.274000,0 days 01:08:36.273000,0 days 01:09:18.956000,0 days 01:09:37.230000,266.0,313.0,276.0,275.0,False,MEDIUM,15.0,False,Red Bull Racing,0 days 01:08:00.914000,,1,,False,,False,True
0 days 01:11:14.928000,VER,3,0 days 00:01:37.698000,22.0,5.0,,,0 days 00:00:35.339000,0 days 00:00:43.774000,0 days 00:00:18.585000,0 days 01:10:12.569000,0 days 01:10:56.343000,0 days 01:11:14.928000,262.0,317.0,273.0,277.0,False,MEDIUM,16.0,False,Red Bull Racing,0 days 01:09:37.230000,,1,,True,TRACK LIMITS AT TURN 13 LAP 23 ,False,True
0 days 01:12:51.688000,VER,3,0 days 00:01:36.760000,23.0,5.0,,,0 days 00:00:35.584000,0 days 00:00:42.779000,0 days 00:00:18.397000,0 days 01:11:50.512000,0 days 01:12:33.291000,0 days 01:12:51.688000,260.0,300.0,259.0,278.0,False,MEDIUM,17.0,False,Red Bull Racing,0 days 01:11:14.928000,,1,,False,,False,True
0 days 01:14:28.527000,VER,3,0 days 00:01:36.839000,24.0,5.0,,,0 days 00:00:35.758000,0 days 00:00:42.697000,0 days 00:00:18.384000,0 days 01:13:27.446000,0 days 01:14:10.143000,0 days 01:14:28.527000,262.0,313.0,278.0,276.0,False,MEDIUM,18.0,False,Red Bull Racing,0 days 01:12:51.688000,,1,,False,,False,True
0 days 01:16:04.935000,VER,3,0 days 00:01:36.408000,25.0,5.0,,,0 days 00:00:35.277000,0 days 00:00:42.879000,0 days 00:00:18.252000,0 days 01:15:03.804000,0 days 01:15:46.683000,0 days 01:16:04.935000,266.0,311.0,276.0,273.0,False,MEDIUM,19.0,False,Red Bull Racing,0 days 01:14:28.527000,,1,,False,,False,True
0 days 01:18:04.349000,VER,3,0 days 00:01:59.414000,26.0,5.0,,,0 days 00:00:43.939000,0 days 00:00:47.226000,0 days 00:00:28.249000,0 days 01:16:48.874000,0 days 01:17:36.100000,0 days 01:18:04.349000,198.0,254.0,86.0,219.0,False,MEDIUM,20.0,False,Red Bull Racing,0 days 01:16:04.935000,,1,,False,,False,True
0 days 01:20:45.343000,VER,3,,27.0,5.0,,0 days 01:20:43.794000,0 days 00:01:32.187000,0 days 00:00:46.807000,0 days 00:00:21.904000,0 days 01:19:36.664000,0 days 01:20:23.468000,0 days 01:20:45.343000,247.0,274.0,,261.0,False,MEDIUM,21.0,False,Red Bull Racing,0 days 01:18:04.349000,,1,,False,,False,False
0 days 00:17:19.388000,BOR,5,,1.0,1.0,0 days 00:14:41.042000,0 days 00:17:17.927000,,0 days 00:00:57.370000,0 days 00:00:27.980000,,0 days 00:16:51.540000,0 days 00:17:19.388000,237.0,171.0,,218.0,False,HARD,1.0,True,Audi,0 days 00:14:41.042000,,671,,False,,False,False
0 days 00:20:42.060000,BOR,5,,2.0,2.0,0 days 00:18:37.068000,0 days 00:20:40.360000,,0 days 00:00:55.287000,0 days 00:00:26.065000,,0 days 00:20:16.138000,0 days 00:20:42.060000,239.0,219.0,,218.0,False,HARD,2.0,False,Audi,0 days 00:17:19.388000,,1,,False,,False,False
0 days 00:29:49.480000,BOR,5,,3.0,3.0,0 days 00:27:48.585000,,,0 days 00:00:55.639000,0 days 00:00:23.873000,,0 days 00:29:25.899000,0 days 00:29:49.663000,218.0,218.0,218.0,218.0,False,HARD,3.0,False,Audi,0 days 00:20:42.060000,,1,,False,,False,False
0 days 00:31:46.959000,BOR,5,0 days 00:01:57.479000,4.0,3.0,,,0 days 00:00:42.128000,0 days 00:00:51.431000,0 days 00:00:23.920000,0 days 00:30:31.608000,0 days 00:31:23.039000,0 days 00:31:46.959000,256.0,263.0,258.0,228.0,True,HARD,4.0,False,Audi,0 days 00:29:49.480000,,1,,False,,False,True
0 days 00:33:24.403000,BOR,5,0 days 00:01:37.444000,5.0,3.0,,,0 days 00:00:35.682000,0 days 00:00:42.778000,0 days 00:00:18.984000,0 days 00:32:22.641000,0 days 00:33:05.419000,0 days 00:33:24.403000,276.0,316.0,262.0,272.0,True,HARD,5.0,False,Audi,0 days 00:31:46.959000,,1,,False,,False,True
0 days 00:35:15.464000,BOR,5,0 days 00:01:51.061000,6.0,3.0,,,0 days 00:00:42.294000,0 days 00:00:46.684000,0 days 00:00:22.083000,0 days 00:34:06.697000,0 days 00:34:53.381000,0 days 00:35:15.464000,278.0,255.0,262.0,221.0,False,HARD,6.0,False,Audi,0 days 00:33:24.403000,,1,,False,,False,True
0 days 00:36:50.473000,BOR,5,0 days 00:01:35.009000,7.0,3.0,,,0 days 00:00:34.521000,0 days 00:00:41.968000,0 days 00:00:18.520000,0 days 00:35:49.985000,0 days 00:36:31.953000,0 days 00:36:50.473000,276.0,310.0,264.0,283.0,True,HARD,7.0,False,Audi,0 days 00:35:15.464000,,1,,False,,False,True
0 days 00:38:48.635000,BOR,5,0 days 00:01:58.162000,8.0,3.0,,,0 days 00:00:43.416000,0 days 00:00:48.430000,0 days 00:00:26.316000,0 days 00:37:33.889000,0 days 00:38:22.319000,0 days 00:38:48.635000,252.0,257.0,262.0,165.0,False,HARD,8.0,False,Audi,0 days 00:36:50.473000,,1,,False,,False,True
0 days 00:40:22.479000,BOR,5,0 days 00:01:33.844000,9.0,3.0,,,0 days 00:00:34.167000,0 days 00:00:41.522000,0 days 00:00:18.155000,0 days 00:39:22.802000,0 days 00:40:04.324000,0 days 00:40:22.479000,277.0,314.0,266.0,280.0,True,HARD,9.0,False,Audi,0 days 00:38:48.635000,,1,,False,,False,True
0 days 00:42:16.481000,BOR,5,0 days 00:01:54.002000,10.0,3.0,,,0 days 00:00:43.489000,0 days 00:00:47.252000,0 days 00:00:23.261000,0 days 00:41:05.968000,0 days 00:41:53.220000,0 days 00:42:16.481000,261.0,256.0,260.0,223.0,False,HARD,10.0,False,Audi,0 days 00:40:22.479000,,1,,False,,False,True
0 days 00:43:49.554000,BOR,5,0 days 00:01:33.073000,11.0,3.0,,,0 days 00:00:33.811000,0 days 00:00:41.082000,0 days 00:00:18.180000,0 days 00:42:50.292000,0 days 00:43:31.374000,0 days 00:43:49.554000,277.0,313.0,267.0,279.0,True,HARD,11.0,False,Audi,0 days 00:42:16.481000,,1,,False,,False,True
0 days 00:45:38.339000,BOR,5,0 days 00:01:48.785000,12.0,3.0,,0 days 00:45:36.791000,0 days 00:00:38.481000,0 days 00:00:47.129000,0 days 00:00:23.175000,0 days 00:44:28.035000,0 days 00:45:15.164000,0 days 00:45:38.339000,273.0,259.0,,250.0,False,HARD,12.0,False,Audi,0 days 00:43:49.554000,,1,,False,,False,False
0 days 00:54:51.608000,BOR,5,,13.0,4.0,0 days 00:53:00.738000,,,0 days 00:00:46.416000,0 days 00:00:23.791000,,0 days 00:54:28.010000,0 days 00:54:51.842000,274.0,260.0,242.0,224.0,False,SOFT,1.0,True,Audi,0 days 00:45:38.339000,,1,,False,,False,False
0 days 00:56:36.328000,BOR,5,0 days 00:01:44.720000,14.0,4.0,,,0 days 00:00:36.786000,0 days 00:00:46.172000,0 days 00:00:21.762000,0 days 00:55:28.394000,0 days 00:56:14.566000,0 days 00:56:36.328000,279.0,255.0,258.0,222.0,False,SOFT,2.0,True,Audi,0 days 00:54:51.608000,,1,,False,,False,True
0 days 00:58:09.374000,BOR,5,0 days 00:01:33.046000,15.0,4.0,,,0 days 00:00:33.690000,0 days 00:00:41.149000,0 days 00:00:18.207000,0 days 00:57:10.018000,0 days 00:57:51.167000,0 days 00:58:09.374000,267.0,308.0,265.0,269.0,True,SOFT,3.0,True,Audi,0 days 00:56:36.328000,,1,,False,,False,True
0 days 01:00:07.427000,BOR,5,0 days 00:01:58.053000,16.0,4.0,,,0 days 00:00:44.946000,0 days 00:00:52.200000,0 days 00:00:20.907000,0 days 00:58:54.320000,0 days 00:59:46.520000,0 days 01:00:07.427000,194.0,273.0,258.0,225.0,False,SOFT,4.0,True,Audi,0 days 00:58:09.374000,,1,,False,,False,True
0 days 01:01:40.186000,BOR,5,0 days 00:01:32.759000,17.0,4.0,,,0 days 00:00:33.494000,0 days 00:00:41.252000,0 days 00:00:18.013000,0 days 01:00:40.921000,0 days 01:01:22.173000,0 days 01:01:40.186000,273.0,311.0,264.0,279.0,True,SOFT,5.0,True,Audi,0 days 01:00:07.427000,,1,,False,,False,True
0 days 01:04:06.341000,BOR,5,0 days 00:02:26.155000,18.0,4.0,,,0 days 00:00:52.118000,0 days 00:01:05.948000,0 days 00:00:28.089000,0 days 01:02:32.304000,0 days 01:03:38.252000,0 days 01:04:06.341000,195.0,257.0,252.0,246.0,False,SOFT,6.0,True,Audi,0 days 01:01:40.186000,,1,,False,,False,True
0 days 01:05:50.511000,BOR,5,0 days 00:01:44.170000,19.0,4.0,,,0 days 00:00:37.567000,0 days 00:00:45.405000,0 days 00:00:21.198000,0 days 01:04:43.908000,0 days 01:05:29.313000,0 days 01:05:50.511000,274.0,319.0,271.0,242.0,False,SOFT,7.0,True,Audi,0 days 01:04:06.341000,,1,,False,,False,True
0 days 01:07:25.828000,BOR,5,0 days 00:01:35.317000,20.0,4.0,,,0 days 00:00:34.605000,0 days 00:00:42.437000,0 days 00:00:18.275000,0 days 01:06:25.116000,0 days 01:07:07.553000,0 days 01:07:25.828000,269.0,311.0,277.0,275.0,False,SOFT,8.0,True,Audi,0 days 01:05:50.511000,,1,,False,,False,True
0 days 01:09:00.594000,BOR,5,0 days 00:01:34.766000,21.0,4.0,,,0 days 00:00:34.058000,0 days 00:00:42.085000,0 days 00:00:18.623000,0 days 01:07:59.886000,0 days 01:08:41.971000,0 days 01:09:00.594000,266.0,325.0,279.0,286.0,False,SOFT,9.0,True,Audi,0 days 01:07:25.828000,,1,,False,,False,True
0 days 01:10:37.726000,BOR,5,0 days 00:01:37.132000,22.0,4.0,,,0 days 00:00:35.424000,0 days 00:00:43.112000,0 days 00:00:18.596000,0 days 01:09:36.018000,0 days 01:10:19.130000,0 days 01:10:37.726000,266.0,321.0,280.0,276.0,False,SOFT,10.0,True,Audi,0 days 01:09:00.594000,,1,,False,,False,True
0 days 01:12:12.357000,BOR,5,0 days 00:01:34.631000,23.0,4.0,,,0 days 00:00:34.235000,0 days 00:00:42.092000,0 days 00:00:18.304000,0 days 01:11:11.961000,0 days 01:11:54.053000,0 days 01:12:12.357000,274.0,300.0,268.0,275.0,False,SOFT,11.0,True,Audi,0 days 01:10:37.726000,,1,,False,,False,True
0 days 01:13:48.292000,BOR,5,0 days 00:01:35.935000,24.0,4.0,,,0 days 00:00:34.630000,0 days 00:00:42.984000,0 days 00:00:18.321000,0 days 01:12:46.987000,0 days 01:13:29.971000,0 days 01:13:48.292000,266.0,302.0,268.0,274.0,False,SOFT,12.0,True,Audi,0 days 01:12:12.357000,,1,,False,,False,True
0 days 01:15:23.570000,BOR,5,0 days 00:01:35.278000,25.0,4.0,,,0 days 00:00:34.694000,0 days 00:00:42.403000,0 days 00:00:18.181000,0 days 01:14:22.986000,0 days 01:15:05.389000,0 days 01:15:23.570000,260.0,305.0,276.0,276.0,False,SOFT,13.0,True,Audi,0 days 01:13:48.292000,,1,,False,,False,True
0 days 01:17:25.756000,BOR,5,0 days 00:02:02.186000,26.0,4.0,,,0 days 00:00:42.738000,0 days 00:00:50.061000,0 days 00:00:29.387000,0 days 01:16:06.308000,0 days 01:16:56.369000,0 days 01:17:25.756000,228.0,259.0,107.0,220.0,False,SOFT,14.0,True,Audi,0 days 01:15:23.570000,,1,,False,,False,True
0 days 01:20:02.832000,BOR,5,,27.0,4.0,,0 days 01:20:01.114000,0 days 00:01:15.802000,0 days 00:00:54.407000,0 days 00:00:26.698000,0 days 01:18:41.770000,0 days 01:19:36.294000,0 days 01:20:02.832000,263.0,227.0,,185.0,False,SOFT,15.0,True,Audi,0 days 01:17:25.756000,,1,,False,,False,False
0 days 00:18:24.245000,HAD,6,,1.0,1.0,0 days 00:16:21.967000,,,0 days 00:00:53.640000,0 days 00:00:26.362000,,0 days 00:17:58.072000,0 days 00:18:24.406000,234.0,166.0,257.0,241.0,False,MEDIUM,1.0,True,Red Bull Racing,0 days 00:16:21.967000,,1,,False,,False,False
0 days 00:19:58.753000,HAD,6,0 days 00:01:34.508000,2.0,1.0,,,0 days 00:00:34.383000,0 days 00:00:41.727000,0 days 00:00:18.398000,0 days 00:18:58.628000,0 days 00:19:40.355000,0 days 00:19:58.753000,268.0,335.0,270.0,290.0,True,MEDIUM,2.0,True,Red Bull Racing,0 days 00:18:24.245000,,1,,False,,False,True
0 days 00:22:11.328000,HAD,6,0 days 00:02:12.575000,3.0,1.0,,,0 days 00:00:52.815000,0 days 00:00:53.063000,0 days 00:00:26.697000,0 days 00:20:51.568000,0 days 00:21:44.631000,0 days 00:22:11.328000,205.0,213.0,259.0,235.0,False,MEDIUM,3.0,True,Red Bull Racing,0 days 00:19:58.753000,,1,,False,,False,True
0 days 00:23:45.021000,HAD,6,0 days 00:01:33.693000,4.0,1.0,,,0 days 00:00:33.734000,0 days 00:00:41.904000,0 days 00:00:18.055000,0 days 00:22:45.062000,0 days 00:23:26.966000,0 days 00:23:45.021000,272.0,332.0,274.0,289.0,True,MEDIUM,4.0,True,Red Bull Racing,0 days 00:22:11.328000,,1,,False,,False,True
0 days 00:26:12.886000,HAD,6,0 days 00:02:27.865000,5.0,1.0,,,0 days 00:00:56.151000,0 days 00:01:02.523000,0 days 00:00:29.191000,0 days 00:24:41.172000,0 days 00:25:43.695000,0 days 00:26:12.886000,164.0,242.0,262.0,94.0,False,MEDIUM,5.0,True,Red Bull Racing,0 days 00:23:45.021000,,1,,False,,False,True
0 days 00:28:05.874000,HAD,6,0 days 00:01:52.988000,6.0,1.0,,,0 days 00:00:33.971000,0 days 00:00:53.681000,0 days 00:00:25.336000,0 days 00:26:46.857000,0 days 00:27:40.538000,0 days 00:28:05.874000,268.0,260.0,265.0,150.0,False,MEDIUM,6.0,True,Red Bull Racing,0 days 00:26:12.886000,,1,,False,,False,True
0 days 00:29:38.744000,HAD,6,0 days 00:01:32.870000,7.0,1.0,,,0 days 00:00:33.689000,0 days 00:00:41.287000,0 days 00:00:17.894000,0 days 00:28:39.563000,0 days 00:29:20.850000,0 days 00:29:38.744000,266.0,333.0,266.0,288.0,True,MEDIUM,7.0,True,Red Bull Racing,0 days 00:28:05.874000,,1,,False,,False,True
0 days 00:31:44.102000,HAD,6,0 days 00:02:05.358000,8.0,1.0,,0 days 00:31:42.748000,0 days 00:00:48.144000,0 days 00:00:52.958000,0 days 00:00:24.256000,0 days 00:30:26.888000,0 days 00:31:19.846000,0 days 00:31:44.102000,242.0,266.0,,265.0,False,MEDIUM,8.0,True,Red Bull Racing,0 days 00:29:38.744000,,1,,False,,False,False
0 days 00:34:11.902000,HAD,6,0 days 00:02:27.800000,9.0,2.0,0 days 00:32:21.822000,,0 days 00:01:17.106000,0 days 00:00:48.037000,0 days 00:00:22.657000,0 days 00:33:01.208000,0 days 00:33:49.245000,0 days 00:34:11.902000,255.0,267.0,264.0,251.0,False,MEDIUM,9.0,False,Red Bull Racing,0 days 00:31:44.102000,,1,,False,,False,False
0 days 00:35:52.880000,HAD,6,0 days 00:01:40.978000,10.0,2.0,,0 days 00:35:51.519000,0 days 00:00:33.709000,0 days 00:00:41.349000,0 days 00:00:25.920000,0 days 00:34:45.611000,0 days 00:35:26.960000,0 days 00:35:52.880000,270.0,328.0,,213.0,False,MEDIUM,10.0,False,Red Bull Racing,0 days 00:34:11.902000,,1,,False,,False,False
0 days 00:44:43.706000,HAD,6,,11.0,3.0,0 days 00:42:53.265000,,,0 days 00:00:48.460000,0 days 00:00:23.069000,,0 days 00:44:20.836000,0 days 00:44:43.860000,256.0,188.0,263.0,216.0,False,SOFT,1.0,True,Red Bull Racing,0 days 00:35:52.880000,,1,,False,,False,False
0 days 00:46:16.509000,HAD,6,0 days 00:01:32.803000,12.0,3.0,,,0 days 00:00:33.491000,0 days 00:00:41.261000,0 days 00:00:18.051000,0 days 00:45:17.197000,0 days 00:45:58.458000,0 days 00:46:16.509000,268.0,320.0,274.0,278.0,True,SOFT,2.0,True,Red Bull Racing,0 days 00:44:43.706000,,1,,False,,False,True
0 days 00:48:31.988000,HAD,6,0 days 00:02:15.479000,13.0,3.0,,,0 days 00:00:52.902000,0 days 00:00:57.545000,0 days 00:00:25.032000,0 days 00:47:09.411000,0 days 00:48:06.956000,0 days 00:48:31.988000,184.0,214.0,261.0,174.0,False,SOFT,3.0,True,Red Bull Racing,0 days 00:46:16.509000,,1,,False,,False,True
0 days 00:50:04.984000,HAD,6,0 days 00:01:32.996000,14.0,3.0,,,0 days 00:00:33.601000,0 days 00:00:41.321000,0 days 00:00:18.074000,0 days 00:49:05.589000,0 days 00:49:46.910000,0 days 00:50:04.984000,269.0,324.0,267.0,280.0,False,SOFT,4.0,True,Red Bull Racing,0 days 00:48:31.988000,,1,,False,,False,True
0 days 00:52:01.390000,HAD,6,0 days 00:01:56.406000,15.0,3.0,,0 days 00:52:00.089000,0 days 00:00:44.028000,0 days 00:00:49.180000,0 days 00:00:23.198000,0 days 00:50:49.012000,0 days 00:51:38.192000,0 days 00:52:01.390000,224.0,276.0,,236.0,False,SOFT,5.0,True,Red Bull Racing,0 days 00:50:04.984000,,1,,False,,False,False
0 days 01:00:36.256000,HAD,6,,16.0,4.0,0 days 00:58:57.051000,,,0 days 00:00:43.972000,0 days 00:00:18.972000,,0 days 01:00:17.465000,0 days 01:00:36.310000,257.0,310.0,266.0,271.0,False,MEDIUM,11.0,False,Red Bull Racing,0 days 00:52:01.390000,,1,,False,,False,False
0 days 01:02:14.085000,HAD,6,0 days 00:01:37.829000,17.0,4.0,,,0 days 00:00:35.996000,0 days 00:00:43.271000,0 days 00:00:18.562000,0 days 01:01:12.252000,0 days 01:01:55.523000,0 days 01:02:14.085000,260.0,317.0,274.0,278.0,False,MEDIUM,12.0,False,Red Bull Racing,0 days 01:00:36.256000,,1,,False,,False,True
0 days 01:03:51.663000,HAD,6,0 days 00:01:37.578000,18.0,4.0,,,0 days 00:00:35.416000,0 days 00:00:43.551000,0 days 00:00:18.611000,0 days 01:02:49.501000,0 days 01:03:33.052000,0 days 01:03:51.663000,260.0,309.0,275.0,273.0,False,MEDIUM,13.0,False,Red Bull Racing,0 days 01:02:14.085000,,1,,False,,False,True
0 days 01:05:29.018000,HAD,6,0 days 00:01:37.355000,19.0,4.0,,,0 days 00:00:35.375000,0 days 00:00:43.440000,0 days 00:00:18.540000,0 days 01:04:27.038000,0 days 01:05:10.478000,0 days 01:05:29.018000,262.0,314.0,274.0,277.0,False,MEDIUM,14.0,False,Red Bull Racing,0 days 01:03:51.663000,,1,,False,,False,True
0 days 01:07:14.694000,HAD,6,0 days 00:01:45.676000,20.0,4.0,,,0 days 00:00:38.913000,0 days 00:00:48.180000,0 days 00:00:18.583000,0 days 01:06:07.931000,0 days 01:06:56.111000,0 days 01:07:14.694000,232.0,317.0,276.0,278.0,False,MEDIUM,15.0,False,Red Bull Racing,0 days 01:05:29.018000,,1,,False,,False,True
0 days 01:08:55.795000,HAD,6,0 days 00:01:41.101000,21.0,4.0,,0 days 01:08:54.414000,0 days 00:00:35.518000,0 days 00:00:43.557000,0 days 00:00:22.026000,0 days 01:07:50.212000,0 days 01:08:33.769000,0 days 01:08:55.795000,259.0,308.0,,276.0,False,MEDIUM,16.0,False,Red Bull Racing,0 days 01:07:14.694000,,1,,False,,False,False
0 days 01:11:20.348000,HAD,6,0 days 00:02:24.553000,22.0,5.0,0 days 01:09:33.993000,,0 days 00:01:13.160000,0 days 00:00:46.956000,0 days 00:00:24.437000,0 days 01:10:08.955000,0 days 01:10:55.911000,0 days 01:11:20.348000,260.0,315.0,273.0,211.0,False,MEDIUM,17.0,False,Red Bull Racing,0 days 01:08:55.795000,,1,,False,,False,False
0 days 01:12:57.997000,HAD,6,0 days 00:01:37.649000,23.0,5.0,,,0 days 00:00:35.599000,0 days 00:00:43.296000,0 days 00:00:18.754000,0 days 01:11:55.947000,0 days 01:12:39.243000,0 days 01:12:57.997000,260.0,312.0,276.0,275.0,False,MEDIUM,18.0,False,Red Bull Racing,0 days 01:11:20.348000,,1,,False,,False,True
0 days 01:14:35.125000,HAD,6,0 days 00:01:37.128000,24.0,5.0,,,0 days 00:00:35.811000,0 days 00:00:42.855000,0 days 00:00:18.462000,0 days 01:13:33.808000,0 days 01:14:16.663000,0 days 01:14:35.125000,261.0,320.0,276.0,279.0,False,MEDIUM,19.0,False,Red Bull Racing,0 days 01:12:57.997000,,1,,False,,False,True
0 days 01:16:17.773000,HAD,6,0 days 00:01:42.648000,25.0,5.0,,,0 days 00:00:38.235000,0 days 00:00:44.758000,0 days 00:00:19.655000,0 days 01:15:13.360000,0 days 01:15:58.118000,0 days 01:16:17.773000,208.0,317.0,266.0,241.0,False,MEDIUM,20.0,False,Red Bull Racing,0 days 01:14:35.125000,,1,,False,,False,True
0 days 01:18:28.659000,HAD,6,0 days 00:02:10.886000,26.0,5.0,,,0 days 00:00:46.699000,0 days 00:00:49.195000,0 days 00:00:34.992000,0 days 01:17:04.472000,0 days 01:17:53.667000,0 days 01:18:28.659000,213.0,277.0,54.0,166.0,False,MEDIUM,21.0,False,Red Bull Racing,0 days 01:16:17.773000,,1,,False,,False,True
0 days 01:21:08.204000,HAD,6,,27.0,5.0,,0 days 01:21:06.699000,0 days 00:01:33.725000,0 days 00:00:44.266000,0 days 00:00:21.526000,0 days 01:20:02.547000,0 days 01:20:46.801000,0 days 01:21:08.204000,257.0,282.0,,267.0,False,MEDIUM,22.0,False,Red Bull Racing,0 days 01:18:28.659000,,1,,False,,False,False
0 days 00:17:47.190000,GAS,10,,1.0,1.0,0 days 00:15:48.688000,,,0 days 00:00:46.379000,0 days 00:00:32.738000,,0 days 00:17:14.786000,0 days 00:17:47.405000,259.0,266.0,244.0,274.0,False,MEDIUM,1.0,True,Alpine,0 days 00:15:48.688000,,1,,False,,False,False
0 days 00:19:23.599000,GAS,10,0 days 00:01:36.409000,2.0,1.0,,,0 days 00:00:35.641000,0 days 00:00:42.395000,0 days 00:00:18.373000,0 days 00:18:22.831000,0 days 00:19:05.226000,0 days 00:19:23.599000,273.0,327.0,264.0,291.0,True,MEDIUM,2.0,True,Alpine,0 days 00:17:47.190000,,1,,False,,False,True
0 days 00:21:30.851000,GAS,10,0 days 00:02:07.252000,3.0,1.0,,,0 days 00:00:49.900000,0 days 00:00:54.122000,0 days 00:00:23.230000,0 days 00:20:13.499000,0 days 00:21:07.621000,0 days 00:21:30.851000,173.0,257.0,258.0,254.0,False,MEDIUM,3.0,True,Alpine,0 days 00:19:23.599000,,1,,False,,False,True
0 days 00:23:05.088000,GAS,10,0 days 00:01:34.237000,4.0,1.0,,,0 days 00:00:34.478000,0 days 00:00:41.625000,0 days 00:00:18.134000,0 days 00:22:05.329000,0 days 00:22:46.954000,0 days 00:23:05.088000,272.0,327.0,276.0,288.0,True,MEDIUM,4.0,True,Alpine,0 days 00:21:30.851000,,1,,False,,False,True
0 days 00:25:13.747000,GAS,10,0 days 00:02:08.659000,5.0,1.0,,0 days 00:25:12.403000,0 days 00:00:50.971000,0 days 00:00:49.617000,0 days 00:00:28.071000,0 days 00:23:56.059000,0 days 00:24:45.676000,0 days 00:25:13.747000,237.0,267.0,,206.0,False,MEDIUM,5.0,True,Alpine,0 days 00:23:05.088000,,1,,False,,False,False
0 days 00:27:35.539000,GAS,10,0 days 00:02:21.792000,6.0,2.0,0 days 00:25:41.014000,,0 days 00:01:11.017000,0 days 00:00:49.870000,0 days 00:00:20.905000,0 days 00:26:24.764000,0 days 00:27:14.634000,0 days 00:27:35.539000,262.0,267.0,261.0,264.0,False,MEDIUM,6.0,False,Alpine,0 days 00:25:13.747000,,1,,False,,False,False
0 days 00:29:09.355000,GAS,10,0 days 00:01:33.816000,7.0,2.0,,,0 days 00:00:34.267000,0 days 00:00:41.502000,0 days 00:00:18.047000,0 days 00:28:09.806000,0 days 00:28:51.308000,0 days 00:29:09.355000,274.0,326.0,270.0,285.0,True,MEDIUM,7.0,False,Alpine,0 days 00:27:35.539000,,1,,False,,False,True
0 days 00:31:16.861000,GAS,10,0 days 00:02:07.506000,8.0,2.0,,,0 days 00:00:49.554000,0 days 00:00:55.380000,0 days 00:00:22.572000,0 days 00:29:58.909000,0 days 00:30:54.289000,0 days 00:31:16.861000,211.0,251.0,260.0,248.0,False,MEDIUM,8.0,False,Alpine,0 days 00:29:09.355000,,1,,False,,False,True
0 days 00:32:50.470000,GAS,10,0 days 00:01:33.609000,9.0,2.0,,,0 days 00:00:34.281000,0 days 00:00:41.292000,0 days 00:00:18.036000,0 days 00:31:51.142000,0 days 00:32:32.434000,0 days 00:32:50.470000,276.0,325.0,274.0,283.0,True,MEDIUM,9.0,False,Alpine,0 days 00:31:16.861000,,1,,False,,False,True
0 days 00:34:48.743000,GAS,10,0 days 00:01:58.273000,10.0,2.0,,0 days 00:34:47.073000,0 days 00:00:40.138000,0 days 00:00:50.852000,0 days 00:00:27.283000,0 days 00:33:30.608000,0 days 00:34:21.460000,0 days 00:34:48.743000,240.0,239.0,,239.0,False,MEDIUM,10.0,False,Alpine,0 days 00:32:50.470000,,1,,False,,False,False
0 days 00:46:59.208000,GAS,10,,11.0,3.0,0 days 00:45:04.846000,,,0 days 00:00:45.390000,0 days 00:00:27.802000,,0 days 00:46:31.564000,0 days 00:46:59.393000,259.0,258.0,252.0,256.0,False,MEDIUM,11.0,False,Alpine,0 days 00:34:48.743000,,1,,False,,False,False
0 days 00:48:33.204000,GAS,10,0 days 00:01:33.996000,12.0,3.0,,,0 days 00:00:34.348000,0 days 00:00:41.422000,0 days 00:00:18.226000,0 days 00:47:33.556000,0 days 00:48:14.978000,0 days 00:48:33.204000,268.0,322.0,266.0,282.0,False,MEDIUM,12.0,False,Alpine,0 days 00:46:59.208000,,1,,False,,False,True
0 days 00:50:45.590000,GAS,10,0 days 00:02:12.386000,13.0,3.0,,0 days 00:50:44.116000,0 days 00:00:47.915000,0 days 00:00:55.922000,0 days 00:00:28.549000,0 days 00:49:21.119000,0 days 00:50:17.041000,0 days 00:50:45.590000,239.0,178.0,,211.0,False,MEDIUM,13.0,False,Alpine,0 days 00:48:33.204000,,1,,False,,False,False
0 days 00:53:03.207000,GAS,10,0 days 00:02:17.617000,14.0,4.0,0 days 00:51:20.510000,,0 days 00:01:10.736000,0 days 00:00:45.483000,0 days 00:00:21.398000,0 days 00:51:56.326000,0 days 00:52:41.809000,0 days 00:53:03.207000,263.0,255.0,265.0,253.0,False,SOFT,1.0,True,Alpine,0 days 00:50:45.590000,,1,,False,,False,False
0 days 00:54:36.185000,GAS,10,0 days 00:01:32.978000,15.0,4.0,,,0 days 00:00:33.351000,0 days 00:00:41.588000,0 days 00:00:18.039000,0 days 00:53:36.558000,0 days 00:54:18.146000,0 days 00:54:36.185000,270.0,313.0,271.0,277.0,True,SOFT,2.0,True,Alpine,0 days 00:53:03.207000,,1,,False,,False,True
0 days 00:57:17.523000,GAS,10,,16.0,4.0,,,0 days 00:01:04.156000,0 days 00:01:14.305000,0 days 00:00:22.900000,0 days 00:55:40.618000,0 days 00:56:54.623000,0 days 00:57:17.696000,105.0,241.0,265.0,236.0,False,SOFT,3.0,True,Alpine,0 days 00:54:36.185000,,1,,False,,False,False
0 days 00:58:54.426000,GAS,10,0 days 00:01:36.903000,17.0,4.0,,0 days 00:58:53.071000,0 days 00:00:34.077000,0 days 00:00:41.435000,0 days 00:00:21.391000,0 days 00:57:51.600000,0 days 00:58:33.035000,0 days 00:58:54.426000,270.0,315.0,,277.0,False,SOFT,4.0,True,Alpine,0 days 00:57:17.523000,,1,,False,,False,False
0 days 01:07:21.962000,GAS,10,,18.0,5.0,0 days 01:05:18.514000,,,0 days 00:00:44.513000,0 days 00:00:19.341000,,0 days 01:07:02.682000,0 days 01:07:22.017000,257.0,294.0,266.0,271.0,False,MEDIUM,14.0,False,Alpine,0 days 00:58:54.426000,,1,,False,,False,False
0 days 01:09:00.234000,GAS,10,0 days 00:01:38.272000,19.0,5.0,,,0 days 00:00:36.119000,0 days 00:00:42.762000,0 days 00:00:19.391000,0 days 01:07:58.081000,0 days 01:08:40.843000,0 days 01:09:00.234000,259.0,320.0,269.0,284.0,False,MEDIUM,15.0,False,Alpine,0 days 01:07:21.962000,,1,,False,,False,True
0 days 01:10:37.601000,GAS,10,0 days 00:01:37.367000,20.0,5.0,,,0 days 00:00:35.775000,0 days 00:00:43.021000,0 days 00:00:18.571000,0 days 01:09:36.009000,0 days 01:10:19.030000,0 days 01:10:37.601000,257.0,311.0,276.0,276.0,False,MEDIUM,16.0,False,Alpine,0 days 01:09:00.234000,,1,,False,,False,True
0 days 01:12:15.909000,GAS,10,0 days 00:01:38.308000,21.0,5.0,,,0 days 00:00:36.732000,0 days 00:00:43.011000,0 days 00:00:18.565000,0 days 01:11:14.333000,0 days 01:11:57.344000,0 days 01:12:15.909000,256.0,309.0,278.0,277.0,False,MEDIUM,17.0,False,Alpine,0 days 01:10:37.601000,,1,,False,,False,True
0 days 01:13:53.369000,GAS,10,0 days 00:01:37.460000,22.0,5.0,,,0 days 00:00:35.734000,0 days 00:00:43.036000,0 days 00:00:18.690000,0 days 01:12:51.643000,0 days 01:13:34.679000,0 days 01:13:53.369000,256.0,318.0,279.0,281.0,False,MEDIUM,18.0,False,Alpine,0 days 01:12:15.909000,,1,,False,,False,True
0 days 01:15:31.661000,GAS,10,0 days 00:01:38.292000,23.0,5.0,,,0 days 00:00:36.258000,0 days 00:00:43.421000,0 days 00:00:18.613000,0 days 01:14:29.627000,0 days 01:15:13.048000,0 days 01:15:31.661000,254.0,312.0,277.0,281.0,False,MEDIUM,19.0,False,Alpine,0 days 01:13:53.369000,,1,,False,,False,True
0 days 01:17:46.628000,GAS,10,0 days 00:02:14.967000,24.0,5.0,,,0 days 00:00:44.880000,0 days 00:00:54.669000,0 days 00:00:35.418000,0 days 01:16:16.541000,0 days 01:17:11.210000,0 days 01:17:46.628000,188.0,249.0,46.0,203.0,False,MEDIUM,20.0,False,Alpine,0 days 01:15:31.661000,,1,,False,,False,True
0 days 01:20:34.562000,GAS,10,,25.0,5.0,,0 days 01:20:32.882000,0 days 00:01:21.144000,0 days 00:01:00.219000,0 days 00:00:26.511000,0 days 01:19:07.932000,0 days 01:20:08.115000,0 days 01:20:34.562000,272.0,209.0,,247.0,False,MEDIUM,21.0,False,Alpine,0 days 01:17:46.628000,,1,,False,,False,False
0 days 00:17:11.241000,PER,11,,1.0,1.0,0 days 00:15:07.403000,,,0 days 00:00:48.601000,0 days 00:00:24.992000,,0 days 00:16:46.538000,0 days 00:17:11.335000,262.0,272.0,242.0,213.0,False,MEDIUM,1.0,True,Cadillac,0 days 00:15:07.403000,,671,,False,,False,False
0 days 00:18:49.752000,PER,11,0 days 00:01:38.511000,2.0,1.0,,,0 days 00:00:35.766000,0 days 00:00:43.675000,0 days 00:00:19.070000,0 days 00:17:47.007000,0 days 00:18:30.682000,0 days 00:18:49.752000,274.0,293.0,237.0,281.0,True,MEDIUM,2.0,True,Cadillac,0 days 00:17:11.241000,,1,,False,,False,True
0 days 00:20:48.346000,PER,11,0 days 00:01:58.594000,3.0,1.0,,,0 days 00:00:42.609000,0 days 00:00:50.901000,0 days 00:00:25.084000,0 days 00:19:32.361000,0 days 00:20:23.262000,0 days 00:20:48.346000,184.0,280.0,252.0,192.0,False,MEDIUM,3.0,True,Cadillac,0 days 00:18:49.752000,,1,,False,,False,True
0 days 00:22:24.784000,PER,11,0 days 00:01:36.438000,4.0,1.0,,,0 days 00:00:35.046000,0 days 00:00:42.899000,0 days 00:00:18.493000,0 days 00:21:23.392000,0 days 00:22:06.291000,0 days 00:22:24.784000,275.0,326.0,248.0,288.0,True,MEDIUM,4.0,True,Cadillac,0 days 00:20:48.346000,,1,,False,,False,True
0 days 00:24:27.764000,PER,11,0 days 00:02:02.980000,5.0,1.0,,0 days 00:24:26.349000,0 days 00:00:49.187000,0 days 00:00:48.576000,0 days 00:00:25.217000,0 days 00:23:13.971000,0 days 00:24:02.547000,0 days 00:24:27.764000,250.0,277.0,,230.0,False,MEDIUM,5.0,True,Cadillac,0 days 00:22:24.784000,,1,,False,,False,False
0 days 00:26:51.664000,PER,11,0 days 00:02:23.900000,6.0,2.0,0 days 00:24:58.599000,,0 days 00:01:10.705000,0 days 00:00:48.244000,0 days 00:00:24.951000,0 days 00:25:38.469000,0 days 00:26:26.713000,0 days 00:26:51.664000,267.0,265.0,246.0,217.0,False,MEDIUM,6.0,False,Cadillac,0 days 00:24:27.764000,,1,,False,,False,False
0 days 00:28:27.125000,PER,11,0 days 00:01:35.461000,7.0,2.0,,,0 days 00:00:34.775000,0 days 00:00:42.213000,0 days 00:00:18.473000,0 days 00:27:26.439000,0 days 00:28:08.652000,0 days 00:28:27.125000,275.0,329.0,260.0,285.0,True,MEDIUM,7.0,False,Cadillac,0 days 00:26:51.664000,,1,,False,,False,True
0 days 00:30:29.946000,PER,11,0 days 00:02:02.821000,8.0,2.0,,0 days 00:30:28.524000,0 days 00:00:51.857000,0 days 00:00:46.827000,0 days 00:00:24.137000,0 days 00:29:18.982000,0 days 00:30:05.809000,0 days 00:30:29.946000,230.0,277.0,,267.0,False,MEDIUM,8.0,False,Cadillac,0 days 00:28:27.125000,,1,,False,,False,False
0 days 00:44:08.058000,PER,11,,9.0,3.0,0 days 00:42:23.334000,,,0 days 00:00:45.564000,0 days 00:00:23.887000,,0 days 00:43:44.359000,0 days 00:44:08.161000,273.0,270.0,251.0,208.0,False,SOFT,1.0,True,Cadillac,0 days 00:30:29.946000,,1,,False,,False,False
0 days 00:45:42.428000,PER,11,0 days 00:01:34.370000,10.0,3.0,,,0 days 00:00:34.340000,0 days 00:00:41.684000,0 days 00:00:18.346000,0 days 00:44:42.398000,0 days 00:45:24.082000,0 days 00:45:42.428000,277.0,331.0,260.0,286.0,True,SOFT,2.0,True,Cadillac,0 days 00:44:08.058000,,1,,False,,False,True
0 days 00:48:02.007000,PER,11,0 days 00:02:19.579000,11.0,3.0,,,0 days 00:00:56.906000,0 days 00:00:59.006000,0 days 00:00:23.667000,0 days 00:46:39.334000,0 days 00:47:38.340000,0 days 00:48:02.007000,224.0,271.0,252.0,202.0,False,SOFT,3.0,True,Cadillac,0 days 00:45:42.428000,,1,,False,,False,True
0 days 00:49:36.228000,PER,11,0 days 00:01:34.221000,12.0,3.0,,,0 days 00:00:34.127000,0 days 00:00:41.697000,0 days 00:00:18.397000,0 days 00:48:36.134000,0 days 00:49:17.831000,0 days 00:49:36.228000,278.0,325.0,253.0,282.0,True,SOFT,4.0,True,Cadillac,0 days 00:48:02.007000,,1,,False,,False,True
0 days 00:51:27.512000,PER,11,0 days 00:01:51.284000,13.0,3.0,,0 days 00:51:26.238000,0 days 00:00:40.971000,0 days 00:00:47.412000,0 days 00:00:22.901000,0 days 00:50:17.199000,0 days 00:51:04.611000,0 days 00:51:27.512000,270.0,271.0,,254.0,False,SOFT,5.0,True,Cadillac,0 days 00:49:36.228000,,1,,False,,False,False
0 days 01:01:07.032000,PER,11,,14.0,4.0,0 days 00:59:05.206000,,,0 days 00:00:43.351000,0 days 00:00:18.931000,,0 days 01:00:48.235000,0 days 01:01:07.044000,264.0,314.0,270.0,265.0,False,MEDIUM,9.0,False,Cadillac,0 days 00:51:27.512000,,1,,False,,False,False
0 days 01:02:45.034000,PER,11,0 days 00:01:38.002000,15.0,4.0,,,0 days 00:00:35.952000,0 days 00:00:43.182000,0 days 00:00:18.868000,0 days 01:01:42.984000,0 days 01:02:26.166000,0 days 01:02:45.034000,258.0,302.0,259.0,270.0,False,MEDIUM,10.0,False,Cadillac,0 days 01:01:07.032000,,1,,False,,False,True
0 days 01:04:23.543000,PER,11,0 days 00:01:38.509000,16.0,4.0,,,0 days 00:00:36.391000,0 days 00:00:43.264000,0 days 00:00:18.854000,0 days 01:03:21.425000,0 days 01:04:04.689000,0 days 01:04:23.543000,257.0,309.0,250.0,272.0,False,MEDIUM,11.0,False,Cadillac,0 days 01:02:45.034000,,1,,False,,False,True
0 days 01:06:02.097000,PER,11,0 days 00:01:38.554000,17.0,4.0,,,0 days 00:00:36.641000,0 days 00:00:43.283000,0 days 00:00:18.630000,0 days 01:05:00.184000,0 days 01:05:43.467000,0 days 01:06:02.097000,256.0,311.0,266.0,276.0,False,MEDIUM,12.0,False,Cadillac,0 days 01:04:23.543000,,1,,False,,False,True
0 days 01:07:50.692000,PER,11,0 days 00:01:48.595000,18.0,4.0,,0 days 01:07:48.836000,0 days 00:00:36.277000,0 days 00:00:43.456000,0 days 00:00:28.862000,0 days 01:06:38.374000,0 days 01:07:21.830000,0 days 01:07:50.692000,254.0,309.0,,275.0,False,MEDIUM,13.0,False,Cadillac,0 days 01:06:02.097000,,1,,False,,False,False
0 days 00:17:03.956000,ANT,12,,1.0,1.0,0 days 00:14:50.188000,,,0 days 00:00:48.408000,0 days 00:00:21.556000,,0 days 00:16:42.657000,0 days 00:17:04.151000,266.0,255.0,244.0,229.0,False,HARD,1.0,True,Mercedes,0 days 00:14:50.188000,,671,,False,,False,False
0 days 00:18:52.648000,ANT,12,0 days 00:01:48.692000,2.0,1.0,,,0 days 00:00:39.685000,0 days 00:00:47.107000,0 days 00:00:21.900000,0 days 00:17:43.641000,0 days 00:18:30.748000,0 days 00:18:52.648000,247.0,232.0,269.0,261.0,True,HARD,2.0,True,Mercedes,0 days 00:17:03.956000,,1,,False,,False,True
0 days 00:20:27.292000,ANT,12,0 days 00:01:34.644000,3.0,1.0,,,0 days 00:00:34.700000,0 days 00:00:41.760000,0 days 00:00:18.184000,0 days 00:19:27.348000,0 days 00:20:09.108000,0 days 00:20:27.292000,278.0,328.0,250.0,283.0,True,HARD,3.0,True,Mercedes,0 days 00:18:52.648000,,1,,False,,False,True
0 days 00:22:39.064000,ANT,12,0 days 00:02:11.772000,4.0,1.0,,,0 days 00:00:45.452000,0 days 00:01:01.366000,0 days 00:00:24.954000,0 days 00:21:12.744000,0 days 00:22:14.110000,0 days 00:22:39.064000,102.0,261.0,222.0,232.0,False,HARD,4.0,True,Mercedes,0 days 00:20:27.292000,,1,,False,,False,True
0 days 00:24:35.211000,ANT,12,0 days 00:01:56.147000,5.0,1.0,,,0 days 00:00:40.408000,0 days 00:00:48.113000,0 days 00:00:27.626000,0 days 00:23:19.472000,0 days 00:24:07.585000,0 days 00:24:35.211000,261.0,256.0,236.0,177.0,False,HARD,5.0,True,Mercedes,0 days 00:22:39.064000,,1,,False,,False,True
0 days 00:26:08.169000,ANT,12,0 days 00:01:32.958000,6.0,1.0,,,0 days 00:00:33.850000,0 days 00:00:41.170000,0 days 00:00:17.938000,0 days 00:25:09.061000,0 days 00:25:50.231000,0 days 00:26:08.169000,279.0,330.0,257.0,285.0,True,HARD,6.0,True,Mercedes,0 days 00:24:35.211000,,1,,False,,False,True
0 days 00:28:14.673000,ANT,12,0 days 00:02:06.504000,7.0,1.0,,,0 days 00:00:48.126000,0 days 00:00:48.070000,0 days 00:00:30.308000,0 days 00:26:56.295000,0 days 00:27:44.365000,0 days 00:28:14.673000,237.0,260.0,242.0,111.0,False,HARD,7.0,True,Mercedes,0 days 00:26:08.169000,,1,,False,,False,True
0 days 00:29:46.977000,ANT,12,0 days 00:01:32.304000,8.0,1.0,,,0 days 00:00:33.696000,0 days 00:00:40.703000,0 days 00:00:17.905000,0 days 00:28:48.369000,0 days 00:29:29.072000,0 days 00:29:46.977000,281.0,329.0,266.0,284.0,True,HARD,8.0,True,Mercedes,0 days 00:28:14.673000,,1,,False,,False,True
0 days 00:31:56.659000,ANT,12,0 days 00:02:09.682000,9.0,1.0,,0 days 00:31:55.308000,0 days 00:00:51.134000,0 days 00:00:54.492000,0 days 00:00:24.056000,0 days 00:30:38.111000,0 days 00:31:32.603000,0 days 00:31:56.659000,113.0,249.0,,247.0,False,HARD,9.0,True,Mercedes,0 days 00:29:46.977000,,1,,False,,False,False
0 days 00:38:56.459000,ANT,12,,10.0,2.0,0 days 00:37:10.816000,,,0 days 00:00:45.064000,0 days 00:00:23.592000,,0 days 00:38:32.935000,0 days 00:38:56.515000,256.0,252.0,245.0,253.0,False,SOFT,1.0,True,Mercedes,0 days 00:31:56.659000,,1,,False,,False,False
0 days 00:40:28.491000,ANT,12,0 days 00:01:32.032000,11.0,2.0,,,0 days 00:00:33.421000,0 days 00:00:40.680000,0 days 00:00:17.931000,0 days 00:39:29.880000,0 days 00:40:10.560000,0 days 00:40:28.491000,276.0,325.0,258.0,280.0,True,SOFT,2.0,True,Mercedes,0 days 00:38:56.459000,,1,,False,,False,True
0 days 00:42:46.700000,ANT,12,0 days 00:02:18.209000,12.0,2.0,,,0 days 00:00:46.950000,0 days 00:01:06.338000,0 days 00:00:24.921000,0 days 00:41:15.441000,0 days 00:42:21.779000,0 days 00:42:46.700000,219.0,275.0,243.0,224.0,False,SOFT,3.0,True,Mercedes,0 days 00:40:28.491000,,1,,False,,False,True
0 days 00:44:18.392000,ANT,12,0 days 00:01:31.692000,13.0,2.0,,,0 days 00:00:33.547000,0 days 00:00:40.258000,0 days 00:00:17.887000,0 days 00:43:20.247000,0 days 00:44:00.505000,0 days 00:44:18.392000,276.0,324.0,256.0,278.0,True,SOFT,4.0,True,Mercedes,0 days 00:42:46.700000,,1,,False,,False,True
0 days 00:46:38.457000,ANT,12,0 days 00:02:20.065000,14.0,2.0,,,0 days 00:00:56.973000,0 days 00:01:00.898000,0 days 00:00:22.194000,0 days 00:45:15.365000,0 days 00:46:16.263000,0 days 00:46:38.457000,127.0,260.0,243.0,229.0,False,SOFT,5.0,True,Mercedes,0 days 00:44:18.392000,,1,,False,,False,True
0 days 00:48:20.419000,ANT,12,0 days 00:01:41.962000,15.0,2.0,,0 days 00:48:18.920000,0 days 00:00:33.183000,0 days 00:00:43.263000,0 days 00:00:25.516000,0 days 00:47:11.640000,0 days 00:47:54.903000,0 days 00:48:20.419000,278.0,262.0,,216.0,False,SOFT,6.0,True,Mercedes,0 days 00:46:38.457000,,1,,False,,False,False
0 days 00:57:17.973000,ANT,12,,16.0,3.0,0 days 00:55:40.288000,,,0 days 00:00:43.290000,0 days 00:00:19.276000,,0 days 00:56:58.891000,0 days 00:57:17.998000,266.0,309.0,263.0,270.0,False,SOFT,7.0,False,Mercedes,0 days 00:48:20.419000,,1,,False,,False,False
0 days 00:58:54.137000,ANT,12,0 days 00:01:36.164000,17.0,3.0,,,0 days 00:00:35.278000,0 days 00:00:42.598000,0 days 00:00:18.288000,0 days 00:57:53.251000,0 days 00:58:35.849000,0 days 00:58:54.137000,254.0,315.0,276.0,276.0,False,SOFT,8.0,False,Mercedes,0 days 00:57:17.973000,,1,,False,,False,True
0 days 01:00:29.949000,ANT,12,0 days 00:01:35.812000,18.0,3.0,,,0 days 00:00:34.804000,0 days 00:00:42.702000,0 days 00:00:18.306000,0 days 00:59:28.941000,0 days 01:00:11.643000,0 days 01:00:29.949000,256.0,312.0,276.0,274.0,False,SOFT,9.0,False,Mercedes,0 days 00:58:54.137000,,1,,False,,False,True
0 days 01:02:07.310000,ANT,12,0 days 00:01:37.361000,19.0,3.0,,,0 days 00:00:35.766000,0 days 00:00:42.711000,0 days 00:00:18.884000,0 days 01:01:05.715000,0 days 01:01:48.426000,0 days 01:02:07.310000,244.0,310.0,266.0,265.0,False,SOFT,10.0,False,Mercedes,0 days 01:00:29.949000,,1,,False,,False,True
0 days 01:03:44.391000,ANT,12,0 days 00:01:37.081000,20.0,3.0,,,0 days 00:00:35.187000,0 days 00:00:43.302000,0 days 00:00:18.592000,0 days 01:02:42.497000,0 days 01:03:25.799000,0 days 01:03:44.391000,255.0,301.0,275.0,269.0,False,SOFT,11.0,False,Mercedes,0 days 01:02:07.310000,,1,,False,,False,True
0 days 01:05:19.953000,ANT,12,0 days 00:01:35.562000,21.0,3.0,,,0 days 00:00:34.786000,0 days 00:00:42.489000,0 days 00:00:18.287000,0 days 01:04:19.177000,0 days 01:05:01.666000,0 days 01:05:19.953000,256.0,313.0,276.0,276.0,False,SOFT,12.0,False,Mercedes,0 days 01:03:44.391000,,1,,False,,False,True
0 days 01:06:55.629000,ANT,12,0 days 00:01:35.676000,22.0,3.0,,,0 days 00:00:34.818000,0 days 00:00:42.492000,0 days 00:00:18.366000,0 days 01:05:54.771000,0 days 01:06:37.263000,0 days 01:06:55.629000,256.0,312.0,278.0,273.0,False,SOFT,13.0,False,Mercedes,0 days 01:05:19.953000,,1,,False,,False,True
0 days 01:08:35.550000,ANT,12,0 days 00:01:39.921000,23.0,3.0,,0 days 01:08:34.152000,0 days 00:00:34.726000,0 days 00:00:42.603000,0 days 00:00:22.592000,0 days 01:07:30.355000,0 days 01:08:12.958000,0 days 01:08:35.550000,257.0,309.0,,273.0,False,SOFT,14.0,False,Mercedes,0 days 01:06:55.629000,,1,,False,,False,False
0 days 01:16:12.098000,ANT,12,,24.0,4.0,0 days 01:13:29.779000,,,0 days 00:00:52.916000,0 days 00:00:19.874000,,0 days 01:15:52.299000,0 days 01:16:12.098000,252.0,258.0,257.0,265.0,False,HARD,10.0,False,Mercedes,0 days 01:08:35.550000,,1,,False,,False,False
0 days 01:18:18.742000,ANT,12,0 days 00:02:06.644000,25.0,4.0,,,0 days 00:00:40.093000,0 days 00:00:54.311000,0 days 00:00:32.240000,0 days 01:16:52.191000,0 days 01:17:46.502000,0 days 01:18:18.742000,212.0,206.0,81.0,197.0,False,HARD,11.0,False,Mercedes,0 days 01:16:12.098000,,1,,False,,False,True
0 days 01:20:53.602000,ANT,12,,26.0,4.0,,0 days 01:20:52.166000,0 days 00:01:29.053000,0 days 00:00:44.085000,0 days 00:00:21.784000,0 days 01:19:47.902000,0 days 01:20:32.015000,0 days 01:20:53.602000,260.0,285.0,,266.0,False,HARD,12.0,False,Mercedes,0 days 01:18:18.742000,,1,,False,,False,False
0 days 00:16:51.373000,LEC,16,,1.0,1.0,0 days 00:14:55.673000,,,0 days 00:00:48.731000,0 days 00:00:20.312000,,0 days 00:16:31.257000,0 days 00:16:51.502000,250.0,272.0,275.0,258.0,False,HARD,1.0,True,Ferrari,0 days 00:14:55.673000,,671,,False,,False,False
0 days 00:18:28.619000,LEC,16,0 days 00:01:37.246000,2.0,1.0,,,0 days 00:00:35.165000,0 days 00:00:43.232000,0 days 00:00:18.849000,0 days 00:17:26.538000,0 days 00:18:09.770000,0 days 00:18:28.619000,256.0,310.0,275.0,276.0,True,HARD,2.0,True,Ferrari,0 days 00:16:51.373000,,1,,False,,False,True
0 days 00:20:03.130000,LEC,16,0 days 00:01:34.511000,3.0,1.0,,,0 days 00:00:34.136000,0 days 00:00:42.034000,0 days 00:00:18.341000,0 days 00:19:02.755000,0 days 00:19:44.789000,0 days 00:20:03.130000,258.0,310.0,275.0,278.0,True,HARD,3.0,True,Ferrari,0 days 00:18:28.619000,,1,,False,,False,True
0 days 00:22:17.365000,LEC,16,0 days 00:02:14.235000,4.0,1.0,,,0 days 00:00:45.823000,0 days 00:01:05.517000,0 days 00:00:22.895000,0 days 00:20:48.953000,0 days 00:21:54.470000,0 days 00:22:17.365000,170.0,249.0,276.0,236.0,False,HARD,4.0,True,Ferrari,0 days 00:20:03.130000,,1,,False,,False,True
0 days 00:23:50.198000,LEC,16,0 days 00:01:32.833000,5.0,1.0,,,0 days 00:00:33.320000,0 days 00:00:41.422000,0 days 00:00:18.091000,0 days 00:22:50.685000,0 days 00:23:32.107000,0 days 00:23:50.198000,276.0,322.0,264.0,285.0,True,HARD,5.0,True,Ferrari,0 days 00:22:17.365000,,1,,False,,False,True
0 days 00:25:55.269000,LEC,16,0 days 00:02:05.071000,6.0,1.0,,,0 days 00:00:45.552000,0 days 00:00:59.850000,0 days 00:00:19.669000,0 days 00:24:35.750000,0 days 00:25:35.600000,0 days 00:25:55.269000,182.0,255.0,281.0,255.0,False,HARD,6.0,True,Ferrari,0 days 00:23:50.198000,,1,,False,,False,True
0 days 00:27:27.529000,LEC,16,0 days 00:01:32.260000,7.0,1.0,,,0 days 00:00:33.229000,0 days 00:00:40.892000,0 days 00:00:18.139000,0 days 00:26:28.498000,0 days 00:27:09.390000,0 days 00:27:27.529000,276.0,328.0,253.0,285.0,True,HARD,7.0,True,Ferrari,0 days 00:25:55.269000,,1,,False,,False,True
0 days 00:29:26.880000,LEC,16,0 days 00:01:59.351000,8.0,1.0,,0 days 00:29:25.388000,0 days 00:00:42.714000,0 days 00:00:51.070000,0 days 00:00:25.567000,0 days 00:28:10.243000,0 days 00:29:01.313000,0 days 00:29:26.880000,170.0,262.0,,201.0,False,HARD,8.0,True,Ferrari,0 days 00:27:27.529000,,1,,False,,False,False
0 days 00:39:10.280000,LEC,16,,9.0,2.0,0 days 00:37:20.244000,0 days 00:39:08.755000,,0 days 00:00:45.250000,0 days 00:00:24.997000,,0 days 00:38:45.406000,0 days 00:39:10.444000,266.0,246.0,,243.0,False,HARD,9.0,False,Ferrari,0 days 00:29:26.880000,,1,,False,,False,False
0 days 00:41:31.183000,LEC,16,0 days 00:02:20.903000,10.0,3.0,0 days 00:39:30.872000,0 days 00:41:29.673000,0 days 00:01:14.387000,0 days 00:00:42.603000,0 days 00:00:23.913000,0 days 00:40:24.667000,0 days 00:41:07.270000,0 days 00:41:31.183000,263.0,296.0,,255.0,False,HARD,10.0,False,Ferrari,0 days 00:39:10.280000,,1,,False,,False,False
0 days 00:49:09.421000,LEC,16,,11.0,4.0,0 days 00:47:20.846000,,,0 days 00:00:44.660000,0 days 00:00:22.898000,,0 days 00:48:46.820000,0 days 00:49:09.656000,266.0,269.0,276.0,193.0,False,SOFT,1.0,True,Ferrari,0 days 00:41:31.183000,,1,,False,,False,False
0 days 00:51:00.100000,LEC,16,0 days 00:01:50.679000,12.0,4.0,,,0 days 00:00:32.984000,0 days 00:00:54.483000,0 days 00:00:23.212000,0 days 00:49:42.405000,0 days 00:50:36.888000,0 days 00:51:00.100000,277.0,252.0,264.0,199.0,False,SOFT,2.0,True,Ferrari,0 days 00:49:09.421000,,1,,True,TRACK LIMITS AT TURN 9 LAP 13 ,False,True
0 days 00:52:47.913000,LEC,16,0 days 00:01:47.813000,13.0,4.0,,,0 days 00:00:33.182000,0 days 00:00:45.805000,0 days 00:00:28.826000,0 days 00:51:33.282000,0 days 00:52:19.087000,0 days 00:52:47.913000,277.0,214.0,173.0,186.0,False,SOFT,3.0,True,Ferrari,0 days 00:51:00.100000,,1,,True,TRACK LIMITS AT TURN 13 LAP 14 ,False,True
0 days 00:55:12.291000,LEC,16,0 days 00:02:24.378000,14.0,4.0,,,0 days 00:00:57.843000,0 days 00:01:05.298000,0 days 00:00:21.237000,0 days 00:53:45.756000,0 days 00:54:51.054000,0 days 00:55:12.291000,172.0,229.0,266.0,237.0,False,SOFT,4.0,True,Ferrari,0 days 00:52:47.913000,,1,,False,,False,True
0 days 00:56:57.679000,LEC,16,0 days 00:01:45.388000,15.0,4.0,,,0 days 00:00:34.540000,0 days 00:00:48.643000,0 days 00:00:22.205000,0 days 00:55:46.831000,0 days 00:56:35.474000,0 days 00:56:57.679000,271.0,259.0,268.0,251.0,False,SOFT,5.0,True,Ferrari,0 days 00:55:12.291000,,1,,False,,False,True
0 days 00:58:49.813000,LEC,16,0 days 00:01:52.134000,16.0,4.0,,,0 days 00:00:34.478000,0 days 00:00:56.156000,0 days 00:00:21.500000,0 days 00:57:32.157000,0 days 00:58:28.313000,0 days 00:58:49.813000,233.0,254.0,263.0,220.0,False,SOFT,6.0,True,Ferrari,0 days 00:56:57.679000,,1,,False,,False,True
0 days 01:00:21.768000,LEC,16,0 days 00:01:31.955000,17.0,4.0,,,0 days 00:00:33.129000,0 days 00:00:40.590000,0 days 00:00:18.236000,0 days 00:59:22.942000,0 days 01:00:03.532000,0 days 01:00:21.768000,276.0,323.0,267.0,280.0,True,SOFT,7.0,True,Ferrari,0 days 00:58:49.813000,,1,,False,,False,True
0 days 01:02:13.450000,LEC,16,0 days 00:01:51.682000,18.0,4.0,,0 days 01:02:12.245000,0 days 00:00:39.777000,0 days 00:00:45.847000,0 days 00:00:26.058000,0 days 01:01:01.545000,0 days 01:01:47.392000,0 days 01:02:13.450000,237.0,273.0,,234.0,False,SOFT,8.0,True,Ferrari,0 days 01:00:21.768000,,1,,False,,False,False
0 days 01:09:07.117000,LEC,16,,19.0,5.0,0 days 01:07:27.213000,,,0 days 00:00:42.438000,0 days 00:00:21.709000,,0 days 01:08:45.551000,0 days 01:09:07.282000,259.0,322.0,275.0,235.0,False,SOFT,9.0,False,Ferrari,0 days 01:02:13.450000,,1,,False,,False,False
0 days 01:10:42.191000,LEC,16,0 days 00:01:35.074000,20.0,5.0,,,0 days 00:00:34.541000,0 days 00:00:42.366000,0 days 00:00:18.167000,0 days 01:09:41.658000,0 days 01:10:24.024000,0 days 01:10:42.191000,255.0,319.0,278.0,282.0,False,SOFT,10.0,False,Ferrari,0 days 01:09:07.117000,,1,,False,,False,True
0 days 01:12:17.407000,LEC,16,0 days 00:01:35.216000,21.0,5.0,,,0 days 00:00:34.710000,0 days 00:00:42.349000,0 days 00:00:18.157000,0 days 01:11:16.901000,0 days 01:11:59.250000,0 days 01:12:17.407000,257.0,317.0,280.0,283.0,False,SOFT,11.0,False,Ferrari,0 days 01:10:42.191000,,1,,False,,False,True
0 days 01:13:53.587000,LEC,16,0 days 00:01:36.180000,22.0,5.0,,,0 days 00:00:35.242000,0 days 00:00:42.595000,0 days 00:00:18.343000,0 days 01:12:52.649000,0 days 01:13:35.244000,0 days 01:13:53.587000,252.0,330.0,283.0,290.0,False,SOFT,12.0,False,Ferrari,0 days 01:12:17.407000,,1,,False,,False,True
0 days 01:15:29.640000,LEC,16,0 days 00:01:36.053000,23.0,5.0,,,0 days 00:00:34.669000,0 days 00:00:42.978000,0 days 00:00:18.406000,0 days 01:14:28.256000,0 days 01:15:11.234000,0 days 01:15:29.640000,254.0,324.0,277.0,278.0,False,SOFT,13.0,False,Ferrari,0 days 01:13:53.587000,,1,,False,,False,True
0 days 01:17:17.518000,LEC,16,0 days 00:01:47.878000,24.0,5.0,,,0 days 00:00:34.921000,0 days 00:00:42.296000,0 days 00:00:30.661000,0 days 01:16:04.561000,0 days 01:16:46.857000,0 days 01:17:17.518000,258.0,310.0,70.0,265.0,False,SOFT,14.0,False,Ferrari,0 days 01:15:29.640000,,1,,False,,False,True
0 days 01:19:46.204000,LEC,16,0 days 00:02:28.686000,25.0,5.0,,0 days 01:19:44.794000,0 days 00:01:14.683000,0 days 00:00:46.464000,0 days 00:00:27.539000,0 days 01:18:32.201000,0 days 01:19:18.665000,0 days 01:19:46.204000,246.0,275.0,,181.0,False,SOFT,15.0,False,Ferrari,0 days 01:17:17.518000,,1,,False,,False,False
0 days 00:17:34.630000,STR,18,,1.0,1.0,0 days 00:15:15.618000,,,0 days 00:00:48.975000,0 days 00:00:30.810000,,0 days 00:17:04.017000,0 days 00:17:34.715000,237.0,298.0,261.0,167.0,False,HARD,1.0,True,Aston Martin,0 days 00:15:15.618000,,671,,False,,False,False
0 days 00:19:17.075000,STR,18,0 days 00:01:42.445000,2.0,1.0,,,0 days 00:00:37.090000,0 days 00:00:45.617000,0 days 00:00:19.738000,0 days 00:18:11.720000,0 days 00:18:57.337000,0 days 00:19:17.075000,248.0,304.0,269.0,269.0,True,HARD,2.0,True,Aston Martin,0 days 00:17:34.630000,,1,,False,,False,True
0 days 00:21:20.090000,STR,18,0 days 00:02:03.015000,3.0,1.0,,0 days 00:21:18.669000,0 days 00:00:36.489000,0 days 00:00:50.229000,0 days 00:00:36.297000,0 days 00:19:53.564000,0 days 00:20:43.793000,0 days 00:21:20.090000,249.0,208.0,,186.0,False,HARD,3.0,True,Aston Martin,0 days 00:19:17.075000,,1,,False,,False,False
0 days 00:34:21.447000,STR,18,,4.0,2.0,0 days 00:32:15.536000,,,0 days 00:00:51.992000,0 days 00:00:31.048000,,0 days 00:33:50.574000,0 days 00:34:21.625000,250.0,198.0,256.0,225.0,False,HARD,4.0,False,Aston Martin,0 days 00:21:20.090000,,1,,False,,False,False
0 days 00:35:59.754000,STR,18,0 days 00:01:38.307000,5.0,2.0,,,0 days 00:00:36.115000,0 days 00:00:43.551000,0 days 00:00:18.641000,0 days 00:34:57.562000,0 days 00:35:41.113000,0 days 00:35:59.754000,272.0,324.0,244.0,277.0,True,HARD,5.0,False,Aston Martin,0 days 00:34:21.447000,,1,,False,,False,True
0 days 00:38:01.070000,STR,18,0 days 00:02:01.316000,6.0,2.0,,,0 days 00:00:44.678000,0 days 00:00:51.637000,0 days 00:00:25.001000,0 days 00:36:44.432000,0 days 00:37:36.069000,0 days 00:38:01.070000,230.0,257.0,253.0,228.0,False,HARD,6.0,False,Aston Martin,0 days 00:35:59.754000,,1,,False,,False,True
0 days 00:39:38.198000,STR,18,0 days 00:01:37.128000,7.0,2.0,,,0 days 00:00:35.401000,0 days 00:00:43.187000,0 days 00:00:18.540000,0 days 00:38:36.471000,0 days 00:39:19.658000,0 days 00:39:38.198000,269.0,322.0,241.0,275.0,True,HARD,7.0,False,Aston Martin,0 days 00:38:01.070000,,1,,False,,False,True
0 days 00:41:50.420000,STR,18,0 days 00:02:12.222000,8.0,2.0,,,0 days 00:00:51.029000,0 days 00:00:54.704000,0 days 00:00:26.489000,0 days 00:40:29.227000,0 days 00:41:23.931000,0 days 00:41:50.420000,220.0,248.0,241.0,235.0,False,HARD,8.0,False,Aston Martin,0 days 00:39:38.198000,,1,,False,,False,True
0 days 00:43:27.359000,STR,18,0 days 00:01:36.939000,9.0,2.0,,,0 days 00:00:35.403000,0 days 00:00:43.133000,0 days 00:00:18.403000,0 days 00:42:25.823000,0 days 00:43:08.956000,0 days 00:43:27.359000,266.0,321.0,249.0,275.0,True,HARD,9.0,False,Aston Martin,0 days 00:41:50.420000,,1,,False,,False,True
0 days 00:45:50.192000,STR,18,0 days 00:02:22.833000,10.0,2.0,,,0 days 00:00:46.487000,0 days 00:01:03.421000,0 days 00:00:32.925000,0 days 00:44:13.846000,0 days 00:45:17.267000,0 days 00:45:50.192000,230.0,199.0,253.0,98.0,False,HARD,10.0,False,Aston Martin,0 days 00:43:27.359000,,1,,False,,False,True
0 days 00:47:54.111000,STR,18,0 days 00:02:03.919000,11.0,2.0,,0 days 00:47:52.788000,0 days 00:00:41.423000,0 days 00:00:55.699000,0 days 00:00:26.797000,0 days 00:46:31.615000,0 days 00:47:27.314000,0 days 00:47:54.111000,246.0,233.0,,231.0,False,HARD,11.0,False,Aston Martin,0 days 00:45:50.192000,,1,,False,,False,False
0 days 00:56:51.376000,STR,18,,12.0,3.0,0 days 00:55:02.077000,,,0 days 00:00:45.430000,0 days 00:00:25.248000,,0 days 00:56:26.308000,0 days 00:56:51.557000,246.0,296.0,251.0,269.0,False,HARD,12.0,False,Aston Martin,0 days 00:47:54.111000,,1,,False,,False,False
0 days 00:58:30.253000,STR,18,0 days 00:01:38.877000,13.0,3.0,,,0 days 00:00:35.839000,0 days 00:00:44.236000,0 days 00:00:18.802000,0 days 00:57:27.215000,0 days 00:58:11.451000,0 days 00:58:30.253000,253.0,302.0,271.0,265.0,False,HARD,13.0,False,Aston Martin,0 days 00:56:51.376000,,1,,False,,False,True
0 days 01:00:23.048000,STR,18,0 days 00:01:52.795000,14.0,3.0,,,0 days 00:00:35.605000,0 days 00:00:48.833000,0 days 00:00:28.357000,0 days 00:59:05.858000,0 days 00:59:54.691000,0 days 01:00:23.048000,257.0,73.0,196.0,230.0,False,HARD,14.0,False,Aston Martin,0 days 00:58:30.253000,,1,,False,,False,True
0 days 01:02:16.424000,STR,18,0 days 00:01:53.376000,15.0,3.0,,0 days 01:02:14.981000,0 days 00:00:43.515000,0 days 00:00:45.216000,0 days 00:00:24.645000,0 days 01:01:06.563000,0 days 01:01:51.779000,0 days 01:02:16.424000,253.0,277.0,,250.0,False,HARD,15.0,False,Aston Martin,0 days 01:00:23.048000,,1,,False,,False,False
0 days 01:08:48.194000,STR,18,,16.0,4.0,0 days 01:06:53.469000,,,0 days 00:00:50.962000,0 days 00:00:21.516000,,0 days 01:08:26.845000,0 days 01:08:48.260000,253.0,253.0,253.0,244.0,False,SOFT,1.0,True,Aston Martin,0 days 01:02:16.424000,,1,,False,,False,False
0 days 01:10:23.963000,STR,18,0 days 00:01:35.769000,17.0,4.0,,,0 days 00:00:34.765000,0 days 00:00:42.518000,0 days 00:00:18.486000,0 days 01:09:22.959000,0 days 01:10:05.477000,0 days 01:10:23.963000,269.0,316.0,253.0,271.0,True,SOFT,2.0,True,Aston Martin,0 days 01:08:48.194000,,1,,False,,False,True
0 days 01:12:33.010000,STR,18,0 days 00:02:09.047000,18.0,4.0,,,0 days 00:00:54.887000,0 days 00:00:50.321000,0 days 00:00:23.839000,0 days 01:11:18.850000,0 days 01:12:09.171000,0 days 01:12:33.010000,207.0,263.0,254.0,230.0,False,SOFT,3.0,True,Aston Martin,0 days 01:10:23.963000,,1,,False,,False,True
0 days 01:14:08.304000,STR,18,0 days 00:01:35.294000,19.0,4.0,,,0 days 00:00:34.508000,0 days 00:00:42.324000,0 days 00:00:18.462000,0 days 01:13:07.518000,0 days 01:13:49.842000,0 days 01:14:08.304000,271.0,308.0,252.0,270.0,True,SOFT,4.0,True,Aston Martin,0 days 01:12:33.010000,,1,,False,,False,True
0 days 01:16:26.552000,STR,18,0 days 00:02:18.248000,20.0,4.0,,,0 days 00:00:50.720000,0 days 00:00:57.971000,0 days 00:00:29.557000,0 days 01:14:59.024000,0 days 01:15:56.995000,0 days 01:16:26.552000,226.0,257.0,249.0,215.0,False,SOFT,5.0,True,Aston Martin,0 days 01:14:08.304000,,1,,False,,False,True
0 days 01:18:50.242000,STR,18,0 days 00:02:23.690000,21.0,4.0,,,0 days 00:00:39.802000,0 days 00:01:01.668000,0 days 00:00:42.220000,0 days 01:17:06.354000,0 days 01:18:08.022000,0 days 01:18:50.242000,195.0,244.0,31.0,191.0,False,SOFT,6.0,True,Aston Martin,0 days 01:16:26.552000,,1,,False,,False,True
0 days 01:22:08.869000,STR,18,,22.0,4.0,,0 days 01:22:07.044000,,0 days 00:01:03.196000,0 days 00:00:35.115000,,0 days 01:21:33.783000,0 days 01:22:08.869000,183.0,176.0,,168.0,False,SOFT,7.0,True,Aston Martin,0 days 01:18:50.242000,,1,,False,,False,False
0 days 00:18:00.205000,ALB,23,,1.0,1.0,0 days 00:15:58.302000,0 days 00:17:58.813000,,0 days 00:00:50.409000,0 days 00:00:31.304000,,0 days 00:17:29.132000,0 days 00:18:00.205000,256.0,239.0,,238.0,False,HARD,1.0,True,Williams,0 days 00:15:58.302000,,1,,False,,False,False
0 days 00:29:12.786000,ALB,23,,2.0,2.0,0 days 00:27:24.102000,,,0 days 00:00:46.649000,0 days 00:00:23.372000,,0 days 00:28:49.610000,0 days 00:29:12.856000,251.0,252.0,262.0,252.0,False,HARD,2.0,False,Williams,0 days 00:18:00.205000,,1,,False,,False,False
0 days 00:30:48.272000,ALB,23,0 days 00:01:35.486000,3.0,2.0,,,0 days 00:00:34.939000,0 days 00:00:42.144000,0 days 00:00:18.403000,0 days 00:29:47.725000,0 days 00:30:29.869000,0 days 00:30:48.272000,273.0,319.0,261.0,281.0,True,HARD,3.0,False,Williams,0 days 00:29:12.786000,,1,,False,,False,True
0 days 00:32:40.331000,ALB,23,0 days 00:01:52.059000,4.0,2.0,,,0 days 00:00:40.909000,0 days 00:00:48.294000,0 days 00:00:22.856000,0 days 00:31:29.181000,0 days 00:32:17.475000,0 days 00:32:40.331000,239.0,277.0,258.0,242.0,False,HARD,4.0,False,Williams,0 days 00:30:48.272000,,1,,False,,False,True
0 days 00:34:14.574000,ALB,23,0 days 00:01:34.243000,5.0,2.0,,,0 days 00:00:34.481000,0 days 00:00:41.508000,0 days 00:00:18.254000,0 days 00:33:14.812000,0 days 00:33:56.320000,0 days 00:34:14.574000,276.0,319.0,260.0,279.0,True,HARD,5.0,False,Williams,0 days 00:32:40.331000,,1,,False,,False,True
0 days 00:36:23.171000,ALB,23,0 days 00:02:08.597000,6.0,2.0,,,0 days 00:00:53.576000,0 days 00:00:52.075000,0 days 00:00:22.946000,0 days 00:35:08.150000,0 days 00:36:00.225000,0 days 00:36:23.171000,201.0,255.0,258.0,203.0,False,HARD,6.0,False,Williams,0 days 00:34:14.574000,,1,,False,,False,True
0 days 00:38:28.833000,ALB,23,0 days 00:02:05.662000,7.0,2.0,,,0 days 00:00:34.708000,0 days 00:01:04.279000,0 days 00:00:26.675000,0 days 00:36:57.879000,0 days 00:38:02.158000,0 days 00:38:28.833000,276.0,166.0,252.0,172.0,False,HARD,7.0,False,Williams,0 days 00:36:23.171000,,1,,False,,False,True
0 days 00:40:11.009000,ALB,23,0 days 00:01:42.176000,8.0,2.0,,,0 days 00:00:36.272000,0 days 00:00:44.355000,0 days 00:00:21.549000,0 days 00:39:05.105000,0 days 00:39:49.460000,0 days 00:40:11.009000,276.0,267.0,259.0,259.0,False,HARD,8.0,False,Williams,0 days 00:38:28.833000,,1,,False,,False,True
0 days 00:41:47.169000,ALB,23,0 days 00:01:36.160000,9.0,2.0,,,0 days 00:00:34.671000,0 days 00:00:43.049000,0 days 00:00:18.440000,0 days 00:40:45.680000,0 days 00:41:28.729000,0 days 00:41:47.169000,275.0,315.0,243.0,278.0,False,HARD,9.0,False,Williams,0 days 00:40:11.009000,,1,,False,,False,True
0 days 00:43:48.945000,ALB,23,0 days 00:02:01.776000,10.0,2.0,,,0 days 00:00:49.195000,0 days 00:00:51.789000,0 days 00:00:20.792000,0 days 00:42:36.364000,0 days 00:43:28.153000,0 days 00:43:48.945000,193.0,258.0,260.0,252.0,False,HARD,10.0,False,Williams,0 days 00:41:47.169000,,1,,False,,False,True
0 days 00:45:22.831000,ALB,23,0 days 00:01:33.886000,11.0,2.0,,,0 days 00:00:34.227000,0 days 00:00:41.410000,0 days 00:00:18.249000,0 days 00:44:23.172000,0 days 00:45:04.582000,0 days 00:45:22.831000,275.0,316.0,257.0,276.0,True,HARD,11.0,False,Williams,0 days 00:43:48.945000,,1,,False,,False,True
0 days 00:47:17.800000,ALB,23,0 days 00:01:54.969000,12.0,2.0,,,0 days 00:00:42.396000,0 days 00:00:50.953000,0 days 00:00:21.620000,0 days 00:46:05.227000,0 days 00:46:56.180000,0 days 00:47:17.800000,196.0,249.0,260.0,248.0,False,HARD,12.0,False,Williams,0 days 00:45:22.831000,,1,,False,,False,True
0 days 00:49:15.391000,ALB,23,0 days 00:01:57.591000,13.0,2.0,,0 days 00:49:14.067000,0 days 00:00:34.196000,0 days 00:00:59.029000,0 days 00:00:24.366000,0 days 00:47:51.996000,0 days 00:48:51.025000,0 days 00:49:15.391000,274.0,251.0,,247.0,False,HARD,13.0,False,Williams,0 days 00:47:17.800000,,1,,False,,False,False
0 days 00:57:43.796000,ALB,23,,14.0,3.0,0 days 00:55:59.397000,,,0 days 00:00:45.640000,0 days 00:00:21.835000,,0 days 00:57:22.209000,0 days 00:57:43.988000,261.0,276.0,259.0,266.0,False,SOFT,1.0,True,Williams,0 days 00:49:15.391000,,1,,False,,False,False
0 days 00:59:17.587000,ALB,23,0 days 00:01:33.791000,15.0,3.0,,,0 days 00:00:33.819000,0 days 00:00:41.661000,0 days 00:00:18.311000,0 days 00:58:17.615000,0 days 00:58:59.276000,0 days 00:59:17.587000,273.0,313.0,261.0,273.0,True,SOFT,2.0,True,Williams,0 days 00:57:43.796000,,1,,False,,False,True
0 days 01:01:45.065000,ALB,23,0 days 00:02:27.478000,16.0,3.0,,,0 days 00:00:56.298000,0 days 00:01:08.289000,0 days 00:00:22.891000,0 days 01:00:13.885000,0 days 01:01:22.174000,0 days 01:01:45.065000,136.0,183.0,255.0,231.0,False,SOFT,3.0,True,Williams,0 days 00:59:17.587000,,1,,False,,False,True
0 days 01:03:18.762000,ALB,23,0 days 00:01:33.697000,17.0,3.0,,,0 days 00:00:34.089000,0 days 00:00:41.333000,0 days 00:00:18.275000,0 days 01:02:19.154000,0 days 01:03:00.487000,0 days 01:03:18.762000,276.0,318.0,256.0,276.0,True,SOFT,4.0,True,Williams,0 days 01:01:45.065000,,1,,False,,False,True
0 days 01:05:23.129000,ALB,23,0 days 00:02:04.367000,18.0,3.0,,0 days 01:05:21.955000,0 days 00:00:54.473000,0 days 00:00:46.733000,0 days 00:00:23.161000,0 days 01:04:13.235000,0 days 01:04:59.968000,0 days 01:05:23.129000,182.0,258.0,,254.0,False,SOFT,5.0,True,Williams,0 days 01:03:18.762000,,1,,False,,False,False
0 days 01:07:53.257000,ALB,23,,19.0,4.0,0 days 01:05:58.827000,0 days 01:07:51.868000,0 days 00:01:15.766000,0 days 00:00:43.117000,0 days 00:00:31.127000,0 days 01:06:39.121000,0 days 01:07:22.376000,0 days 01:07:53.257000,276.0,328.0,,281.0,False,HARD,14.0,False,Williams,0 days 01:05:23.129000,,1,,False,,False,False
0 days 01:16:13.658000,ALB,23,,20.0,5.0,0 days 01:14:08.052000,,,0 days 00:00:43.599000,0 days 00:00:20.879000,,0 days 01:15:52.916000,0 days 01:16:13.658000,276.0,243.0,272.0,232.0,False,SOFT,6.0,False,Williams,0 days 01:07:53.257000,,1,,False,,False,False
0 days 01:18:17.868000,ALB,23,0 days 00:02:04.210000,21.0,5.0,,,0 days 00:00:39.165000,0 days 00:00:49.831000,0 days 00:00:35.214000,0 days 01:16:52.823000,0 days 01:17:42.654000,0 days 01:18:17.868000,223.0,236.0,62.0,214.0,False,SOFT,7.0,False,Williams,0 days 01:16:13.658000,,1,,False,,False,True
0 days 01:20:49.662000,ALB,23,,22.0,5.0,,0 days 01:20:48.072000,0 days 00:01:22.819000,0 days 00:00:47.156000,0 days 00:00:21.721000,0 days 01:19:40.785000,0 days 01:20:28.015000,0 days 01:20:49.686000,249.0,278.0,,265.0,False,SOFT,8.0,False,Williams,0 days 01:18:17.868000,,1,,False,,False,False
0 days 00:16:36.873000,HUL,27,,1.0,1.0,0 days 00:14:37.826000,0 days 00:16:35.351000,,0 days 00:00:49.353000,0 days 00:00:25.069000,,0 days 00:16:11.836000,0 days 00:16:36.873000,257.0,264.0,,259.0,False,MEDIUM,1.0,True,Audi,0 days 00:14:37.826000,,671,,False,,False,False
0 days 00:22:23.573000,HUL,27,,2.0,2.0,0 days 00:20:33.544000,,,0 days 00:00:47.075000,0 days 00:00:24.470000,,0 days 00:21:59.286000,0 days 00:22:23.655000,265.0,262.0,237.0,222.0,False,MEDIUM,2.0,False,Audi,0 days 00:16:36.873000,,1,,False,,False,False
0 days 00:23:59.298000,HUL,27,0 days 00:01:35.725000,3.0,2.0,,,0 days 00:00:34.796000,0 days 00:00:42.521000,0 days 00:00:18.408000,0 days 00:22:58.369000,0 days 00:23:40.890000,0 days 00:23:59.298000,273.0,327.0,272.0,284.0,True,MEDIUM,3.0,False,Audi,0 days 00:22:23.573000,,1,,False,,False,True
0 days 00:26:02.738000,HUL,27,0 days 00:02:03.440000,4.0,2.0,,,0 days 00:00:47.678000,0 days 00:00:51.620000,0 days 00:00:24.142000,0 days 00:24:46.976000,0 days 00:25:38.596000,0 days 00:26:02.738000,179.0,227.0,248.0,256.0,False,MEDIUM,4.0,False,Audi,0 days 00:23:59.298000,,1,,False,,False,True
0 days 00:27:37.475000,HUL,27,0 days 00:01:34.737000,5.0,2.0,,,0 days 00:00:34.333000,0 days 00:00:42.054000,0 days 00:00:18.350000,0 days 00:26:37.071000,0 days 00:27:19.125000,0 days 00:27:37.475000,270.0,323.0,266.0,281.0,True,MEDIUM,5.0,False,Audi,0 days 00:26:02.738000,,1,,False,,False,True
0 days 00:29:58.724000,HUL,27,0 days 00:02:21.249000,6.0,2.0,,,0 days 00:00:50.282000,0 days 00:01:04.015000,0 days 00:00:26.952000,0 days 00:28:27.757000,0 days 00:29:31.772000,0 days 00:29:58.724000,167.0,166.0,237.0,258.0,False,MEDIUM,6.0,False,Audi,0 days 00:27:37.475000,,1,,False,,False,True
0 days 00:31:32.803000,HUL,27,0 days 00:01:34.079000,7.0,2.0,,,0 days 00:00:34.287000,0 days 00:00:41.569000,0 days 00:00:18.223000,0 days 00:30:33.011000,0 days 00:31:14.580000,0 days 00:31:32.803000,276.0,323.0,273.0,280.0,True,MEDIUM,7.0,False,Audi,0 days 00:29:58.724000,,1,,False,,False,True
0 days 00:33:24.366000,HUL,27,0 days 00:01:51.563000,8.0,2.0,,0 days 00:33:22.795000,0 days 00:00:42.617000,0 days 00:00:45.448000,0 days 00:00:23.498000,0 days 00:32:15.420000,0 days 00:33:00.868000,0 days 00:33:24.366000,268.0,278.0,,227.0,False,MEDIUM,8.0,False,Audi,0 days 00:31:32.803000,,1,,False,,False,False
0 days 00:42:09.593000,HUL,27,,9.0,3.0,0 days 00:40:23.623000,,,0 days 00:00:46.434000,0 days 00:00:21.726000,,0 days 00:41:48.125000,0 days 00:42:09.748000,270.0,255.0,257.0,214.0,False,SOFT,1.0,True,Audi,0 days 00:33:24.366000,,1,,False,,False,False
0 days 00:43:42.670000,HUL,27,0 days 00:01:33.077000,10.0,3.0,,,0 days 00:00:33.704000,0 days 00:00:41.370000,0 days 00:00:18.003000,0 days 00:42:43.297000,0 days 00:43:24.667000,0 days 00:43:42.670000,266.0,316.0,270.0,276.0,True,SOFT,2.0,True,Audi,0 days 00:42:09.593000,,1,,False,,False,True
0 days 00:46:10.017000,HUL,27,0 days 00:02:27.347000,11.0,3.0,,,0 days 00:00:49.404000,0 days 00:01:01.707000,0 days 00:00:36.236000,0 days 00:44:32.074000,0 days 00:45:33.781000,0 days 00:46:10.017000,160.0,148.0,249.0,178.0,False,SOFT,3.0,True,Audi,0 days 00:43:42.670000,,1,,False,,False,True
0 days 00:47:42.815000,HUL,27,0 days 00:01:32.798000,12.0,3.0,,,0 days 00:00:33.803000,0 days 00:00:41.143000,0 days 00:00:17.852000,0 days 00:46:43.820000,0 days 00:47:24.963000,0 days 00:47:42.815000,273.0,318.0,267.0,278.0,True,SOFT,4.0,True,Audi,0 days 00:46:10.017000,,1,,False,,False,True
0 days 00:49:33.555000,HUL,27,0 days 00:01:50.740000,13.0,3.0,,0 days 00:49:32.013000,0 days 00:00:38.745000,0 days 00:00:46.912000,0 days 00:00:25.083000,0 days 00:48:21.560000,0 days 00:49:08.472000,0 days 00:49:33.555000,239.0,261.0,,215.0,False,SOFT,5.0,True,Audi,0 days 00:47:42.815000,,1,,False,,False,False
0 days 00:52:35.881000,HUL,27,,14.0,4.0,0 days 00:50:44.325000,,,0 days 00:00:46.890000,0 days 00:00:23.022000,,0 days 00:52:12.982000,0 days 00:52:35.903000,218.0,271.0,250.0,220.0,False,SOFT,6.0,False,Audi,0 days 00:49:33.555000,,1,,False,,False,False
0 days 00:54:08.913000,HUL,27,0 days 00:01:33.032000,15.0,4.0,,,0 days 00:00:33.936000,0 days 00:00:41.218000,0 days 00:00:17.878000,0 days 00:53:09.817000,0 days 00:53:51.035000,0 days 00:54:08.913000,265.0,323.0,267.0,281.0,False,SOFT,7.0,False,Audi,0 days 00:52:35.881000,,1,,False,,False,True
0 days 00:56:27.480000,HUL,27,0 days 00:02:18.567000,16.0,4.0,,,0 days 00:00:51.372000,0 days 00:01:03.648000,0 days 00:00:23.547000,0 days 00:55:00.285000,0 days 00:56:03.933000,0 days 00:56:27.480000,170.0,155.0,258.0,230.0,False,SOFT,8.0,False,Audi,0 days 00:54:08.913000,,1,,False,,False,True
0 days 00:58:06.790000,HUL,27,0 days 00:01:39.310000,17.0,4.0,,0 days 00:58:05.196000,0 days 00:00:33.888000,0 days 00:00:41.028000,0 days 00:00:24.394000,0 days 00:57:01.368000,0 days 00:57:42.396000,0 days 00:58:06.790000,267.0,322.0,,276.0,False,SOFT,9.0,False,Audi,0 days 00:56:27.480000,,1,,False,,False,False
0 days 01:05:25.317000,HUL,27,,18.0,5.0,0 days 01:03:35.322000,,,0 days 00:00:43.535000,0 days 00:00:18.370000,,0 days 01:05:07.116000,0 days 01:05:25.381000,271.0,316.0,277.0,276.0,False,MEDIUM,9.0,False,Audi,0 days 00:58:06.790000,,1,,False,,False,False
0 days 01:07:00.923000,HUL,27,0 days 00:01:35.606000,19.0,5.0,,,0 days 00:00:34.826000,0 days 00:00:42.425000,0 days 00:00:18.355000,0 days 01:06:00.143000,0 days 01:06:42.568000,0 days 01:07:00.923000,261.0,314.0,275.0,281.0,False,MEDIUM,10.0,False,Audi,0 days 01:05:25.317000,,1,,False,,False,True
0 days 01:08:38.683000,HUL,27,0 days 00:01:37.760000,20.0,5.0,,,0 days 00:00:35.568000,0 days 00:00:43.732000,0 days 00:00:18.460000,0 days 01:07:36.491000,0 days 01:08:20.223000,0 days 01:08:38.683000,262.0,315.0,278.0,283.0,False,MEDIUM,11.0,False,Audi,0 days 01:07:00.923000,,1,,False,,False,True
0 days 01:10:14.609000,HUL,27,0 days 00:01:35.926000,21.0,5.0,,,0 days 00:00:34.899000,0 days 00:00:42.539000,0 days 00:00:18.488000,0 days 01:09:13.582000,0 days 01:09:56.121000,0 days 01:10:14.609000,264.0,311.0,271.0,282.0,False,MEDIUM,12.0,False,Audi,0 days 01:08:38.683000,,1,,False,,False,True
0 days 01:11:51.253000,HUL,27,0 days 00:01:36.644000,22.0,5.0,,,0 days 00:00:35.381000,0 days 00:00:42.791000,0 days 00:00:18.472000,0 days 01:10:49.990000,0 days 01:11:32.781000,0 days 01:11:51.253000,258.0,312.0,271.0,281.0,False,MEDIUM,13.0,False,Audi,0 days 01:10:14.609000,,1,,False,,False,True
0 days 01:13:27.403000,HUL,27,0 days 00:01:36.150000,23.0,5.0,,,0 days 00:00:35.251000,0 days 00:00:42.555000,0 days 00:00:18.344000,0 days 01:12:26.504000,0 days 01:13:09.059000,0 days 01:13:27.403000,258.0,311.0,276.0,281.0,False,MEDIUM,14.0,False,Audi,0 days 01:11:51.253000,,1,,False,,False,True
0 days 01:15:03.469000,HUL,27,0 days 00:01:36.066000,24.0,5.0,,,0 days 00:00:35.178000,0 days 00:00:42.582000,0 days 00:00:18.306000,0 days 01:14:02.581000,0 days 01:14:45.163000,0 days 01:15:03.469000,258.0,313.0,275.0,281.0,False,MEDIUM,15.0,False,Audi,0 days 01:13:27.403000,,1,,False,,False,True
0 days 01:17:06.926000,HUL,27,0 days 00:02:03.457000,25.0,5.0,,,0 days 00:00:42.310000,0 days 00:00:51.827000,0 days 00:00:29.320000,0 days 01:15:45.779000,0 days 01:16:37.606000,0 days 01:17:06.926000,215.0,267.0,82.0,218.0,False,MEDIUM,16.0,False,Audi,0 days 01:15:03.469000,,1,,False,,False,True
0 days 01:19:39.911000,HUL,27,,26.0,5.0,,0 days 01:19:38.344000,0 days 00:01:18.943000,0 days 00:00:48.837000,0 days 00:00:25.202000,0 days 01:18:26.007000,0 days 01:19:14.795000,0 days 01:19:39.911000,218.0,218.0,,219.0,False,MEDIUM,17.0,False,Audi,0 days 01:17:06.926000,,1,,False,,False,False
0 days 00:17:58.357000,LAW,30,,1.0,1.0,0 days 00:15:59.630000,,,0 days 00:00:49.388000,0 days 00:00:28.186000,,0 days 00:17:30.484000,0 days 00:17:58.536000,246.0,241.0,262.0,185.0,False,HARD,1.0,True,Racing Bulls,0 days 00:15:59.630000,,1,,False,,False,False
0 days 00:19:35.672000,LAW,30,0 days 00:01:37.315000,2.0,1.0,,,0 days 00:00:35.115000,0 days 00:00:43.433000,0 days 00:00:18.767000,0 days 00:18:33.472000,0 days 00:19:16.905000,0 days 00:19:35.672000,254.0,319.0,278.0,279.0,True,HARD,2.0,True,Racing Bulls,0 days 00:17:58.357000,,1,,False,,False,True
0 days 00:21:11.917000,LAW,30,0 days 00:01:36.245000,3.0,1.0,,,0 days 00:00:35.059000,0 days 00:00:42.841000,0 days 00:00:18.345000,0 days 00:20:10.731000,0 days 00:20:53.572000,0 days 00:21:11.917000,259.0,314.0,280.0,279.0,True,HARD,3.0,True,Racing Bulls,0 days 00:19:35.672000,,1,,False,,False,True
0 days 00:23:17.963000,LAW,30,0 days 00:02:06.046000,4.0,1.0,,,0 days 00:00:44.889000,0 days 00:00:59.792000,0 days 00:00:21.365000,0 days 00:21:56.806000,0 days 00:22:56.598000,0 days 00:23:17.963000,217.0,259.0,267.0,231.0,False,HARD,4.0,True,Racing Bulls,0 days 00:21:11.917000,,1,,False,,False,True
0 days 00:24:51.640000,LAW,30,0 days 00:01:33.677000,5.0,1.0,,,0 days 00:00:34.280000,0 days 00:00:41.367000,0 days 00:00:18.030000,0 days 00:23:52.243000,0 days 00:24:33.610000,0 days 00:24:51.640000,267.0,333.0,276.0,286.0,True,HARD,5.0,True,Racing Bulls,0 days 00:23:17.963000,,1,,False,,False,True
0 days 00:26:43.637000,LAW,30,0 days 00:01:51.997000,6.0,1.0,,0 days 00:26:42.230000,0 days 00:00:39.867000,0 days 00:00:47.650000,0 days 00:00:24.480000,0 days 00:25:31.507000,0 days 00:26:19.157000,0 days 00:26:43.637000,239.0,260.0,,258.0,False,HARD,6.0,True,Racing Bulls,0 days 00:24:51.640000,,1,,False,,False,False
0 days 00:29:01.545000,LAW,30,0 days 00:02:17.908000,7.0,2.0,0 days 00:27:14.347000,,0 days 00:01:08.679000,0 days 00:00:48.782000,0 days 00:00:20.447000,0 days 00:27:52.316000,0 days 00:28:41.098000,0 days 00:29:01.545000,245.0,258.0,272.0,255.0,False,HARD,7.0,False,Racing Bulls,0 days 00:26:43.637000,,1,,False,,False,False
0 days 00:30:34.650000,LAW,30,0 days 00:01:33.105000,8.0,2.0,,,0 days 00:00:33.966000,0 days 00:00:41.134000,0 days 00:00:18.005000,0 days 00:29:35.511000,0 days 00:30:16.645000,0 days 00:30:34.650000,272.0,332.0,272.0,284.0,True,HARD,8.0,False,Racing Bulls,0 days 00:29:01.545000,,1,,False,,False,True
0 days 00:32:31.840000,LAW,30,0 days 00:01:57.190000,9.0,2.0,,,0 days 00:00:41.705000,0 days 00:00:54.428000,0 days 00:00:21.057000,0 days 00:31:16.355000,0 days 00:32:10.783000,0 days 00:32:31.840000,212.0,258.0,261.0,254.0,False,HARD,9.0,False,Racing Bulls,0 days 00:30:34.650000,,1,,False,,False,True
0 days 00:34:04.862000,LAW,30,0 days 00:01:33.022000,10.0,2.0,,,0 days 00:00:33.958000,0 days 00:00:41.122000,0 days 00:00:17.942000,0 days 00:33:05.798000,0 days 00:33:46.920000,0 days 00:34:04.862000,275.0,325.0,272.0,279.0,True,HARD,10.0,False,Racing Bulls,0 days 00:32:31.840000,,1,,False,,False,True
0 days 00:35:57.656000,LAW,30,0 days 00:01:52.794000,11.0,2.0,,0 days 00:35:56.367000,0 days 00:00:39.814000,0 days 00:00:48.640000,0 days 00:00:24.340000,0 days 00:34:44.676000,0 days 00:35:33.316000,0 days 00:35:57.656000,135.0,260.0,,252.0,False,HARD,11.0,False,Racing Bulls,0 days 00:34:04.862000,,1,,False,,False,False
0 days 00:44:50.056000,LAW,30,,12.0,3.0,0 days 00:43:03.072000,,,0 days 00:00:47.155000,0 days 00:00:22.477000,,0 days 00:44:27.806000,0 days 00:44:50.195000,255.0,266.0,266.0,213.0,False,SOFT,1.0,True,Racing Bulls,0 days 00:35:57.656000,,1,,False,,False,False
0 days 00:46:32.725000,LAW,30,0 days 00:01:42.669000,13.0,3.0,,,0 days 00:00:33.519000,0 days 00:00:43.061000,0 days 00:00:26.089000,0 days 00:45:23.575000,0 days 00:46:06.636000,0 days 00:46:32.725000,277.0,197.0,211.0,170.0,False,SOFT,2.0,True,Racing Bulls,0 days 00:44:50.056000,,1,,True,TRACK LIMITS AT TURN 14 LAP 14 ,False,True
0 days 00:48:44.555000,LAW,30,0 days 00:02:11.830000,14.0,3.0,,,0 days 00:00:47.164000,0 days 00:01:00.964000,0 days 00:00:23.702000,0 days 00:47:19.889000,0 days 00:48:20.853000,0 days 00:48:44.555000,199.0,262.0,264.0,258.0,False,SOFT,3.0,True,Racing Bulls,0 days 00:46:32.725000,,1,,False,,False,True
0 days 00:50:17.584000,LAW,30,0 days 00:01:33.029000,15.0,3.0,,,0 days 00:00:33.763000,0 days 00:00:41.039000,0 days 00:00:18.227000,0 days 00:49:18.318000,0 days 00:49:59.357000,0 days 00:50:17.584000,275.0,312.0,269.0,274.0,False,SOFT,4.0,True,Racing Bulls,0 days 00:48:44.555000,,1,,False,,False,True
0 days 00:52:22.260000,LAW,30,0 days 00:02:04.676000,16.0,3.0,,,0 days 00:00:44.939000,0 days 00:00:57.737000,0 days 00:00:22,0 days 00:51:02.523000,0 days 00:52:00.260000,0 days 00:52:22.260000,198.0,258.0,234.0,250.0,False,SOFT,5.0,True,Racing Bulls,0 days 00:50:17.584000,,1,,False,,False,True
0 days 00:54:21.111000,LAW,30,0 days 00:01:58.851000,17.0,3.0,,,0 days 00:00:41.769000,0 days 00:00:55.798000,0 days 00:00:21.284000,0 days 00:53:04.029000,0 days 00:53:59.827000,0 days 00:54:21.111000,246.0,258.0,264.0,238.0,False,SOFT,6.0,True,Racing Bulls,0 days 00:52:22.260000,,1,,False,,False,True
0 days 00:55:53.640000,LAW,30,0 days 00:01:32.529000,18.0,3.0,,,0 days 00:00:33.679000,0 days 00:00:40.807000,0 days 00:00:18.043000,0 days 00:54:54.790000,0 days 00:55:35.597000,0 days 00:55:53.640000,277.0,317.0,272.0,276.0,True,SOFT,7.0,True,Racing Bulls,0 days 00:54:21.111000,,1,,False,,False,True
0 days 00:57:49.155000,LAW,30,0 days 00:01:55.515000,19.0,3.0,,0 days 00:57:47.729000,0 days 00:00:39.037000,0 days 00:00:51.044000,0 days 00:00:25.434000,0 days 00:56:32.677000,0 days 00:57:23.721000,0 days 00:57:49.155000,241.0,199.0,,234.0,False,SOFT,8.0,True,Racing Bulls,0 days 00:55:53.640000,,1,,False,,False,False
0 days 01:07:30.585000,LAW,30,,20.0,4.0,0 days 01:05:53.157000,,,0 days 00:00:43.630000,0 days 00:00:18.478000,,0 days 01:07:12.256000,0 days 01:07:30.647000,267.0,309.0,273.0,274.0,False,SOFT,9.0,False,Racing Bulls,0 days 00:57:49.155000,,1,,False,,False,False
0 days 01:09:07.594000,LAW,30,0 days 00:01:37.009000,21.0,4.0,,,0 days 00:00:35.549000,0 days 00:00:42.667000,0 days 00:00:18.793000,0 days 01:08:06.134000,0 days 01:08:48.801000,0 days 01:09:07.594000,265.0,316.0,277.0,279.0,False,SOFT,10.0,False,Racing Bulls,0 days 01:07:30.585000,,1,,False,,False,True
0 days 01:10:44.405000,LAW,30,0 days 00:01:36.811000,22.0,4.0,,,0 days 00:00:35.683000,0 days 00:00:42.825000,0 days 00:00:18.303000,0 days 01:09:43.277000,0 days 01:10:26.102000,0 days 01:10:44.405000,261.0,321.0,276.0,282.0,False,SOFT,11.0,False,Racing Bulls,0 days 01:09:07.594000,,1,,False,,False,True
0 days 01:12:21.945000,LAW,30,0 days 00:01:37.540000,23.0,4.0,,,0 days 00:00:35.585000,0 days 00:00:43.399000,0 days 00:00:18.556000,0 days 01:11:19.990000,0 days 01:12:03.389000,0 days 01:12:21.945000,261.0,316.0,270.0,277.0,False,SOFT,12.0,False,Racing Bulls,0 days 01:10:44.405000,,1,,False,,False,True
0 days 01:13:59.425000,LAW,30,0 days 00:01:37.480000,24.0,4.0,,,0 days 00:00:35.743000,0 days 00:00:43.156000,0 days 00:00:18.581000,0 days 01:12:57.688000,0 days 01:13:40.844000,0 days 01:13:59.425000,264.0,313.0,267.0,277.0,False,SOFT,13.0,False,Racing Bulls,0 days 01:12:21.945000,,1,,False,,False,True
0 days 01:15:37.799000,LAW,30,0 days 00:01:38.374000,25.0,4.0,,,0 days 00:00:35.876000,0 days 00:00:43.635000,0 days 00:00:18.863000,0 days 01:14:35.301000,0 days 01:15:18.936000,0 days 01:15:37.799000,261.0,292.0,274.0,269.0,False,SOFT,14.0,False,Racing Bulls,0 days 01:13:59.425000,,1,,False,,False,True
0 days 01:18:02.397000,LAW,30,0 days 00:02:24.598000,26.0,4.0,,,0 days 00:00:43.683000,0 days 00:01:00.061000,0 days 00:00:40.854000,0 days 01:16:21.482000,0 days 01:17:21.543000,0 days 01:18:02.397000,195.0,137.0,52.0,188.0,False,SOFT,15.0,False,Racing Bulls,0 days 01:15:37.799000,,1,,False,,False,True
0 days 01:20:43.108000,LAW,30,,27.0,4.0,,0 days 01:20:41.596000,0 days 00:01:23.477000,0 days 00:00:49.337000,0 days 00:00:27.778000,0 days 01:19:26.081000,0 days 01:20:15.469000,0 days 01:20:43.108000,269.0,199.0,,216.0,False,SOFT,16.0,False,Racing Bulls,0 days 01:18:02.397000,,1,,False,,False,False
0 days 00:17:59.161000,OCO,31,,1.0,1.0,0 days 00:15:02.928000,0 days 00:17:57.664000,,0 days 00:01:13.123000,0 days 00:00:37.817000,,0 days 00:17:21.344000,0 days 00:17:59.206000,217.0,199.0,,198.0,False,HARD,1.0,True,Haas F1 Team,0 days 00:15:02.928000,,671,,False,,False,False
0 days 00:28:42.220000,OCO,31,,2.0,2.0,0 days 00:26:54.157000,,,0 days 00:00:46.672000,0 days 00:00:23.489000,,0 days 00:28:18.953000,0 days 00:28:42.403000,261.0,255.0,241.0,239.0,False,HARD,2.0,False,Haas F1 Team,0 days 00:17:59.161000,,1,,False,,False,False
0 days 00:30:19.099000,OCO,31,0 days 00:01:36.879000,3.0,2.0,,,0 days 00:00:35.780000,0 days 00:00:42.388000,0 days 00:00:18.711000,0 days 00:29:18,0 days 00:30:00.388000,0 days 00:30:19.099000,272.0,323.0,254.0,275.0,True,HARD,3.0,False,Haas F1 Team,0 days 00:28:42.220000,,1,,False,,False,True
0 days 00:32:11.787000,OCO,31,0 days 00:01:52.688000,4.0,2.0,,,0 days 00:00:38.672000,0 days 00:00:48.221000,0 days 00:00:25.795000,0 days 00:30:57.771000,0 days 00:31:45.992000,0 days 00:32:11.787000,263.0,273.0,238.0,178.0,False,HARD,4.0,False,Haas F1 Team,0 days 00:30:19.099000,,1,,False,,False,True
0 days 00:33:46.466000,OCO,31,0 days 00:01:34.679000,5.0,2.0,,,0 days 00:00:34.613000,0 days 00:00:41.731000,0 days 00:00:18.335000,0 days 00:32:46.400000,0 days 00:33:28.131000,0 days 00:33:46.466000,275.0,320.0,259.0,277.0,True,HARD,5.0,False,Haas F1 Team,0 days 00:32:11.787000,,1,,False,,False,True
0 days 00:35:49.494000,OCO,31,0 days 00:02:03.028000,6.0,2.0,,,0 days 00:00:47.601000,0 days 00:00:50.337000,0 days 00:00:25.090000,0 days 00:34:34.067000,0 days 00:35:24.404000,0 days 00:35:49.494000,210.0,271.0,249.0,244.0,False,HARD,6.0,False,Haas F1 Team,0 days 00:33:46.466000,,1,,False,,False,True
0 days 00:37:23.449000,OCO,31,0 days 00:01:33.955000,7.0,2.0,,,0 days 00:00:34.265000,0 days 00:00:41.545000,0 days 00:00:18.145000,0 days 00:36:23.759000,0 days 00:37:05.304000,0 days 00:37:23.449000,276.0,318.0,262.0,276.0,True,HARD,7.0,False,Haas F1 Team,0 days 00:35:49.494000,,1,,False,,False,True
0 days 00:39:22.257000,OCO,31,0 days 00:01:58.808000,8.0,2.0,,,0 days 00:00:46.411000,0 days 00:00:51.639000,0 days 00:00:20.758000,0 days 00:38:09.860000,0 days 00:39:01.499000,0 days 00:39:22.257000,194.0,266.0,247.0,260.0,False,HARD,8.0,False,Haas F1 Team,0 days 00:37:23.449000,,1,,False,,False,True
0 days 00:40:55.619000,OCO,31,0 days 00:01:33.362000,9.0,2.0,,,0 days 00:00:34.011000,0 days 00:00:41.277000,0 days 00:00:18.074000,0 days 00:39:56.268000,0 days 00:40:37.545000,0 days 00:40:55.619000,277.0,320.0,263.0,277.0,True,HARD,9.0,False,Haas F1 Team,0 days 00:39:22.257000,,1,,False,,False,True
0 days 00:42:49.062000,OCO,31,0 days 00:01:53.443000,10.0,2.0,,0 days 00:42:47.630000,0 days 00:00:40.867000,0 days 00:00:46.426000,0 days 00:00:26.150000,0 days 00:41:36.486000,0 days 00:42:22.912000,0 days 00:42:49.062000,263.0,277.0,,260.0,False,HARD,10.0,False,Haas F1 Team,0 days 00:40:55.619000,,1,,False,,False,False
0 days 00:53:45.251000,OCO,31,,11.0,3.0,0 days 00:51:57.216000,,,0 days 00:00:48.120000,0 days 00:00:21.552000,,0 days 00:53:23.916000,0 days 00:53:45.309000,263.0,266.0,255.0,257.0,False,SOFT,1.0,True,Haas F1 Team,0 days 00:42:49.062000,,1,,False,,False,False
0 days 00:55:17.925000,OCO,31,0 days 00:01:32.674000,12.0,3.0,,,0 days 00:00:33.392000,0 days 00:00:41.206000,0 days 00:00:18.076000,0 days 00:54:18.643000,0 days 00:54:59.849000,0 days 00:55:17.925000,278.0,320.0,263.0,278.0,True,SOFT,2.0,True,Haas F1 Team,0 days 00:53:45.251000,,1,,False,,False,True
0 days 00:57:29.959000,OCO,31,0 days 00:02:12.034000,13.0,3.0,,0 days 00:57:28.596000,0 days 00:00:47.623000,0 days 00:00:57.119000,0 days 00:00:27.292000,0 days 00:56:05.548000,0 days 00:57:02.667000,0 days 00:57:29.959000,198.0,232.0,,216.0,False,SOFT,3.0,True,Haas F1 Team,0 days 00:55:17.925000,,1,,False,,False,False
0 days 01:00:45.564000,OCO,31,,14.0,4.0,0 days 00:58:21.577000,,,0 days 00:00:51.629000,0 days 00:00:22.073000,,0 days 01:00:23.749000,0 days 01:00:45.756000,235.0,271.0,250.0,260.0,False,SOFT,4.0,False,Haas F1 Team,0 days 00:57:29.959000,,1,,False,,False,False
0 days 01:02:18.165000,OCO,31,0 days 00:01:32.601000,15.0,4.0,,,0 days 00:00:33.759000,0 days 00:00:40.923000,0 days 00:00:17.919000,0 days 01:01:19.323000,0 days 01:02:00.246000,0 days 01:02:18.165000,277.0,324.0,264.0,281.0,True,SOFT,5.0,False,Haas F1 Team,0 days 01:00:45.564000,,1,,False,,False,True
0 days 01:04:01.583000,OCO,31,0 days 00:01:43.418000,16.0,4.0,,0 days 01:04:00.319000,0 days 00:00:36.250000,0 days 00:00:45.187000,0 days 00:00:21.981000,0 days 01:02:54.415000,0 days 01:03:39.602000,0 days 01:04:01.583000,254.0,268.0,,266.0,False,SOFT,6.0,False,Haas F1 Team,0 days 01:02:18.165000,,1,,False,,False,False
0 days 01:09:14.692000,OCO,31,,17.0,5.0,0 days 01:07:38.195000,,,0 days 00:00:42.149000,0 days 00:00:19.543000,,0 days 01:08:55.319000,0 days 01:09:14.851000,263.0,316.0,268.0,277.0,False,HARD,11.0,False,Haas F1 Team,0 days 01:04:01.583000,,1,,False,,False,False
0 days 01:10:50.685000,OCO,31,0 days 00:01:35.993000,18.0,5.0,,,0 days 00:00:35.302000,0 days 00:00:42.282000,0 days 00:00:18.409000,0 days 01:09:49.994000,0 days 01:10:32.276000,0 days 01:10:50.685000,258.0,308.0,263.0,274.0,False,HARD,12.0,False,Haas F1 Team,0 days 01:09:14.692000,,1,,False,,False,True
0 days 01:12:26.839000,OCO,31,0 days 00:01:36.154000,19.0,5.0,,,0 days 00:00:35.250000,0 days 00:00:42.355000,0 days 00:00:18.549000,0 days 01:11:25.935000,0 days 01:12:08.290000,0 days 01:12:26.839000,260.0,308.0,268.0,274.0,False,HARD,13.0,False,Haas F1 Team,0 days 01:10:50.685000,,1,,False,,False,True
0 days 01:14:03.119000,OCO,31,0 days 00:01:36.280000,20.0,5.0,,,0 days 00:00:35.430000,0 days 00:00:42.388000,0 days 00:00:18.462000,0 days 01:13:02.269000,0 days 01:13:44.657000,0 days 01:14:03.119000,259.0,312.0,272.0,277.0,False,HARD,14.0,False,Haas F1 Team,0 days 01:12:26.839000,,1,,False,,False,True
0 days 01:15:39.448000,OCO,31,0 days 00:01:36.329000,21.0,5.0,,,0 days 00:00:35.353000,0 days 00:00:42.589000,0 days 00:00:18.387000,0 days 01:14:38.472000,0 days 01:15:21.061000,0 days 01:15:39.448000,257.0,312.0,275.0,278.0,False,HARD,15.0,False,Haas F1 Team,0 days 01:14:03.119000,,1,,False,,False,True
0 days 01:17:57.849000,OCO,31,0 days 00:02:18.401000,22.0,5.0,,,0 days 00:00:45.077000,0 days 00:00:56.651000,0 days 00:00:36.673000,0 days 01:16:24.525000,0 days 01:17:21.176000,0 days 01:17:57.849000,186.0,208.0,52.0,164.0,False,HARD,16.0,False,Haas F1 Team,0 days 01:15:39.448000,,1,,False,,False,True
0 days 01:20:27.510000,OCO,31,0 days 00:02:29.661000,23.0,5.0,,0 days 01:20:25.958000,0 days 00:01:18.710000,0 days 00:00:48.936000,0 days 00:00:22.015000,0 days 01:19:16.559000,0 days 01:20:05.495000,0 days 01:20:27.510000,224.0,267.0,,256.0,False,HARD,17.0,False,Haas F1 Team,0 days 01:17:57.849000,,1,,False,,False,False
0 days 00:17:02.646000,CRA,34,,1.0,1.0,0 days 00:14:52.554000,,,0 days 00:00:55.279000,0 days 00:00:25.151000,,0 days 00:16:37.495000,0 days 00:17:02.649000,246.0,185.0,252.0,198.0,False,HARD,1.0,True,Aston Martin,0 days 00:14:52.554000,,671,,False,,False,False
0 days 00:18:59.493000,CRA,34,0 days 00:01:56.847000,2.0,1.0,,0 days 00:18:58.016000,0 days 00:00:40.909000,0 days 00:00:49.751000,0 days 00:00:26.187000,0 days 00:17:43.555000,0 days 00:18:33.306000,0 days 00:18:59.493000,246.0,276.0,,230.0,False,HARD,2.0,True,Aston Martin,0 days 00:17:02.646000,,1,,False,,False,False
0 days 00:21:33.472000,CRA,34,,3.0,2.0,0 days 00:19:42.388000,,0 days 00:01:23.428000,0 days 00:00:49.534000,0 days 00:00:21.126000,0 days 00:20:23.040000,0 days 00:21:12.590000,0 days 00:21:33.617000,250.0,273.0,259.0,255.0,False,HARD,3.0,False,Aston Martin,0 days 00:18:59.493000,,1,,False,,False,False
0 days 00:23:25.371000,CRA,34,0 days 00:01:51.899000,4.0,2.0,,0 days 00:23:24.018000,0 days 00:00:38.365000,0 days 00:00:47.954000,0 days 00:00:25.580000,0 days 00:22:11.837000,0 days 00:22:59.791000,0 days 00:23:25.371000,252.0,247.0,,262.0,False,HARD,4.0,False,Aston Martin,0 days 00:21:33.472000,,1,,False,,False,False
0 days 00:46:47.764000,CRA,34,,5.0,3.0,0 days 00:44:53.715000,,,0 days 00:00:50.051000,0 days 00:00:24.120000,,0 days 00:46:23.844000,0 days 00:46:47.980000,247.0,239.0,243.0,221.0,False,HARD,5.0,False,Aston Martin,0 days 00:23:25.371000,,1,,False,,False,False
0 days 00:48:27.259000,CRA,34,0 days 00:01:39.495000,6.0,3.0,,,0 days 00:00:36.282000,0 days 00:00:44.080000,0 days 00:00:19.133000,0 days 00:47:24.046000,0 days 00:48:08.126000,0 days 00:48:27.259000,267.0,317.0,249.0,269.0,True,HARD,6.0,False,Aston Martin,0 days 00:46:47.764000,,1,,False,,False,True
0 days 00:50:35.461000,CRA,34,0 days 00:02:08.202000,7.0,3.0,,,0 days 00:00:51.834000,0 days 00:00:52.438000,0 days 00:00:23.930000,0 days 00:49:19.093000,0 days 00:50:11.531000,0 days 00:50:35.461000,244.0,223.0,248.0,218.0,False,HARD,7.0,False,Aston Martin,0 days 00:48:27.259000,,1,,False,,False,True
0 days 00:52:12.560000,CRA,34,0 days 00:01:37.099000,8.0,3.0,,,0 days 00:00:35.290000,0 days 00:00:42.949000,0 days 00:00:18.860000,0 days 00:51:10.751000,0 days 00:51:53.700000,0 days 00:52:12.560000,269.0,316.0,249.0,269.0,True,HARD,8.0,False,Aston Martin,0 days 00:50:35.461000,,1,,False,,False,True
0 days 00:54:12.864000,CRA,34,0 days 00:02:00.304000,9.0,3.0,,,0 days 00:00:45.391000,0 days 00:00:50.727000,0 days 00:00:24.186000,0 days 00:52:57.951000,0 days 00:53:48.678000,0 days 00:54:12.864000,251.0,255.0,251.0,241.0,False,HARD,9.0,False,Aston Martin,0 days 00:52:12.560000,,1,,False,,False,True
0 days 00:55:49.226000,CRA,34,0 days 00:01:36.362000,10.0,3.0,,,0 days 00:00:34.927000,0 days 00:00:42.791000,0 days 00:00:18.644000,0 days 00:54:47.791000,0 days 00:55:30.582000,0 days 00:55:49.226000,271.0,315.0,250.0,268.0,True,HARD,10.0,False,Aston Martin,0 days 00:54:12.864000,,1,,False,,False,True
0 days 00:58:05.945000,CRA,34,0 days 00:02:16.719000,11.0,3.0,,0 days 00:58:04.412000,0 days 00:00:46.055000,0 days 00:01:01.660000,0 days 00:00:29.004000,0 days 00:56:35.281000,0 days 00:57:36.941000,0 days 00:58:05.945000,241.0,214.0,,199.0,False,HARD,11.0,False,Aston Martin,0 days 00:55:49.226000,,1,,False,,False,False
0 days 00:17:40.576000,LIN,41,,1.0,1.0,0 days 00:15:17.511000,,,0 days 00:00:47.286000,0 days 00:00:28.256000,,0 days 00:17:12.637000,0 days 00:17:40.716000,228.0,301.0,238.0,261.0,False,HARD,1.0,True,Racing Bulls,0 days 00:15:17.511000,,71,,False,,False,False
0 days 00:19:17.619000,LIN,41,0 days 00:01:37.043000,2.0,1.0,,,0 days 00:00:35.782000,0 days 00:00:42.963000,0 days 00:00:18.298000,0 days 00:18:16.358000,0 days 00:18:59.321000,0 days 00:19:17.619000,265.0,323.0,281.0,297.0,True,HARD,2.0,True,Racing Bulls,0 days 00:17:40.576000,,1,,False,,False,True
0 days 00:21:05.656000,LIN,41,0 days 00:01:48.037000,3.0,1.0,,,0 days 00:00:41.114000,0 days 00:00:45.400000,0 days 00:00:21.523000,0 days 00:19:58.733000,0 days 00:20:44.133000,0 days 00:21:05.656000,258.0,319.0,264.0,245.0,False,HARD,3.0,True,Racing Bulls,0 days 00:19:17.619000,,1,,False,,False,True
0 days 00:22:42.634000,LIN,41,0 days 00:01:36.978000,4.0,1.0,,,0 days 00:00:34.598000,0 days 00:00:44.012000,0 days 00:00:18.368000,0 days 00:21:40.254000,0 days 00:22:24.266000,0 days 00:22:42.634000,262.0,318.0,283.0,282.0,False,HARD,4.0,True,Racing Bulls,0 days 00:21:05.656000,,1,,True,TRACK LIMITS AT TURN 13 LAP 5 ,False,True
0 days 00:24:17.428000,LIN,41,0 days 00:01:34.794000,5.0,1.0,,,0 days 00:00:34.027000,0 days 00:00:42.425000,0 days 00:00:18.342000,0 days 00:23:16.661000,0 days 00:23:59.086000,0 days 00:24:17.428000,266.0,317.0,282.0,282.0,True,HARD,5.0,True,Racing Bulls,0 days 00:22:42.634000,,1,,False,,False,True
0 days 00:26:05.159000,LIN,41,0 days 00:01:47.731000,6.0,1.0,,0 days 00:26:03.763000,0 days 00:00:38.399000,0 days 00:00:46.585000,0 days 00:00:22.747000,0 days 00:24:55.827000,0 days 00:25:42.412000,0 days 00:26:05.159000,254.0,281.0,,243.0,False,HARD,6.0,True,Racing Bulls,0 days 00:24:17.428000,,1,,False,,False,False
0 days 00:28:21.683000,LIN,41,0 days 00:02:16.524000,7.0,2.0,0 days 00:26:35.707000,,0 days 00:01:08.225000,0 days 00:00:47.122000,0 days 00:00:21.177000,0 days 00:27:13.384000,0 days 00:28:00.506000,0 days 00:28:21.683000,259.0,246.0,264.0,259.0,False,HARD,7.0,False,Racing Bulls,0 days 00:26:05.159000,,1,,False,,False,False
0 days 00:29:55.141000,LIN,41,0 days 00:01:33.458000,8.0,2.0,,,0 days 00:00:34.161000,0 days 00:00:41.408000,0 days 00:00:17.889000,0 days 00:28:55.844000,0 days 00:29:37.252000,0 days 00:29:55.141000,264.0,336.0,271.0,290.0,True,HARD,8.0,False,Racing Bulls,0 days 00:28:21.683000,,1,,False,,False,True
0 days 00:31:59.030000,LIN,41,0 days 00:02:03.889000,9.0,2.0,,,0 days 00:00:48.555000,0 days 00:00:50.061000,0 days 00:00:25.273000,0 days 00:30:43.696000,0 days 00:31:33.757000,0 days 00:31:59.030000,239.0,221.0,266.0,198.0,False,HARD,9.0,False,Racing Bulls,0 days 00:29:55.141000,,1,,False,,False,True
0 days 00:33:31.921000,LIN,41,0 days 00:01:32.891000,10.0,2.0,,,0 days 00:00:33.889000,0 days 00:00:41.015000,0 days 00:00:17.987000,0 days 00:32:32.919000,0 days 00:33:13.934000,0 days 00:33:31.921000,269.0,332.0,269.0,284.0,True,HARD,10.0,False,Racing Bulls,0 days 00:31:59.030000,,1,,False,,False,True
0 days 00:35:27.463000,LIN,41,0 days 00:01:55.542000,11.0,2.0,,0 days 00:35:26.039000,0 days 00:00:42.454000,0 days 00:00:51.347000,0 days 00:00:21.741000,0 days 00:34:14.375000,0 days 00:35:05.722000,0 days 00:35:27.463000,210.0,281.0,,267.0,False,HARD,11.0,False,Racing Bulls,0 days 00:33:31.921000,,1,,False,,False,False
0 days 00:37:44.571000,LIN,41,0 days 00:02:17.108000,12.0,3.0,0 days 00:35:56.790000,,0 days 00:01:10.487000,0 days 00:00:46.023000,0 days 00:00:20.598000,0 days 00:36:37.950000,0 days 00:37:23.973000,0 days 00:37:44.571000,251.0,251.0,272.0,255.0,False,HARD,12.0,False,Racing Bulls,0 days 00:35:27.463000,,1,,False,,False,False
0 days 00:39:21.665000,LIN,41,0 days 00:01:37.094000,13.0,3.0,,0 days 00:39:19.703000,0 days 00:00:34.056000,0 days 00:00:41.932000,0 days 00:00:21.106000,0 days 00:38:18.627000,0 days 00:39:00.559000,0 days 00:39:21.665000,270.0,330.0,,283.0,False,HARD,13.0,False,Racing Bulls,0 days 00:37:44.571000,,1,,False,,False,False
0 days 00:45:08.160000,LIN,41,,14.0,4.0,0 days 00:43:14.455000,,,0 days 00:00:49.147000,0 days 00:00:21.174000,,0 days 00:44:47.066000,0 days 00:45:08.166000,229.0,252.0,263.0,253.0,False,SOFT,1.0,True,Racing Bulls,0 days 00:39:21.665000,,1,,False,,False,False
0 days 00:46:52.219000,LIN,41,0 days 00:01:44.059000,15.0,4.0,,,0 days 00:00:33.739000,0 days 00:00:44.642000,0 days 00:00:25.678000,0 days 00:45:41.899000,0 days 00:46:26.541000,0 days 00:46:52.219000,269.0,216.0,229.0,190.0,False,SOFT,2.0,True,Racing Bulls,0 days 00:45:08.160000,,1,,True,TRACK LIMITS AT TURN 13 LAP 16 ,False,True
0 days 00:48:56.620000,LIN,41,0 days 00:02:04.401000,16.0,4.0,,,0 days 00:00:48.644000,0 days 00:00:50.989000,0 days 00:00:24.768000,0 days 00:47:40.863000,0 days 00:48:31.852000,0 days 00:48:56.620000,212.0,257.0,258.0,244.0,False,SOFT,3.0,True,Racing Bulls,0 days 00:46:52.219000,,1,,False,,False,True
0 days 00:50:46.274000,LIN,41,0 days 00:01:49.654000,17.0,4.0,,,0 days 00:00:33.681000,0 days 00:00:45.700000,0 days 00:00:30.273000,0 days 00:49:30.301000,0 days 00:50:16.001000,0 days 00:50:46.274000,270.0,201.0,219.0,167.0,False,SOFT,4.0,True,Racing Bulls,0 days 00:48:56.620000,,1,,False,,False,True
0 days 00:52:54.146000,LIN,41,0 days 00:02:07.872000,18.0,4.0,,,0 days 00:00:47.169000,0 days 00:00:57.940000,0 days 00:00:22.763000,0 days 00:51:33.443000,0 days 00:52:31.383000,0 days 00:52:54.146000,85.0,158.0,264.0,242.0,False,SOFT,5.0,True,Racing Bulls,0 days 00:50:46.274000,,1,,False,,False,True
0 days 00:54:27.323000,LIN,41,0 days 00:01:33.177000,19.0,4.0,,,0 days 00:00:34.040000,0 days 00:00:41.272000,0 days 00:00:17.865000,0 days 00:53:28.186000,0 days 00:54:09.458000,0 days 00:54:27.323000,266.0,333.0,268.0,282.0,False,SOFT,6.0,True,Racing Bulls,0 days 00:52:54.146000,,1,,False,,False,True
0 days 00:57:02.558000,LIN,41,,20.0,4.0,,,0 days 00:01:19.899000,0 days 00:00:53.696000,0 days 00:00:21.716000,0 days 00:55:47.240000,0 days 00:56:41.081000,0 days 00:57:02.645000,112.0,228.0,268.0,247.0,False,SOFT,7.0,True,Racing Bulls,0 days 00:54:27.323000,,1,,False,,False,False
0 days 00:58:35.223000,LIN,41,0 days 00:01:32.665000,21.0,4.0,,,0 days 00:00:33.697000,0 days 00:00:41.095000,0 days 00:00:17.873000,0 days 00:57:36.255000,0 days 00:58:17.350000,0 days 00:58:35.223000,266.0,327.0,267.0,281.0,True,SOFT,8.0,True,Racing Bulls,0 days 00:57:02.558000,,1,,False,,False,True
0 days 01:00:26.112000,LIN,41,0 days 00:01:50.889000,22.0,4.0,,0 days 01:00:24.703000,0 days 00:00:37.144000,0 days 00:00:50.917000,0 days 00:00:22.828000,0 days 00:59:12.367000,0 days 01:00:03.284000,0 days 01:00:26.112000,245.0,199.0,,255.0,False,SOFT,9.0,True,Racing Bulls,0 days 00:58:35.223000,,1,,False,,False,False
0 days 01:07:58.175000,LIN,41,,23.0,5.0,0 days 01:06:16.874000,0 days 01:07:56.119000,,0 days 00:00:43.263000,0 days 00:00:21.721000,,0 days 01:07:36.546000,0 days 01:07:58.235000,263.0,320.0,,273.0,False,SOFT,10.0,False,Racing Bulls,0 days 01:00:26.112000,,1,,False,,False,False
0 days 01:09:59.160000,LIN,41,0 days 00:02:00.985000,24.0,6.0,0 days 01:08:21.239000,,0 days 00:00:58.716000,0 days 00:00:43.639000,0 days 00:00:18.630000,0 days 01:08:56.891000,0 days 01:09:40.530000,0 days 01:09:59.160000,269.0,310.0,276.0,275.0,False,HARD,14.0,False,Racing Bulls,0 days 01:07:58.175000,,1,,False,,False,False
0 days 01:11:36.111000,LIN,41,0 days 00:01:36.951000,25.0,6.0,,,0 days 00:00:35.771000,0 days 00:00:43.048000,0 days 00:00:18.132000,0 days 01:10:34.931000,0 days 01:11:17.979000,0 days 01:11:36.111000,263.0,333.0,253.0,294.0,False,HARD,15.0,False,Racing Bulls,0 days 01:09:59.160000,,1,,False,,False,True
0 days 01:13:13.234000,LIN,41,0 days 00:01:37.123000,26.0,6.0,,,0 days 00:00:36.199000,0 days 00:00:42.809000,0 days 00:00:18.115000,0 days 01:12:12.310000,0 days 01:12:55.119000,0 days 01:13:13.234000,265.0,333.0,262.0,288.0,False,HARD,16.0,False,Racing Bulls,0 days 01:11:36.111000,,1,,False,,False,True
0 days 01:14:50.637000,LIN,41,0 days 00:01:37.403000,27.0,6.0,,,0 days 00:00:36.048000,0 days 00:00:42.848000,0 days 00:00:18.507000,0 days 01:13:49.282000,0 days 01:14:32.130000,0 days 01:14:50.637000,263.0,315.0,275.0,277.0,False,HARD,17.0,False,Racing Bulls,0 days 01:13:13.234000,,1,,False,,False,True
0 days 01:17:01.401000,LIN,41,0 days 00:02:10.764000,28.0,6.0,,,0 days 00:00:39.773000,0 days 00:00:56.996000,0 days 00:00:33.995000,0 days 01:15:30.410000,0 days 01:16:27.406000,0 days 01:17:01.401000,247.0,253.0,84.0,149.0,False,HARD,18.0,False,Racing Bulls,0 days 01:14:50.637000,,1,,False,,False,True
0 days 01:19:18.661000,LIN,41,0 days 00:02:17.260000,29.0,6.0,,0 days 01:19:17.229000,0 days 00:01:13.777000,0 days 00:00:43.015000,0 days 00:00:20.468000,0 days 01:18:15.178000,0 days 01:18:58.193000,0 days 01:19:18.661000,268.0,318.0,,276.0,False,HARD,19.0,False,Racing Bulls,0 days 01:17:01.401000,,1,,False,,False,False
0 days 00:17:22.952000,COL,43,,1.0,1.0,0 days 00:15:11.951000,,,0 days 00:00:48.994000,0 days 00:00:22.994000,,0 days 00:17:00.169000,0 days 00:17:22.952000,230.0,265.0,241.0,237.0,False,HARD,1.0,True,Alpine,0 days 00:15:11.951000,,671,,False,,False,False
0 days 00:19:00.301000,COL,43,0 days 00:01:37.349000,2.0,1.0,,,0 days 00:00:36.121000,0 days 00:00:42.848000,0 days 00:00:18.380000,0 days 00:17:59.073000,0 days 00:18:41.921000,0 days 00:19:00.301000,271.0,332.0,265.0,284.0,True,HARD,2.0,True,Alpine,0 days 00:17:22.952000,,1,,False,,False,True
0 days 00:21:12.074000,COL,43,0 days 00:02:11.773000,3.0,1.0,,,0 days 00:00:47.731000,0 days 00:00:55.626000,0 days 00:00:28.416000,0 days 00:19:48.032000,0 days 00:20:43.658000,0 days 00:21:12.074000,213.0,265.0,221.0,237.0,False,HARD,3.0,True,Alpine,0 days 00:19:00.301000,,1,,False,,False,True
0 days 00:22:59.861000,COL,43,0 days 00:01:47.787000,4.0,1.0,,0 days 00:22:58.421000,0 days 00:00:35.458000,0 days 00:00:43.467000,0 days 00:00:28.862000,0 days 00:21:47.532000,0 days 00:22:30.999000,0 days 00:22:59.861000,273.0,233.0,,186.0,False,HARD,4.0,True,Alpine,0 days 00:21:12.074000,,1,,False,,False,False
0 days 00:34:36.350000,COL,43,,5.0,2.0,0 days 00:32:53.748000,,,0 days 00:00:44.727000,0 days 00:00:19.918000,,0 days 00:34:16.627000,0 days 00:34:36.593000,268.0,287.0,278.0,254.0,False,HARD,5.0,False,Alpine,0 days 00:22:59.861000,,1,,False,,False,False
0 days 00:36:12.375000,COL,43,0 days 00:01:36.025000,6.0,2.0,,,0 days 00:00:35.402000,0 days 00:00:42.322000,0 days 00:00:18.301000,0 days 00:35:11.752000,0 days 00:35:54.074000,0 days 00:36:12.375000,260.0,315.0,282.0,275.0,True,HARD,6.0,False,Alpine,0 days 00:34:36.350000,,1,,False,,False,True
0 days 00:37:48.062000,COL,43,0 days 00:01:35.687000,7.0,2.0,,,0 days 00:00:35.004000,0 days 00:00:42.491000,0 days 00:00:18.192000,0 days 00:36:47.379000,0 days 00:37:29.870000,0 days 00:37:48.062000,258.0,310.0,283.0,275.0,True,HARD,7.0,False,Alpine,0 days 00:36:12.375000,,1,,False,,False,True
0 days 00:39:23.465000,COL,43,0 days 00:01:35.403000,8.0,2.0,,,0 days 00:00:34.796000,0 days 00:00:42.545000,0 days 00:00:18.062000,0 days 00:38:22.858000,0 days 00:39:05.403000,0 days 00:39:23.465000,259.0,312.0,283.0,277.0,True,HARD,8.0,False,Alpine,0 days 00:37:48.062000,,1,,False,,False,True
0 days 00:40:58.632000,COL,43,0 days 00:01:35.167000,9.0,2.0,,,0 days 00:00:34.831000,0 days 00:00:42.285000,0 days 00:00:18.051000,0 days 00:39:58.296000,0 days 00:40:40.581000,0 days 00:40:58.632000,261.0,315.0,283.0,278.0,True,HARD,9.0,False,Alpine,0 days 00:39:23.465000,,1,,False,,False,True
0 days 00:42:40.152000,COL,43,0 days 00:01:41.520000,10.0,2.0,,0 days 00:42:38.832000,0 days 00:00:35.269000,0 days 00:00:44.317000,0 days 00:00:21.934000,0 days 00:41:33.901000,0 days 00:42:18.218000,0 days 00:42:40.152000,268.0,315.0,,272.0,False,HARD,10.0,False,Alpine,0 days 00:40:58.632000,,1,,False,,False,False
0 days 00:54:49.233000,COL,43,,11.0,3.0,0 days 00:52:47.323000,,,0 days 00:00:45.822000,0 days 00:00:24.673000,,0 days 00:54:24.724000,0 days 00:54:49.374000,257.0,258.0,247.0,250.0,False,SOFT,1.0,True,Alpine,0 days 00:42:40.152000,,1,,False,,False,False
0 days 00:56:23.167000,COL,43,0 days 00:01:33.934000,12.0,3.0,,,0 days 00:00:34.211000,0 days 00:00:41.608000,0 days 00:00:18.115000,0 days 00:55:23.444000,0 days 00:56:05.052000,0 days 00:56:23.167000,270.0,310.0,272.0,272.0,True,SOFT,2.0,True,Alpine,0 days 00:54:49.233000,,1,,False,,False,True
0 days 00:59:34.288000,COL,43,,13.0,3.0,,,0 days 00:01:18.873000,0 days 00:01:27.592000,0 days 00:00:24.695000,0 days 00:57:42.314000,0 days 00:59:09.661000,0 days 00:59:34.465000,105.0,251.0,235.0,252.0,False,SOFT,3.0,True,Alpine,0 days 00:56:23.167000,,1,,False,,False,False
0 days 01:01:33.766000,COL,43,0 days 00:01:59.478000,14.0,3.0,,,0 days 00:00:36.234000,0 days 00:01:00.615000,0 days 00:00:22.629000,0 days 01:00:10.522000,0 days 01:01:11.137000,0 days 01:01:33.766000,172.0,258.0,254.0,255.0,False,SOFT,4.0,True,Alpine,0 days 00:59:34.288000,,1,,False,,False,True
0 days 01:03:36.878000,COL,43,0 days 00:02:03.112000,15.0,3.0,,,0 days 00:00:43.443000,0 days 00:00:57.032000,0 days 00:00:22.637000,0 days 01:02:17.209000,0 days 01:03:14.241000,0 days 01:03:36.878000,184.0,255.0,235.0,245.0,False,SOFT,5.0,True,Alpine,0 days 01:01:33.766000,,1,,False,,False,True
0 days 01:05:10.239000,COL,43,0 days 00:01:33.361000,16.0,3.0,,,0 days 00:00:34.122000,0 days 00:00:41.118000,0 days 00:00:18.121000,0 days 01:04:11,0 days 01:04:52.118000,0 days 01:05:10.239000,271.0,310.0,277.0,273.0,True,SOFT,6.0,True,Alpine,0 days 01:03:36.878000,,1,,False,,False,True
0 days 01:07:56.326000,COL,43,,17.0,3.0,,,0 days 00:00:58.956000,0 days 00:01:18.832000,0 days 00:00:28.160000,0 days 01:06:09.590000,0 days 01:07:28.166000,0 days 01:07:56.326000,126.0,217.0,229.0,183.0,False,SOFT,7.0,True,Alpine,0 days 01:05:10.239000,,1,,False,,False,False
0 days 01:09:30.374000,COL,43,0 days 00:01:34.048000,18.0,3.0,,,0 days 00:00:34.658000,0 days 00:00:41.306000,0 days 00:00:18.084000,0 days 01:08:30.984000,0 days 01:09:12.290000,0 days 01:09:30.374000,275.0,314.0,277.0,275.0,False,SOFT,8.0,True,Alpine,0 days 01:07:56.326000,,1,,False,,False,True
0 days 01:11:10.359000,COL,43,0 days 00:01:39.985000,19.0,3.0,,,0 days 00:00:38.088000,0 days 00:00:43.366000,0 days 00:00:18.531000,0 days 01:10:08.462000,0 days 01:10:51.828000,0 days 01:11:10.359000,246.0,324.0,282.0,273.0,False,SOFT,9.0,True,Alpine,0 days 01:09:30.374000,,1,,False,,False,True
0 days 01:12:45.623000,COL,43,0 days 00:01:35.264000,20.0,3.0,,,0 days 00:00:34.267000,0 days 00:00:42.688000,0 days 00:00:18.309000,0 days 01:11:44.626000,0 days 01:12:27.314000,0 days 01:12:45.623000,262.0,314.0,282.0,275.0,False,SOFT,10.0,True,Alpine,0 days 01:11:10.359000,,1,,False,,False,True
0 days 01:14:20.515000,COL,43,0 days 00:01:34.892000,21.0,3.0,,,0 days 00:00:34.663000,0 days 00:00:42.070000,0 days 00:00:18.159000,0 days 01:13:20.286000,0 days 01:14:02.356000,0 days 01:14:20.515000,259.0,317.0,283.0,278.0,False,SOFT,11.0,True,Alpine,0 days 01:12:45.623000,,1,,False,,False,True
0 days 01:15:56.920000,COL,43,0 days 00:01:36.405000,22.0,3.0,,,0 days 00:00:34.970000,0 days 00:00:42.973000,0 days 00:00:18.462000,0 days 01:14:55.485000,0 days 01:15:38.458000,0 days 01:15:56.920000,259.0,299.0,277.0,268.0,False,SOFT,12.0,True,Alpine,0 days 01:14:20.515000,,1,,False,,False,True
0 days 01:17:54.704000,COL,43,0 days 00:01:57.784000,23.0,3.0,,,0 days 00:00:35.313000,0 days 00:00:46.926000,0 days 00:00:35.545000,0 days 01:16:32.233000,0 days 01:17:19.159000,0 days 01:17:54.704000,281.0,195.0,63.0,160.0,False,SOFT,13.0,True,Alpine,0 days 01:15:56.920000,,1,,False,,False,True
0 days 01:20:15.185000,COL,43,0 days 00:02:20.481000,24.0,3.0,,0 days 01:20:13.759000,0 days 00:01:08.927000,0 days 00:00:43.596000,0 days 00:00:27.958000,0 days 01:19:03.631000,0 days 01:19:47.227000,0 days 01:20:15.185000,278.0,229.0,,226.0,False,SOFT,14.0,True,Alpine,0 days 01:17:54.704000,,1,,False,,False,False
0 days 00:16:40.461000,HAM,44,,1.0,1.0,0 days 00:14:44.942000,,,0 days 00:00:49.262000,0 days 00:00:23.506000,,0 days 00:16:17.217000,0 days 00:16:40.612000,253.0,221.0,258.0,201.0,False,HARD,1.0,True,Ferrari,0 days 00:14:44.942000,,671,,False,,False,False
0 days 00:18:17.717000,HAM,44,0 days 00:01:37.256000,2.0,1.0,,,0 days 00:00:34.990000,0 days 00:00:43.332000,0 days 00:00:18.934000,0 days 00:17:15.451000,0 days 00:17:58.783000,0 days 00:18:17.717000,266.0,313.0,267.0,275.0,True,HARD,2.0,True,Ferrari,0 days 00:16:40.461000,,1,,False,,False,True
0 days 00:19:53.361000,HAM,44,0 days 00:01:35.644000,3.0,1.0,,,0 days 00:00:34.608000,0 days 00:00:42.427000,0 days 00:00:18.609000,0 days 00:18:52.325000,0 days 00:19:34.752000,0 days 00:19:53.361000,259.0,300.0,268.0,272.0,True,HARD,3.0,True,Ferrari,0 days 00:18:17.717000,,1,,False,,False,True
0 days 00:21:54.890000,HAM,44,0 days 00:02:01.529000,4.0,1.0,,,0 days 00:00:38.882000,0 days 00:00:50.786000,0 days 00:00:31.861000,0 days 00:20:32.243000,0 days 00:21:23.029000,0 days 00:21:54.890000,251.0,232.0,256.0,157.0,False,HARD,4.0,True,Ferrari,0 days 00:19:53.361000,,1,,False,,False,True
0 days 00:23:28.712000,HAM,44,0 days 00:01:33.822000,5.0,1.0,,,0 days 00:00:33.690000,0 days 00:00:41.871000,0 days 00:00:18.261000,0 days 00:22:28.580000,0 days 00:23:10.451000,0 days 00:23:28.712000,276.0,320.0,254.0,283.0,True,HARD,5.0,True,Ferrari,0 days 00:21:54.890000,,1,,False,,False,True
0 days 00:25:46.067000,HAM,44,0 days 00:02:17.355000,6.0,1.0,,,0 days 00:00:52.489000,0 days 00:01:03.105000,0 days 00:00:21.761000,0 days 00:24:21.201000,0 days 00:25:24.306000,0 days 00:25:46.067000,142.0,254.0,252.0,237.0,False,HARD,6.0,True,Ferrari,0 days 00:23:28.712000,,1,,False,,False,True
0 days 00:27:19.423000,HAM,44,0 days 00:01:33.356000,7.0,1.0,,,0 days 00:00:33.770000,0 days 00:00:41.427000,0 days 00:00:18.159000,0 days 00:26:19.837000,0 days 00:27:01.264000,0 days 00:27:19.423000,275.0,327.0,263.0,284.0,True,HARD,7.0,True,Ferrari,0 days 00:25:46.067000,,1,,False,,False,True
0 days 00:29:32.368000,HAM,44,0 days 00:02:12.945000,8.0,1.0,,,0 days 00:00:48.278000,0 days 00:01:02.591000,0 days 00:00:22.076000,0 days 00:28:07.701000,0 days 00:29:10.292000,0 days 00:29:32.368000,171.0,226.0,252.0,244.0,False,HARD,8.0,True,Ferrari,0 days 00:27:19.423000,,1,,False,,False,True
0 days 00:31:11.431000,HAM,44,0 days 00:01:39.063000,9.0,1.0,,0 days 00:31:10.140000,0 days 00:00:33.859000,0 days 00:00:41.909000,0 days 00:00:23.295000,0 days 00:30:06.227000,0 days 00:30:48.136000,0 days 00:31:11.431000,276.0,278.0,,248.0,False,HARD,9.0,True,Ferrari,0 days 00:29:32.368000,,1,,False,,False,False
0 days 00:37:57.324000,HAM,44,,10.0,2.0,0 days 00:36:13.376000,0 days 00:37:55.960000,,0 days 00:00:44.807000,0 days 00:00:22.948000,,0 days 00:37:34.592000,0 days 00:37:57.436000,271.0,243.0,,237.0,False,HARD,10.0,False,Ferrari,0 days 00:31:11.431000,,1,,False,,False,False
0 days 00:40:13.804000,HAM,44,0 days 00:02:16.480000,11.0,3.0,0 days 00:38:18.779000,0 days 00:40:12.428000,0 days 00:01:10.799000,0 days 00:00:42.806000,0 days 00:00:22.875000,0 days 00:39:08.123000,0 days 00:39:50.929000,0 days 00:40:13.804000,256.0,304.0,,231.0,False,HARD,11.0,False,Ferrari,0 days 00:37:57.324000,,1,,False,,False,False
0 days 00:53:17.364000,HAM,44,,12.0,4.0,0 days 00:51:28.100000,,,0 days 00:00:47.099000,0 days 00:00:22.287000,,0 days 00:52:55.310000,0 days 00:53:17.524000,266.0,267.0,255.0,204.0,False,SOFT,1.0,True,Ferrari,0 days 00:40:13.804000,,1,,False,,False,False
0 days 00:54:49.404000,HAM,44,0 days 00:01:32.040000,13.0,4.0,,,0 days 00:00:33.249000,0 days 00:00:40.798000,0 days 00:00:17.993000,0 days 00:53:50.613000,0 days 00:54:31.411000,0 days 00:54:49.404000,278.0,323.0,261.0,280.0,True,SOFT,2.0,True,Ferrari,0 days 00:53:17.364000,,1,,False,,False,True
0 days 00:57:55.966000,HAM,44,,14.0,4.0,,,0 days 00:01:02.347000,0 days 00:01:31.695000,0 days 00:00:32.442000,0 days 00:55:52.025000,0 days 00:57:23.524000,0 days 00:57:56.032000,116.0,230.0,249.0,224.0,False,SOFT,3.0,True,Ferrari,0 days 00:54:49.404000,,1,,False,,False,False
0 days 00:59:55.085000,HAM,44,0 days 00:01:59.119000,15.0,4.0,,,0 days 00:00:33.727000,0 days 00:01:04.443000,0 days 00:00:20.949000,0 days 00:58:29.693000,0 days 00:59:34.136000,0 days 00:59:55.085000,276.0,222.0,260.0,244.0,False,SOFT,4.0,True,Ferrari,0 days 00:57:55.966000,,1,,False,,False,True
0 days 01:01:27.168000,HAM,44,0 days 00:01:32.083000,16.0,4.0,,,0 days 00:00:33.324000,0 days 00:00:40.807000,0 days 00:00:17.952000,0 days 01:00:28.409000,0 days 01:01:09.216000,0 days 01:01:27.168000,277.0,321.0,262.0,276.0,False,SOFT,5.0,True,Ferrari,0 days 00:59:55.085000,,1,,False,,False,True
0 days 01:04:21.770000,HAM,44,,17.0,4.0,,,0 days 00:00:54.424000,0 days 00:01:18.191000,0 days 00:00:41.993000,0 days 01:02:21.802000,0 days 01:03:39.777000,0 days 01:04:21.850000,136.0,203.0,250.0,163.0,False,SOFT,6.0,True,Ferrari,0 days 01:01:27.168000,,1,,False,,False,False
0 days 01:05:57.525000,HAM,44,0 days 00:01:35.755000,18.0,4.0,,0 days 01:05:56.184000,0 days 00:00:33.611000,0 days 00:00:40.771000,0 days 00:00:21.373000,0 days 01:04:55.381000,0 days 01:05:36.152000,0 days 01:05:57.525000,276.0,308.0,,271.0,False,SOFT,7.0,True,Ferrari,0 days 01:04:21.770000,,1,,False,,False,False
0 days 01:12:57.164000,HAM,44,,19.0,5.0,0 days 01:10:52.394000,,,0 days 00:00:50.536000,0 days 00:00:23.824000,,0 days 01:12:33.489000,0 days 01:12:57.318000,252.0,261.0,277.0,147.0,False,SOFT,8.0,False,Ferrari,0 days 01:05:57.525000,,1,,False,,False,False
0 days 01:14:31.883000,HAM,44,0 days 00:01:34.719000,20.0,5.0,,,0 days 00:00:34.547000,0 days 00:00:41.862000,0 days 00:00:18.310000,0 days 01:13:31.711000,0 days 01:14:13.573000,0 days 01:14:31.883000,259.0,317.0,278.0,278.0,False,SOFT,9.0,False,Ferrari,0 days 01:12:57.164000,,1,,False,,False,True
0 days 01:16:08.540000,HAM,44,0 days 00:01:36.657000,21.0,5.0,,,0 days 00:00:34.573000,0 days 00:00:43.471000,0 days 00:00:18.613000,0 days 01:15:06.456000,0 days 01:15:49.927000,0 days 01:16:08.540000,259.0,307.0,269.0,274.0,False,SOFT,10.0,False,Ferrari,0 days 01:14:31.883000,,1,,False,,False,True
0 days 01:18:23.546000,HAM,44,0 days 00:02:15.006000,22.0,5.0,,,0 days 00:00:47.479000,0 days 00:00:56.428000,0 days 00:00:31.099000,0 days 01:16:56.019000,0 days 01:17:52.447000,0 days 01:18:23.546000,178.0,203.0,59.0,221.0,False,SOFT,11.0,False,Ferrari,0 days 01:16:08.540000,,1,,False,,False,True
0 days 01:21:05.459000,HAM,44,,23.0,5.0,,0 days 01:21:04.111000,0 days 00:01:37.608000,0 days 00:00:43.467000,0 days 00:00:20.888000,0 days 01:20:01.340000,0 days 01:20:44.721000,0 days 01:21:05.459000,225.0,306.0,,271.0,False,SOFT,12.0,False,Ferrari,0 days 01:18:23.546000,,1,,False,,False,False
0 days 00:17:50.783000,SAI,55,,1.0,1.0,0 days 00:15:56.735000,,,0 days 00:00:50.405000,0 days 00:00:26.587000,,0 days 00:17:24.375000,0 days 00:17:50.851000,256.0,267.0,260.0,263.0,False,MEDIUM,1.0,True,Williams,0 days 00:15:56.735000,,1,,False,,False,False
0 days 00:19:25.902000,SAI,55,0 days 00:01:35.119000,2.0,1.0,,,0 days 00:00:34.978000,0 days 00:00:42.040000,0 days 00:00:18.101000,0 days 00:18:25.761000,0 days 00:19:07.801000,0 days 00:19:25.902000,274.0,334.0,250.0,294.0,True,MEDIUM,2.0,True,Williams,0 days 00:17:50.783000,,1,,False,,False,True
0 days 00:21:38.939000,SAI,55,0 days 00:02:13.037000,3.0,1.0,,,0 days 00:00:54.391000,0 days 00:00:52.860000,0 days 00:00:25.786000,0 days 00:20:20.293000,0 days 00:21:13.153000,0 days 00:21:38.939000,202.0,263.0,263.0,270.0,False,MEDIUM,3.0,True,Williams,0 days 00:19:25.902000,,1,,False,,False,True
0 days 00:23:13.293000,SAI,55,0 days 00:01:34.354000,4.0,1.0,,,0 days 00:00:34.357000,0 days 00:00:41.885000,0 days 00:00:18.112000,0 days 00:22:13.296000,0 days 00:22:55.181000,0 days 00:23:13.293000,274.0,329.0,254.0,289.0,True,MEDIUM,4.0,True,Williams,0 days 00:21:38.939000,,1,,False,,False,True
0 days 00:25:22.837000,SAI,55,0 days 00:02:09.544000,5.0,1.0,,,0 days 00:00:51.769000,0 days 00:00:56.949000,0 days 00:00:20.826000,0 days 00:24:05.062000,0 days 00:25:02.011000,0 days 00:25:22.837000,183.0,269.0,258.0,267.0,False,MEDIUM,5.0,True,Williams,0 days 00:23:13.293000,,1,,False,,False,True
0 days 00:26:56.595000,SAI,55,0 days 00:01:33.758000,6.0,1.0,,,0 days 00:00:34.206000,0 days 00:00:41.485000,0 days 00:00:18.067000,0 days 00:25:57.043000,0 days 00:26:38.528000,0 days 00:26:56.595000,273.0,327.0,266.0,287.0,True,MEDIUM,6.0,True,Williams,0 days 00:25:22.837000,,1,,False,,False,True
0 days 00:29:07.388000,SAI,55,0 days 00:02:10.793000,7.0,1.0,,,0 days 00:00:50.494000,0 days 00:00:57.302000,0 days 00:00:22.997000,0 days 00:27:47.089000,0 days 00:28:44.391000,0 days 00:29:07.388000,193.0,256.0,253.0,258.0,False,MEDIUM,7.0,True,Williams,0 days 00:26:56.595000,,1,,False,,False,True
0 days 00:30:40.771000,SAI,55,0 days 00:01:33.383000,8.0,1.0,,,0 days 00:00:34.159000,0 days 00:00:41.170000,0 days 00:00:18.054000,0 days 00:29:41.547000,0 days 00:30:22.717000,0 days 00:30:40.771000,275.0,325.0,275.0,286.0,True,MEDIUM,8.0,True,Williams,0 days 00:29:07.388000,,1,,False,,False,True
0 days 00:32:45.051000,SAI,55,0 days 00:02:04.280000,9.0,1.0,,0 days 00:32:43.724000,0 days 00:00:47.284000,0 days 00:00:52.546000,0 days 00:00:24.450000,0 days 00:31:28.055000,0 days 00:32:20.601000,0 days 00:32:45.051000,199.0,268.0,,263.0,False,MEDIUM,9.0,True,Williams,0 days 00:30:40.771000,,1,,False,,False,False
0 days 00:48:39.270000,SAI,55,,10.0,2.0,0 days 00:46:49.468000,,,0 days 00:00:47.014000,0 days 00:00:26.681000,,0 days 00:48:12.777000,0 days 00:48:39.421000,260.0,253.0,246.0,254.0,False,SOFT,1.0,True,Williams,0 days 00:32:45.051000,,1,,False,,False,False
0 days 00:50:31.492000,SAI,55,0 days 00:01:52.222000,11.0,2.0,,,0 days 00:00:39.680000,0 days 00:00:51.507000,0 days 00:00:21.035000,0 days 00:49:18.950000,0 days 00:50:10.457000,0 days 00:50:31.492000,246.0,262.0,253.0,257.0,False,SOFT,2.0,True,Williams,0 days 00:48:39.270000,,1,,False,,False,True
0 days 00:52:44.757000,SAI,55,0 days 00:02:13.265000,12.0,2.0,,,0 days 00:00:33.971000,0 days 00:01:12.049000,0 days 00:00:27.245000,0 days 00:51:05.463000,0 days 00:52:17.512000,0 days 00:52:44.757000,275.0,115.0,255.0,229.0,False,SOFT,3.0,True,Williams,0 days 00:50:31.492000,,1,,True,TRACK LIMITS AT TURN 9 LAP 13 ,False,True
0 days 00:54:33.521000,SAI,55,0 days 00:01:48.764000,13.0,2.0,,,0 days 00:00:39.719000,0 days 00:00:48.849000,0 days 00:00:20.196000,0 days 00:53:24.476000,0 days 00:54:13.325000,0 days 00:54:33.521000,261.0,280.0,262.0,268.0,False,SOFT,4.0,True,Williams,0 days 00:52:44.757000,,1,,False,,False,True
0 days 00:56:07.862000,SAI,55,0 days 00:01:34.341000,14.0,2.0,,,0 days 00:00:33.981000,0 days 00:00:42.195000,0 days 00:00:18.165000,0 days 00:55:07.502000,0 days 00:55:49.697000,0 days 00:56:07.862000,274.0,324.0,252.0,282.0,False,SOFT,5.0,True,Williams,0 days 00:54:33.521000,,1,,False,,False,True
0 days 00:58:34.720000,SAI,55,0 days 00:02:26.858000,15.0,2.0,,,0 days 00:00:57.776000,0 days 00:01:07.684000,0 days 00:00:21.398000,0 days 00:57:05.638000,0 days 00:58:13.322000,0 days 00:58:34.720000,139.0,251.0,258.0,254.0,False,SOFT,6.0,True,Williams,0 days 00:56:07.862000,,1,,False,,False,True
0 days 01:00:08.394000,SAI,55,0 days 00:01:33.674000,16.0,2.0,,,0 days 00:00:34.016000,0 days 00:00:41.522000,0 days 00:00:18.136000,0 days 00:59:08.736000,0 days 00:59:50.258000,0 days 01:00:08.394000,274.0,326.0,260.0,282.0,False,SOFT,7.0,True,Williams,0 days 00:58:34.720000,,1,,False,,False,True
0 days 01:02:26.969000,SAI,55,0 days 00:02:18.575000,17.0,2.0,,,0 days 00:00:58.431000,0 days 00:00:59.626000,0 days 00:00:20.518000,0 days 01:01:06.825000,0 days 01:02:06.451000,0 days 01:02:26.969000,179.0,256.0,260.0,254.0,False,SOFT,8.0,True,Williams,0 days 01:00:08.394000,,1,,False,,False,True
0 days 01:04:00.447000,SAI,55,0 days 00:01:33.478000,18.0,2.0,,,0 days 00:00:34.029000,0 days 00:00:41.317000,0 days 00:00:18.132000,0 days 01:03:00.998000,0 days 01:03:42.315000,0 days 01:04:00.447000,273.0,324.0,259.0,281.0,False,SOFT,9.0,True,Williams,0 days 01:02:26.969000,,1,,False,,False,True
0 days 01:05:52.410000,SAI,55,0 days 00:01:51.963000,19.0,2.0,,0 days 01:05:51.079000,0 days 00:00:40.654000,0 days 00:00:47.942000,0 days 00:00:23.367000,0 days 01:04:41.101000,0 days 01:05:29.043000,0 days 01:05:52.410000,242.0,267.0,,251.0,False,SOFT,10.0,True,Williams,0 days 01:04:00.447000,,1,,False,,False,False
0 days 01:08:37.672000,SAI,55,,20.0,3.0,0 days 01:06:36.069000,,,0 days 00:00:42.699000,0 days 00:00:19.234000,,0 days 01:08:18.534000,0 days 01:08:37.802000,278.0,323.0,281.0,277.0,False,MEDIUM,10.0,False,Williams,0 days 01:05:52.410000,,1,,False,,False,False
0 days 01:10:12.355000,SAI,55,0 days 00:01:34.683000,21.0,3.0,,,0 days 00:00:34.323000,0 days 00:00:42.154000,0 days 00:00:18.206000,0 days 01:09:11.995000,0 days 01:09:54.149000,0 days 01:10:12.355000,259.0,316.0,281.0,277.0,False,MEDIUM,11.0,False,Williams,0 days 01:08:37.672000,,1,,False,,False,True
0 days 01:11:47.403000,SAI,55,0 days 00:01:35.048000,22.0,3.0,,,0 days 00:00:34.768000,0 days 00:00:42.089000,0 days 00:00:18.191000,0 days 01:10:47.123000,0 days 01:11:29.212000,0 days 01:11:47.403000,259.0,316.0,281.0,277.0,False,MEDIUM,12.0,False,Williams,0 days 01:10:12.355000,,1,,False,,False,True
0 days 01:13:22.825000,SAI,55,0 days 00:01:35.422000,23.0,3.0,,,0 days 00:00:34.870000,0 days 00:00:42.348000,0 days 00:00:18.204000,0 days 01:12:22.273000,0 days 01:13:04.621000,0 days 01:13:22.825000,257.0,311.0,282.0,276.0,False,MEDIUM,13.0,False,Williams,0 days 01:11:47.403000,,1,,False,,False,True
0 days 01:14:57.797000,SAI,55,0 days 00:01:34.972000,24.0,3.0,,,0 days 00:00:34.739000,0 days 00:00:41.995000,0 days 00:00:18.238000,0 days 01:13:57.564000,0 days 01:14:39.559000,0 days 01:14:57.797000,261.0,316.0,281.0,278.0,False,MEDIUM,14.0,False,Williams,0 days 01:13:22.825000,,1,,False,,False,True
0 days 01:17:11.316000,SAI,55,0 days 00:02:13.519000,25.0,3.0,,,0 days 00:00:34.716000,0 days 00:01:03.536000,0 days 00:00:35.267000,0 days 01:15:32.513000,0 days 01:16:36.049000,0 days 01:17:11.316000,260.0,270.0,70.0,172.0,False,MEDIUM,15.0,False,Williams,0 days 01:14:57.797000,,1,,False,,False,True
0 days 01:19:47.899000,SAI,55,,26.0,3.0,,0 days 01:19:46.404000,0 days 00:01:19.896000,0 days 00:00:49.529000,0 days 00:00:27.102000,0 days 01:18:31.272000,0 days 01:19:20.814000,0 days 01:19:47.899000,232.0,200.0,,199.0,False,MEDIUM,16.0,False,Williams,0 days 01:17:11.316000,,1,,False,,False,False
0 days 00:16:45.650000,RUS,63,,1.0,1.0,0 days 00:14:46.175000,0 days 00:16:44.071000,,0 days 00:00:48.822000,0 days 00:00:26.380000,,0 days 00:16:19.293000,0 days 00:16:45.650000,260.0,254.0,,252.0,False,HARD,1.0,True,Mercedes,0 days 00:14:46.175000,,671,,False,,False,False
0 days 00:19:16.469000,RUS,63,,2.0,2.0,0 days 00:17:04.832000,,0 days 00:01:21.990000,0 days 00:00:48.767000,0 days 00:00:20.304000,0 days 00:18:07.550000,0 days 00:18:56.373000,0 days 00:19:16.601000,278.0,257.0,257.0,254.0,False,HARD,2.0,False,Mercedes,0 days 00:16:45.650000,,1,,False,,False,False
0 days 00:20:49.781000,RUS,63,0 days 00:01:33.312000,3.0,2.0,,,0 days 00:00:33.361000,0 days 00:00:41.598000,0 days 00:00:18.353000,0 days 00:19:49.830000,0 days 00:20:31.428000,0 days 00:20:49.781000,278.0,329.0,248.0,285.0,True,HARD,3.0,False,Mercedes,0 days 00:19:16.469000,,1,,False,,False,True
0 days 00:22:59.423000,RUS,63,0 days 00:02:09.642000,4.0,2.0,,,0 days 00:00:46.103000,0 days 00:01:02.938000,0 days 00:00:20.601000,0 days 00:21:35.884000,0 days 00:22:38.822000,0 days 00:22:59.423000,226.0,256.0,249.0,262.0,False,HARD,4.0,False,Mercedes,0 days 00:20:49.781000,,1,,False,,False,True
0 days 00:24:31.852000,RUS,63,0 days 00:01:32.429000,5.0,2.0,,,0 days 00:00:33.004000,0 days 00:00:41.112000,0 days 00:00:18.313000,0 days 00:23:32.427000,0 days 00:24:13.539000,0 days 00:24:31.852000,277.0,329.0,244.0,283.0,True,HARD,5.0,False,Mercedes,0 days 00:22:59.423000,,1,,False,,False,True
0 days 00:26:45.578000,RUS,63,0 days 00:02:13.726000,6.0,2.0,,,0 days 00:00:57.154000,0 days 00:00:56.415000,0 days 00:00:20.157000,0 days 00:25:29.006000,0 days 00:26:25.421000,0 days 00:26:45.578000,187.0,279.0,257.0,267.0,False,HARD,6.0,False,Mercedes,0 days 00:24:31.852000,,1,,False,,False,True
0 days 00:28:17.851000,RUS,63,0 days 00:01:32.273000,7.0,2.0,,,0 days 00:00:33.245000,0 days 00:00:40.725000,0 days 00:00:18.303000,0 days 00:27:18.823000,0 days 00:27:59.548000,0 days 00:28:17.851000,275.0,329.0,241.0,281.0,True,HARD,7.0,False,Mercedes,0 days 00:26:45.578000,,1,,False,,False,True
0 days 00:30:09.895000,RUS,63,0 days 00:01:52.044000,8.0,2.0,,0 days 00:30:08.546000,0 days 00:00:43.090000,0 days 00:00:45.518000,0 days 00:00:23.436000,0 days 00:29:00.941000,0 days 00:29:46.459000,0 days 00:30:09.895000,243.0,281.0,,269.0,False,HARD,8.0,False,Mercedes,0 days 00:28:17.851000,,1,,False,,False,False
0 days 00:38:42.291000,RUS,63,,9.0,3.0,0 days 00:36:39.882000,,,0 days 00:00:45.335000,0 days 00:00:20.676000,,0 days 00:38:21.809000,0 days 00:38:42.389000,260.0,253.0,258.0,250.0,False,SOFT,1.0,True,Mercedes,0 days 00:30:09.895000,,1,,False,,False,False
0 days 00:40:14.046000,RUS,63,0 days 00:01:31.755000,10.0,3.0,,,0 days 00:00:33.071000,0 days 00:00:40.582000,0 days 00:00:18.102000,0 days 00:39:15.362000,0 days 00:39:55.944000,0 days 00:40:14.046000,276.0,325.0,243.0,279.0,True,SOFT,2.0,True,Mercedes,0 days 00:38:42.291000,,1,,False,,False,True
0 days 00:42:38.630000,RUS,63,0 days 00:02:24.584000,11.0,3.0,,,0 days 00:00:56.553000,0 days 00:01:05.816000,0 days 00:00:22.215000,0 days 00:41:10.599000,0 days 00:42:16.415000,0 days 00:42:38.630000,192.0,251.0,248.0,249.0,False,SOFT,3.0,True,Mercedes,0 days 00:40:14.046000,,1,,False,,False,True
0 days 00:44:10.714000,RUS,63,0 days 00:01:32.084000,12.0,3.0,,,0 days 00:00:32.965000,0 days 00:00:40.946000,0 days 00:00:18.173000,0 days 00:43:11.595000,0 days 00:43:52.541000,0 days 00:44:10.714000,277.0,321.0,243.0,276.0,False,SOFT,4.0,True,Mercedes,0 days 00:42:38.630000,,1,,True,TRACK LIMITS AT TURN 14 LAP 13 ,False,True
0 days 00:46:30.078000,RUS,63,0 days 00:02:19.364000,13.0,3.0,,,0 days 00:00:57.813000,0 days 00:01:01.680000,0 days 00:00:19.871000,0 days 00:45:08.527000,0 days 00:46:10.207000,0 days 00:46:30.078000,177.0,275.0,251.0,262.0,False,SOFT,5.0,True,Mercedes,0 days 00:44:10.714000,,1,,False,,False,True
0 days 00:48:01.744000,RUS,63,0 days 00:01:31.666000,14.0,3.0,,,0 days 00:00:33.058000,0 days 00:00:40.322000,0 days 00:00:18.286000,0 days 00:47:03.136000,0 days 00:47:43.458000,0 days 00:48:01.744000,277.0,329.0,245.0,278.0,True,SOFT,6.0,True,Mercedes,0 days 00:46:30.078000,,1,,False,,False,True
0 days 00:49:55.871000,RUS,63,0 days 00:01:54.127000,15.0,3.0,,0 days 00:49:54.423000,0 days 00:00:44.311000,0 days 00:00:46.561000,0 days 00:00:23.255000,0 days 00:48:46.055000,0 days 00:49:32.616000,0 days 00:49:55.871000,243.0,278.0,,264.0,False,SOFT,7.0,True,Mercedes,0 days 00:48:01.744000,,1,,False,,False,False
0 days 00:57:04.542000,RUS,63,,16.0,4.0,0 days 00:55:07.531000,,,0 days 00:00:42.566000,0 days 00:00:18.295000,,0 days 00:56:46.375000,0 days 00:57:04.556000,269.0,314.0,278.0,274.0,False,HARD,9.0,False,Mercedes,0 days 00:49:55.871000,,1,,False,,False,False
0 days 00:58:39.961000,RUS,63,0 days 00:01:35.419000,17.0,4.0,,,0 days 00:00:34.729000,0 days 00:00:42.449000,0 days 00:00:18.241000,0 days 00:57:39.271000,0 days 00:58:21.720000,0 days 00:58:39.961000,253.0,311.0,277.0,273.0,False,HARD,10.0,False,Mercedes,0 days 00:57:04.542000,,1,,False,,False,True
0 days 01:00:15.525000,RUS,63,0 days 00:01:35.564000,18.0,4.0,,,0 days 00:00:34.773000,0 days 00:00:42.651000,0 days 00:00:18.140000,0 days 00:59:14.734000,0 days 00:59:57.385000,0 days 01:00:15.525000,256.0,312.0,276.0,275.0,False,HARD,11.0,False,Mercedes,0 days 00:58:39.961000,,1,,False,,False,True
0 days 01:01:51.097000,RUS,63,0 days 00:01:35.572000,19.0,4.0,,,0 days 00:00:34.885000,0 days 00:00:42.454000,0 days 00:00:18.233000,0 days 01:00:50.410000,0 days 01:01:32.864000,0 days 01:01:51.097000,253.0,306.0,276.0,272.0,False,HARD,12.0,False,Mercedes,0 days 01:00:15.525000,,1,,False,,False,True
0 days 01:03:26.657000,RUS,63,0 days 00:01:35.560000,20.0,4.0,,,0 days 00:00:34.759000,0 days 00:00:42.496000,0 days 00:00:18.305000,0 days 01:02:25.856000,0 days 01:03:08.352000,0 days 01:03:26.657000,255.0,310.0,277.0,274.0,False,HARD,13.0,False,Mercedes,0 days 01:01:51.097000,,1,,False,,False,True
0 days 01:05:02.475000,RUS,63,0 days 00:01:35.818000,21.0,4.0,,,0 days 00:00:34.856000,0 days 00:00:42.577000,0 days 00:00:18.385000,0 days 01:04:01.513000,0 days 01:04:44.090000,0 days 01:05:02.475000,253.0,308.0,277.0,272.0,False,HARD,14.0,False,Mercedes,0 days 01:03:26.657000,,1,,False,,False,True
0 days 01:06:37.660000,RUS,63,0 days 00:01:35.185000,22.0,4.0,,,0 days 00:00:34.699000,0 days 00:00:42.327000,0 days 00:00:18.159000,0 days 01:05:37.174000,0 days 01:06:19.501000,0 days 01:06:37.660000,254.0,310.0,278.0,272.0,False,HARD,15.0,False,Mercedes,0 days 01:05:02.475000,,1,,False,,False,True
0 days 01:08:12.971000,RUS,63,0 days 00:01:35.311000,23.0,4.0,,,0 days 00:00:34.633000,0 days 00:00:42.327000,0 days 00:00:18.351000,0 days 01:07:12.293000,0 days 01:07:54.620000,0 days 01:08:12.971000,254.0,309.0,277.0,273.0,False,HARD,16.0,False,Mercedes,0 days 01:06:37.660000,,1,,False,,False,True
0 days 01:09:52.139000,RUS,63,0 days 00:01:39.168000,24.0,4.0,,0 days 01:09:50.622000,0 days 00:00:34.908000,0 days 00:00:42.664000,0 days 00:00:21.596000,0 days 01:08:47.879000,0 days 01:09:30.543000,0 days 01:09:52.139000,253.0,286.0,,267.0,False,HARD,17.0,False,Mercedes,0 days 01:08:12.971000,,1,,False,,False,False
0 days 01:16:31.001000,RUS,63,,25.0,5.0,0 days 01:14:35.492000,,,0 days 00:00:50.146000,0 days 00:00:25.292000,,0 days 01:16:05.921000,0 days 01:16:31.052000,263.0,256.0,198.0,191.0,False,SOFT,8.0,False,Mercedes,0 days 01:09:52.139000,,1,,False,,False,False
0 days 01:18:45.784000,RUS,63,0 days 00:02:14.783000,26.0,5.0,,,0 days 00:00:42.834000,0 days 00:00:52.806000,0 days 00:00:39.143000,0 days 01:17:13.835000,0 days 01:18:06.641000,0 days 01:18:45.784000,254.0,254.0,81.0,246.0,False,SOFT,9.0,False,Mercedes,0 days 01:16:31.001000,,1,,False,,False,True
0 days 01:21:24.575000,RUS,63,,27.0,5.0,,0 days 01:21:22.975000,0 days 00:01:25.105000,0 days 00:00:50.969000,0 days 00:00:22.636000,0 days 01:20:11.022000,0 days 01:21:01.952000,0 days 01:21:24.575000,267.0,291.0,,267.0,False,SOFT,10.0,False,Mercedes,0 days 01:18:45.784000,,1,,False,,False,False
0 days 00:17:28.842000,BOT,77,,1.0,1.0,0 days 00:15:13.529000,,,0 days 00:00:49.322000,0 days 00:00:27.074000,,0 days 00:17:02.023000,0 days 00:17:29.009000,254.0,258.0,251.0,167.0,False,HARD,1.0,True,Cadillac,0 days 00:15:13.529000,,671,,False,,False,False
0 days 00:19:07.153000,BOT,77,0 days 00:01:38.311000,2.0,1.0,,,0 days 00:00:36.436000,0 days 00:00:42.999000,0 days 00:00:18.876000,0 days 00:18:05.278000,0 days 00:18:48.277000,0 days 00:19:07.153000,272.0,325.0,244.0,271.0,True,HARD,2.0,True,Cadillac,0 days 00:17:28.842000,,1,,False,,False,True
0 days 00:21:15.026000,BOT,77,0 days 00:02:07.873000,3.0,1.0,,,0 days 00:00:42.188000,0 days 00:00:55.591000,0 days 00:00:30.094000,0 days 00:19:49.341000,0 days 00:20:44.932000,0 days 00:21:15.026000,211.0,265.0,246.0,224.0,False,HARD,3.0,True,Cadillac,0 days 00:19:07.153000,,1,,False,,False,True
0 days 00:22:52.302000,BOT,77,0 days 00:01:37.276000,4.0,1.0,,,0 days 00:00:35.710000,0 days 00:00:42.456000,0 days 00:00:19.110000,0 days 00:21:50.736000,0 days 00:22:33.192000,0 days 00:22:52.302000,274.0,318.0,234.0,268.0,True,HARD,4.0,True,Cadillac,0 days 00:21:15.026000,,1,,False,,False,True
0 days 00:24:48.559000,BOT,77,0 days 00:01:56.257000,5.0,1.0,,,0 days 00:00:45.181000,0 days 00:00:47.938000,0 days 00:00:23.138000,0 days 00:23:37.483000,0 days 00:24:25.421000,0 days 00:24:48.559000,232.0,275.0,243.0,211.0,False,HARD,5.0,True,Cadillac,0 days 00:22:52.302000,,1,,False,,False,True
0 days 00:26:24.157000,BOT,77,0 days 00:01:35.598000,6.0,1.0,,,0 days 00:00:35.103000,0 days 00:00:42.293000,0 days 00:00:18.202000,0 days 00:25:23.662000,0 days 00:26:05.955000,0 days 00:26:24.157000,276.0,326.0,269.0,284.0,True,HARD,6.0,True,Cadillac,0 days 00:24:48.559000,,1,,False,,False,True
0 days 00:28:32.995000,BOT,77,0 days 00:02:08.838000,7.0,1.0,,,0 days 00:00:43.727000,0 days 00:00:59.727000,0 days 00:00:25.384000,0 days 00:27:07.884000,0 days 00:28:07.611000,0 days 00:28:32.995000,228.0,194.0,243.0,226.0,False,HARD,7.0,True,Cadillac,0 days 00:26:24.157000,,1,,False,,False,True
0 days 00:30:08.480000,BOT,77,0 days 00:01:35.485000,8.0,1.0,,,0 days 00:00:35.199000,0 days 00:00:42.242000,0 days 00:00:18.044000,0 days 00:29:08.194000,0 days 00:29:50.436000,0 days 00:30:08.480000,274.0,332.0,262.0,293.0,True,HARD,8.0,True,Cadillac,0 days 00:28:32.995000,,1,,False,,False,True
0 days 00:32:05.821000,BOT,77,0 days 00:01:57.341000,9.0,1.0,,0 days 00:32:04.390000,0 days 00:00:40.448000,0 days 00:00:48.963000,0 days 00:00:27.930000,0 days 00:30:48.928000,0 days 00:31:37.891000,0 days 00:32:05.821000,249.0,266.0,,175.0,False,HARD,9.0,True,Cadillac,0 days 00:30:08.480000,,1,,False,,False,False
0 days 00:49:01.747000,BOT,77,,10.0,2.0,0 days 00:46:59.630000,,,0 days 00:00:50.035000,0 days 00:00:28.904000,,0 days 00:48:33.141000,0 days 00:49:01.904000,254.0,168.0,245.0,193.0,False,SOFT,1.0,True,Cadillac,0 days 00:32:05.821000,,1,,False,,False,False
0 days 00:50:36.513000,BOT,77,0 days 00:01:34.766000,11.0,2.0,,,0 days 00:00:34.644000,0 days 00:00:41.815000,0 days 00:00:18.307000,0 days 00:49:36.391000,0 days 00:50:18.206000,0 days 00:50:36.513000,276.0,332.0,250.0,289.0,True,SOFT,2.0,True,Cadillac,0 days 00:49:01.747000,,1,,False,,False,True
0 days 00:52:48.102000,BOT,77,0 days 00:02:11.589000,12.0,2.0,,,0 days 00:00:43.482000,0 days 00:01:01.188000,0 days 00:00:26.919000,0 days 00:51:19.995000,0 days 00:52:21.183000,0 days 00:52:48.102000,203.0,171.0,253.0,166.0,False,SOFT,3.0,True,Cadillac,0 days 00:50:36.513000,,1,,False,,False,True
0 days 00:54:22.826000,BOT,77,0 days 00:01:34.724000,13.0,2.0,,,0 days 00:00:34.752000,0 days 00:00:41.883000,0 days 00:00:18.089000,0 days 00:53:22.854000,0 days 00:54:04.737000,0 days 00:54:22.826000,276.0,327.0,268.0,284.0,True,SOFT,4.0,True,Cadillac,0 days 00:52:48.102000,,1,,False,,False,True
0 days 00:56:42.816000,BOT,77,0 days 00:02:19.990000,14.0,2.0,,,0 days 00:00:43.453000,0 days 00:01:04.530000,0 days 00:00:32.007000,0 days 00:55:06.279000,0 days 00:56:10.809000,0 days 00:56:42.816000,197.0,92.0,280.0,209.0,False,SOFT,5.0,True,Cadillac,0 days 00:54:22.826000,,1,,False,,False,True
0 days 00:58:17.306000,BOT,77,0 days 00:01:34.490000,15.0,2.0,,,0 days 00:00:34.401000,0 days 00:00:41.739000,0 days 00:00:18.350000,0 days 00:57:17.217000,0 days 00:57:58.956000,0 days 00:58:17.306000,275.0,331.0,244.0,285.0,True,SOFT,6.0,True,Cadillac,0 days 00:56:42.816000,,1,,False,,False,True
0 days 01:00:31.077000,BOT,77,0 days 00:02:13.771000,16.0,2.0,,0 days 01:00:29.632000,0 days 00:00:40.522000,0 days 00:00:59.555000,0 days 00:00:33.694000,0 days 00:58:57.828000,0 days 00:59:57.383000,0 days 01:00:31.077000,179.0,105.0,,231.0,False,SOFT,7.0,True,Cadillac,0 days 00:58:17.306000,,1,,False,,False,False
0 days 01:07:09.518000,BOT,77,,17.0,3.0,0 days 01:05:18.205000,,,0 days 00:00:45.257000,0 days 00:00:19.270000,,0 days 01:06:50.428000,0 days 01:07:09.540000,245.0,309.0,265.0,280.0,False,HARD,10.0,False,Cadillac,0 days 01:00:31.077000,,1,,False,,False,False
0 days 01:08:49.152000,BOT,77,0 days 00:01:39.634000,18.0,3.0,,,0 days 00:00:36.851000,0 days 00:00:43.597000,0 days 00:00:19.186000,0 days 01:07:46.369000,0 days 01:08:29.966000,0 days 01:08:49.152000,259.0,308.0,263.0,275.0,False,HARD,11.0,False,Cadillac,0 days 01:07:09.518000,,1,,False,,False,True
0 days 01:10:28.923000,BOT,77,0 days 00:01:39.771000,19.0,3.0,,,0 days 00:00:37.224000,0 days 00:00:43.920000,0 days 00:00:18.627000,0 days 01:09:26.376000,0 days 01:10:10.296000,0 days 01:10:28.923000,263.0,310.0,273.0,275.0,False,HARD,12.0,False,Cadillac,0 days 01:08:49.152000,,1,,False,,False,True
0 days 01:12:09.966000,BOT,77,0 days 00:01:41.043000,20.0,3.0,,,0 days 00:00:38.653000,0 days 00:00:43.599000,0 days 00:00:18.791000,0 days 01:11:07.576000,0 days 01:11:51.175000,0 days 01:12:09.966000,251.0,310.0,270.0,282.0,False,HARD,13.0,False,Cadillac,0 days 01:10:28.923000,,1,,False,,False,True
0 days 01:13:50.615000,BOT,77,0 days 00:01:40.649000,21.0,3.0,,,0 days 00:00:36.672000,0 days 00:00:44.756000,0 days 00:00:19.221000,0 days 01:12:46.638000,0 days 01:13:31.394000,0 days 01:13:50.615000,254.0,303.0,274.0,279.0,False,HARD,14.0,False,Cadillac,0 days 01:12:09.966000,,1,,False,,False,True
0 days 01:15:30.878000,BOT,77,0 days 00:01:40.263000,22.0,3.0,,,0 days 00:00:36.581000,0 days 00:00:44.109000,0 days 00:00:19.573000,0 days 01:14:27.196000,0 days 01:15:11.305000,0 days 01:15:30.878000,250.0,305.0,274.0,265.0,False,HARD,15.0,False,Cadillac,0 days 01:13:50.615000,,1,,False,,False,True
0 days 01:17:31.168000,BOT,77,0 days 00:02:00.290000,23.0,3.0,,,0 days 00:00:38.347000,0 days 00:00:49.370000,0 days 00:00:32.573000,0 days 01:16:09.225000,0 days 01:16:58.595000,0 days 01:17:31.168000,249.0,238.0,79.0,208.0,False,HARD,16.0,False,Cadillac,0 days 01:15:30.878000,,1,,False,,False,True
0 days 01:20:04.539000,BOT,77,,24.0,3.0,,0 days 01:20:03.006000,0 days 00:01:20.565000,0 days 00:00:47.621000,0 days 00:00:25.154000,0 days 01:18:51.877000,0 days 01:19:39.446000,0 days 01:20:04.539000,250.0,305.0,,204.0,False,HARD,17.0,False,Cadillac,0 days 01:17:31.168000,,1,,False,,False,False
0 days 00:17:54.410000,PIA,81,,1.0,1.0,0 days 00:15:47.787000,,,0 days 00:00:46.624000,0 days 00:00:38.288000,,0 days 00:17:16.374000,0 days 00:17:54.514000,260.0,256.0,243.0,255.0,False,MEDIUM,1.0,True,McLaren,0 days 00:15:47.787000,,1,,False,,False,False
0 days 00:19:28.463000,PIA,81,0 days 00:01:34.053000,2.0,1.0,,,0 days 00:00:34.473000,0 days 00:00:41.419000,0 days 00:00:18.161000,0 days 00:18:28.883000,0 days 00:19:10.302000,0 days 00:19:28.463000,270.0,324.0,262.0,285.0,True,MEDIUM,2.0,True,McLaren,0 days 00:17:54.410000,,1,,False,,False,True
0 days 00:21:45.579000,PIA,81,0 days 00:02:17.116000,3.0,1.0,,,0 days 00:00:46.806000,0 days 00:00:59.906000,0 days 00:00:30.404000,0 days 00:20:15.269000,0 days 00:21:15.175000,0 days 00:21:45.579000,185.0,216.0,255.0,106.0,False,MEDIUM,3.0,True,McLaren,0 days 00:19:28.463000,,1,,False,,False,True
0 days 00:23:18.391000,PIA,81,0 days 00:01:32.812000,4.0,1.0,,,0 days 00:00:33.657000,0 days 00:00:40.956000,0 days 00:00:18.199000,0 days 00:22:19.236000,0 days 00:23:00.192000,0 days 00:23:18.391000,273.0,323.0,264.0,287.0,True,MEDIUM,4.0,True,McLaren,0 days 00:21:45.579000,,1,,False,,False,True
0 days 00:25:18.638000,PIA,81,0 days 00:02:00.247000,5.0,1.0,,0 days 00:25:17.324000,0 days 00:00:47.608000,0 days 00:00:48.870000,0 days 00:00:23.769000,0 days 00:24:05.999000,0 days 00:24:54.869000,0 days 00:25:18.638000,214.0,264.0,,239.0,False,MEDIUM,5.0,True,McLaren,0 days 00:23:18.391000,,1,,False,,False,False
0 days 00:27:43.118000,PIA,81,0 days 00:02:24.480000,6.0,2.0,0 days 00:25:42.946000,,0 days 00:01:10.932000,0 days 00:00:49.799000,0 days 00:00:23.749000,0 days 00:26:29.570000,0 days 00:27:19.369000,0 days 00:27:43.118000,186.0,131.0,254.0,183.0,False,MEDIUM,6.0,False,McLaren,0 days 00:25:18.638000,,1,,False,,False,False
0 days 00:29:15.896000,PIA,81,0 days 00:01:32.778000,7.0,2.0,,,0 days 00:00:33.542000,0 days 00:00:41.086000,0 days 00:00:18.150000,0 days 00:28:16.660000,0 days 00:28:57.746000,0 days 00:29:15.896000,271.0,322.0,262.0,282.0,True,MEDIUM,7.0,False,McLaren,0 days 00:27:43.118000,,1,,False,,False,True
0 days 00:31:27.387000,PIA,81,0 days 00:02:11.491000,8.0,2.0,,,0 days 00:00:46.048000,0 days 00:00:59.726000,0 days 00:00:25.717000,0 days 00:30:01.944000,0 days 00:31:01.670000,0 days 00:31:27.387000,206.0,171.0,260.0,150.0,False,MEDIUM,8.0,False,McLaren,0 days 00:29:15.896000,,1,,False,,False,True
0 days 00:32:59.726000,PIA,81,0 days 00:01:32.339000,9.0,2.0,,,0 days 00:00:33.359000,0 days 00:00:40.869000,0 days 00:00:18.111000,0 days 00:32:00.746000,0 days 00:32:41.615000,0 days 00:32:59.726000,275.0,316.0,262.0,278.0,True,MEDIUM,9.0,False,McLaren,0 days 00:31:27.387000,,1,,False,,False,True
0 days 00:34:50.487000,PIA,81,0 days 00:01:50.761000,10.0,2.0,,0 days 00:34:49.065000,0 days 00:00:41.364000,0 days 00:00:46.431000,0 days 00:00:22.966000,0 days 00:33:41.090000,0 days 00:34:27.521000,0 days 00:34:50.487000,243.0,259.0,,256.0,False,MEDIUM,10.0,False,McLaren,0 days 00:32:59.726000,,1,,False,,False,False
0 days 00:52:41.166000,PIA,81,,11.0,3.0,0 days 00:50:50.614000,,,0 days 00:00:45.335000,0 days 00:00:27.539000,,0 days 00:52:13.897000,0 days 00:52:41.376000,261.0,259.0,247.0,221.0,False,SOFT,1.0,True,McLaren,0 days 00:34:50.487000,,1,,False,,False,False
0 days 00:54:13.563000,PIA,81,0 days 00:01:32.397000,12.0,3.0,,,0 days 00:00:33.227000,0 days 00:00:41.168000,0 days 00:00:18.002000,0 days 00:53:14.393000,0 days 00:53:55.561000,0 days 00:54:13.563000,272.0,317.0,260.0,277.0,False,SOFT,2.0,True,McLaren,0 days 00:52:41.166000,,1,,False,,False,True
0 days 00:56:38.049000,PIA,81,0 days 00:02:24.486000,13.0,3.0,,,0 days 00:00:48.797000,0 days 00:01:05.031000,0 days 00:00:30.658000,0 days 00:55:02.360000,0 days 00:56:07.391000,0 days 00:56:38.049000,204.0,148.0,184.0,97.0,False,SOFT,3.0,True,McLaren,0 days 00:54:13.563000,,1,,False,,False,True
0 days 00:58:26.489000,PIA,81,0 days 00:01:48.440000,14.0,3.0,,,0 days 00:00:42.878000,0 days 00:00:45.178000,0 days 00:00:20.384000,0 days 00:57:20.927000,0 days 00:58:06.105000,0 days 00:58:26.489000,262.0,255.0,258.0,253.0,False,SOFT,4.0,True,McLaren,0 days 00:56:38.049000,,1,,False,,False,True
0 days 00:59:58.354000,PIA,81,0 days 00:01:31.865000,15.0,3.0,,,0 days 00:00:33.133000,0 days 00:00:40.689000,0 days 00:00:18.043000,0 days 00:58:59.622000,0 days 00:59:40.311000,0 days 00:59:58.354000,270.0,317.0,260.0,277.0,True,SOFT,5.0,True,McLaren,0 days 00:58:26.489000,,1,,False,,False,True
0 days 01:01:49.810000,PIA,81,0 days 00:01:51.456000,16.0,3.0,,0 days 01:01:48.390000,0 days 00:00:40.416000,0 days 00:00:47.516000,0 days 00:00:23.524000,0 days 01:00:38.770000,0 days 01:01:26.286000,0 days 01:01:49.810000,243.0,259.0,,253.0,False,SOFT,6.0,True,McLaren,0 days 00:59:58.354000,,1,,False,,False,False
0 days 01:09:04.039000,PIA,81,,17.0,4.0,0 days 01:06:52.775000,,,0 days 00:00:42.689000,0 days 00:00:24.180000,,0 days 01:08:40.110000,0 days 01:09:04.172000,263.0,313.0,248.0,246.0,False,MEDIUM,11.0,False,McLaren,0 days 01:01:49.810000,,1,,False,,False,False
0 days 01:10:40.452000,PIA,81,0 days 00:01:36.413000,18.0,4.0,,,0 days 00:00:35.624000,0 days 00:00:42.499000,0 days 00:00:18.290000,0 days 01:09:39.663000,0 days 01:10:22.162000,0 days 01:10:40.452000,258.0,314.0,278.0,280.0,False,MEDIUM,12.0,False,McLaren,0 days 01:09:04.039000,,1,,False,,False,True
0 days 01:12:16.622000,PIA,81,0 days 00:01:36.170000,19.0,4.0,,,0 days 00:00:35.647000,0 days 00:00:42.352000,0 days 00:00:18.171000,0 days 01:11:16.099000,0 days 01:11:58.451000,0 days 01:12:16.622000,256.0,316.0,279.0,281.0,False,MEDIUM,13.0,False,McLaren,0 days 01:10:40.452000,,1,,False,,False,True
0 days 01:13:52.794000,PIA,81,0 days 00:01:36.172000,20.0,4.0,,,0 days 00:00:35.348000,0 days 00:00:42.867000,0 days 00:00:17.957000,0 days 01:12:51.970000,0 days 01:13:34.837000,0 days 01:13:52.794000,263.0,327.0,268.0,297.0,False,MEDIUM,14.0,False,McLaren,0 days 01:12:16.622000,,1,,False,,False,True
0 days 01:15:32.124000,PIA,81,0 days 00:01:39.330000,21.0,4.0,,,0 days 00:00:37.233000,0 days 00:00:43.475000,0 days 00:00:18.622000,0 days 01:14:30.027000,0 days 01:15:13.502000,0 days 01:15:32.124000,261.0,317.0,280.0,285.0,False,MEDIUM,15.0,False,McLaren,0 days 01:13:52.794000,,1,,False,,False,True
0 days 01:17:40.126000,PIA,81,0 days 00:02:08.002000,22.0,4.0,,,0 days 00:00:39.262000,0 days 00:00:50.152000,0 days 00:00:38.588000,0 days 01:16:11.386000,0 days 01:17:01.538000,0 days 01:17:40.126000,203.0,217.0,56.0,167.0,False,MEDIUM,16.0,False,McLaren,0 days 01:15:32.124000,,1,,False,,False,True
0 days 01:20:07.999000,PIA,81,0 days 00:02:27.873000,23.0,4.0,,0 days 01:20:06.654000,0 days 00:01:16.466000,0 days 00:00:45.553000,0 days 00:00:25.854000,0 days 01:18:56.592000,0 days 01:19:42.145000,0 days 01:20:07.999000,277.0,229.0,,227.0,False,MEDIUM,17.0,False,McLaren,0 days 01:17:40.126000,,1,,False,,False,False
0 days 00:17:00.059000,BEA,87,,1.0,1.0,0 days 00:14:57.593000,,,0 days 00:00:49.010000,0 days 00:00:24.051000,,0 days 00:16:36.200000,0 days 00:17:00.171000,262.0,267.0,237.0,240.0,False,HARD,1.0,True,Haas F1 Team,0 days 00:14:57.593000,,671,,False,,False,False
0 days 00:18:37.333000,BEA,87,0 days 00:01:37.274000,2.0,1.0,,,0 days 00:00:35.697000,0 days 00:00:43.099000,0 days 00:00:18.478000,0 days 00:17:35.756000,0 days 00:18:18.855000,0 days 00:18:37.333000,270.0,323.0,270.0,276.0,True,HARD,2.0,True,Haas F1 Team,0 days 00:17:00.059000,,1,,False,,False,True
0 days 00:20:45.494000,BEA,87,0 days 00:02:08.161000,3.0,1.0,,,0 days 00:00:54.557000,0 days 00:00:51.151000,0 days 00:00:22.453000,0 days 00:19:31.890000,0 days 00:20:23.041000,0 days 00:20:45.494000,194.0,269.0,249.0,260.0,False,HARD,3.0,True,Haas F1 Team,0 days 00:18:37.333000,,1,,False,,False,True
0 days 00:22:20.443000,BEA,87,0 days 00:01:34.949000,4.0,1.0,,,0 days 00:00:34.426000,0 days 00:00:42.275000,0 days 00:00:18.248000,0 days 00:21:19.920000,0 days 00:22:02.195000,0 days 00:22:20.443000,272.0,322.0,267.0,281.0,True,HARD,4.0,True,Haas F1 Team,0 days 00:20:45.494000,,1,,False,,False,True
0 days 00:24:25.543000,BEA,87,0 days 00:02:05.100000,5.0,1.0,,0 days 00:24:24.281000,0 days 00:00:47.257000,0 days 00:00:52.102000,0 days 00:00:25.741000,0 days 00:23:07.700000,0 days 00:23:59.802000,0 days 00:24:25.543000,226.0,199.0,,230.0,False,HARD,5.0,True,Haas F1 Team,0 days 00:22:20.443000,,1,,False,,False,False
0 days 00:30:03.797000,BEA,87,,6.0,2.0,0 days 00:27:58.693000,,,0 days 00:00:44.970000,0 days 00:00:21.462000,,0 days 00:29:42.455000,0 days 00:30:03.827000,270.0,255.0,253.0,252.0,False,HARD,6.0,False,Haas F1 Team,0 days 00:24:25.543000,,1,,False,,False,False
0 days 00:31:38.018000,BEA,87,0 days 00:01:34.221000,7.0,2.0,,,0 days 00:00:34.354000,0 days 00:00:41.809000,0 days 00:00:18.058000,0 days 00:30:38.151000,0 days 00:31:19.960000,0 days 00:31:38.018000,273.0,328.0,266.0,280.0,True,HARD,7.0,False,Haas F1 Team,0 days 00:30:03.797000,,1,,False,,False,True
0 days 00:33:56.775000,BEA,87,0 days 00:02:18.757000,8.0,2.0,,,0 days 00:00:57.701000,0 days 00:01:00.246000,0 days 00:00:20.810000,0 days 00:32:35.719000,0 days 00:33:35.965000,0 days 00:33:56.775000,155.0,269.0,252.0,258.0,False,HARD,8.0,False,Haas F1 Team,0 days 00:31:38.018000,,1,,False,,False,True
0 days 00:35:30.688000,BEA,87,0 days 00:01:33.913000,9.0,2.0,,,0 days 00:00:34.347000,0 days 00:00:41.365000,0 days 00:00:18.201000,0 days 00:34:31.122000,0 days 00:35:12.487000,0 days 00:35:30.688000,274.0,321.0,262.0,275.0,True,HARD,9.0,False,Haas F1 Team,0 days 00:33:56.775000,,1,,False,,False,True
0 days 00:37:21.551000,BEA,87,0 days 00:01:50.863000,10.0,2.0,,0 days 00:37:20.123000,0 days 00:00:35.999000,0 days 00:00:48.238000,0 days 00:00:26.626000,0 days 00:36:06.687000,0 days 00:36:54.925000,0 days 00:37:21.551000,262.0,199.0,,199.0,False,HARD,10.0,False,Haas F1 Team,0 days 00:35:30.688000,,1,,False,,False,False
0 days 00:46:03.570000,BEA,87,,11.0,3.0,0 days 00:44:04.247000,,,0 days 00:00:46.607000,0 days 00:00:31.503000,,0 days 00:45:32.317000,0 days 00:46:03.727000,236.0,268.0,233.0,256.0,False,SOFT,1.0,True,Haas F1 Team,0 days 00:37:21.551000,,1,,False,,False,False
0 days 00:48:07.899000,BEA,87,0 days 00:02:04.329000,12.0,3.0,,,0 days 00:00:47.026000,0 days 00:00:51.680000,0 days 00:00:25.623000,0 days 00:46:50.596000,0 days 00:47:42.276000,0 days 00:48:07.899000,190.0,268.0,251.0,196.0,False,SOFT,2.0,True,Haas F1 Team,0 days 00:46:03.570000,,1,,False,,False,True
0 days 00:49:40.799000,BEA,87,0 days 00:01:32.900000,13.0,3.0,,,0 days 00:00:33.440000,0 days 00:00:41.389000,0 days 00:00:18.071000,0 days 00:48:41.339000,0 days 00:49:22.728000,0 days 00:49:40.799000,278.0,321.0,263.0,279.0,True,SOFT,3.0,True,Haas F1 Team,0 days 00:48:07.899000,,1,,False,,False,True
0 days 00:52:21.213000,BEA,87,,14.0,3.0,,,0 days 00:01:08.297000,0 days 00:01:10.698000,0 days 00:00:21.371000,0 days 00:50:49.403000,0 days 00:51:59.842000,0 days 00:52:21.326000,128.0,263.0,254.0,251.0,False,SOFT,4.0,True,Haas F1 Team,0 days 00:49:40.799000,,1,,False,,False,False
0 days 00:53:54.113000,BEA,87,0 days 00:01:32.900000,15.0,3.0,,,0 days 00:00:33.555000,0 days 00:00:41.401000,0 days 00:00:17.944000,0 days 00:52:54.768000,0 days 00:53:36.169000,0 days 00:53:54.113000,277.0,322.0,263.0,277.0,False,SOFT,5.0,True,Haas F1 Team,0 days 00:52:21.213000,,1,,False,,False,True
0 days 00:56:14.443000,BEA,87,0 days 00:02:20.330000,16.0,3.0,,0 days 00:56:13.064000,0 days 00:00:48.071000,0 days 00:01:02.645000,0 days 00:00:29.614000,0 days 00:54:42.184000,0 days 00:55:44.829000,0 days 00:56:14.443000,172.0,205.0,,176.0,False,SOFT,6.0,True,Haas F1 Team,0 days 00:53:54.113000,,1,,False,,False,False
0 days 01:02:53.922000,BEA,87,,17.0,4.0,0 days 01:00:53.367000,,,0 days 00:00:49.021000,0 days 00:00:18.790000,,0 days 01:02:35.323000,0 days 01:02:53.981000,261.0,313.0,271.0,272.0,False,SOFT,7.0,False,Haas F1 Team,0 days 00:56:14.443000,,1,,False,,False,False
0 days 01:04:30.306000,BEA,87,0 days 00:01:36.384000,18.0,4.0,,,0 days 00:00:35.090000,0 days 00:00:42.646000,0 days 00:00:18.648000,0 days 01:03:29.012000,0 days 01:04:11.658000,0 days 01:04:30.306000,260.0,301.0,264.0,268.0,False,SOFT,8.0,False,Haas F1 Team,0 days 01:02:53.922000,,1,,False,,False,True
0 days 01:06:06.869000,BEA,87,0 days 00:01:36.563000,19.0,4.0,,,0 days 00:00:35.336000,0 days 00:00:42.669000,0 days 00:00:18.558000,0 days 01:05:05.642000,0 days 01:05:48.311000,0 days 01:06:06.869000,258.0,302.0,264.0,271.0,False,SOFT,9.0,False,Haas F1 Team,0 days 01:04:30.306000,,1,,False,,False,True
0 days 01:07:44.427000,BEA,87,0 days 00:01:37.558000,20.0,4.0,,,0 days 00:00:35.448000,0 days 00:00:42.808000,0 days 00:00:19.302000,0 days 01:06:42.317000,0 days 01:07:25.125000,0 days 01:07:44.427000,258.0,311.0,271.0,275.0,False,SOFT,10.0,False,Haas F1 Team,0 days 01:06:06.869000,,1,,False,,False,True
0 days 01:09:21.443000,BEA,87,0 days 00:01:37.016000,21.0,4.0,,,0 days 00:00:35.575000,0 days 00:00:42.814000,0 days 00:00:18.627000,0 days 01:08:20.002000,0 days 01:09:02.816000,0 days 01:09:21.443000,258.0,308.0,271.0,272.0,False,SOFT,11.0,False,Haas F1 Team,0 days 01:07:44.427000,,1,,False,,False,True
0 days 01:10:58.650000,BEA,87,0 days 00:01:37.207000,22.0,4.0,,,0 days 00:00:35.654000,0 days 00:00:42.915000,0 days 00:00:18.638000,0 days 01:09:57.097000,0 days 01:10:40.012000,0 days 01:10:58.650000,256.0,308.0,271.0,272.0,False,SOFT,12.0,False,Haas F1 Team,0 days 01:09:21.443000,,1,,False,,False,True
0 days 01:12:36.017000,BEA,87,0 days 00:01:37.367000,23.0,4.0,,,0 days 00:00:35.662000,0 days 00:00:43.103000,0 days 00:00:18.602000,0 days 01:11:34.312000,0 days 01:12:17.415000,0 days 01:12:36.017000,256.0,308.0,274.0,272.0,False,SOFT,13.0,False,Haas F1 Team,0 days 01:10:58.650000,,1,,False,,False,True
0 days 01:14:14.486000,BEA,87,0 days 00:01:38.469000,24.0,4.0,,,0 days 00:00:36.303000,0 days 00:00:43.456000,0 days 00:00:18.710000,0 days 01:13:12.320000,0 days 01:13:55.776000,0 days 01:14:14.486000,257.0,310.0,275.0,275.0,False,SOFT,14.0,False,Haas F1 Team,0 days 01:12:36.017000,,1,,False,,False,True
0 days 01:16:09.762000,BEA,87,0 days 00:01:55.276000,25.0,4.0,,,0 days 00:00:39.134000,0 days 00:00:56.551000,0 days 00:00:19.591000,0 days 01:14:53.620000,0 days 01:15:50.171000,0 days 01:16:09.762000,174.0,270.0,275.0,265.0,False,SOFT,15.0,False,Haas F1 Team,0 days 01:14:14.486000,,1,,False,,False,True
0 days 01:18:13.334000,BEA,87,0 days 00:02:03.572000,26.0,4.0,,,0 days 00:00:41.961000,0 days 00:00:48.918000,0 days 00:00:32.693000,0 days 01:16:51.723000,0 days 01:17:40.641000,0 days 01:18:13.334000,189.0,241.0,69.0,237.0,False,SOFT,16.0,False,Haas F1 Team,0 days 01:16:09.762000,,1,,False,,False,True
0 days 01:20:59.544000,BEA,87,,27.0,4.0,,0 days 01:20:58.128000,0 days 00:01:13.701000,0 days 00:01:11.292000,0 days 00:00:21.240000,0 days 01:19:27.167000,0 days 01:20:38.491000,0 days 01:20:59.544000,255.0,282.0,,269.0,False,SOFT,17.0,False,Haas F1 Team,0 days 01:18:13.334000,,1,,False,,False,False
