Time,Driver,DriverNumber,LapTime,LapNumber,Stint,PitOutTime,PitInTime,Sector1Time,Sector2Time,Sector3Time,Sector1SessionTime,Sector2SessionTime,Sector3SessionTime,SpeedI1,SpeedI2,SpeedFL,SpeedST,IsPersonalBest,Compound,TyreLife,FreshTyre,Team,LapStartTime,LapStartDate,TrackStatus,Position,Deleted,DeletedReason,FastF1Generated,IsAccurate
0 days 00:33:14.727000,NOR,1,0 days 00:02:28.300000,1.0,1.0,0 days 00:30:50.452000,,0 days 00:01:20.197000,0 days 00:00:21.307000,0 days 00:00:46.796000,0 days 00:32:06.891000,0 days 00:32:28.147000,0 days 00:33:14.905000,231.0,252.0,274.0,90.0,False,SOFT,1.0,True,McLaren,0 days 00:30:50.452000,,1,,False,,False,False
0 days 00:34:55.722000,NOR,1,0 days 00:01:40.995000,2.0,1.0,,,0 days 00:00:34.687000,0 days 00:00:20.724000,0 days 00:00:45.584000,0 days 00:33:49.414000,0 days 00:34:10.138000,0 days 00:34:55.722000,251.0,282.0,269.0,276.0,True,SOFT,2.0,True,McLaren,0 days 00:33:14.727000,,12,,False,,False,True
0 days 00:36:23.239000,NOR,1,0 days 00:01:27.517000,3.0,1.0,,,0 days 00:00:28.821000,0 days 00:00:17.877000,0 days 00:00:40.819000,0 days 00:35:24.543000,0 days 00:35:42.420000,0 days 00:36:23.239000,276.0,277.0,180.0,275.0,True,SOFT,3.0,True,McLaren,0 days 00:34:55.722000,,26,,False,,False,False
0 days 00:38:32.491000,NOR,1,0 days 00:02:09.252000,4.0,1.0,,,0 days 00:00:48.332000,0 days 00:00:25.025000,0 days 00:00:55.895000,0 days 00:37:11.571000,0 days 00:37:36.596000,0 days 00:38:32.491000,175.0,263.0,198.0,110.0,False,SOFT,4.0,True,McLaren,0 days 00:36:23.239000,,6,,False,,False,False
0 days 00:47:03.369000,NOR,1,,5.0,1.0,,0 days 00:40:28.673000,0 days 00:00:40.239000,0 days 00:00:27.328000,,0 days 00:39:12.953000,0 days 00:39:40.344000,,216.0,255.0,,263.0,False,SOFT,5.0,True,McLaren,0 days 00:38:32.491000,,6512,,False,,False,False
0 days 00:48:45.379000,NOR,1,,6.0,2.0,0 days 00:47:03.369000,,0 days 00:01:33.720000,0 days 00:00:20.735000,0 days 00:00:40.271000,0 days 00:47:44.530000,0 days 00:48:05.269000,0 days 00:48:45.450000,250.0,282.0,278.0,149.0,False,SOFT,6.0,False,McLaren,0 days 00:47:03.369000,,1,,False,,False,False
0 days 00:50:06.817000,NOR,1,0 days 00:01:21.438000,7.0,2.0,,,0 days 00:00:28.357000,0 days 00:00:18.139000,0 days 00:00:34.942000,0 days 00:49:13.736000,0 days 00:49:31.875000,0 days 00:50:06.817000,276.0,267.0,284.0,289.0,True,SOFT,7.0,False,McLaren,0 days 00:48:45.379000,,1,,False,,False,True
0 days 00:52:03.792000,NOR,1,0 days 00:01:56.975000,8.0,2.0,,,0 days 00:00:41.083000,0 days 00:00:25.693000,0 days 00:00:50.199000,0 days 00:50:47.900000,0 days 00:51:13.593000,0 days 00:52:03.792000,201.0,209.0,220.0,113.0,False,SOFT,8.0,False,McLaren,0 days 00:50:06.817000,,1,,False,,False,True
0 days 00:53:59.328000,NOR,1,0 days 00:01:55.536000,9.0,2.0,,,0 days 00:00:38.567000,0 days 00:00:25.496000,0 days 00:00:51.473000,0 days 00:52:42.359000,0 days 00:53:07.855000,0 days 00:53:59.328000,201.0,217.0,275.0,175.0,False,SOFT,9.0,False,McLaren,0 days 00:52:03.792000,,1,,False,,False,True
0 days 00:55:34.986000,NOR,1,0 days 00:01:35.658000,10.0,2.0,,,0 days 00:00:36.340000,0 days 00:00:20.518000,0 days 00:00:38.800000,0 days 00:54:35.668000,0 days 00:54:56.186000,0 days 00:55:34.986000,179.0,284.0,276.0,288.0,False,SOFT,10.0,False,McLaren,0 days 00:53:59.328000,,1,,False,,False,True
0 days 00:56:56.149000,NOR,1,0 days 00:01:21.163000,11.0,2.0,,,0 days 00:00:28.400000,0 days 00:00:17.983000,0 days 00:00:34.780000,0 days 00:56:03.386000,0 days 00:56:21.369000,0 days 00:56:56.149000,276.0,269.0,283.0,284.0,True,SOFT,11.0,False,McLaren,0 days 00:55:34.986000,,1,,False,,False,True
0 days 00:58:48.557000,NOR,1,0 days 00:01:52.408000,12.0,2.0,,,0 days 00:00:39.435000,0 days 00:00:25.198000,0 days 00:00:47.775000,0 days 00:57:35.584000,0 days 00:58:00.782000,0 days 00:58:48.557000,205.0,221.0,187.0,238.0,False,SOFT,12.0,False,McLaren,0 days 00:56:56.149000,,12,,False,,False,True
0 days 01:00:34.278000,NOR,1,0 days 00:01:45.721000,13.0,2.0,,,0 days 00:00:35.779000,0 days 00:00:24.101000,0 days 00:00:45.841000,0 days 00:59:24.336000,0 days 00:59:48.437000,0 days 01:00:34.278000,246.0,164.0,281.0,186.0,False,SOFT,13.0,False,McLaren,0 days 00:58:48.557000,,21,,False,,False,True
0 days 01:01:55.736000,NOR,1,0 days 00:01:21.458000,14.0,2.0,,,0 days 00:00:28.298000,0 days 00:00:17.807000,0 days 00:00:35.353000,0 days 01:01:02.576000,0 days 01:01:20.383000,0 days 01:01:55.736000,265.0,277.0,289.0,288.0,False,SOFT,14.0,False,McLaren,0 days 01:00:34.278000,,1,,False,,False,True
0 days 01:03:45.950000,NOR,1,0 days 00:01:50.214000,15.0,2.0,,,0 days 00:00:39.663000,0 days 00:00:24.962000,0 days 00:00:45.589000,0 days 01:02:35.399000,0 days 01:03:00.361000,0 days 01:03:45.950000,161.0,214.0,277.0,141.0,False,SOFT,15.0,False,McLaren,0 days 01:01:55.736000,,1,,False,,False,True
0 days 01:05:06.989000,NOR,1,0 days 00:01:21.039000,16.0,2.0,,,0 days 00:00:28.496000,0 days 00:00:17.932000,0 days 00:00:34.611000,0 days 01:04:14.446000,0 days 01:04:32.378000,0 days 01:05:06.989000,261.0,274.0,284.0,284.0,True,SOFT,16.0,False,McLaren,0 days 01:03:45.950000,,1,,False,,False,True
0 days 01:22:03.677000,NOR,1,,17.0,2.0,,0 days 01:06:37.139000,0 days 00:00:32.350000,0 days 00:00:20.925000,,0 days 01:05:39.541000,0 days 01:06:00.478000,,231.0,257.0,,232.0,False,SOFT,17.0,False,McLaren,0 days 01:05:06.989000,,125,,False,,False,False
0 days 01:23:41.273000,NOR,1,,18.0,3.0,0 days 01:22:03.677000,,,0 days 00:00:20.151000,0 days 00:00:39.354000,,0 days 01:23:02.168000,0 days 01:23:41.331000,256.0,269.0,277.0,185.0,False,SOFT,1.0,True,McLaren,0 days 01:22:03.677000,,1,,False,,False,False
0 days 01:25:01.716000,NOR,1,0 days 00:01:20.443000,19.0,3.0,,,0 days 00:00:28.224000,0 days 00:00:17.784000,0 days 00:00:34.435000,0 days 01:24:09.497000,0 days 01:24:27.281000,0 days 01:25:01.716000,268.0,277.0,281.0,284.0,True,SOFT,2.0,True,McLaren,0 days 01:23:41.273000,,1,,False,,False,True
0 days 01:26:29.351000,NOR,1,0 days 00:01:27.635000,20.0,3.0,,,0 days 00:00:31.166000,0 days 00:00:20.780000,0 days 00:00:35.689000,0 days 01:25:32.882000,0 days 01:25:53.662000,0 days 01:26:29.351000,239.0,256.0,300.0,255.0,False,SOFT,3.0,True,McLaren,0 days 01:25:01.716000,,1,,False,,False,True
0 days 01:29:15.502000,NOR,1,,21.0,3.0,,,0 days 00:00:37.383000,0 days 00:00:24.431000,,0 days 01:27:06.913000,0 days 01:27:31.320000,,196.0,214.0,3.0,286.0,False,SOFT,4.0,True,McLaren,0 days 01:26:29.351000,,1,,False,,False,False
0 days 01:30:51.311000,NOR,1,,22.0,3.0,,0 days 01:30:51.311000,0 days 00:00:37.138000,0 days 00:00:18.221000,,0 days 01:29:52.494000,0 days 01:30:10.799000,,264.0,257.0,,163.0,False,SOFT,5.0,True,McLaren,0 days 01:29:15.502000,,1,,False,,False,False
0 days 00:49:02.866000,VER,3,,1.0,1.0,0 days 00:47:21.586000,,,0 days 00:00:20.328000,0 days 00:00:39.272000,,0 days 00:48:23.894000,0 days 00:49:03.109000,245.0,282.0,281.0,175.0,False,SOFT,1.0,True,Red Bull Racing,0 days 00:47:21.586000,,1,,False,,False,False
0 days 00:50:23.845000,VER,3,0 days 00:01:20.979000,2.0,1.0,,,0 days 00:00:28.380000,0 days 00:00:17.776000,0 days 00:00:34.823000,0 days 00:49:31.246000,0 days 00:49:49.022000,0 days 00:50:23.845000,283.0,280.0,304.0,302.0,True,SOFT,2.0,True,Red Bull Racing,0 days 00:49:02.866000,,1,,False,,False,True
0 days 00:52:39.848000,VER,3,0 days 00:02:16.003000,3.0,1.0,,0 days 00:52:19.223000,0 days 00:00:46.401000,0 days 00:00:24.626000,0 days 00:01:04.976000,0 days 00:51:10.246000,0 days 00:51:34.872000,0 days 00:52:39.848000,180.0,239.0,,222.0,False,SOFT,3.0,True,Red Bull Racing,0 days 00:50:23.845000,,1,,False,,False,False
0 days 00:54:23.098000,VER,3,0 days 00:01:43.250000,4.0,2.0,0 days 00:52:42.010000,,0 days 00:00:38.758000,0 days 00:00:20.623000,0 days 00:00:43.869000,0 days 00:53:18.606000,0 days 00:53:39.229000,0 days 00:54:23.098000,244.0,198.0,283.0,185.0,False,SOFT,4.0,False,Red Bull Racing,0 days 00:52:39.848000,,1,,False,,False,False
0 days 00:55:43.606000,VER,3,0 days 00:01:20.508000,5.0,2.0,,,0 days 00:00:28.061000,0 days 00:00:17.905000,0 days 00:00:34.542000,0 days 00:54:51.159000,0 days 00:55:09.064000,0 days 00:55:43.606000,281.0,273.0,303.0,303.0,True,SOFT,5.0,False,Red Bull Racing,0 days 00:54:23.098000,,1,,False,,False,True
0 days 00:57:26.756000,VER,3,0 days 00:01:43.150000,6.0,2.0,,,0 days 00:00:43.571000,0 days 00:00:20.726000,0 days 00:00:38.853000,0 days 00:56:27.177000,0 days 00:56:47.903000,0 days 00:57:26.756000,193.0,266.0,313.0,214.0,False,SOFT,6.0,False,Red Bull Racing,0 days 00:55:43.606000,,1,,False,,False,True
0 days 00:58:48.818000,VER,3,0 days 00:01:22.062000,7.0,2.0,,,0 days 00:00:28.356000,0 days 00:00:18.281000,0 days 00:00:35.425000,0 days 00:57:55.112000,0 days 00:58:13.393000,0 days 00:58:48.818000,294.0,291.0,296.0,316.0,False,SOFT,7.0,False,Red Bull Racing,0 days 00:57:26.756000,,12,,False,,False,True
0 days 01:00:13.169000,VER,3,0 days 00:01:24.351000,8.0,2.0,,,0 days 00:00:30.935000,0 days 00:00:17.951000,0 days 00:00:35.465000,0 days 00:59:19.753000,0 days 00:59:37.704000,0 days 01:00:13.169000,277.0,298.0,299.0,292.0,False,SOFT,8.0,False,Red Bull Racing,0 days 00:58:48.818000,,21,,False,,False,True
0 days 01:01:35.142000,VER,3,0 days 00:01:21.973000,9.0,2.0,,,0 days 00:00:28.330000,0 days 00:00:17.671000,0 days 00:00:35.972000,0 days 01:00:41.499000,0 days 01:00:59.170000,0 days 01:01:35.142000,299.0,305.0,284.0,299.0,False,SOFT,9.0,False,Red Bull Racing,0 days 01:00:13.169000,,1,,False,,False,True
0 days 01:02:57.328000,VER,3,0 days 00:01:22.186000,10.0,2.0,,,0 days 00:00:28.563000,0 days 00:00:18.106000,0 days 00:00:35.517000,0 days 01:02:03.705000,0 days 01:02:21.811000,0 days 01:02:57.328000,296.0,290.0,295.0,285.0,False,SOFT,10.0,False,Red Bull Racing,0 days 01:01:35.142000,,1,,False,,False,True
0 days 01:23:28.038000,VER,3,,11.0,2.0,,0 days 01:04:20.583000,0 days 00:00:29.873000,0 days 00:00:18.903000,,0 days 01:03:27.507000,0 days 01:03:46.333000,,260.0,288.0,,,False,SOFT,11.0,False,Red Bull Racing,0 days 01:02:57.328000,,125,,False,,False,False
0 days 01:25:26.966000,VER,3,0 days 00:01:58.928000,12.0,3.0,0 days 01:23:37.284000,,0 days 00:00:55.030000,0 days 00:00:19.310000,0 days 00:00:44.588000,0 days 01:24:23.068000,0 days 01:24:42.378000,0 days 01:25:26.966000,252.0,269.0,287.0,75.0,False,SOFT,1.0,True,Red Bull Racing,0 days 01:23:37.284000,,1,,False,,False,False
0 days 01:26:47.163000,VER,3,0 days 00:01:20.197000,13.0,3.0,,,0 days 00:00:27.798000,0 days 00:00:17.902000,0 days 00:00:34.497000,0 days 01:25:54.764000,0 days 01:26:12.666000,0 days 01:26:47.163000,280.0,273.0,312.0,306.0,True,SOFT,2.0,True,Red Bull Racing,0 days 01:25:26.966000,,1,,False,,False,True
0 days 01:29:38.814000,VER,3,,14.0,3.0,,,0 days 00:00:41.294000,0 days 00:00:23.220000,,0 days 01:27:28.664000,0 days 01:27:51.842000,,182.0,242.0,119.0,234.0,False,SOFT,3.0,True,Red Bull Racing,0 days 01:26:47.163000,,1,,False,,False,False
0 days 01:31:04.702000,VER,3,,15.0,3.0,,0 days 01:31:04.702000,0 days 00:00:30.688000,0 days 00:00:18.307000,,0 days 01:30:09.659000,0 days 01:30:27.952000,,257.0,282.0,,255.0,False,SOFT,4.0,True,Red Bull Racing,0 days 01:29:38.814000,,1,,False,,False,False
0 days 00:30:39.724000,BOR,5,0 days 00:02:04.999000,1.0,1.0,0 days 00:28:40.210000,,0 days 00:01:02.469000,0 days 00:00:21.053000,0 days 00:00:41.477000,0 days 00:29:37.444000,0 days 00:29:58.445000,0 days 00:30:39.750000,235.0,233.0,268.0,157.0,False,SOFT,1.0,True,Audi,0 days 00:28:40.210000,,1,,False,,False,False
0 days 00:32:17.963000,BOR,5,0 days 00:01:38.239000,2.0,1.0,,,0 days 00:00:32.291000,0 days 00:00:20.754000,0 days 00:00:45.194000,0 days 00:31:12.015000,0 days 00:31:32.769000,0 days 00:32:17.963000,247.0,231.0,265.0,278.0,True,SOFT,2.0,True,Audi,0 days 00:30:39.724000,,1,,False,,False,True
0 days 00:33:40.250000,BOR,5,0 days 00:01:22.287000,3.0,1.0,,,0 days 00:00:29.181000,0 days 00:00:17.806000,0 days 00:00:35.300000,0 days 00:32:47.144000,0 days 00:33:04.950000,0 days 00:33:40.250000,247.0,285.0,304.0,282.0,True,SOFT,3.0,True,Audi,0 days 00:32:17.963000,,1,,False,,False,True
0 days 00:35:50.284000,BOR,5,0 days 00:02:10.034000,4.0,1.0,,,0 days 00:00:49.105000,0 days 00:00:28.953000,0 days 00:00:51.976000,0 days 00:34:29.355000,0 days 00:34:58.308000,0 days 00:35:50.284000,129.0,228.0,268.0,249.0,False,SOFT,4.0,True,Audi,0 days 00:33:40.250000,,12,,False,,False,True
0 days 00:38:05.766000,BOR,5,0 days 00:02:15.482000,5.0,1.0,,,0 days 00:00:28.806000,0 days 00:00:39.516000,0 days 00:01:07.160000,0 days 00:36:19.090000,0 days 00:36:58.606000,0 days 00:38:05.766000,250.0,119.0,172.0,285.0,False,SOFT,5.0,True,Audi,0 days 00:35:50.284000,,26,,False,,False,False
0 days 00:48:27.391000,BOR,5,,6.0,1.0,,0 days 00:42:08.743000,0 days 00:00:33.890000,0 days 00:00:20.612000,,0 days 00:38:39.884000,0 days 00:39:00.480000,,242.0,225.0,,240.0,False,SOFT,6.0,True,Audi,0 days 00:38:05.766000,,6512,,False,,False,False
0 days 00:50:27.410000,BOR,5,0 days 00:02:00.019000,7.0,2.0,0 days 00:48:32.228000,,0 days 00:00:57.364000,0 days 00:00:20.938000,0 days 00:00:41.717000,0 days 00:49:24.755000,0 days 00:49:45.693000,0 days 00:50:27.410000,237.0,231.0,267.0,61.0,False,SOFT,7.0,False,Audi,0 days 00:48:32.228000,,1,,False,,False,False
0 days 00:51:57.856000,BOR,5,0 days 00:01:30.446000,8.0,2.0,,,0 days 00:00:31.192000,0 days 00:00:20.392000,0 days 00:00:38.862000,0 days 00:50:58.602000,0 days 00:51:18.994000,0 days 00:51:57.856000,248.0,232.0,283.0,270.0,False,SOFT,8.0,False,Audi,0 days 00:50:27.410000,,1,,False,,False,True
0 days 00:53:33.448000,BOR,5,0 days 00:01:35.592000,9.0,2.0,,,0 days 00:00:34.874000,0 days 00:00:20.480000,0 days 00:00:40.238000,0 days 00:52:32.730000,0 days 00:52:53.210000,0 days 00:53:33.448000,235.0,231.0,270.0,294.0,False,SOFT,9.0,False,Audi,0 days 00:51:57.856000,,1,,False,,False,True
0 days 00:54:54.023000,BOR,5,0 days 00:01:20.575000,10.0,2.0,,,0 days 00:00:28.531000,0 days 00:00:17.411000,0 days 00:00:34.633000,0 days 00:54:01.979000,0 days 00:54:19.390000,0 days 00:54:54.023000,251.0,289.0,299.0,287.0,True,SOFT,10.0,False,Audi,0 days 00:53:33.448000,,1,,False,,False,True
0 days 00:57:01.492000,BOR,5,0 days 00:02:07.469000,11.0,2.0,,,0 days 00:00:37.426000,0 days 00:00:31.772000,0 days 00:00:58.271000,0 days 00:55:31.449000,0 days 00:56:03.221000,0 days 00:57:01.492000,240.0,169.0,268.0,169.0,False,SOFT,11.0,False,Audi,0 days 00:54:54.023000,,1,,False,,False,True
0 days 01:11:26.171000,BOR,5,,12.0,2.0,,0 days 00:58:25.015000,0 days 00:00:28.680000,0 days 00:00:17.716000,,0 days 00:57:30.365000,0 days 00:57:48.084000,,248.0,282.0,,284.0,False,SOFT,12.0,False,Audi,0 days 00:57:01.492000,,12,,False,,False,False
0 days 01:13:08.361000,BOR,5,0 days 00:01:42.190000,13.0,3.0,0 days 01:11:28.409000,,0 days 00:00:39.183000,0 days 00:00:20.501000,0 days 00:00:42.506000,0 days 01:12:05.354000,0 days 01:12:25.855000,0 days 01:13:08.361000,247.0,234.0,202.0,188.0,False,SOFT,1.0,True,Audi,0 days 01:11:26.171000,,12,,False,,False,False
0 days 01:22:24.968000,BOR,5,,14.0,3.0,,0 days 01:15:46.760000,,,,,,,,,,153.0,False,SOFT,2.0,True,Audi,0 days 01:13:08.361000,,251,,False,,False,False
0 days 01:24:33.923000,BOR,5,0 days 00:02:08.955000,15.0,4.0,0 days 01:22:37.762000,,0 days 00:01:09.333000,0 days 00:00:20.585000,0 days 00:00:39.037000,0 days 01:23:34.301000,0 days 01:23:54.886000,0 days 01:24:33.923000,242.0,233.0,279.0,173.0,False,SOFT,3.0,False,Audi,0 days 01:22:37.762000,,1,,False,,False,False
0 days 01:25:54.382000,BOR,5,0 days 00:01:20.459000,16.0,4.0,,,0 days 00:00:28.420000,0 days 00:00:17.505000,0 days 00:00:34.534000,0 days 01:25:02.343000,0 days 01:25:19.848000,0 days 01:25:54.382000,254.0,281.0,304.0,290.0,True,SOFT,4.0,False,Audi,0 days 01:24:33.923000,,1,,False,,False,True
0 days 01:27:45.976000,BOR,5,0 days 00:01:51.594000,17.0,4.0,,,0 days 00:00:43.720000,0 days 00:00:21.031000,0 days 00:00:46.843000,0 days 01:26:38.102000,0 days 01:26:59.133000,0 days 01:27:45.976000,216.0,235.0,272.0,285.0,False,SOFT,5.0,False,Audi,0 days 01:25:54.382000,,1,,False,,False,True
0 days 01:30:24.890000,BOR,5,,18.0,4.0,,,0 days 00:00:35.841000,0 days 00:00:21.282000,,0 days 01:28:21.986000,0 days 01:28:43.298000,,237.0,221.0,194.0,208.0,False,SOFT,6.0,False,Audi,0 days 01:27:45.976000,,1,,False,,False,False
0 days 01:32:01.155000,BOR,5,,19.0,4.0,,0 days 01:32:01.155000,0 days 00:00:35.910000,0 days 00:00:21.039000,,0 days 01:31:00.796000,0 days 01:31:21.858000,,218.0,281.0,,221.0,False,SOFT,7.0,False,Audi,0 days 01:30:24.890000,,1,,False,,False,False
0 days 00:49:28.697000,HAD,6,0 days 00:02:00.651000,1.0,1.0,0 days 00:47:32.948000,,0 days 00:00:56.397000,0 days 00:00:20.574000,0 days 00:00:43.680000,0 days 00:48:24.753000,0 days 00:48:45.318000,0 days 00:49:28.888000,235.0,286.0,279.0,110.0,False,SOFT,1.0,True,Red Bull Racing,0 days 00:47:32.948000,,1,,False,,False,False
0 days 00:50:50.008000,HAD,6,0 days 00:01:21.311000,2.0,1.0,,,0 days 00:00:28.601000,0 days 00:00:17.632000,0 days 00:00:35.078000,0 days 00:49:57.298000,0 days 00:50:14.930000,0 days 00:50:50.008000,264.0,286.0,314.0,299.0,True,SOFT,2.0,True,Red Bull Racing,0 days 00:49:28.697000,,1,,False,,False,True
0 days 00:52:41.559000,HAD,6,0 days 00:01:51.551000,3.0,1.0,,,0 days 00:00:46.499000,0 days 00:00:22.494000,0 days 00:00:42.558000,0 days 00:51:36.507000,0 days 00:51:59.001000,0 days 00:52:41.559000,222.0,242.0,246.0,220.0,False,SOFT,3.0,True,Red Bull Racing,0 days 00:50:50.008000,,1,,False,,False,True
0 days 00:54:36.140000,HAD,6,0 days 00:01:54.581000,4.0,1.0,,,0 days 00:00:35.968000,0 days 00:00:23.627000,0 days 00:00:54.986000,0 days 00:53:17.527000,0 days 00:53:41.154000,0 days 00:54:36.140000,222.0,227.0,278.0,236.0,False,SOFT,4.0,True,Red Bull Racing,0 days 00:52:41.559000,,1,,False,,False,True
0 days 00:55:56.831000,HAD,6,0 days 00:01:20.691000,5.0,1.0,,,0 days 00:00:28.291000,0 days 00:00:17.750000,0 days 00:00:34.650000,0 days 00:55:04.431000,0 days 00:55:22.181000,0 days 00:55:56.831000,266.0,276.0,302.0,304.0,True,SOFT,5.0,True,Red Bull Racing,0 days 00:54:36.140000,,1,,False,,False,True
0 days 00:57:51.322000,HAD,6,0 days 00:01:54.491000,6.0,1.0,,,0 days 00:00:45.766000,0 days 00:00:29.531000,0 days 00:00:39.194000,0 days 00:56:42.597000,0 days 00:57:12.128000,0 days 00:57:51.322000,176.0,217.0,312.0,236.0,False,SOFT,6.0,True,Red Bull Racing,0 days 00:55:56.831000,,1,,False,,False,True
0 days 00:59:12.585000,HAD,6,0 days 00:01:21.263000,7.0,1.0,,,0 days 00:00:28.472000,0 days 00:00:17.801000,0 days 00:00:34.990000,0 days 00:58:19.794000,0 days 00:58:37.595000,0 days 00:59:12.585000,260.0,303.0,295.0,319.0,False,SOFT,7.0,True,Red Bull Racing,0 days 00:57:51.322000,,12,,False,,False,True
0 days 01:00:35.034000,HAD,6,0 days 00:01:22.449000,8.0,1.0,,,0 days 00:00:29.132000,0 days 00:00:18.185000,0 days 00:00:35.132000,0 days 00:59:41.717000,0 days 00:59:59.902000,0 days 01:00:35.034000,248.0,294.0,311.0,295.0,False,SOFT,8.0,True,Red Bull Racing,0 days 00:59:12.585000,,21,,False,,False,True
0 days 01:01:57.059000,HAD,6,0 days 00:01:22.025000,9.0,1.0,,,0 days 00:00:28.776000,0 days 00:00:18.181000,0 days 00:00:35.068000,0 days 01:01:03.810000,0 days 01:01:21.991000,0 days 01:01:57.059000,252.0,300.0,315.0,315.0,False,SOFT,9.0,True,Red Bull Racing,0 days 01:00:35.034000,,1,,False,,False,True
0 days 01:03:19.234000,HAD,6,0 days 00:01:22.175000,10.0,1.0,,,0 days 00:00:28.778000,0 days 00:00:18.305000,0 days 00:00:35.092000,0 days 01:02:25.837000,0 days 01:02:44.142000,0 days 01:03:19.234000,243.0,282.0,310.0,322.0,False,SOFT,10.0,True,Red Bull Racing,0 days 01:01:57.059000,,1,,False,,False,True
0 days 01:23:23.461000,HAD,6,,11.0,1.0,,0 days 01:04:44.161000,0 days 00:00:28.659000,0 days 00:00:18.870000,,0 days 01:03:48.162000,0 days 01:04:06.989000,,261.0,288.0,,318.0,False,SOFT,11.0,True,Red Bull Racing,0 days 01:03:19.234000,,125,,False,,False,False
0 days 01:25:20.808000,HAD,6,0 days 00:01:57.347000,12.0,2.0,0 days 01:23:34.339000,,0 days 00:00:53.317000,0 days 00:00:21.455000,0 days 00:00:42.575000,0 days 01:24:16.778000,0 days 01:24:38.233000,0 days 01:25:20.808000,178.0,295.0,282.0,152.0,False,SOFT,1.0,True,Red Bull Racing,0 days 01:23:34.339000,,1,,False,,False,False
0 days 01:26:40.945000,HAD,6,0 days 00:01:20.137000,13.0,2.0,,,0 days 00:00:28.097000,0 days 00:00:17.725000,0 days 00:00:34.315000,0 days 01:25:48.905000,0 days 01:26:06.630000,0 days 01:26:40.945000,250.0,277.0,307.0,303.0,True,SOFT,2.0,True,Red Bull Racing,0 days 01:25:20.808000,,1,,False,,False,True
0 days 01:29:29.471000,HAD,6,,14.0,2.0,,,0 days 00:00:47.626000,0 days 00:00:29.229000,0 days 00:01:31.519000,0 days 01:27:28.898000,0 days 01:27:57.998000,0 days 01:29:29.471000,139.0,207.0,4.0,242.0,False,SOFT,3.0,True,Red Bull Racing,0 days 01:26:40.945000,,1,,False,,False,False
0 days 01:30:54.421000,HAD,6,,15.0,2.0,,0 days 01:30:54.421000,0 days 00:00:31.781000,0 days 00:00:18.331000,,0 days 01:30:01.315000,0 days 01:30:19.709000,,264.0,278.0,,246.0,False,SOFT,4.0,True,Red Bull Racing,0 days 01:29:29.471000,,1,,False,,False,False
0 days 00:28:42.003000,GAS,10,0 days 00:01:43.838000,1.0,1.0,0 days 00:27:00.236000,,0 days 00:00:41.143000,0 days 00:00:20.609000,0 days 00:00:42.086000,0 days 00:27:39.467000,0 days 00:28:00.108000,0 days 00:28:42.116000,246.0,275.0,273.0,176.0,False,HARD,1.0,True,Alpine,0 days 00:27:00.236000,,1,,False,,False,False
0 days 00:30:05.476000,GAS,10,0 days 00:01:23.473000,2.0,1.0,,,0 days 00:00:29.520000,0 days 00:00:17.934000,0 days 00:00:36.019000,0 days 00:29:11.523000,0 days 00:29:29.457000,0 days 00:30:05.476000,265.0,275.0,290.0,289.0,True,HARD,2.0,True,Alpine,0 days 00:28:42.003000,,1,,False,,False,True
0 days 00:31:51.980000,GAS,10,0 days 00:01:46.504000,3.0,1.0,,,0 days 00:00:39.122000,0 days 00:00:23.223000,0 days 00:00:44.159000,0 days 00:30:44.598000,0 days 00:31:07.821000,0 days 00:31:51.980000,232.0,274.0,278.0,238.0,False,HARD,3.0,True,Alpine,0 days 00:30:05.476000,,1,,False,,False,True
0 days 00:33:14.643000,GAS,10,0 days 00:01:22.663000,4.0,1.0,,,0 days 00:00:29.049000,0 days 00:00:17.909000,0 days 00:00:35.705000,0 days 00:32:21.029000,0 days 00:32:38.938000,0 days 00:33:14.643000,272.0,270.0,298.0,295.0,True,HARD,4.0,True,Alpine,0 days 00:31:51.980000,,1,,False,,False,True
0 days 00:35:35.834000,GAS,10,0 days 00:02:21.191000,5.0,1.0,,,0 days 00:00:54.088000,0 days 00:00:30.931000,0 days 00:00:56.172000,0 days 00:34:08.731000,0 days 00:34:39.662000,0 days 00:35:35.834000,135.0,265.0,208.0,178.0,False,HARD,5.0,True,Alpine,0 days 00:33:14.643000,,12,,False,,False,True
0 days 00:37:31.333000,GAS,10,0 days 00:01:55.499000,6.0,1.0,,,0 days 00:00:37.326000,0 days 00:00:26.248000,0 days 00:00:51.925000,0 days 00:36:13.160000,0 days 00:36:39.408000,0 days 00:37:31.333000,248.0,243.0,232.0,189.0,False,HARD,6.0,True,Alpine,0 days 00:35:35.834000,,26,,False,,False,False
0 days 00:39:28.908000,GAS,10,0 days 00:01:57.575000,7.0,1.0,,,0 days 00:00:36.816000,0 days 00:00:25.484000,0 days 00:00:55.275000,0 days 00:38:08.149000,0 days 00:38:33.633000,0 days 00:39:28.908000,197.0,271.0,209.0,244.0,False,HARD,7.0,True,Alpine,0 days 00:37:31.333000,,6,,False,,False,False
0 days 00:49:08.791000,GAS,10,,8.0,1.0,,0 days 00:41:27.205000,,,,,,,,,,245.0,False,HARD,8.0,True,Alpine,0 days 00:39:28.908000,,6512,,False,,False,False
0 days 00:51:23.394000,GAS,10,0 days 00:02:14.603000,9.0,2.0,0 days 00:49:12.303000,,0 days 00:01:13.026000,0 days 00:00:20.214000,0 days 00:00:41.363000,0 days 00:50:21.817000,0 days 00:50:42.031000,0 days 00:51:23.394000,162.0,297.0,276.0,192.0,False,HARD,9.0,False,Alpine,0 days 00:49:12.303000,,1,,False,,False,False
0 days 00:52:49.926000,GAS,10,0 days 00:01:26.532000,10.0,2.0,,,0 days 00:00:30.537000,0 days 00:00:18.385000,0 days 00:00:37.610000,0 days 00:51:53.931000,0 days 00:52:12.316000,0 days 00:52:49.926000,264.0,277.0,286.0,262.0,False,HARD,10.0,False,Alpine,0 days 00:51:23.394000,,1,,False,,False,True
0 days 00:54:30.539000,GAS,10,0 days 00:01:40.613000,11.0,2.0,,,0 days 00:00:34.708000,0 days 00:00:20.255000,0 days 00:00:45.650000,0 days 00:53:24.634000,0 days 00:53:44.889000,0 days 00:54:30.539000,234.0,284.0,271.0,266.0,False,HARD,11.0,False,Alpine,0 days 00:52:49.926000,,1,,False,,False,True
0 days 00:55:53.585000,GAS,10,0 days 00:01:23.046000,12.0,2.0,,,0 days 00:00:29.259000,0 days 00:00:17.919000,0 days 00:00:35.868000,0 days 00:54:59.798000,0 days 00:55:17.717000,0 days 00:55:53.585000,271.0,273.0,285.0,291.0,False,HARD,12.0,False,Alpine,0 days 00:54:30.539000,,1,,False,,False,True
0 days 00:57:19.810000,GAS,10,0 days 00:01:26.225000,13.0,2.0,,,0 days 00:00:30.421000,0 days 00:00:18.617000,0 days 00:00:37.187000,0 days 00:56:24.006000,0 days 00:56:42.623000,0 days 00:57:19.810000,244.0,273.0,279.0,281.0,False,HARD,13.0,False,Alpine,0 days 00:55:53.585000,,1,,False,,False,True
0 days 00:58:44.349000,GAS,10,0 days 00:01:24.539000,14.0,2.0,,,0 days 00:00:29.717000,0 days 00:00:18.119000,0 days 00:00:36.703000,0 days 00:57:49.527000,0 days 00:58:07.646000,0 days 00:58:44.349000,270.0,272.0,282.0,265.0,False,HARD,14.0,False,Alpine,0 days 00:57:19.810000,,1,,False,,False,True
0 days 01:00:11.676000,GAS,10,0 days 00:01:27.327000,15.0,2.0,,,0 days 00:00:32.288000,0 days 00:00:18.541000,0 days 00:00:36.498000,0 days 00:59:16.637000,0 days 00:59:35.178000,0 days 01:00:11.676000,254.0,276.0,294.0,258.0,False,HARD,15.0,False,Alpine,0 days 00:58:44.349000,,12,,False,,False,True
0 days 01:01:36.113000,GAS,10,0 days 00:01:24.437000,16.0,2.0,,,0 days 00:00:29.266000,0 days 00:00:17.954000,0 days 00:00:37.217000,0 days 01:00:40.942000,0 days 01:00:58.896000,0 days 01:01:36.113000,255.0,286.0,301.0,282.0,False,HARD,16.0,False,Alpine,0 days 01:00:11.676000,,1,,False,,False,True
0 days 01:02:59.895000,GAS,10,0 days 00:01:23.782000,17.0,2.0,,,0 days 00:00:29.282000,0 days 00:00:17.924000,0 days 00:00:36.576000,0 days 01:02:05.395000,0 days 01:02:23.319000,0 days 01:02:59.895000,256.0,290.0,295.0,293.0,False,HARD,17.0,False,Alpine,0 days 01:01:36.113000,,1,,False,,False,True
0 days 01:04:23.423000,GAS,10,0 days 00:01:23.528000,18.0,2.0,,,0 days 00:00:29.542000,0 days 00:00:17.790000,0 days 00:00:36.196000,0 days 01:03:29.437000,0 days 01:03:47.227000,0 days 01:04:23.423000,252.0,301.0,293.0,290.0,False,HARD,18.0,False,Alpine,0 days 01:02:59.895000,,1,,False,,False,True
0 days 01:06:07.318000,GAS,10,0 days 00:01:43.895000,19.0,2.0,,0 days 01:05:48.228000,0 days 00:00:29.502000,0 days 00:00:18.044000,0 days 00:00:56.349000,0 days 01:04:52.925000,0 days 01:05:10.969000,0 days 01:06:07.318000,256.0,292.0,,285.0,False,HARD,19.0,False,Alpine,0 days 01:04:23.423000,,1,,False,,False,False
0 days 01:12:47.262000,GAS,10,,20.0,3.0,0 days 01:06:09.603000,0 days 01:07:40.799000,0 days 00:00:35.388000,0 days 00:00:19.756000,,0 days 01:06:42.889000,0 days 01:07:02.639000,,252.0,283.0,,232.0,False,HARD,20.0,False,Alpine,0 days 01:06:07.318000,,1,,False,,False,False
0 days 01:22:19.037000,GAS,10,,21.0,4.0,0 days 01:12:47.262000,0 days 01:15:20.042000,,,,,,,,,,154.0,False,SOFT,1.0,True,Alpine,0 days 01:12:47.262000,,125,,False,,False,False
0 days 01:24:28.598000,GAS,10,0 days 00:02:09.561000,22.0,5.0,0 days 01:22:27.662000,,0 days 00:01:05.361000,0 days 00:00:20.214000,0 days 00:00:43.986000,0 days 01:23:24.398000,0 days 01:23:44.612000,0 days 01:24:28.598000,243.0,281.0,280.0,120.0,False,SOFT,2.0,False,Alpine,0 days 01:22:27.662000,,1,,False,,False,False
0 days 01:25:49.669000,GAS,10,0 days 00:01:21.071000,23.0,5.0,,,0 days 00:00:28.456000,0 days 00:00:17.750000,0 days 00:00:34.865000,0 days 01:24:57.054000,0 days 01:25:14.804000,0 days 01:25:49.669000,274.0,300.0,315.0,298.0,True,SOFT,3.0,False,Alpine,0 days 01:24:28.598000,,1,,False,,False,True
0 days 01:27:42.713000,GAS,10,0 days 00:01:53.044000,24.0,5.0,,,0 days 00:00:43.657000,0 days 00:00:23.140000,0 days 00:00:46.247000,0 days 01:26:33.326000,0 days 01:26:56.466000,0 days 01:27:42.713000,226.0,220.0,284.0,197.0,False,SOFT,4.0,False,Alpine,0 days 01:25:49.669000,,1,,False,,False,True
0 days 01:30:10.671000,GAS,10,0 days 00:02:27.958000,25.0,5.0,,,0 days 00:00:31.095000,0 days 00:00:23.518000,0 days 00:01:33.345000,0 days 01:28:13.808000,0 days 01:28:37.326000,0 days 01:30:10.671000,199.0,218.0,153.0,299.0,False,SOFT,5.0,False,Alpine,0 days 01:27:42.713000,,1,,False,,False,True
0 days 01:31:37.437000,GAS,10,,26.0,5.0,,0 days 01:31:37.437000,0 days 00:00:32.633000,0 days 00:00:18.030000,,0 days 01:30:43.499000,0 days 01:31:01.452000,,253.0,300.0,,252.0,False,SOFT,6.0,False,Alpine,0 days 01:30:10.671000,,1,,False,,False,False
0 days 00:28:08.551000,PER,11,0 days 00:01:47.154000,1.0,1.0,0 days 00:26:23.776000,,0 days 00:00:42.371000,0 days 00:00:21.693000,0 days 00:00:43.090000,0 days 00:27:04.111000,0 days 00:27:25.670000,0 days 00:28:08.749000,228.0,247.0,283.0,176.0,False,MEDIUM,1.0,True,Cadillac,0 days 00:26:23.776000,,1,,False,,False,False
0 days 00:29:34.273000,PER,11,0 days 00:01:25.722000,2.0,1.0,,,0 days 00:00:30.497000,0 days 00:00:18.193000,0 days 00:00:37.032000,0 days 00:28:39.048000,0 days 00:28:57.241000,0 days 00:29:34.273000,251.0,292.0,293.0,272.0,True,MEDIUM,2.0,True,Cadillac,0 days 00:28:08.551000,,1,,False,,False,True
0 days 00:31:44.303000,PER,11,0 days 00:02:10.030000,3.0,1.0,,,0 days 00:00:45.499000,0 days 00:00:35.984000,0 days 00:00:48.547000,0 days 00:30:19.772000,0 days 00:30:55.756000,0 days 00:31:44.303000,175.0,152.0,285.0,185.0,False,MEDIUM,3.0,True,Cadillac,0 days 00:29:34.273000,,1,,False,,False,True
0 days 00:33:08.700000,PER,11,0 days 00:01:24.397000,4.0,1.0,,,0 days 00:00:29.862000,0 days 00:00:18.168000,0 days 00:00:36.367000,0 days 00:32:14.165000,0 days 00:32:32.333000,0 days 00:33:08.700000,264.0,285.0,298.0,292.0,True,MEDIUM,4.0,True,Cadillac,0 days 00:31:44.303000,,1,,False,,False,True
0 days 00:48:24.144000,PER,11,,5.0,1.0,,0 days 00:35:09.238000,0 days 00:00:46.284000,0 days 00:00:25.055000,,0 days 00:33:55.218000,0 days 00:34:20.358000,,216.0,198.0,,228.0,False,MEDIUM,5.0,True,Cadillac,0 days 00:33:08.700000,,1265,,False,,False,False
0 days 00:50:49.962000,PER,11,,6.0,2.0,0 days 00:48:24.144000,,0 days 00:01:27.896000,0 days 00:00:19.755000,0 days 00:00:42.760000,0 days 00:49:47.638000,0 days 00:50:07.332000,0 days 00:50:50.008000,227.0,282.0,301.0,45.0,False,MEDIUM,6.0,False,Cadillac,0 days 00:48:24.144000,,1,,False,,False,False
0 days 00:52:17.664000,PER,11,0 days 00:01:27.702000,7.0,2.0,,,0 days 00:00:31.312000,0 days 00:00:18.418000,0 days 00:00:37.972000,0 days 00:51:21.274000,0 days 00:51:39.692000,0 days 00:52:17.664000,252.0,293.0,293.0,267.0,False,MEDIUM,7.0,False,Cadillac,0 days 00:50:49.962000,,1,,False,,False,True
0 days 00:53:44.239000,PER,11,0 days 00:01:26.575000,8.0,2.0,,,0 days 00:00:30.404000,0 days 00:00:18.292000,0 days 00:00:37.879000,0 days 00:52:48.068000,0 days 00:53:06.360000,0 days 00:53:44.239000,269.0,292.0,275.0,268.0,False,MEDIUM,8.0,False,Cadillac,0 days 00:52:17.664000,,1,,False,,False,True
0 days 00:55:10.498000,PER,11,0 days 00:01:26.259000,9.0,2.0,,,0 days 00:00:30.476000,0 days 00:00:18.220000,0 days 00:00:37.563000,0 days 00:54:14.715000,0 days 00:54:32.935000,0 days 00:55:10.498000,264.0,291.0,284.0,277.0,False,MEDIUM,9.0,False,Cadillac,0 days 00:53:44.239000,,1,,False,,False,True
0 days 00:56:36.833000,PER,11,0 days 00:01:26.335000,10.0,2.0,,,0 days 00:00:30.374000,0 days 00:00:18.393000,0 days 00:00:37.568000,0 days 00:55:40.872000,0 days 00:55:59.265000,0 days 00:56:36.833000,266.0,284.0,282.0,285.0,False,MEDIUM,10.0,False,Cadillac,0 days 00:55:10.498000,,1,,False,,False,True
0 days 00:58:03.398000,PER,11,0 days 00:01:26.565000,11.0,2.0,,,0 days 00:00:30.515000,0 days 00:00:18.150000,0 days 00:00:37.900000,0 days 00:57:07.348000,0 days 00:57:25.498000,0 days 00:58:03.398000,261.0,297.0,286.0,285.0,False,MEDIUM,11.0,False,Cadillac,0 days 00:56:36.833000,,1,,False,,False,True
0 days 00:59:29.776000,PER,11,0 days 00:01:26.378000,12.0,2.0,,,0 days 00:00:30.519000,0 days 00:00:18.380000,0 days 00:00:37.479000,0 days 00:58:33.917000,0 days 00:58:52.297000,0 days 00:59:29.776000,263.0,291.0,287.0,270.0,False,MEDIUM,12.0,False,Cadillac,0 days 00:58:03.398000,,12,,False,,False,True
0 days 01:00:55.905000,PER,11,0 days 00:01:26.129000,13.0,2.0,,,0 days 00:00:30.399000,0 days 00:00:18.290000,0 days 00:00:37.440000,0 days 01:00:00.175000,0 days 01:00:18.465000,0 days 01:00:55.905000,258.0,289.0,292.0,276.0,False,MEDIUM,13.0,False,Cadillac,0 days 00:59:29.776000,,1,,False,,False,True
0 days 01:02:21.445000,PER,11,0 days 00:01:25.540000,14.0,2.0,,,0 days 00:00:30.056000,0 days 00:00:18.217000,0 days 00:00:37.267000,0 days 01:01:25.961000,0 days 01:01:44.178000,0 days 01:02:21.445000,260.0,291.0,293.0,291.0,False,MEDIUM,14.0,False,Cadillac,0 days 01:00:55.905000,,1,,False,,False,True
0 days 01:03:47.626000,PER,11,0 days 00:01:26.181000,15.0,2.0,,,0 days 00:00:30.365000,0 days 00:00:18.304000,0 days 00:00:37.512000,0 days 01:02:51.810000,0 days 01:03:10.114000,0 days 01:03:47.626000,262.0,291.0,296.0,290.0,False,MEDIUM,15.0,False,Cadillac,0 days 01:02:21.445000,,1,,False,,False,True
0 days 01:05:13.866000,PER,11,0 days 00:01:26.240000,16.0,2.0,,,0 days 00:00:30.409000,0 days 00:00:18.325000,0 days 00:00:37.506000,0 days 01:04:18.035000,0 days 01:04:36.360000,0 days 01:05:13.866000,264.0,304.0,271.0,285.0,False,MEDIUM,16.0,False,Cadillac,0 days 01:03:47.626000,,1,,False,,False,True
0 days 01:23:45.372000,PER,11,,17.0,2.0,,0 days 01:07:00.389000,0 days 00:00:39.467000,0 days 00:00:23.518000,,0 days 01:05:53.572000,0 days 01:06:16.994000,,147.0,236.0,,206.0,False,MEDIUM,17.0,False,Cadillac,0 days 01:05:13.866000,,125,,False,,False,False
0 days 01:26:00.413000,PER,11,0 days 00:02:15.041000,18.0,3.0,0 days 01:23:51.700000,,0 days 00:01:02.300000,0 days 00:00:21.270000,0 days 00:00:51.471000,0 days 01:24:47.672000,0 days 01:25:08.942000,0 days 01:26:00.413000,230.0,256.0,284.0,77.0,False,SOFT,1.0,True,Cadillac,0 days 01:23:51.700000,,1,,False,,False,False
0 days 01:27:42.985000,PER,11,0 days 00:01:42.572000,19.0,3.0,,,0 days 00:00:37.660000,0 days 00:00:20.351000,0 days 00:00:44.561000,0 days 01:26:38.073000,0 days 01:26:58.424000,0 days 01:27:42.985000,225.0,252.0,284.0,301.0,False,SOFT,2.0,True,Cadillac,0 days 01:26:00.413000,,1,,True,TRACK LIMITS AT TURN 3 LAP 20 ,False,True
0 days 01:30:16.744000,PER,11,,20.0,3.0,,,0 days 00:00:32.192000,0 days 00:00:24.388000,0 days 00:01:37.134000,0 days 01:28:15.364000,0 days 01:28:39.642000,0 days 01:30:16.744000,155.0,229.0,167.0,250.0,False,SOFT,3.0,True,Cadillac,0 days 01:27:42.985000,,1,,False,,False,False
0 days 01:31:50.171000,PER,11,,21.0,3.0,,0 days 01:31:50.171000,0 days 00:00:35.386000,0 days 00:00:20.368000,,0 days 01:30:52.249000,0 days 01:31:12.515000,,244.0,279.0,,228.0,False,SOFT,4.0,True,Cadillac,0 days 01:30:16.744000,,1,,False,,False,False
0 days 00:35:40.397000,ANT,12,0 days 00:02:13.092000,1.0,1.0,0 days 00:33:31.171000,,0 days 00:01:08.620000,0 days 00:00:19.972000,0 days 00:00:44.500000,0 days 00:34:36.248000,0 days 00:34:56.269000,0 days 00:35:40.525000,247.0,279.0,273.0,156.0,False,SOFT,1.0,True,Mercedes,0 days 00:33:31.171000,,12,,False,,False,False
0 days 00:37:27.826000,ANT,12,0 days 00:01:47.429000,2.0,1.0,,,0 days 00:00:28.340000,0 days 00:00:17.523000,0 days 00:01:01.566000,0 days 00:36:08.737000,0 days 00:36:26.260000,0 days 00:37:27.826000,262.0,236.0,206.0,283.0,True,SOFT,2.0,True,Mercedes,0 days 00:35:40.397000,,26,,False,,False,False
0 days 00:39:23.493000,ANT,12,0 days 00:01:55.667000,3.0,1.0,,,0 days 00:00:39.549000,0 days 00:00:23.798000,0 days 00:00:52.320000,0 days 00:38:07.375000,0 days 00:38:31.173000,0 days 00:39:23.493000,193.0,237.0,176.0,227.0,False,SOFT,3.0,True,Mercedes,0 days 00:37:27.826000,,6,,False,,False,False
0 days 00:47:31.018000,ANT,12,,4.0,1.0,,0 days 00:41:23.205000,,,,,,,,,,178.0,False,SOFT,4.0,True,Mercedes,0 days 00:39:23.493000,,6512,,False,,False,False
0 days 00:49:37.770000,ANT,12,0 days 00:02:06.752000,5.0,2.0,0 days 00:47:38.829000,,0 days 00:00:57.818000,0 days 00:00:20.180000,0 days 00:00:48.754000,0 days 00:48:28.836000,0 days 00:48:49.016000,0 days 00:49:37.770000,250.0,260.0,265.0,168.0,False,SOFT,5.0,False,Mercedes,0 days 00:47:38.829000,,1,,False,,False,False
0 days 00:50:58.094000,ANT,12,0 days 00:01:20.324000,6.0,2.0,,,0 days 00:00:28.230000,0 days 00:00:17.582000,0 days 00:00:34.512000,0 days 00:50:06,0 days 00:50:23.582000,0 days 00:50:58.094000,259.0,283.0,299.0,286.0,True,SOFT,6.0,False,Mercedes,0 days 00:49:37.770000,,1,,False,,False,True
0 days 00:52:59.061000,ANT,12,0 days 00:02:00.967000,7.0,2.0,,0 days 00:52:38.370000,0 days 00:00:36.259000,0 days 00:00:21.544000,0 days 00:01:03.164000,0 days 00:51:34.353000,0 days 00:51:55.897000,0 days 00:52:59.061000,236.0,252.0,,212.0,False,SOFT,7.0,False,Mercedes,0 days 00:50:58.094000,,1,,False,,False,False
0 days 00:54:56.331000,ANT,12,0 days 00:01:57.270000,8.0,3.0,0 days 00:53:03.260000,,0 days 00:01:01.347000,0 days 00:00:18.581000,0 days 00:00:37.342000,0 days 00:54:00.408000,0 days 00:54:18.989000,0 days 00:54:56.331000,259.0,177.0,288.0,217.0,False,SOFT,8.0,False,Mercedes,0 days 00:52:59.061000,,1,,False,,False,False
0 days 00:56:18.242000,ANT,12,0 days 00:01:21.911000,9.0,3.0,,,0 days 00:00:28.533000,0 days 00:00:17.977000,0 days 00:00:35.401000,0 days 00:55:24.864000,0 days 00:55:42.841000,0 days 00:56:18.242000,257.0,270.0,291.0,272.0,False,SOFT,9.0,False,Mercedes,0 days 00:54:56.331000,,1,,False,,False,True
0 days 00:57:40.368000,ANT,12,0 days 00:01:22.126000,10.0,3.0,,,0 days 00:00:28.691000,0 days 00:00:17.942000,0 days 00:00:35.493000,0 days 00:56:46.933000,0 days 00:57:04.875000,0 days 00:57:40.368000,244.0,303.0,286.0,273.0,False,SOFT,10.0,False,Mercedes,0 days 00:56:18.242000,,1,,False,,False,True
0 days 00:59:02.100000,ANT,12,0 days 00:01:21.732000,11.0,3.0,,,0 days 00:00:28.657000,0 days 00:00:17.859000,0 days 00:00:35.216000,0 days 00:58:09.025000,0 days 00:58:26.884000,0 days 00:59:02.100000,250.0,298.0,300.0,271.0,False,SOFT,11.0,False,Mercedes,0 days 00:57:40.368000,,12,,False,,False,True
0 days 01:00:23.368000,ANT,12,0 days 00:01:21.268000,12.0,3.0,,,0 days 00:00:28.396000,0 days 00:00:17.760000,0 days 00:00:35.112000,0 days 00:59:30.496000,0 days 00:59:48.256000,0 days 01:00:23.368000,256.0,302.0,298.0,286.0,False,SOFT,12.0,False,Mercedes,0 days 00:59:02.100000,,21,,False,,False,True
0 days 01:01:44.498000,ANT,12,0 days 00:01:21.130000,13.0,3.0,,,0 days 00:00:28.302000,0 days 00:00:17.740000,0 days 00:00:35.088000,0 days 01:00:51.670000,0 days 01:01:09.410000,0 days 01:01:44.498000,251.0,296.0,292.0,292.0,False,SOFT,13.0,False,Mercedes,0 days 01:00:23.368000,,1,,False,,False,True
0 days 01:03:05.668000,ANT,12,0 days 00:01:21.170000,14.0,3.0,,,0 days 00:00:28.497000,0 days 00:00:17.719000,0 days 00:00:34.954000,0 days 01:02:12.995000,0 days 01:02:30.714000,0 days 01:03:05.668000,249.0,296.0,298.0,287.0,False,SOFT,14.0,False,Mercedes,0 days 01:01:44.498000,,1,,False,,False,True
0 days 01:04:26.552000,ANT,12,0 days 00:01:20.884000,15.0,3.0,,,0 days 00:00:28.377000,0 days 00:00:17.670000,0 days 00:00:34.837000,0 days 01:03:34.045000,0 days 01:03:51.715000,0 days 01:04:26.552000,249.0,296.0,303.0,290.0,False,SOFT,15.0,False,Mercedes,0 days 01:03:05.668000,,1,,False,,False,True
0 days 01:11:03.308000,ANT,12,,16.0,3.0,,0 days 01:05:53.447000,0 days 00:00:31.403000,0 days 00:00:19.474000,,0 days 01:04:58.177000,0 days 01:05:17.646000,,254.0,268.0,,241.0,False,SOFT,16.0,False,Mercedes,0 days 01:04:26.552000,,1,,False,,False,False
0 days 01:12:41.801000,ANT,12,0 days 00:01:38.493000,17.0,4.0,0 days 01:11:05.460000,,0 days 00:00:38.476000,0 days 00:00:20.137000,0 days 00:00:39.880000,0 days 01:11:41.784000,0 days 01:12:01.921000,0 days 01:12:41.801000,243.0,244.0,274.0,196.0,False,SOFT,1.0,True,Mercedes,0 days 01:11:03.308000,,1,,False,,False,False
0 days 01:20:41.993000,ANT,12,,18.0,4.0,,0 days 01:20:41.993000,,,,,,,,,,291.0,False,SOFT,2.0,True,Mercedes,0 days 01:12:41.801000,,125,,False,,False,False
0 days 00:28:53.415000,ALO,14,0 days 00:01:43.389000,1.0,1.0,0 days 00:27:12.252000,,0 days 00:00:40.330000,0 days 00:00:21.553000,0 days 00:00:41.506000,0 days 00:27:50.670000,0 days 00:28:12.249000,0 days 00:28:53.585000,241.0,258.0,264.0,161.0,False,MEDIUM,1.0,True,Aston Martin,0 days 00:27:12.252000,,1,,False,,False,False
0 days 00:30:19.455000,ALO,14,0 days 00:01:26.040000,2.0,1.0,,,0 days 00:00:30.566000,0 days 00:00:18.763000,0 days 00:00:36.711000,0 days 00:29:23.981000,0 days 00:29:42.744000,0 days 00:30:19.455000,246.0,271.0,293.0,294.0,True,MEDIUM,2.0,True,Aston Martin,0 days 00:28:53.415000,,1,,False,,False,True
0 days 00:32:01.229000,ALO,14,0 days 00:01:41.774000,3.0,1.0,,,0 days 00:00:38.174000,0 days 00:00:21.138000,0 days 00:00:42.462000,0 days 00:30:57.629000,0 days 00:31:18.767000,0 days 00:32:01.229000,242.0,273.0,275.0,148.0,False,MEDIUM,3.0,True,Aston Martin,0 days 00:30:19.455000,,1,,False,,False,True
0 days 00:33:25.330000,ALO,14,0 days 00:01:24.101000,4.0,1.0,,,0 days 00:00:29.731000,0 days 00:00:18.233000,0 days 00:00:36.137000,0 days 00:32:30.960000,0 days 00:32:49.193000,0 days 00:33:25.330000,262.0,274.0,286.0,293.0,True,MEDIUM,4.0,True,Aston Martin,0 days 00:32:01.229000,,1,,False,,False,True
0 days 00:39:06.333000,ALO,14,,5.0,1.0,,0 days 00:35:06.441000,0 days 00:00:33.766000,0 days 00:00:20.937000,,0 days 00:33:59.400000,0 days 00:34:20.373000,,219.0,268.0,,220.0,False,MEDIUM,5.0,True,Aston Martin,0 days 00:33:25.330000,,126,,False,,False,False
0 days 00:48:44.051000,ALO,14,,6.0,2.0,0 days 00:39:06.333000,0 days 00:41:11.345000,,,,,,,,,,164.0,False,MEDIUM,6.0,False,Aston Martin,0 days 00:39:06.333000,,6512,,False,,False,False
0 days 00:50:46.213000,ALO,14,0 days 00:02:02.162000,7.0,3.0,0 days 00:48:46.229000,,0 days 00:00:53.721000,0 days 00:00:21.026000,0 days 00:00:47.415000,0 days 00:49:37.772000,0 days 00:49:58.798000,0 days 00:50:46.213000,247.0,196.0,271.0,45.0,False,SOFT,1.0,True,Aston Martin,0 days 00:48:46.229000,,1,,False,,False,False
0 days 00:52:09.930000,ALO,14,0 days 00:01:23.717000,8.0,3.0,,,0 days 00:00:29.507000,0 days 00:00:18.317000,0 days 00:00:35.893000,0 days 00:51:15.720000,0 days 00:51:34.037000,0 days 00:52:09.930000,252.0,271.0,276.0,291.0,True,SOFT,2.0,True,Aston Martin,0 days 00:50:46.213000,,1,,False,,False,True
0 days 00:53:53.323000,ALO,14,0 days 00:01:43.393000,9.0,3.0,,,0 days 00:00:35.049000,0 days 00:00:20.831000,0 days 00:00:47.513000,0 days 00:52:44.979000,0 days 00:53:05.810000,0 days 00:53:53.323000,245.0,178.0,272.0,262.0,False,SOFT,3.0,True,Aston Martin,0 days 00:52:09.930000,,1,,False,,False,True
0 days 00:55:16.295000,ALO,14,0 days 00:01:22.972000,10.0,3.0,,,0 days 00:00:29.272000,0 days 00:00:18.176000,0 days 00:00:35.524000,0 days 00:54:22.595000,0 days 00:54:40.771000,0 days 00:55:16.295000,253.0,272.0,274.0,294.0,True,SOFT,4.0,True,Aston Martin,0 days 00:53:53.323000,,1,,False,,False,True
0 days 01:00:43.858000,ALO,14,,11.0,3.0,,0 days 00:56:52.193000,0 days 00:00:33.927000,0 days 00:00:20.438000,,0 days 00:55:50.490000,0 days 00:56:10.908000,,233.0,268.0,,229.0,False,SOFT,5.0,True,Aston Martin,0 days 00:55:16.295000,,12,,False,,False,False
0 days 01:02:31.694000,ALO,14,0 days 00:01:47.836000,12.0,4.0,0 days 01:00:46.283000,,0 days 00:00:47.016000,0 days 00:00:21.058000,0 days 00:00:39.762000,0 days 01:01:30.874000,0 days 01:01:51.932000,0 days 01:02:31.694000,241.0,268.0,270.0,183.0,False,SOFT,6.0,False,Aston Martin,0 days 01:00:43.858000,,1,,False,,False,False
0 days 01:03:54.748000,ALO,14,0 days 00:01:23.054000,13.0,4.0,,,0 days 00:00:29.285000,0 days 00:00:18.185000,0 days 00:00:35.584000,0 days 01:03:00.979000,0 days 01:03:19.164000,0 days 01:03:54.748000,247.0,266.0,284.0,291.0,False,SOFT,7.0,False,Aston Martin,0 days 01:02:31.694000,,1,,False,,False,True
0 days 01:05:36.037000,ALO,14,0 days 00:01:41.289000,14.0,4.0,,,0 days 00:00:37.197000,0 days 00:00:20.895000,0 days 00:00:43.197000,0 days 01:04:31.945000,0 days 01:04:52.840000,0 days 01:05:36.037000,171.0,278.0,268.0,250.0,False,SOFT,8.0,False,Aston Martin,0 days 01:03:54.748000,,1,,False,,False,True
0 days 01:06:58.874000,ALO,14,0 days 00:01:22.837000,15.0,4.0,,,0 days 00:00:29.259000,0 days 00:00:18.248000,0 days 00:00:35.330000,0 days 01:06:05.296000,0 days 01:06:23.544000,0 days 01:06:58.874000,250.0,266.0,289.0,294.0,True,SOFT,9.0,False,Aston Martin,0 days 01:05:36.037000,,1,,False,,False,True
0 days 01:23:36.409000,ALO,14,,16.0,4.0,,0 days 01:08:32.060000,0 days 00:00:32.769000,0 days 00:00:20.226000,,0 days 01:07:31.939000,0 days 01:07:52.190000,,229.0,275.0,,218.0,False,SOFT,10.0,False,Aston Martin,0 days 01:06:58.874000,,125,,False,,False,False
0 days 01:25:33.506000,ALO,14,0 days 00:01:57.097000,17.0,5.0,0 days 01:23:43.644000,,0 days 00:00:49.660000,0 days 00:00:20.876000,0 days 00:00:46.561000,0 days 01:24:26.069000,0 days 01:24:46.945000,0 days 01:25:33.506000,242.0,251.0,275.0,98.0,False,SOFT,1.0,True,Aston Martin,0 days 01:23:43.644000,,1,,False,,False,False
0 days 01:26:56.226000,ALO,14,0 days 00:01:22.720000,18.0,5.0,,,0 days 00:00:29.185000,0 days 00:00:18.179000,0 days 00:00:35.356000,0 days 01:26:02.691000,0 days 01:26:20.870000,0 days 01:26:56.226000,240.0,270.0,292.0,298.0,True,SOFT,2.0,True,Aston Martin,0 days 01:25:33.506000,,1,,False,,False,True
0 days 01:29:50.441000,ALO,14,,19.0,5.0,,,0 days 00:00:41.113000,0 days 00:00:27.524000,,0 days 01:27:37.639000,0 days 01:28:05.076000,,177.0,199.0,157.0,214.0,False,SOFT,3.0,True,Aston Martin,0 days 01:26:56.226000,,1,,False,,False,False
0 days 01:31:27.405000,ALO,14,,20.0,5.0,,0 days 01:31:27.405000,0 days 00:00:35.003000,0 days 00:00:21.071000,,0 days 01:30:25.514000,0 days 01:30:46.577000,,211.0,259.0,,211.0,False,SOFT,4.0,True,Aston Martin,0 days 01:29:50.441000,,1,,False,,False,False
0 days 00:35:25.716000,LEC,16,0 days 00:01:54.579000,1.0,1.0,0 days 00:33:33.392000,,0 days 00:00:40.945000,0 days 00:00:21.264000,0 days 00:00:52.370000,0 days 00:34:12.342000,0 days 00:34:33.514000,0 days 00:35:25.835000,230.0,305.0,226.0,186.0,False,SOFT,1.0,True,Ferrari,0 days 00:33:33.392000,,12,,False,,False,False
0 days 00:37:20.327000,LEC,16,0 days 00:01:54.611000,2.0,1.0,,,0 days 00:00:36.909000,0 days 00:00:21.540000,0 days 00:00:56.162000,0 days 00:36:02.625000,0 days 00:36:24.165000,0 days 00:37:20.327000,225.0,262.0,271.0,169.0,True,SOFT,2.0,True,Ferrari,0 days 00:35:25.716000,,26,,False,,False,False
0 days 00:39:12.342000,LEC,16,0 days 00:01:52.015000,3.0,1.0,,,0 days 00:00:37.149000,0 days 00:00:23.381000,0 days 00:00:51.485000,0 days 00:37:57.476000,0 days 00:38:20.857000,0 days 00:39:12.342000,226.0,267.0,203.0,235.0,True,SOFT,3.0,True,Ferrari,0 days 00:37:20.327000,,6,,False,,False,False
0 days 00:47:29.147000,LEC,16,,4.0,1.0,,0 days 00:41:13.439000,,,,,,,,,,157.0,False,SOFT,4.0,True,Ferrari,0 days 00:39:12.342000,,6512,,False,,False,False
0 days 00:49:13.901000,LEC,16,,5.0,2.0,0 days 00:47:29.147000,,,0 days 00:00:20.938000,0 days 00:00:38.886000,,0 days 00:48:35.211000,0 days 00:49:14.106000,244.0,252.0,278.0,100.0,False,SOFT,5.0,False,Ferrari,0 days 00:47:29.147000,,1,,False,,False,False
0 days 00:50:34.880000,LEC,16,0 days 00:01:20.979000,6.0,2.0,,,0 days 00:00:28.448000,0 days 00:00:17.929000,0 days 00:00:34.602000,0 days 00:49:42.349000,0 days 00:50:00.278000,0 days 00:50:34.880000,261.0,287.0,308.0,291.0,True,SOFT,6.0,False,Ferrari,0 days 00:49:13.901000,,1,,False,,False,True
0 days 00:52:28.048000,LEC,16,0 days 00:01:53.168000,7.0,2.0,,,0 days 00:00:41.739000,0 days 00:00:23.033000,0 days 00:00:48.396000,0 days 00:51:16.619000,0 days 00:51:39.652000,0 days 00:52:28.048000,161.0,194.0,280.0,247.0,False,SOFT,7.0,False,Ferrari,0 days 00:50:34.880000,,1,,False,,False,True
0 days 00:53:48.319000,LEC,16,0 days 00:01:20.271000,8.0,2.0,,,0 days 00:00:28.174000,0 days 00:00:17.592000,0 days 00:00:34.505000,0 days 00:52:56.222000,0 days 00:53:13.814000,0 days 00:53:48.319000,263.0,292.0,304.0,288.0,True,SOFT,8.0,False,Ferrari,0 days 00:52:28.048000,,1,,False,,False,True
0 days 00:56:14.363000,LEC,16,0 days 00:02:26.044000,9.0,2.0,,0 days 00:55:49.084000,0 days 00:00:42.256000,0 days 00:00:32.919000,0 days 00:01:10.869000,0 days 00:54:30.575000,0 days 00:55:03.494000,0 days 00:56:14.363000,160.0,121.0,,252.0,False,SOFT,9.0,False,Ferrari,0 days 00:53:48.319000,,1,,False,,False,False
0 days 00:58:29.266000,LEC,16,0 days 00:02:14.903000,10.0,3.0,0 days 00:56:18.050000,,0 days 00:00:56.697000,0 days 00:00:20.154000,0 days 00:00:58.052000,0 days 00:57:11.060000,0 days 00:57:31.214000,0 days 00:58:29.266000,248.0,278.0,280.0,165.0,False,SOFT,10.0,False,Ferrari,0 days 00:56:14.363000,,1,,False,,False,False
0 days 01:00:08.812000,LEC,16,0 days 00:01:39.546000,11.0,3.0,,,0 days 00:00:30.965000,0 days 00:00:21.160000,0 days 00:00:47.421000,0 days 00:59:00.231000,0 days 00:59:21.391000,0 days 01:00:08.812000,222.0,281.0,281.0,294.0,False,SOFT,11.0,False,Ferrari,0 days 00:58:29.266000,,12,,False,,False,True
0 days 01:01:28.639000,LEC,16,0 days 00:01:19.827000,12.0,3.0,,,0 days 00:00:27.915000,0 days 00:00:17.540000,0 days 00:00:34.372000,0 days 01:00:36.727000,0 days 01:00:54.267000,0 days 01:01:28.639000,263.0,290.0,304.0,289.0,True,SOFT,12.0,False,Ferrari,0 days 01:00:08.812000,,1,,False,,False,True
0 days 01:03:15.740000,LEC,16,0 days 00:01:47.101000,13.0,3.0,,,0 days 00:00:36.416000,0 days 00:00:25.565000,0 days 00:00:45.120000,0 days 01:02:05.055000,0 days 01:02:30.620000,0 days 01:03:15.740000,162.0,157.0,285.0,253.0,False,SOFT,13.0,False,Ferrari,0 days 01:01:28.639000,,1,,False,,False,True
0 days 01:04:35.609000,LEC,16,0 days 00:01:19.869000,14.0,3.0,,,0 days 00:00:27.786000,0 days 00:00:17.626000,0 days 00:00:34.457000,0 days 01:03:43.526000,0 days 01:04:01.152000,0 days 01:04:35.609000,270.0,286.0,304.0,294.0,False,SOFT,14.0,False,Ferrari,0 days 01:03:15.740000,,1,,False,,False,True
0 days 01:22:11.302000,LEC,16,,15.0,3.0,,0 days 01:06:05.166000,0 days 00:00:31.087000,0 days 00:00:20.058000,,0 days 01:05:06.989000,0 days 01:05:26.916000,,249.0,276.0,,255.0,False,SOFT,15.0,False,Ferrari,0 days 01:04:35.609000,,125,,False,,False,False
0 days 01:24:04.372000,LEC,16,,16.0,4.0,0 days 01:22:11.302000,,,0 days 00:00:22.207000,0 days 00:00:40.082000,,0 days 01:23:24.512000,0 days 01:24:04.372000,225.0,269.0,282.0,93.0,False,SOFT,1.0,True,Ferrari,0 days 01:22:11.302000,,1,,False,,False,False
0 days 01:25:24.307000,LEC,16,0 days 00:01:19.935000,17.0,4.0,,,0 days 00:00:28.111000,0 days 00:00:17.615000,0 days 00:00:34.209000,0 days 01:24:32.483000,0 days 01:24:50.098000,0 days 01:25:24.307000,262.0,293.0,305.0,294.0,False,SOFT,2.0,True,Ferrari,0 days 01:24:04.372000,,1,,False,,False,True
0 days 01:27:10.648000,LEC,16,0 days 00:01:46.341000,18.0,4.0,,,0 days 00:00:34.304000,0 days 00:00:23.516000,0 days 00:00:48.521000,0 days 01:25:58.611000,0 days 01:26:22.127000,0 days 01:27:10.648000,244.0,297.0,283.0,281.0,False,SOFT,3.0,True,Ferrari,0 days 01:25:24.307000,,1,,False,,False,True
0 days 01:30:00.909000,LEC,16,,19.0,4.0,,,0 days 00:00:33.206000,0 days 00:00:22.319000,,0 days 01:27:44.107000,0 days 01:28:06.295000,,224.0,214.0,178.0,293.0,False,SOFT,4.0,True,Ferrari,0 days 01:27:10.648000,,1,,False,,False,False
0 days 01:31:29.780000,LEC,16,,20.0,4.0,,0 days 01:31:29.780000,0 days 00:00:31.614000,0 days 00:00:18.519000,,0 days 01:30:32.593000,0 days 01:30:51.155000,,251.0,298.0,,243.0,False,SOFT,5.0,True,Ferrari,0 days 01:30:00.909000,,1,,False,,False,False
0 days 00:50:09.077000,ALB,23,0 days 00:02:05.203000,1.0,1.0,0 days 00:48:20.862000,,0 days 00:01:01.956000,0 days 00:00:21.378000,0 days 00:00:41.869000,0 days 00:49:06.117000,0 days 00:49:27.481000,0 days 00:50:09.285000,235.0,253.0,282.0,110.0,False,MEDIUM,1.0,True,Williams,0 days 00:48:20.862000,,1,,False,,False,False
0 days 00:51:32.537000,ALB,23,0 days 00:01:23.460000,2.0,1.0,,,0 days 00:00:29.737000,0 days 00:00:18.226000,0 days 00:00:35.497000,0 days 00:50:38.814000,0 days 00:50:57.040000,0 days 00:51:32.537000,250.0,290.0,293.0,276.0,True,MEDIUM,2.0,True,Williams,0 days 00:50:09.077000,,1,,False,,False,True
0 days 00:53:23.181000,ALB,23,0 days 00:01:50.644000,3.0,1.0,,,0 days 00:00:40.677000,0 days 00:00:22.397000,0 days 00:00:47.570000,0 days 00:52:13.214000,0 days 00:52:35.611000,0 days 00:53:23.181000,188.0,279.0,293.0,208.0,False,MEDIUM,3.0,True,Williams,0 days 00:51:32.537000,,1,,False,,False,True
0 days 00:54:45.770000,ALB,23,0 days 00:01:22.589000,4.0,1.0,,,0 days 00:00:28.999000,0 days 00:00:18.064000,0 days 00:00:35.526000,0 days 00:53:52.180000,0 days 00:54:10.244000,0 days 00:54:45.770000,250.0,297.0,284.0,288.0,True,MEDIUM,4.0,True,Williams,0 days 00:53:23.181000,,1,,False,,False,True
0 days 00:56:33.611000,ALB,23,0 days 00:01:47.841000,5.0,1.0,,,0 days 00:00:42.654000,0 days 00:00:23.241000,0 days 00:00:41.946000,0 days 00:55:28.424000,0 days 00:55:51.665000,0 days 00:56:33.611000,186.0,280.0,281.0,217.0,False,MEDIUM,5.0,True,Williams,0 days 00:54:45.770000,,1,,False,,False,True
0 days 00:57:55.553000,ALB,23,0 days 00:01:21.942000,6.0,1.0,,,0 days 00:00:28.897000,0 days 00:00:17.896000,0 days 00:00:35.149000,0 days 00:57:02.508000,0 days 00:57:20.404000,0 days 00:57:55.553000,266.0,285.0,294.0,286.0,True,MEDIUM,6.0,True,Williams,0 days 00:56:33.611000,,1,,False,,False,True
0 days 01:00:29.363000,ALB,23,,7.0,1.0,,,0 days 00:01:25.150000,0 days 00:00:23.527000,0 days 00:00:45.036000,0 days 00:59:20.875000,0 days 00:59:44.478000,0 days 01:00:29.363000,208.0,109.0,283.0,272.0,False,MEDIUM,7.0,True,Williams,0 days 00:57:55.553000,,12,,False,,False,False
0 days 01:01:51.312000,ALB,23,0 days 00:01:21.949000,8.0,1.0,,,0 days 00:00:28.875000,0 days 00:00:17.800000,0 days 00:00:35.274000,0 days 01:00:58.238000,0 days 01:01:16.038000,0 days 01:01:51.312000,248.0,294.0,288.0,296.0,False,MEDIUM,8.0,True,Williams,0 days 01:00:29.363000,,1,,False,,False,True
0 days 01:03:41.357000,ALB,23,0 days 00:01:50.045000,9.0,1.0,,,0 days 00:00:42.194000,0 days 00:00:28.068000,0 days 00:00:39.783000,0 days 01:02:33.506000,0 days 01:03:01.574000,0 days 01:03:41.357000,151.0,188.0,286.0,267.0,False,MEDIUM,9.0,True,Williams,0 days 01:01:51.312000,,1,,False,,False,True
0 days 01:05:22.614000,ALB,23,0 days 00:01:41.257000,10.0,1.0,,,0 days 00:00:35.726000,0 days 00:00:21.870000,0 days 00:00:43.661000,0 days 01:04:17.083000,0 days 01:04:38.953000,0 days 01:05:22.614000,176.0,274.0,282.0,283.0,False,MEDIUM,10.0,True,Williams,0 days 01:03:41.357000,,1,,False,,False,True
0 days 01:06:44.923000,ALB,23,0 days 00:01:22.309000,11.0,1.0,,,0 days 00:00:28.901000,0 days 00:00:18.002000,0 days 00:00:35.406000,0 days 01:05:51.515000,0 days 01:06:09.517000,0 days 01:06:44.923000,249.0,291.0,289.0,281.0,False,MEDIUM,11.0,True,Williams,0 days 01:05:22.614000,,1,,False,,False,True
0 days 01:22:13.584000,ALB,23,,12.0,1.0,,0 days 01:08:20.627000,0 days 00:00:33.607000,0 days 00:00:23.042000,,0 days 01:07:18.861000,0 days 01:07:41.674000,,210.0,255.0,,275.0,False,MEDIUM,12.0,True,Williams,0 days 01:06:44.923000,,125,,False,,False,False
0 days 01:24:10.496000,ALB,23,,13.0,2.0,0 days 01:22:13.584000,,,0 days 00:00:20.718000,0 days 00:00:41.785000,,0 days 01:23:28.997000,0 days 01:24:10.638000,252.0,257.0,290.0,46.0,False,SOFT,1.0,True,Williams,0 days 01:22:13.584000,,1,,False,,False,False
0 days 01:25:53.047000,ALB,23,0 days 00:01:42.551000,14.0,2.0,,,0 days 00:00:33.776000,0 days 00:00:21.619000,0 days 00:00:47.156000,0 days 01:24:44.272000,0 days 01:25:05.891000,0 days 01:25:53.047000,248.0,224.0,285.0,287.0,False,SOFT,2.0,True,Williams,0 days 01:24:10.496000,,1,,False,,False,True
0 days 01:27:14.711000,ALB,23,0 days 00:01:21.664000,15.0,2.0,,,0 days 00:00:28.869000,0 days 00:00:17.800000,0 days 00:00:34.995000,0 days 01:26:21.916000,0 days 01:26:39.716000,0 days 01:27:14.711000,263.0,297.0,290.0,285.0,True,SOFT,3.0,True,Williams,0 days 01:25:53.047000,,1,,False,,False,True
0 days 01:29:53.534000,ALB,23,,16.0,2.0,,,0 days 00:00:42.420000,0 days 00:00:26.958000,0 days 00:01:29.376000,0 days 01:27:57.482000,0 days 01:28:24.282000,0 days 01:29:53.534000,174.0,221.0,134.0,218.0,False,SOFT,4.0,True,Williams,0 days 01:27:14.711000,,1,,False,,False,False
0 days 01:31:32.796000,ALB,23,,17.0,2.0,,0 days 01:31:32.796000,0 days 00:00:36.263000,0 days 00:00:21.918000,,0 days 01:30:29.921000,0 days 01:30:51.968000,,186.0,289.0,,250.0,False,SOFT,5.0,True,Williams,0 days 01:29:53.534000,,1,,False,,False,False
0 days 00:30:17.305000,HUL,27,0 days 00:01:55.013000,1.0,1.0,0 days 00:28:38.200000,,0 days 00:00:55.264000,0 days 00:00:20.326000,0 days 00:00:39.423000,0 days 00:29:17.819000,0 days 00:29:38.101000,0 days 00:30:17.492000,241.0,257.0,279.0,144.0,False,SOFT,1.0,True,Audi,0 days 00:28:38.200000,,1,,False,,False,False
0 days 00:31:57.449000,HUL,27,0 days 00:01:40.144000,2.0,1.0,,,0 days 00:00:31.315000,0 days 00:00:19.501000,0 days 00:00:49.328000,0 days 00:30:48.620000,0 days 00:31:08.121000,0 days 00:31:57.449000,259.0,270.0,273.0,273.0,True,SOFT,2.0,True,Audi,0 days 00:30:17.305000,,1,,False,,False,True
0 days 00:33:19.578000,HUL,27,0 days 00:01:22.129000,3.0,1.0,,,0 days 00:00:29.258000,0 days 00:00:17.750000,0 days 00:00:35.121000,0 days 00:32:26.707000,0 days 00:32:44.457000,0 days 00:33:19.578000,257.0,293.0,300.0,290.0,True,SOFT,3.0,True,Audi,0 days 00:31:57.449000,,1,,False,,False,True
0 days 00:35:19.642000,HUL,27,0 days 00:02:00.064000,4.0,1.0,,,0 days 00:00:41.722000,0 days 00:00:27.356000,0 days 00:00:50.986000,0 days 00:34:01.300000,0 days 00:34:28.656000,0 days 00:35:19.642000,204.0,264.0,271.0,214.0,False,SOFT,4.0,True,Audi,0 days 00:33:19.578000,,12,,False,,False,True
0 days 00:36:54.287000,HUL,27,0 days 00:01:34.645000,5.0,1.0,,,0 days 00:00:28.955000,0 days 00:00:17.708000,0 days 00:00:47.982000,0 days 00:35:48.597000,0 days 00:36:06.305000,0 days 00:36:54.287000,256.0,287.0,175.0,288.0,False,SOFT,5.0,True,Audi,0 days 00:35:19.642000,,26,,False,,False,False
0 days 00:38:50.262000,HUL,27,0 days 00:01:55.975000,6.0,1.0,,,0 days 00:00:42.254000,0 days 00:00:25.513000,0 days 00:00:48.208000,0 days 00:37:36.541000,0 days 00:38:02.054000,0 days 00:38:50.262000,207.0,258.0,189.0,161.0,False,SOFT,6.0,True,Audi,0 days 00:36:54.287000,,6,,False,,False,False
0 days 00:49:27.853000,HUL,27,,7.0,1.0,,0 days 00:40:39.528000,0 days 00:00:37.204000,,,0 days 00:39:27.711000,,,218.0,,,177.0,False,SOFT,7.0,True,Audi,0 days 00:38:50.262000,,6512,,False,,False,False
0 days 00:51:25.793000,HUL,27,0 days 00:01:57.940000,8.0,2.0,0 days 00:49:49.638000,,0 days 00:01:01.028000,0 days 00:00:19.539000,0 days 00:00:37.373000,0 days 00:50:28.881000,0 days 00:50:48.420000,0 days 00:51:25.793000,259.0,262.0,284.0,155.0,False,SOFT,8.0,False,Audi,0 days 00:49:49.638000,,1,,False,,False,False
0 days 00:53:02.330000,HUL,27,0 days 00:01:36.537000,9.0,2.0,,,0 days 00:00:29.707000,0 days 00:00:19.381000,0 days 00:00:47.449000,0 days 00:51:55.500000,0 days 00:52:14.881000,0 days 00:53:02.330000,260.0,258.0,281.0,286.0,False,SOFT,9.0,False,Audi,0 days 00:51:25.793000,,1,,False,,False,True
0 days 00:54:23.397000,HUL,27,0 days 00:01:21.067000,10.0,2.0,,,0 days 00:00:28.434000,0 days 00:00:17.717000,0 days 00:00:34.916000,0 days 00:53:30.764000,0 days 00:53:48.481000,0 days 00:54:23.397000,258.0,291.0,309.0,314.0,True,SOFT,10.0,False,Audi,0 days 00:53:02.330000,,1,,False,,False,True
0 days 00:56:26.697000,HUL,27,0 days 00:02:03.300000,11.0,2.0,,0 days 00:56:05.096000,0 days 00:00:41.905000,0 days 00:00:20.283000,0 days 00:01:01.112000,0 days 00:55:05.302000,0 days 00:55:25.585000,0 days 00:56:26.697000,224.0,261.0,,223.0,False,SOFT,11.0,False,Audi,0 days 00:54:23.397000,,1,,False,,False,False
0 days 00:58:19.003000,HUL,27,0 days 00:01:52.306000,12.0,3.0,0 days 00:56:29.111000,,0 days 00:00:38.848000,0 days 00:00:19.739000,0 days 00:00:53.719000,0 days 00:57:05.545000,0 days 00:57:25.284000,0 days 00:58:19.003000,255.0,228.0,276.0,216.0,False,SOFT,12.0,False,Audi,0 days 00:56:26.697000,,1,,False,,False,False
0 days 00:59:40.719000,HUL,27,0 days 00:01:21.716000,13.0,3.0,,,0 days 00:00:28.938000,0 days 00:00:17.592000,0 days 00:00:35.186000,0 days 00:58:47.941000,0 days 00:59:05.533000,0 days 00:59:40.719000,249.0,295.0,304.0,292.0,False,SOFT,13.0,False,Audi,0 days 00:58:19.003000,,12,,False,,False,True
0 days 01:07:16.477000,HUL,27,,14.0,3.0,,0 days 01:01:24.082000,0 days 00:00:33.023000,0 days 00:00:24.160000,,0 days 01:00:13.894000,0 days 01:00:38.126000,,190.0,240.0,,235.0,False,SOFT,14.0,False,Audi,0 days 00:59:40.719000,,1,,False,,False,False
0 days 01:08:52.083000,HUL,27,0 days 00:01:35.606000,15.0,4.0,0 days 01:07:18.627000,,0 days 00:00:37.860000,0 days 00:00:19.613000,0 days 00:00:38.133000,0 days 01:07:54.337000,0 days 01:08:13.950000,0 days 01:08:52.083000,258.0,253.0,284.0,193.0,False,SOFT,1.0,True,Audi,0 days 01:07:16.477000,,1,,False,,False,False
0 days 01:10:21.650000,HUL,27,0 days 00:01:29.567000,16.0,4.0,,,0 days 00:00:30.068000,0 days 00:00:19.949000,0 days 00:00:39.550000,0 days 01:09:22.151000,0 days 01:09:42.100000,0 days 01:10:21.650000,261.0,229.0,276.0,273.0,False,SOFT,2.0,True,Audi,0 days 01:08:52.083000,,1,,False,,False,True
0 days 01:11:44.160000,HUL,27,0 days 00:01:22.510000,17.0,4.0,,,0 days 00:00:28.381000,0 days 00:00:17.766000,0 days 00:00:36.363000,0 days 01:10:50.031000,0 days 01:11:07.797000,0 days 01:11:44.160000,258.0,285.0,252.0,307.0,False,SOFT,3.0,True,Audi,0 days 01:10:21.650000,,1,,False,,False,True
0 days 01:22:39.747000,HUL,27,,18.0,4.0,,0 days 01:13:48.659000,0 days 00:00:43.356000,0 days 00:00:27.898000,,0 days 01:12:27.646000,0 days 01:12:55.485000,,165.0,203.0,,194.0,False,SOFT,4.0,True,Audi,0 days 01:11:44.160000,,125,,False,,False,False
0 days 01:24:46.285000,HUL,27,0 days 00:02:06.538000,19.0,5.0,0 days 01:22:59.684000,,0 days 00:00:58.681000,0 days 00:00:19.768000,0 days 00:00:48.089000,0 days 01:23:38.428000,0 days 01:23:58.196000,0 days 01:24:46.285000,255.0,235.0,271.0,176.0,False,SOFT,5.0,False,Audi,0 days 01:22:59.684000,,1,,False,,False,False
0 days 01:26:07.929000,HUL,27,0 days 00:01:21.644000,20.0,5.0,,,0 days 00:00:28.939000,0 days 00:00:17.937000,0 days 00:00:34.768000,0 days 01:25:15.224000,0 days 01:25:33.161000,0 days 01:26:07.929000,258.0,283.0,304.0,292.0,False,SOFT,6.0,False,Audi,0 days 01:24:46.285000,,1,,False,,False,True
0 days 01:28:45.376000,HUL,27,,21.0,5.0,,,0 days 00:00:35.197000,0 days 00:00:26.044000,0 days 00:01:36.238000,0 days 01:26:43.179000,0 days 01:27:09.257000,0 days 01:28:45.376000,180.0,221.0,3.0,244.0,False,SOFT,7.0,False,Audi,0 days 01:26:07.929000,,1,,False,,False,False
0 days 01:30:21.780000,HUL,27,,22.0,5.0,,0 days 01:30:21.780000,0 days 00:00:39.194000,0 days 00:00:19.132000,,0 days 01:29:24.752000,0 days 01:29:43.892000,,228.0,294.0,,152.0,False,SOFT,8.0,False,Audi,0 days 01:28:45.376000,,1,,False,,False,False
0 days 00:49:57.503000,LAW,30,0 days 00:02:15.090000,1.0,1.0,0 days 00:48:09.237000,,0 days 00:01:11.225000,0 days 00:00:21.079000,0 days 00:00:42.786000,0 days 00:48:53.872000,0 days 00:49:14.981000,0 days 00:49:57.685000,234.0,258.0,278.0,124.0,False,HARD,1.0,True,Racing Bulls,0 days 00:48:09.237000,,1,,False,,False,False
0 days 00:51:19.702000,LAW,30,0 days 00:01:22.199000,2.0,1.0,,,0 days 00:00:29.159000,0 days 00:00:17.680000,0 days 00:00:35.360000,0 days 00:50:26.662000,0 days 00:50:44.342000,0 days 00:51:19.702000,262.0,302.0,298.0,299.0,True,HARD,2.0,True,Racing Bulls,0 days 00:49:57.503000,,1,,False,,False,True
0 days 00:53:12.057000,LAW,30,0 days 00:01:52.355000,3.0,1.0,,,0 days 00:00:41.477000,0 days 00:00:27.070000,0 days 00:00:43.808000,0 days 00:52:01.179000,0 days 00:52:28.249000,0 days 00:53:12.057000,179.0,210.0,278.0,245.0,False,HARD,3.0,True,Racing Bulls,0 days 00:51:19.702000,,1,,False,,False,True
0 days 00:54:33.523000,LAW,30,0 days 00:01:21.466000,4.0,1.0,,,0 days 00:00:28.765000,0 days 00:00:17.642000,0 days 00:00:35.059000,0 days 00:53:40.822000,0 days 00:53:58.464000,0 days 00:54:33.523000,258.0,304.0,310.0,299.0,True,HARD,4.0,True,Racing Bulls,0 days 00:53:12.057000,,1,,False,,False,True
0 days 00:56:23.203000,LAW,30,0 days 00:01:49.680000,5.0,1.0,,,0 days 00:00:36.628000,0 days 00:00:26.554000,0 days 00:00:46.498000,0 days 00:55:10.151000,0 days 00:55:36.705000,0 days 00:56:23.203000,144.0,230.0,279.0,292.0,False,HARD,5.0,True,Racing Bulls,0 days 00:54:33.523000,,1,,False,,False,True
0 days 00:57:44.420000,LAW,30,0 days 00:01:21.217000,6.0,1.0,,,0 days 00:00:28.657000,0 days 00:00:17.554000,0 days 00:00:35.006000,0 days 00:56:51.860000,0 days 00:57:09.414000,0 days 00:57:44.420000,261.0,307.0,308.0,300.0,True,HARD,6.0,True,Racing Bulls,0 days 00:56:23.203000,,1,,False,,False,True
0 days 00:59:56.315000,LAW,30,0 days 00:02:11.895000,7.0,1.0,,,0 days 00:01:07.292000,0 days 00:00:22.203000,0 days 00:00:42.400000,0 days 00:58:51.712000,0 days 00:59:13.915000,0 days 00:59:56.315000,210.0,241.0,284.0,286.0,False,HARD,7.0,True,Racing Bulls,0 days 00:57:44.420000,,12,,False,,False,True
0 days 01:01:17.205000,LAW,30,0 days 00:01:20.890000,8.0,1.0,,,0 days 00:00:28.570000,0 days 00:00:17.607000,0 days 00:00:34.713000,0 days 01:00:24.885000,0 days 01:00:42.492000,0 days 01:01:17.205000,262.0,301.0,306.0,299.0,True,HARD,8.0,True,Racing Bulls,0 days 00:59:56.315000,,1,,False,,False,True
0 days 01:03:09.939000,LAW,30,0 days 00:01:52.734000,9.0,1.0,,0 days 01:02:56.551000,0 days 00:00:34.730000,0 days 00:00:23.201000,0 days 00:00:54.803000,0 days 01:01:51.935000,0 days 01:02:15.136000,0 days 01:03:09.939000,228.0,248.0,,295.0,False,HARD,9.0,True,Racing Bulls,0 days 01:01:17.205000,,1,,False,,False,False
0 days 01:11:49.987000,LAW,30,,10.0,2.0,0 days 01:03:14.554000,0 days 01:05:23.181000,0 days 00:01:10.256000,0 days 00:00:20.518000,,0 days 01:04:20.427000,0 days 01:04:40.911000,,227.0,296.0,,231.0,False,HARD,10.0,False,Racing Bulls,0 days 01:03:09.939000,,1,,False,,False,False
0 days 01:23:50.301000,LAW,30,,11.0,3.0,0 days 01:11:49.987000,0 days 01:13:38.441000,0 days 00:00:42.806000,0 days 00:00:20.731000,,0 days 01:12:29.823000,0 days 01:12:50.609000,,238.0,276.0,,169.0,False,SOFT,1.0,True,Racing Bulls,0 days 01:11:49.987000,,125,,False,,False,False
0 days 01:25:58.241000,LAW,30,0 days 00:02:07.940000,12.0,4.0,0 days 01:23:55.779000,,0 days 00:00:55.037000,0 days 00:00:22.895000,0 days 00:00:50.008000,0 days 01:24:45.338000,0 days 01:25:08.233000,0 days 01:25:58.241000,231.0,264.0,283.0,66.0,False,SOFT,2.0,False,Racing Bulls,0 days 01:23:55.779000,,1,,False,,False,False
0 days 01:27:31.882000,LAW,30,,13.0,4.0,,0 days 01:27:31.882000,0 days 00:00:28.431000,0 days 00:00:19.905000,,0 days 01:26:26.820000,0 days 01:26:46.788000,,260.0,234.0,,304.0,False,SOFT,3.0,False,Racing Bulls,0 days 01:25:58.241000,,1,,False,,False,False
0 days 00:32:56.164000,OCO,31,0 days 00:01:45.958000,1.0,1.0,0 days 00:31:12.577000,,0 days 00:00:41.746000,0 days 00:00:21.705000,0 days 00:00:42.507000,0 days 00:31:52.137000,0 days 00:32:13.910000,0 days 00:32:56.250000,235.0,251.0,259.0,164.0,False,MEDIUM,1.0,True,Haas F1 Team,0 days 00:31:12.577000,,1,,False,,False,False
0 days 00:34:27.358000,OCO,31,0 days 00:01:31.194000,2.0,1.0,,,0 days 00:00:29.966000,0 days 00:00:18.224000,0 days 00:00:43.004000,0 days 00:33:26.130000,0 days 00:33:44.354000,0 days 00:34:27.358000,269.0,285.0,194.0,283.0,True,MEDIUM,2.0,True,Haas F1 Team,0 days 00:32:56.164000,,12,,False,,False,True
0 days 00:36:22.737000,OCO,31,0 days 00:01:55.379000,3.0,1.0,,,0 days 00:00:39.773000,0 days 00:00:25.440000,0 days 00:00:50.166000,0 days 00:35:07.131000,0 days 00:35:32.571000,0 days 00:36:22.737000,201.0,227.0,190.0,168.0,False,MEDIUM,3.0,True,Haas F1 Team,0 days 00:34:27.358000,,2,,False,,False,True
0 days 00:38:26.327000,OCO,31,0 days 00:02:03.590000,4.0,1.0,,,0 days 00:00:41.504000,0 days 00:00:26.027000,0 days 00:00:56.059000,0 days 00:37:04.241000,0 days 00:37:30.268000,0 days 00:38:26.327000,201.0,232.0,199.0,108.0,False,MEDIUM,4.0,True,Haas F1 Team,0 days 00:36:22.737000,,26,,False,,False,False
0 days 00:48:29.812000,OCO,31,,5.0,1.0,,0 days 00:40:28.227000,0 days 00:00:40.864000,0 days 00:00:27.848000,,0 days 00:39:07.477000,0 days 00:39:35.268000,,150.0,262.0,,209.0,False,MEDIUM,5.0,True,Haas F1 Team,0 days 00:38:26.327000,,6512,,False,,False,False
0 days 00:50:33.224000,OCO,31,0 days 00:02:03.412000,6.0,2.0,0 days 00:48:33.935000,,0 days 00:01:00.085000,0 days 00:00:20.203000,0 days 00:00:43.124000,0 days 00:49:29.897000,0 days 00:49:50.100000,0 days 00:50:33.224000,240.0,285.0,256.0,43.0,False,MEDIUM,6.0,False,Haas F1 Team,0 days 00:48:33.935000,,1,,False,,False,False
0 days 00:51:57.406000,OCO,31,0 days 00:01:24.182000,7.0,2.0,,,0 days 00:00:29.704000,0 days 00:00:18.159000,0 days 00:00:36.319000,0 days 00:51:02.928000,0 days 00:51:21.087000,0 days 00:51:57.406000,269.0,288.0,301.0,281.0,True,MEDIUM,7.0,False,Haas F1 Team,0 days 00:50:33.224000,,1,,False,,False,True
0 days 00:53:39.138000,OCO,31,0 days 00:01:41.732000,8.0,2.0,,,0 days 00:00:37.211000,0 days 00:00:20.483000,0 days 00:00:44.038000,0 days 00:52:34.617000,0 days 00:52:55.100000,0 days 00:53:39.138000,215.0,275.0,256.0,294.0,False,MEDIUM,8.0,False,Haas F1 Team,0 days 00:51:57.406000,,1,,False,,False,True
0 days 00:55:01.623000,OCO,31,0 days 00:01:22.485000,9.0,2.0,,,0 days 00:00:29.355000,0 days 00:00:17.842000,0 days 00:00:35.288000,0 days 00:54:08.493000,0 days 00:54:26.335000,0 days 00:55:01.623000,268.0,289.0,296.0,284.0,True,MEDIUM,9.0,False,Haas F1 Team,0 days 00:53:39.138000,,1,,False,,False,True
0 days 00:56:48.972000,OCO,31,0 days 00:01:47.349000,10.0,2.0,,,0 days 00:00:43.095000,0 days 00:00:23.881000,0 days 00:00:40.373000,0 days 00:55:44.718000,0 days 00:56:08.599000,0 days 00:56:48.972000,194.0,229.0,258.0,234.0,False,MEDIUM,10.0,False,Haas F1 Team,0 days 00:55:01.623000,,1,,False,,False,True
0 days 00:58:11.393000,OCO,31,0 days 00:01:22.421000,11.0,2.0,,,0 days 00:00:29.139000,0 days 00:00:18.006000,0 days 00:00:35.276000,0 days 00:57:18.111000,0 days 00:57:36.117000,0 days 00:58:11.393000,271.0,286.0,300.0,284.0,True,MEDIUM,11.0,False,Haas F1 Team,0 days 00:56:48.972000,,1,,False,,False,True
0 days 01:11:19.186000,OCO,31,,12.0,2.0,,0 days 00:59:58.125000,0 days 00:00:42.450000,0 days 00:00:23.401000,,0 days 00:58:54.197000,0 days 00:59:17.469000,,215.0,236.0,,227.0,False,MEDIUM,12.0,False,Haas F1 Team,0 days 00:58:11.393000,,12,,False,,False,False
0 days 01:13:03.010000,OCO,31,0 days 00:01:43.824000,13.0,3.0,0 days 01:11:21.465000,,0 days 00:00:42.023000,0 days 00:00:20.927000,0 days 00:00:40.874000,0 days 01:12:01.209000,0 days 01:12:22.136000,0 days 01:13:03.010000,233.0,252.0,221.0,115.0,False,SOFT,1.0,True,Haas F1 Team,0 days 01:11:19.186000,,12,,False,,False,False
0 days 01:22:12.010000,OCO,31,,14.0,3.0,,0 days 01:15:48.714000,,,,,,,,,,159.0,False,SOFT,2.0,True,Haas F1 Team,0 days 01:13:03.010000,,251,,False,,False,False
0 days 01:24:15.476000,OCO,31,0 days 00:02:03.466000,15.0,4.0,0 days 01:22:18.865000,,0 days 00:01:04.024000,0 days 00:00:21.220000,0 days 00:00:38.222000,0 days 01:23:16.034000,0 days 01:23:37.254000,0 days 01:24:15.476000,232.0,253.0,293.0,96.0,False,SOFT,3.0,False,Haas F1 Team,0 days 01:22:18.865000,,1,,False,,False,False
0 days 01:25:49.680000,OCO,31,0 days 00:01:34.204000,16.0,4.0,,,0 days 00:00:30.592000,0 days 00:00:20.043000,0 days 00:00:43.569000,0 days 01:24:46.068000,0 days 01:25:06.111000,0 days 01:25:49.680000,248.0,279.0,269.0,283.0,False,SOFT,4.0,False,Haas F1 Team,0 days 01:24:15.476000,,1,,False,,False,True
0 days 01:27:10.663000,OCO,31,0 days 00:01:20.983000,17.0,4.0,,,0 days 00:00:28.643000,0 days 00:00:17.645000,0 days 00:00:34.695000,0 days 01:26:18.323000,0 days 01:26:35.968000,0 days 01:27:10.663000,260.0,298.0,309.0,279.0,True,SOFT,5.0,False,Haas F1 Team,0 days 01:25:49.680000,,1,,False,,False,True
0 days 01:30:15.440000,OCO,31,,18.0,4.0,,,0 days 00:00:38.564000,0 days 00:00:23.810000,,0 days 01:27:49.467000,0 days 01:28:13.342000,,204.0,227.0,203.0,173.0,False,SOFT,6.0,False,Haas F1 Team,0 days 01:27:10.663000,,1,,False,,False,False
0 days 01:32:06.664000,OCO,31,,19.0,4.0,,0 days 01:32:06.664000,0 days 00:00:31.127000,0 days 00:00:25.313000,,0 days 01:30:46.781000,0 days 01:31:12.093000,,193.0,185.0,,269.0,False,SOFT,7.0,False,Haas F1 Team,0 days 01:30:15.440000,,1,,False,,False,False
0 days 00:49:46.751000,LIN,41,0 days 00:02:12.155000,1.0,1.0,0 days 00:47:56.175000,,0 days 00:01:06.335000,0 days 00:00:21.277000,0 days 00:00:44.543000,0 days 00:48:41.207000,0 days 00:49:02.380000,0 days 00:49:46.919000,231.0,228.0,276.0,135.0,False,HARD,1.0,True,Racing Bulls,0 days 00:47:56.175000,,1,,False,,False,False
0 days 00:51:09.544000,LIN,41,0 days 00:01:22.793000,2.0,1.0,,,0 days 00:00:29.466000,0 days 00:00:17.743000,0 days 00:00:35.584000,0 days 00:50:16.217000,0 days 00:50:33.960000,0 days 00:51:09.544000,254.0,299.0,301.0,293.0,True,HARD,2.0,True,Racing Bulls,0 days 00:49:46.751000,,1,,False,,False,True
0 days 00:52:53.506000,LIN,41,0 days 00:01:43.962000,3.0,1.0,,,0 days 00:00:35.865000,0 days 00:00:22.735000,0 days 00:00:45.362000,0 days 00:51:45.409000,0 days 00:52:08.144000,0 days 00:52:53.506000,201.0,250.0,277.0,251.0,False,HARD,3.0,True,Racing Bulls,0 days 00:51:09.544000,,1,,False,,False,True
0 days 00:54:14.964000,LIN,41,0 days 00:01:21.458000,4.0,1.0,,,0 days 00:00:28.788000,0 days 00:00:17.579000,0 days 00:00:35.091000,0 days 00:53:22.294000,0 days 00:53:39.873000,0 days 00:54:14.964000,258.0,298.0,311.0,298.0,True,HARD,4.0,True,Racing Bulls,0 days 00:52:53.506000,,1,,False,,False,True
0 days 00:56:07.926000,LIN,41,0 days 00:01:52.962000,5.0,1.0,,,0 days 00:00:36.204000,0 days 00:00:25.319000,0 days 00:00:51.439000,0 days 00:54:51.168000,0 days 00:55:16.487000,0 days 00:56:07.926000,177.0,175.0,272.0,273.0,False,HARD,5.0,True,Racing Bulls,0 days 00:54:14.964000,,1,,False,,False,True
0 days 00:58:00.963000,LIN,41,0 days 00:01:53.037000,6.0,1.0,,,0 days 00:00:31.141000,0 days 00:00:27.440000,0 days 00:00:54.456000,0 days 00:56:39.067000,0 days 00:57:06.507000,0 days 00:58:00.963000,174.0,178.0,272.0,293.0,False,HARD,6.0,True,Racing Bulls,0 days 00:56:07.926000,,1,,False,,False,True
0 days 00:59:22.072000,LIN,41,0 days 00:01:21.109000,7.0,1.0,,,0 days 00:00:28.598000,0 days 00:00:17.609000,0 days 00:00:34.902000,0 days 00:58:29.561000,0 days 00:58:47.170000,0 days 00:59:22.072000,262.0,293.0,311.0,294.0,True,HARD,7.0,True,Racing Bulls,0 days 00:58:00.963000,,12,,False,,False,True
0 days 01:01:09.267000,LIN,41,0 days 00:01:47.195000,8.0,1.0,,0 days 01:00:57.472000,0 days 00:00:33.824000,0 days 00:00:23.292000,0 days 00:00:50.079000,0 days 00:59:55.896000,0 days 01:00:19.188000,0 days 01:01:09.267000,225.0,222.0,,277.0,False,HARD,8.0,True,Racing Bulls,0 days 00:59:22.072000,,1,,False,,False,False
0 days 01:11:10.814000,LIN,41,,9.0,2.0,0 days 01:01:12.568000,0 days 01:03:10.930000,0 days 00:01:08.249000,0 days 00:00:18.278000,,0 days 01:02:17.769000,0 days 01:02:35.941000,,254.0,289.0,,224.0,False,HARD,9.0,False,Racing Bulls,0 days 01:01:09.267000,,1,,False,,False,False
0 days 01:12:53.282000,LIN,41,0 days 00:01:42.468000,10.0,3.0,0 days 01:11:13.009000,,0 days 00:00:41.421000,0 days 00:00:20.808000,0 days 00:00:40.239000,0 days 01:11:52.235000,0 days 01:12:13.043000,0 days 01:12:53.282000,236.0,247.0,278.0,149.0,False,SOFT,1.0,True,Racing Bulls,0 days 01:11:10.814000,,12,,False,,False,False
0 days 01:22:49.813000,LIN,41,,11.0,3.0,,0 days 01:15:17.417000,,,,,,,,,,254.0,False,SOFT,2.0,True,Racing Bulls,0 days 01:12:53.282000,,251,,False,,False,False
0 days 01:25:05.216000,LIN,41,0 days 00:02:15.403000,12.0,4.0,0 days 01:23:07.981000,,0 days 00:01:11.812000,0 days 00:00:21.128000,0 days 00:00:42.463000,0 days 01:24:01.625000,0 days 01:24:22.753000,0 days 01:25:05.216000,233.0,253.0,280.0,81.0,False,SOFT,3.0,False,Racing Bulls,0 days 01:23:07.981000,,1,,False,,False,False
0 days 01:26:26.054000,LIN,41,0 days 00:01:20.838000,13.0,4.0,,,0 days 00:00:28.624000,0 days 00:00:17.589000,0 days 00:00:34.625000,0 days 01:25:33.840000,0 days 01:25:51.429000,0 days 01:26:26.054000,262.0,303.0,296.0,300.0,True,SOFT,4.0,False,Racing Bulls,0 days 01:25:05.216000,,1,,False,,False,True
0 days 01:28:29.299000,LIN,41,0 days 00:02:03.245000,14.0,4.0,,,0 days 00:00:38.039000,0 days 00:00:22.440000,0 days 00:01:02.766000,0 days 01:27:04.093000,0 days 01:27:26.533000,0 days 01:28:29.299000,211.0,194.0,26.0,244.0,False,SOFT,5.0,False,Racing Bulls,0 days 01:26:26.054000,,1,,False,,False,True
0 days 01:30:20.928000,LIN,41,,15.0,4.0,,0 days 01:30:20.928000,0 days 00:00:53.613000,0 days 00:00:17.880000,,0 days 01:29:23.096000,0 days 01:29:40.955000,,255.0,287.0,,243.0,False,SOFT,6.0,False,Racing Bulls,0 days 01:28:29.299000,,1,,False,,False,False
0 days 00:27:50.426000,COL,43,,1.0,1.0,0 days 00:26:04.936000,,,0 days 00:00:20.716000,0 days 00:00:43.004000,,0 days 00:27:07.642000,0 days 00:27:50.577000,220.0,279.0,271.0,175.0,False,HARD,1.0,True,Alpine,0 days 00:26:04.936000,,1,,False,,False,False
0 days 00:29:14.648000,COL,43,0 days 00:01:24.222000,2.0,1.0,,,0 days 00:00:29.853000,0 days 00:00:18.191000,0 days 00:00:36.178000,0 days 00:28:20.279000,0 days 00:28:38.470000,0 days 00:29:14.648000,263.0,265.0,300.0,283.0,True,HARD,2.0,True,Alpine,0 days 00:27:50.426000,,1,,False,,False,True
0 days 00:31:12.470000,COL,43,0 days 00:01:57.822000,3.0,1.0,,,0 days 00:00:51.056000,0 days 00:00:23.564000,0 days 00:00:43.202000,0 days 00:30:05.704000,0 days 00:30:29.268000,0 days 00:31:12.470000,159.0,275.0,271.0,170.0,False,HARD,3.0,True,Alpine,0 days 00:29:14.648000,,1,,False,,False,True
0 days 00:32:35.541000,COL,43,0 days 00:01:23.071000,4.0,1.0,,,0 days 00:00:29.412000,0 days 00:00:18.033000,0 days 00:00:35.626000,0 days 00:31:41.882000,0 days 00:31:59.915000,0 days 00:32:35.541000,264.0,270.0,295.0,294.0,True,HARD,4.0,True,Alpine,0 days 00:31:12.470000,,1,,False,,False,True
0 days 00:35:04.885000,COL,43,0 days 00:02:29.344000,5.0,1.0,,,0 days 00:00:53.062000,0 days 00:00:39.509000,0 days 00:00:56.773000,0 days 00:33:28.603000,0 days 00:34:08.112000,0 days 00:35:04.885000,145.0,159.0,265.0,198.0,False,HARD,5.0,True,Alpine,0 days 00:32:35.541000,,12,,False,,False,True
0 days 00:36:32.919000,COL,43,0 days 00:01:28.034000,6.0,1.0,,,0 days 00:00:29.280000,0 days 00:00:17.882000,0 days 00:00:40.872000,0 days 00:35:34.165000,0 days 00:35:52.047000,0 days 00:36:32.919000,270.0,265.0,119.0,290.0,False,HARD,6.0,True,Alpine,0 days 00:35:04.885000,,26,,False,,False,False
0 days 00:38:45.242000,COL,43,0 days 00:02:12.323000,7.0,1.0,,,0 days 00:00:58.775000,0 days 00:00:21.303000,0 days 00:00:52.245000,0 days 00:37:31.694000,0 days 00:37:52.997000,0 days 00:38:45.242000,227.0,263.0,173.0,89.0,False,HARD,7.0,True,Alpine,0 days 00:36:32.919000,,6,,False,,False,False
0 days 00:48:17.506000,COL,43,,8.0,1.0,,0 days 00:40:36.142000,0 days 00:00:35.160000,,,0 days 00:39:20.601000,,,255.0,,,254.0,False,HARD,8.0,True,Alpine,0 days 00:38:45.242000,,6512,,False,,False,False
0 days 00:50:11.778000,COL,43,0 days 00:01:54.272000,9.0,2.0,0 days 00:48:28.381000,,0 days 00:00:54.521000,0 days 00:00:20.865000,0 days 00:00:38.886000,0 days 00:49:12.027000,0 days 00:49:32.892000,0 days 00:50:11.778000,233.0,261.0,259.0,158.0,False,HARD,9.0,False,Alpine,0 days 00:48:28.381000,,1,,False,,False,False
0 days 00:52:21.191000,COL,43,0 days 00:02:09.413000,10.0,2.0,,0 days 00:51:40.560000,0 days 00:00:30.986000,0 days 00:00:20.328000,0 days 00:01:18.099000,0 days 00:50:42.764000,0 days 00:51:03.092000,0 days 00:52:21.191000,250.0,258.0,,260.0,False,HARD,10.0,False,Alpine,0 days 00:50:11.778000,,1,,False,,False,False
0 days 00:54:13.046000,COL,43,0 days 00:01:51.855000,11.0,3.0,0 days 00:52:23.526000,,0 days 00:00:45.199000,0 days 00:00:20.557000,0 days 00:00:46.099000,0 days 00:53:06.390000,0 days 00:53:26.947000,0 days 00:54:13.046000,250.0,263.0,253.0,142.0,False,HARD,11.0,False,Alpine,0 days 00:52:21.191000,,1,,False,,False,False
0 days 00:55:36.484000,COL,43,0 days 00:01:23.438000,12.0,3.0,,,0 days 00:00:29.812000,0 days 00:00:17.932000,0 days 00:00:35.694000,0 days 00:54:42.858000,0 days 00:55:00.790000,0 days 00:55:36.484000,256.0,287.0,289.0,286.0,False,HARD,12.0,False,Alpine,0 days 00:54:13.046000,,1,,False,,False,True
0 days 00:57:38.390000,COL,43,0 days 00:02:01.906000,13.0,3.0,,,0 days 00:00:45.256000,0 days 00:00:28.269000,0 days 00:00:48.381000,0 days 00:56:21.740000,0 days 00:56:50.009000,0 days 00:57:38.390000,119.0,202.0,274.0,224.0,False,HARD,13.0,False,Alpine,0 days 00:55:36.484000,,1,,False,,False,True
0 days 00:59:01.298000,COL,43,0 days 00:01:22.908000,14.0,3.0,,,0 days 00:00:29.157000,0 days 00:00:17.938000,0 days 00:00:35.813000,0 days 00:58:07.547000,0 days 00:58:25.485000,0 days 00:59:01.298000,258.0,276.0,294.0,297.0,False,HARD,14.0,False,Alpine,0 days 00:57:38.390000,,12,,True,TRACK LIMITS AT TURN 6 LAP 15 ,False,True
0 days 01:01:10.310000,COL,43,0 days 00:02:09.012000,15.0,3.0,,,0 days 00:00:48.407000,0 days 00:00:35.149000,0 days 00:00:45.456000,0 days 00:59:49.705000,0 days 01:00:24.854000,0 days 01:01:10.310000,121.0,130.0,273.0,187.0,False,HARD,15.0,False,Alpine,0 days 00:59:01.298000,,21,,False,,False,True
0 days 01:02:33.646000,COL,43,0 days 00:01:23.336000,16.0,3.0,,,0 days 00:00:29.411000,0 days 00:00:17.958000,0 days 00:00:35.967000,0 days 01:01:39.721000,0 days 01:01:57.679000,0 days 01:02:33.646000,254.0,278.0,290.0,297.0,False,HARD,16.0,False,Alpine,0 days 01:01:10.310000,,1,,False,,False,True
0 days 01:11:42.784000,COL,43,,17.0,3.0,,0 days 01:04:15.551000,0 days 00:00:38.108000,0 days 00:00:23.264000,,0 days 01:03:11.867000,0 days 01:03:35.107000,,160.0,248.0,,244.0,False,HARD,17.0,False,Alpine,0 days 01:02:33.646000,,1,,False,,False,False
0 days 01:23:03.064000,COL,43,,18.0,4.0,0 days 01:11:42.784000,0 days 01:13:28.081000,0 days 00:00:40.867000,0 days 00:00:20.347000,,0 days 01:12:21.469000,0 days 01:12:41.815000,,247.0,279.0,,151.0,False,SOFT,1.0,True,Alpine,0 days 01:11:42.784000,,125,,False,,False,False
0 days 01:25:15.297000,COL,43,0 days 00:02:12.233000,19.0,5.0,0 days 01:23:29.294000,,0 days 00:01:10.127000,0 days 00:00:20.320000,0 days 00:00:41.786000,0 days 01:24:13.191000,0 days 01:24:33.511000,0 days 01:25:15.297000,238.0,275.0,277.0,128.0,False,SOFT,2.0,False,Alpine,0 days 01:23:29.294000,,1,,False,,False,False
0 days 01:26:36.710000,COL,43,0 days 00:01:21.413000,20.0,5.0,,,0 days 00:00:28.684000,0 days 00:00:17.739000,0 days 00:00:34.990000,0 days 01:25:43.981000,0 days 01:26:01.720000,0 days 01:26:36.710000,265.0,274.0,306.0,302.0,True,SOFT,3.0,False,Alpine,0 days 01:25:15.297000,,1,,False,,False,True
0 days 01:29:31.596000,COL,43,,21.0,5.0,,,0 days 00:00:36.634000,0 days 00:00:25.065000,,0 days 01:27:13.554000,0 days 01:27:38.623000,,212.0,257.0,95.0,195.0,False,SOFT,4.0,False,Alpine,0 days 01:26:36.710000,,1,,False,,False,False
0 days 01:30:55.968000,COL,43,,22.0,5.0,,0 days 01:30:55.968000,0 days 00:00:31.528000,0 days 00:00:18.074000,,0 days 01:30:03.049000,0 days 01:30:21.178000,,268.0,271.0,,245.0,False,SOFT,5.0,False,Alpine,0 days 01:29:31.596000,,1,,False,,False,False
0 days 00:28:20.427000,HAM,44,0 days 00:01:54.228000,1.0,1.0,0 days 00:26:30.698000,,0 days 00:00:50.045000,0 days 00:00:20.763000,0 days 00:00:43.420000,0 days 00:27:16.497000,0 days 00:27:37.217000,0 days 00:28:20.592000,232.0,236.0,278.0,148.0,False,SOFT,1.0,True,Ferrari,0 days 00:26:30.698000,,1,,False,,False,False
0 days 00:29:42.026000,HAM,44,0 days 00:01:21.599000,2.0,1.0,,,0 days 00:00:28.754000,0 days 00:00:17.889000,0 days 00:00:34.956000,0 days 00:28:49.181000,0 days 00:29:07.070000,0 days 00:29:42.026000,260.0,286.0,301.0,283.0,True,SOFT,2.0,True,Ferrari,0 days 00:28:20.427000,,1,,False,,False,True
0 days 00:32:07.942000,HAM,44,0 days 00:02:25.916000,3.0,1.0,,,0 days 00:00:54.382000,0 days 00:00:40.050000,0 days 00:00:51.484000,0 days 00:30:36.408000,0 days 00:31:16.458000,0 days 00:32:07.942000,119.0,253.0,275.0,200.0,False,SOFT,3.0,True,Ferrari,0 days 00:29:42.026000,,1,,False,,False,True
0 days 00:33:28.514000,HAM,44,0 days 00:01:20.572000,4.0,1.0,,,0 days 00:00:28.449000,0 days 00:00:17.598000,0 days 00:00:34.525000,0 days 00:32:36.391000,0 days 00:32:53.989000,0 days 00:33:28.514000,263.0,285.0,307.0,288.0,True,SOFT,4.0,True,Ferrari,0 days 00:32:07.942000,,1,,False,,False,True
0 days 00:35:44.321000,HAM,44,0 days 00:02:15.807000,5.0,1.0,,,0 days 00:00:49.538000,0 days 00:00:34.007000,0 days 00:00:52.262000,0 days 00:34:18.052000,0 days 00:34:52.059000,0 days 00:35:44.321000,121.0,172.0,266.0,191.0,False,SOFT,5.0,True,Ferrari,0 days 00:33:28.514000,,12,,False,,False,True
0 days 00:37:34.607000,HAM,44,0 days 00:01:50.286000,6.0,1.0,,,0 days 00:00:33.324000,0 days 00:00:31.039000,0 days 00:00:45.923000,0 days 00:36:17.645000,0 days 00:36:48.684000,0 days 00:37:34.607000,232.0,270.0,163.0,256.0,False,SOFT,6.0,True,Ferrari,0 days 00:35:44.321000,,26,,False,,False,False
0 days 00:39:36.537000,HAM,44,0 days 00:02:01.930000,7.0,1.0,,,0 days 00:00:41.360000,0 days 00:00:28.079000,0 days 00:00:52.491000,0 days 00:38:15.967000,0 days 00:38:44.046000,0 days 00:39:36.537000,224.0,213.0,179.0,178.0,False,SOFT,7.0,True,Ferrari,0 days 00:37:34.607000,,6,,False,,False,False
0 days 00:48:46.616000,HAM,44,,8.0,1.0,,0 days 00:41:28.736000,,,,,,,,,,265.0,False,SOFT,8.0,True,Ferrari,0 days 00:39:36.537000,,6512,,False,,False,False
0 days 00:50:58.078000,HAM,44,0 days 00:02:11.462000,9.0,2.0,0 days 00:48:52.247000,,0 days 00:01:07.657000,0 days 00:00:20.291000,0 days 00:00:43.514000,0 days 00:49:54.273000,0 days 00:50:14.564000,0 days 00:50:58.078000,245.0,221.0,281.0,79.0,False,SOFT,9.0,False,Ferrari,0 days 00:48:52.247000,,1,,False,,False,False
0 days 00:52:40.415000,HAM,44,0 days 00:01:42.337000,10.0,2.0,,,0 days 00:00:31.681000,0 days 00:00:23.138000,0 days 00:00:47.518000,0 days 00:51:29.759000,0 days 00:51:52.897000,0 days 00:52:40.415000,216.0,261.0,272.0,292.0,False,SOFT,10.0,False,Ferrari,0 days 00:50:58.078000,,1,,False,,False,True
0 days 00:54:18.195000,HAM,44,0 days 00:01:37.780000,11.0,2.0,,,0 days 00:00:28.826000,0 days 00:00:21.760000,0 days 00:00:47.194000,0 days 00:53:09.241000,0 days 00:53:31.001000,0 days 00:54:18.195000,235.0,241.0,278.0,288.0,False,SOFT,11.0,False,Ferrari,0 days 00:52:40.415000,,1,,False,,False,True
0 days 00:55:38.371000,HAM,44,0 days 00:01:20.176000,12.0,2.0,,,0 days 00:00:28.312000,0 days 00:00:17.560000,0 days 00:00:34.304000,0 days 00:54:46.507000,0 days 00:55:04.067000,0 days 00:55:38.371000,259.0,292.0,304.0,288.0,True,SOFT,12.0,False,Ferrari,0 days 00:54:18.195000,,1,,False,,False,True
0 days 00:58:10.286000,HAM,44,,13.0,2.0,,,0 days 00:00:48.919000,0 days 00:00:44.105000,0 days 00:00:58.900000,0 days 00:56:27.596000,0 days 00:57:11.490000,0 days 00:58:10.440000,116.0,182.0,271.0,206.0,False,SOFT,13.0,False,Ferrari,0 days 00:55:38.371000,,1,,False,,False,False
0 days 00:59:39.431000,HAM,44,0 days 00:01:29.145000,14.0,2.0,,,0 days 00:00:29.683000,0 days 00:00:20.843000,0 days 00:00:38.619000,0 days 00:58:39.969000,0 days 00:59:00.812000,0 days 00:59:39.431000,214.0,259.0,279.0,285.0,False,SOFT,14.0,False,Ferrari,0 days 00:58:10.286000,,12,,False,,False,True
0 days 01:01:00.159000,HAM,44,0 days 00:01:20.728000,15.0,2.0,,,0 days 00:00:28.250000,0 days 00:00:17.721000,0 days 00:00:34.757000,0 days 01:00:07.681000,0 days 01:00:25.402000,0 days 01:01:00.159000,261.0,277.0,304.0,287.0,False,SOFT,15.0,False,Ferrari,0 days 00:59:39.431000,,1,,False,,False,True
0 days 01:02:53.561000,HAM,44,0 days 00:01:53.402000,16.0,2.0,,,0 days 00:00:44.788000,0 days 00:00:26.732000,0 days 00:00:41.882000,0 days 01:01:44.947000,0 days 01:02:11.679000,0 days 01:02:53.561000,163.0,248.0,281.0,183.0,False,SOFT,16.0,False,Ferrari,0 days 01:01:00.159000,,1,,False,,False,True
0 days 01:04:13.804000,HAM,44,0 days 00:01:20.243000,17.0,2.0,,,0 days 00:00:27.957000,0 days 00:00:17.676000,0 days 00:00:34.610000,0 days 01:03:21.518000,0 days 01:03:39.194000,0 days 01:04:13.804000,270.0,275.0,297.0,285.0,False,SOFT,17.0,False,Ferrari,0 days 01:02:53.561000,,1,,False,,False,True
0 days 01:22:45.402000,HAM,44,,18.0,2.0,,0 days 01:05:49.760000,0 days 00:00:37.948000,0 days 00:00:21.254000,,0 days 01:04:51.864000,0 days 01:05:13.208000,,241.0,283.0,,201.0,False,SOFT,18.0,False,Ferrari,0 days 01:04:13.804000,,125,,False,,False,False
0 days 01:24:57.213000,HAM,44,0 days 00:02:11.811000,19.0,3.0,0 days 01:23:02.091000,,0 days 00:01:06.201000,0 days 00:00:20.310000,0 days 00:00:45.300000,0 days 01:23:51.603000,0 days 01:24:11.913000,0 days 01:24:57.213000,237.0,266.0,279.0,102.0,False,SOFT,1.0,True,Ferrari,0 days 01:23:02.091000,,1,,False,,False,False
0 days 01:26:16.882000,HAM,44,0 days 00:01:19.669000,20.0,3.0,,,0 days 00:00:28.010000,0 days 00:00:17.431000,0 days 00:00:34.228000,0 days 01:25:25.223000,0 days 01:25:42.654000,0 days 01:26:16.882000,264.0,296.0,299.0,285.0,True,SOFT,2.0,True,Ferrari,0 days 01:24:57.213000,,1,,False,,False,True
0 days 01:28:54.996000,HAM,44,,21.0,3.0,,,0 days 00:00:40.615000,0 days 00:00:28.323000,0 days 00:01:29.119000,0 days 01:26:57.554000,0 days 01:27:25.976000,0 days 01:28:55.045000,173.0,211.0,85.0,223.0,False,SOFT,3.0,True,Ferrari,0 days 01:26:16.882000,,1,,False,,False,False
0 days 01:30:29.155000,HAM,44,,22.0,3.0,,0 days 01:30:29.155000,0 days 00:00:34.498000,0 days 00:00:19.351000,,0 days 01:29:29.658000,0 days 01:29:48.931000,,191.0,299.0,,245.0,False,SOFT,4.0,True,Ferrari,0 days 01:28:54.996000,,1,,False,,False,False
0 days 00:45:39.814000,SAI,55,,1.0,1.0,0 days 00:32:32.100000,0 days 00:45:39.814000,0 days 00:00:40.294000,0 days 00:00:20.502000,,0 days 00:33:10.436000,0 days 00:33:30.952000,,257.0,264.0,,160.0,False,SOFT,1.0,True,Williams,0 days 00:32:32.100000,,1265,,False,,False,False
0 days 00:36:24.853000,RUS,63,0 days 00:02:11.620000,1.0,1.0,0 days 00:34:16.686000,,0 days 00:01:07.800000,0 days 00:00:21.345000,0 days 00:00:42.475000,0 days 00:35:21.179000,0 days 00:35:42.635000,0 days 00:36:24.879000,261.0,124.0,256.0,208.0,False,SOFT,1.0,True,Mercedes,0 days 00:34:16.686000,,26,,False,,False,False
0 days 00:38:41.761000,RUS,63,0 days 00:02:16.908000,2.0,1.0,,,0 days 00:00:49.531000,0 days 00:00:27.421000,0 days 00:00:59.956000,0 days 00:37:14.384000,0 days 00:37:41.805000,0 days 00:38:41.761000,69.0,227.0,180.0,72.0,True,SOFT,2.0,True,Mercedes,0 days 00:36:24.853000,,6,,False,,False,False
0 days 00:47:11.870000,RUS,63,,3.0,1.0,,0 days 00:40:33.676000,0 days 00:00:35.055000,,,0 days 00:39:16.953000,,,264.0,,,262.0,False,SOFT,3.0,True,Mercedes,0 days 00:38:41.761000,,6512,,False,,False,False
0 days 00:48:56.909000,RUS,63,,4.0,2.0,0 days 00:47:11.870000,,0 days 00:01:38.465000,0 days 00:00:19.322000,0 days 00:00:44.961000,0 days 00:47:52.881000,0 days 00:48:12.191000,0 days 00:48:56.951000,252.0,278.0,272.0,126.0,False,SOFT,4.0,False,Mercedes,0 days 00:47:11.870000,,1,,False,,False,False
0 days 00:50:40.480000,RUS,63,0 days 00:01:43.571000,5.0,2.0,,,0 days 00:00:31.787000,0 days 00:00:20.073000,0 days 00:00:51.711000,0 days 00:49:28.696000,0 days 00:49:48.769000,0 days 00:50:40.480000,263.0,248.0,264.0,270.0,True,SOFT,5.0,False,Mercedes,0 days 00:48:56.909000,,1,,False,,False,True
0 days 00:52:01.909000,RUS,63,0 days 00:01:21.429000,6.0,2.0,,,0 days 00:00:28.579000,0 days 00:00:17.831000,0 days 00:00:35.019000,0 days 00:51:09.059000,0 days 00:51:26.890000,0 days 00:52:01.909000,260.0,276.0,293.0,291.0,True,SOFT,6.0,False,Mercedes,0 days 00:50:40.480000,,1,,False,,False,True
0 days 00:53:54.650000,RUS,63,0 days 00:01:52.741000,7.0,2.0,,0 days 00:53:36.245000,0 days 00:00:33.292000,0 days 00:00:21.494000,0 days 00:00:57.955000,0 days 00:52:35.201000,0 days 00:52:56.695000,0 days 00:53:54.650000,226.0,272.0,,235.0,False,SOFT,7.0,False,Mercedes,0 days 00:52:01.909000,,1,,False,,False,False
0 days 00:55:48.513000,RUS,63,0 days 00:01:53.863000,8.0,3.0,0 days 00:53:58.120000,,0 days 00:00:58.312000,0 days 00:00:18.214000,0 days 00:00:37.337000,0 days 00:54:52.962000,0 days 00:55:11.176000,0 days 00:55:48.513000,268.0,283.0,296.0,226.0,False,SOFT,8.0,False,Mercedes,0 days 00:53:54.650000,,1,,False,,False,False
0 days 00:57:10.758000,RUS,63,0 days 00:01:22.245000,9.0,3.0,,,0 days 00:00:28.922000,0 days 00:00:18.003000,0 days 00:00:35.320000,0 days 00:56:17.435000,0 days 00:56:35.438000,0 days 00:57:10.758000,245.0,274.0,291.0,283.0,False,SOFT,9.0,False,Mercedes,0 days 00:55:48.513000,,1,,False,,False,True
0 days 00:58:32.979000,RUS,63,0 days 00:01:22.221000,10.0,3.0,,,0 days 00:00:28.790000,0 days 00:00:17.935000,0 days 00:00:35.496000,0 days 00:57:39.548000,0 days 00:57:57.483000,0 days 00:58:32.979000,243.0,276.0,293.0,272.0,False,SOFT,10.0,False,Mercedes,0 days 00:57:10.758000,,1,,False,,False,True
0 days 00:59:56.265000,RUS,63,0 days 00:01:23.286000,11.0,3.0,,,0 days 00:00:29.713000,0 days 00:00:17.929000,0 days 00:00:35.644000,0 days 00:59:02.692000,0 days 00:59:20.621000,0 days 00:59:56.265000,272.0,284.0,292.0,281.0,False,SOFT,11.0,False,Mercedes,0 days 00:58:32.979000,,12,,False,,False,True
0 days 01:01:19.606000,RUS,63,0 days 00:01:23.341000,12.0,3.0,,,0 days 00:00:29.736000,0 days 00:00:17.863000,0 days 00:00:35.742000,0 days 01:00:26.001000,0 days 01:00:43.864000,0 days 01:01:19.606000,264.0,303.0,297.0,238.0,False,SOFT,12.0,False,Mercedes,0 days 00:59:56.265000,,1,,False,,False,True
0 days 01:02:41.336000,RUS,63,0 days 00:01:21.730000,13.0,3.0,,,0 days 00:00:28.651000,0 days 00:00:17.816000,0 days 00:00:35.263000,0 days 01:01:48.257000,0 days 01:02:06.073000,0 days 01:02:41.336000,251.0,291.0,295.0,288.0,False,SOFT,13.0,False,Mercedes,0 days 01:01:19.606000,,1,,False,,False,True
0 days 01:04:03.013000,RUS,63,0 days 00:01:21.677000,14.0,3.0,,,0 days 00:00:28.655000,0 days 00:00:17.745000,0 days 00:00:35.277000,0 days 01:03:09.991000,0 days 01:03:27.736000,0 days 01:04:03.013000,249.0,291.0,295.0,291.0,False,SOFT,14.0,False,Mercedes,0 days 01:02:41.336000,,1,,False,,False,True
0 days 01:05:24.585000,RUS,63,0 days 00:01:21.572000,15.0,3.0,,,0 days 00:00:28.692000,0 days 00:00:17.738000,0 days 00:00:35.142000,0 days 01:04:31.705000,0 days 01:04:49.443000,0 days 01:05:24.585000,246.0,295.0,299.0,290.0,False,SOFT,15.0,False,Mercedes,0 days 01:04:03.013000,,1,,False,,False,True
0 days 01:10:49.952000,RUS,63,,16.0,3.0,,0 days 01:06:47.967000,0 days 00:00:28.753000,0 days 00:00:17.808000,,0 days 01:05:53.619000,0 days 01:06:11.416000,,250.0,297.0,,291.0,False,SOFT,16.0,False,Mercedes,0 days 01:05:24.585000,,1,,False,,False,False
0 days 01:12:27.959000,RUS,63,0 days 00:01:38.007000,17.0,4.0,0 days 01:10:52.195000,,0 days 00:00:38.190000,0 days 00:00:19.928000,0 days 00:00:39.889000,0 days 01:11:28.142000,0 days 01:11:48.070000,0 days 01:12:27.959000,254.0,280.0,274.0,189.0,False,SOFT,1.0,True,Mercedes,0 days 01:10:49.952000,,1,,False,,False,False
0 days 01:22:08.287000,RUS,63,,18.0,4.0,,0 days 01:14:00.003000,0 days 00:00:27.726000,0 days 00:00:17.398000,,0 days 01:12:55.902000,0 days 01:13:13.160000,,263.0,287.0,,293.0,False,SOFT,2.0,True,Mercedes,0 days 01:12:27.959000,,125,,False,,False,False
0 days 01:23:50.064000,RUS,63,,19.0,5.0,0 days 01:22:08.287000,,,0 days 00:00:19.971000,0 days 00:00:42.939000,,0 days 01:23:07.341000,0 days 01:23:50.163000,252.0,281.0,274.0,164.0,False,SOFT,3.0,False,Mercedes,0 days 01:22:08.287000,,1,,False,,False,False
0 days 01:25:09.117000,RUS,63,0 days 00:01:19.053000,20.0,5.0,,,0 days 00:00:27.770000,0 days 00:00:17.276000,0 days 00:00:34.007000,0 days 01:24:17.834000,0 days 01:24:35.110000,0 days 01:25:09.117000,266.0,292.0,307.0,294.0,True,SOFT,4.0,False,Mercedes,0 days 01:23:50.064000,,1,,False,,False,True
0 days 01:26:55.351000,RUS,63,0 days 00:01:46.234000,21.0,5.0,,,0 days 00:00:38.899000,0 days 00:00:25.592000,0 days 00:00:41.743000,0 days 01:25:48.016000,0 days 01:26:13.608000,0 days 01:26:55.351000,131.0,284.0,246.0,230.0,False,SOFT,5.0,False,Mercedes,0 days 01:25:09.117000,,1,,False,,False,True
0 days 01:29:46.151000,RUS,63,,22.0,5.0,,,0 days 00:00:39.985000,0 days 00:00:24.750000,,0 days 01:27:35.460000,0 days 01:28:00.217000,,183.0,275.0,133.0,211.0,False,SOFT,6.0,False,Mercedes,0 days 01:26:55.351000,,1,,False,,False,False
0 days 01:31:13.499000,RUS,63,,23.0,5.0,,0 days 01:31:13.499000,0 days 00:00:30.337000,0 days 00:00:18.400000,,0 days 01:30:16.558000,0 days 01:30:34.968000,,249.0,259.0,,272.0,False,SOFT,7.0,False,Mercedes,0 days 01:29:46.151000,,1,,False,,False,False
0 days 00:49:51.330000,BOT,77,0 days 00:02:14.017000,1.0,1.0,0 days 00:48:01.253000,,0 days 00:01:07.685000,0 days 00:00:21.286000,0 days 00:00:45.046000,0 days 00:48:45.298000,0 days 00:49:06.501000,0 days 00:49:51.482000,233.0,273.0,272.0,170.0,False,SOFT,1.0,True,Cadillac,0 days 00:48:01.253000,,1,,False,,False,False
0 days 00:51:16.476000,BOT,77,0 days 00:01:25.146000,2.0,1.0,,,0 days 00:00:30.445000,0 days 00:00:18.246000,0 days 00:00:36.455000,0 days 00:50:21.775000,0 days 00:50:40.021000,0 days 00:51:16.476000,235.0,293.0,294.0,278.0,True,SOFT,2.0,True,Cadillac,0 days 00:49:51.330000,,1,,False,,False,True
0 days 00:53:16.786000,BOT,77,0 days 00:02:00.310000,3.0,1.0,,,0 days 00:00:45.595000,0 days 00:00:26.730000,0 days 00:00:47.985000,0 days 00:52:02.071000,0 days 00:52:28.801000,0 days 00:53:16.786000,176.0,233.0,272.0,216.0,False,SOFT,3.0,True,Cadillac,0 days 00:51:16.476000,,1,,False,,False,True
0 days 00:54:41.369000,BOT,77,0 days 00:01:24.583000,4.0,1.0,,,0 days 00:00:30.055000,0 days 00:00:18.241000,0 days 00:00:36.287000,0 days 00:53:46.841000,0 days 00:54:05.082000,0 days 00:54:41.369000,243.0,290.0,295.0,286.0,True,SOFT,4.0,True,Cadillac,0 days 00:53:16.786000,,1,,False,,False,True
0 days 00:56:51.117000,BOT,77,0 days 00:02:09.748000,5.0,1.0,,0 days 00:56:28.455000,0 days 00:00:36.521000,0 days 00:00:21.955000,0 days 00:01:11.272000,0 days 00:55:17.890000,0 days 00:55:39.845000,0 days 00:56:51.117000,206.0,180.0,,228.0,False,SOFT,5.0,True,Cadillac,0 days 00:54:41.369000,,1,,False,,False,False
0 days 00:58:56.666000,BOT,77,0 days 00:02:05.549000,6.0,2.0,0 days 00:56:53.396000,,0 days 00:00:47.463000,0 days 00:00:23.362000,0 days 00:00:54.724000,0 days 00:57:38.580000,0 days 00:58:01.942000,0 days 00:58:56.666000,98.0,257.0,275.0,134.0,False,SOFT,6.0,False,Cadillac,0 days 00:56:51.117000,,12,,False,,False,False
0 days 01:00:20.941000,BOT,77,0 days 00:01:24.275000,7.0,2.0,,,0 days 00:00:29.917000,0 days 00:00:18.109000,0 days 00:00:36.249000,0 days 00:59:26.583000,0 days 00:59:44.692000,0 days 01:00:20.941000,235.0,296.0,297.0,288.0,True,SOFT,7.0,False,Cadillac,0 days 00:58:56.666000,,21,,False,,False,True
0 days 01:22:53.188000,BOT,77,,8.0,2.0,,0 days 01:02:01.200000,0 days 00:00:34.259000,0 days 00:00:20.539000,,0 days 01:00:55.363000,0 days 01:01:15.988000,,238.0,247.0,,235.0,False,SOFT,8.0,False,Cadillac,0 days 01:00:20.941000,,125,,False,,False,False
0 days 01:25:08.509000,BOT,77,0 days 00:02:15.321000,9.0,3.0,0 days 01:23:14.043000,,0 days 00:01:09.151000,0 days 00:00:20.602000,0 days 00:00:45.568000,0 days 01:24:02.339000,0 days 01:24:22.941000,0 days 01:25:08.509000,242.0,255.0,282.0,136.0,False,SOFT,1.0,True,Cadillac,0 days 01:23:14.043000,,1,,False,,False,False
0 days 01:26:32.023000,BOT,77,0 days 00:01:23.514000,10.0,3.0,,,0 days 00:00:29.481000,0 days 00:00:18.237000,0 days 00:00:35.796000,0 days 01:25:37.990000,0 days 01:25:56.227000,0 days 01:26:32.023000,279.0,285.0,300.0,302.0,True,SOFT,2.0,True,Cadillac,0 days 01:25:08.509000,,1,,False,,False,True
0 days 01:29:15.455000,BOT,77,,11.0,3.0,,,0 days 00:00:38.284000,0 days 00:00:24.553000,,0 days 01:27:10.554000,0 days 01:27:35.133000,,195.0,204.0,12.0,245.0,False,SOFT,3.0,True,Cadillac,0 days 01:26:32.023000,,1,,False,,False,False
0 days 01:30:48.999000,BOT,77,,12.0,3.0,,0 days 01:30:48.999000,0 days 00:00:32.602000,0 days 00:00:18.658000,,0 days 01:29:48.093000,0 days 01:30:06.659000,,254.0,287.0,,233.0,False,SOFT,4.0,True,Cadillac,0 days 01:29:15.455000,,1,,False,,False,False
0 days 00:48:51.730000,PIA,81,,1.0,1.0,0 days 00:47:07.154000,,0 days 00:01:39.389000,0 days 00:00:20.219000,0 days 00:00:40.064000,0 days 00:47:51.665000,0 days 00:48:11.972000,0 days 00:48:51.903000,251.0,275.0,282.0,131.0,False,SOFT,1.0,True,McLaren,0 days 00:47:07.154000,,1,,False,,False,False
0 days 00:50:12.909000,PIA,81,0 days 00:01:21.179000,2.0,1.0,,,0 days 00:00:28.499000,0 days 00:00:17.827000,0 days 00:00:34.853000,0 days 00:49:20.229000,0 days 00:49:38.056000,0 days 00:50:12.909000,264.0,282.0,290.0,291.0,True,SOFT,2.0,True,McLaren,0 days 00:48:51.730000,,1,,False,,False,True
0 days 00:52:12.073000,PIA,81,0 days 00:01:59.164000,3.0,1.0,,,0 days 00:00:40.273000,0 days 00:00:28.143000,0 days 00:00:50.748000,0 days 00:50:53.182000,0 days 00:51:21.325000,0 days 00:52:12.073000,199.0,161.0,197.0,186.0,False,SOFT,3.0,True,McLaren,0 days 00:50:12.909000,,1,,False,,False,True
0 days 00:54:06.325000,PIA,81,0 days 00:01:54.252000,4.0,1.0,,,0 days 00:00:39.999000,0 days 00:00:23.656000,0 days 00:00:50.597000,0 days 00:52:52.072000,0 days 00:53:15.728000,0 days 00:54:06.325000,250.0,283.0,282.0,183.0,False,SOFT,4.0,True,McLaren,0 days 00:52:12.073000,,1,,False,,False,True
0 days 00:55:26.642000,PIA,81,0 days 00:01:20.317000,5.0,1.0,,,0 days 00:00:28.265000,0 days 00:00:17.698000,0 days 00:00:34.354000,0 days 00:54:34.590000,0 days 00:54:52.288000,0 days 00:55:26.642000,261.0,278.0,287.0,292.0,True,SOFT,5.0,True,McLaren,0 days 00:54:06.325000,,1,,False,,False,True
0 days 00:57:18.207000,PIA,81,0 days 00:01:51.565000,6.0,1.0,,,0 days 00:00:39.560000,0 days 00:00:22.654000,0 days 00:00:49.351000,0 days 00:56:06.202000,0 days 00:56:28.856000,0 days 00:57:18.207000,197.0,222.0,170.0,212.0,False,SOFT,6.0,True,McLaren,0 days 00:55:26.642000,,1,,False,,False,True
0 days 00:59:10.152000,PIA,81,0 days 00:01:51.945000,7.0,1.0,,,0 days 00:00:43.673000,0 days 00:00:26.568000,0 days 00:00:41.704000,0 days 00:58:01.880000,0 days 00:58:28.448000,0 days 00:59:10.152000,182.0,270.0,283.0,171.0,False,SOFT,7.0,True,McLaren,0 days 00:57:18.207000,,12,,False,,False,True
0 days 01:00:30.316000,PIA,81,0 days 00:01:20.164000,8.0,1.0,,,0 days 00:00:28.121000,0 days 00:00:17.646000,0 days 00:00:34.397000,0 days 00:59:38.273000,0 days 00:59:55.919000,0 days 01:00:30.316000,267.0,281.0,296.0,288.0,True,SOFT,8.0,True,McLaren,0 days 00:59:10.152000,,21,,False,,False,True
0 days 01:02:05.694000,PIA,81,0 days 00:01:35.378000,9.0,1.0,,,0 days 00:00:37.784000,0 days 00:00:20.621000,0 days 00:00:36.973000,0 days 01:01:08.100000,0 days 01:01:28.721000,0 days 01:02:05.694000,218.0,266.0,304.0,238.0,False,SOFT,9.0,True,McLaren,0 days 01:00:30.316000,,1,,False,,False,True
0 days 01:03:27.122000,PIA,81,0 days 00:01:21.428000,10.0,1.0,,,0 days 00:00:28.360000,0 days 00:00:18.028000,0 days 00:00:35.040000,0 days 01:02:34.054000,0 days 01:02:52.082000,0 days 01:03:27.122000,271.0,272.0,294.0,294.0,False,SOFT,10.0,True,McLaren,0 days 01:02:05.694000,,1,,False,,False,True
0 days 01:04:48.815000,PIA,81,0 days 00:01:21.693000,11.0,1.0,,,0 days 00:00:28.591000,0 days 00:00:18.088000,0 days 00:00:35.014000,0 days 01:03:55.713000,0 days 01:04:13.801000,0 days 01:04:48.815000,262.0,289.0,291.0,274.0,False,SOFT,11.0,True,McLaren,0 days 01:03:27.122000,,1,,False,,False,True
0 days 01:06:23.844000,PIA,81,0 days 00:01:35.029000,12.0,1.0,,0 days 01:06:09.463000,0 days 00:00:28.640000,0 days 00:00:18.009000,0 days 00:00:48.380000,0 days 01:05:17.455000,0 days 01:05:35.464000,0 days 01:06:23.844000,256.0,288.0,,280.0,False,SOFT,12.0,True,McLaren,0 days 01:04:48.815000,,1,,False,,False,False
0 days 01:22:22.980000,PIA,81,,13.0,2.0,0 days 01:06:27.166000,0 days 01:08:19.283000,0 days 00:01:00.945000,0 days 00:00:17.958000,,0 days 01:07:25.096000,0 days 01:07:42.971000,,271.0,295.0,,235.0,False,SOFT,13.0,False,McLaren,0 days 01:06:23.844000,,125,,False,,False,False
0 days 01:24:41.310000,PIA,81,0 days 00:02:18.330000,14.0,3.0,0 days 01:22:33.528000,,0 days 00:01:08.111000,0 days 00:00:20.022000,0 days 00:00:50.197000,0 days 01:23:31.091000,0 days 01:23:51.113000,0 days 01:24:41.310000,255.0,275.0,274.0,131.0,False,SOFT,1.0,True,McLaren,0 days 01:22:33.528000,,1,,False,,False,False
0 days 01:26:01.397000,PIA,81,0 days 00:01:20.087000,15.0,3.0,,,0 days 00:00:28.310000,0 days 00:00:17.565000,0 days 00:00:34.212000,0 days 01:25:09.620000,0 days 01:25:27.185000,0 days 01:26:01.397000,265.0,280.0,297.0,285.0,True,SOFT,2.0,True,McLaren,0 days 01:24:41.310000,,1,,False,,False,True
0 days 01:28:41.486000,PIA,81,,16.0,3.0,,,0 days 00:00:37.757000,0 days 00:00:23.231000,0 days 00:01:39.008000,0 days 01:26:39.382000,0 days 01:27:02.523000,0 days 01:28:41.486000,186.0,283.0,3.0,208.0,False,SOFT,3.0,True,McLaren,0 days 01:26:01.397000,,1,,False,,False,False
0 days 01:30:08.409000,PIA,81,,17.0,3.0,,0 days 01:30:08.409000,0 days 00:00:32.390000,0 days 00:00:18.756000,,0 days 01:29:14.002000,0 days 01:29:32.734000,,237.0,269.0,,253.0,False,SOFT,4.0,True,McLaren,0 days 01:28:41.486000,,1,,False,,False,False
0 days 00:33:03.523000,BEA,87,0 days 00:01:47.437000,1.0,1.0,0 days 00:31:18.218000,,0 days 00:00:42.365000,0 days 00:00:20.124000,0 days 00:00:44.948000,0 days 00:31:58.606000,0 days 00:32:18.688000,0 days 00:33:03.539000,241.0,277.0,217.0,147.0,False,MEDIUM,1.0,True,Haas F1 Team,0 days 00:31:18.218000,,1,,False,,False,False
0 days 00:34:42.764000,BEA,87,0 days 00:01:39.241000,2.0,1.0,,,0 days 00:00:34.857000,0 days 00:00:20.186000,0 days 00:00:44.198000,0 days 00:33:38.380000,0 days 00:33:58.566000,0 days 00:34:42.764000,218.0,218.0,258.0,224.0,True,MEDIUM,2.0,True,Haas F1 Team,0 days 00:33:03.523000,,12,,False,,False,True
0 days 00:48:33.116000,BEA,87,,3.0,1.0,,0 days 00:36:16.004000,0 days 00:00:29.612000,0 days 00:00:17.899000,,0 days 00:35:12.457000,0 days 00:35:30.350000,,268.0,289.0,,278.0,False,MEDIUM,3.0,True,Haas F1 Team,0 days 00:34:42.764000,,2651,,False,,False,False
0 days 00:50:41.851000,BEA,87,0 days 00:02:08.735000,4.0,2.0,0 days 00:48:36.227000,,0 days 00:01:01.263000,0 days 00:00:21.193000,0 days 00:00:46.279000,0 days 00:49:34.379000,0 days 00:49:55.572000,0 days 00:50:41.851000,232.0,252.0,244.0,47.0,False,MEDIUM,4.0,False,Haas F1 Team,0 days 00:48:36.227000,,1,,False,,False,False
0 days 00:52:33.987000,BEA,87,0 days 00:01:52.136000,5.0,2.0,,,0 days 00:00:37.244000,0 days 00:00:21.187000,0 days 00:00:53.705000,0 days 00:51:19.095000,0 days 00:51:40.282000,0 days 00:52:33.987000,236.0,247.0,268.0,245.0,False,MEDIUM,5.0,False,Haas F1 Team,0 days 00:50:41.851000,,1,,False,,False,True
0 days 00:53:55.517000,BEA,87,0 days 00:01:21.530000,6.0,2.0,,,0 days 00:00:28.963000,0 days 00:00:17.614000,0 days 00:00:34.953000,0 days 00:53:02.950000,0 days 00:53:20.564000,0 days 00:53:55.517000,275.0,298.0,306.0,286.0,True,MEDIUM,6.0,False,Haas F1 Team,0 days 00:52:33.987000,,1,,False,,False,True
0 days 00:56:02.876000,BEA,87,0 days 00:02:07.359000,7.0,2.0,,,0 days 00:00:52.513000,0 days 00:00:26.668000,0 days 00:00:48.178000,0 days 00:54:48.030000,0 days 00:55:14.698000,0 days 00:56:02.876000,177.0,225.0,265.0,200.0,False,MEDIUM,7.0,False,Haas F1 Team,0 days 00:53:55.517000,,1,,False,,False,True
0 days 00:57:49.651000,BEA,87,0 days 00:01:46.775000,8.0,2.0,,,0 days 00:00:40.908000,0 days 00:00:21.209000,0 days 00:00:44.658000,0 days 00:56:43.784000,0 days 00:57:04.993000,0 days 00:57:49.651000,210.0,215.0,270.0,288.0,False,MEDIUM,8.0,False,Haas F1 Team,0 days 00:56:02.876000,,1,,False,,False,True
0 days 00:59:10.780000,BEA,87,0 days 00:01:21.129000,9.0,2.0,,,0 days 00:00:28.823000,0 days 00:00:17.608000,0 days 00:00:34.698000,0 days 00:58:18.474000,0 days 00:58:36.082000,0 days 00:59:10.780000,256.0,300.0,306.0,292.0,True,MEDIUM,9.0,False,Haas F1 Team,0 days 00:57:49.651000,,12,,False,,False,True
0 days 01:01:37,BEA,87,0 days 00:02:26.220000,10.0,2.0,,0 days 01:01:11.347000,0 days 00:00:45.910000,0 days 00:00:30.043000,0 days 00:01:10.267000,0 days 00:59:56.690000,0 days 01:00:26.733000,0 days 01:01:37,165.0,241.0,,239.0,False,MEDIUM,10.0,False,Haas F1 Team,0 days 00:59:10.780000,,21,,False,,False,False
0 days 01:03:57.368000,BEA,87,0 days 00:02:20.368000,11.0,3.0,0 days 01:01:42.057000,,0 days 00:01:07.031000,0 days 00:00:21.041000,0 days 00:00:52.296000,0 days 01:02:44.031000,0 days 01:03:05.072000,0 days 01:03:57.368000,268.0,240.0,266.0,167.0,False,MEDIUM,11.0,False,Haas F1 Team,0 days 01:01:37,,1,,False,,False,False
0 days 01:05:41.681000,BEA,87,0 days 00:01:44.313000,12.0,3.0,,0 days 01:05:29.885000,0 days 00:00:30.041000,0 days 00:00:20.752000,0 days 00:00:53.520000,0 days 01:04:27.409000,0 days 01:04:48.161000,0 days 01:05:41.681000,181.0,207.0,,284.0,False,MEDIUM,12.0,False,Haas F1 Team,0 days 01:03:57.368000,,1,,False,,False,False
0 days 01:11:57.565000,BEA,87,,13.0,4.0,0 days 01:05:45.463000,0 days 01:07:34.158000,0 days 00:00:56.320000,0 days 00:00:20.078000,,0 days 01:06:38.217000,0 days 01:06:58.311000,,249.0,275.0,,211.0,False,MEDIUM,13.0,False,Haas F1 Team,0 days 01:05:41.681000,,1,,False,,False,False
0 days 01:23:39.613000,BEA,87,,14.0,5.0,0 days 01:11:57.565000,0 days 01:13:46.394000,0 days 00:00:43.480000,0 days 00:00:20.909000,,0 days 01:12:37.035000,0 days 01:12:57.919000,,244.0,252.0,,155.0,False,SOFT,2.0,False,Haas F1 Team,0 days 01:11:57.565000,,125,,False,,False,False
0 days 01:25:43.964000,BEA,87,0 days 00:02:04.351000,15.0,6.0,0 days 01:23:49.364000,,0 days 00:01:03.562000,0 days 00:00:21.149000,0 days 00:00:39.640000,0 days 01:24:43.175000,0 days 01:25:04.324000,0 days 01:25:43.964000,235.0,248.0,270.0,134.0,False,SOFT,2.0,False,Haas F1 Team,0 days 01:23:49.364000,,1,,False,,False,False
0 days 01:27:04.742000,BEA,87,0 days 00:01:20.778000,16.0,6.0,,,0 days 00:00:28.696000,0 days 00:00:17.567000,0 days 00:00:34.515000,0 days 01:26:12.660000,0 days 01:26:30.227000,0 days 01:27:04.742000,251.0,303.0,305.0,290.0,True,SOFT,3.0,False,Haas F1 Team,0 days 01:25:43.964000,,1,,False,,False,True
0 days 01:30:05.440000,BEA,87,,17.0,6.0,,,0 days 00:00:39.239000,0 days 00:00:22.692000,,0 days 01:27:44.185000,0 days 01:28:06.748000,,170.0,210.0,194.0,283.0,False,SOFT,4.0,False,Haas F1 Team,0 days 01:27:04.742000,,1,,False,,False,False
0 days 01:31:34.202000,BEA,87,,18.0,6.0,,0 days 01:31:34.202000,0 days 00:00:30.384000,0 days 00:00:18.445000,,0 days 01:30:35.923000,0 days 01:30:54.405000,,235.0,285.0,,266.0,False,SOFT,5.0,False,Haas F1 Team,0 days 01:30:05.440000,,1,,False,,False,False
