Time,Driver,DriverNumber,LapTime,LapNumber,Stint,PitOutTime,PitInTime,Sector1Time,Sector2Time,Sector3Time,Sector1SessionTime,Sector2SessionTime,Sector3SessionTime,SpeedI1,SpeedI2,SpeedFL,SpeedST,IsPersonalBest,Compound,TyreLife,FreshTyre,Team,LapStartTime,LapStartDate,TrackStatus,Position,Deleted,DeletedReason,FastF1Generated,IsAccurate
0 days 00:19:11.209000,NOR,1,,1.0,1.0,0 days 00:16:54.076000,,,0 days 00:00:23.812000,0 days 00:01:02.768000,,0 days 00:18:08.505000,0 days 00:19:11.209000,234.0,234.0,102.0,96.0,False,MEDIUM,1.0,True,McLaren,0 days 00:16:54.076000,,126,,False,,False,False
0 days 00:29:43.009000,NOR,1,,2.0,1.0,,0 days 00:20:55.812000,0 days 00:00:40.404000,0 days 00:00:20.046000,,0 days 00:19:51.717000,0 days 00:20:11.660000,,249.0,291.0,,176.0,False,MEDIUM,2.0,True,McLaren,0 days 00:19:11.209000,,671,,False,,False,False
0 days 00:36:45.110000,NOR,1,,3.0,2.0,0 days 00:29:43.009000,0 days 00:31:29.117000,0 days 00:00:43.538000,0 days 00:00:22.121000,,0 days 00:30:23.331000,0 days 00:30:45.342000,,232.0,276.0,,190.0,False,MEDIUM,3.0,False,McLaren,0 days 00:29:43.009000,,1,,False,,False,False
0 days 00:38:26.521000,NOR,1,0 days 00:01:41.411000,4.0,3.0,0 days 00:36:47.809000,,0 days 00:00:40.252000,0 days 00:00:20.724000,0 days 00:00:40.435000,0 days 00:37:25.362000,0 days 00:37:46.086000,0 days 00:38:26.521000,237.0,263.0,293.0,189.0,False,MEDIUM,4.0,False,McLaren,0 days 00:36:45.110000,,1,,False,,False,False
0 days 00:39:51.427000,NOR,1,0 days 00:01:24.906000,5.0,3.0,,,0 days 00:00:29.609000,0 days 00:00:18.321000,0 days 00:00:36.976000,0 days 00:38:56.130000,0 days 00:39:14.451000,0 days 00:39:51.427000,262.0,265.0,276.0,282.0,True,MEDIUM,5.0,False,McLaren,0 days 00:38:26.521000,,1,,False,,False,True
0 days 00:41:15.818000,NOR,1,0 days 00:01:24.391000,6.0,3.0,,,0 days 00:00:29.862000,0 days 00:00:18.361000,0 days 00:00:36.168000,0 days 00:40:21.289000,0 days 00:40:39.650000,0 days 00:41:15.818000,264.0,289.0,286.0,233.0,True,MEDIUM,6.0,False,McLaren,0 days 00:39:51.427000,,1,,False,,False,True
0 days 00:42:58.242000,NOR,1,,7.0,3.0,,0 days 00:42:58.242000,0 days 00:00:29.637000,0 days 00:00:25.959000,,0 days 00:41:45.798000,0 days 00:42:11.610000,,195.0,193.0,,260.0,False,MEDIUM,7.0,False,McLaren,0 days 00:41:15.818000,,1,,False,,False,False
0 days 00:17:28.745000,VER,3,0 days 00:02:04.309000,1.0,1.0,0 days 00:15:29.473000,,0 days 00:00:58.007000,0 days 00:00:22.645000,0 days 00:00:43.657000,0 days 00:16:22.667000,0 days 00:16:45.231000,0 days 00:17:28.897000,234.0,254.0,274.0,146.0,False,MEDIUM,1.0,True,Red Bull Racing,0 days 00:15:29.473000,,12,,False,,False,False
0 days 00:19:13.318000,VER,3,0 days 00:01:44.573000,2.0,1.0,,,0 days 00:00:31.865000,0 days 00:00:18.298000,0 days 00:00:54.410000,0 days 00:18:00.610000,0 days 00:18:18.908000,0 days 00:19:13.318000,244.0,277.0,116.0,213.0,True,MEDIUM,2.0,True,Red Bull Racing,0 days 00:17:28.745000,,26,,False,,False,False
0 days 00:21:08.899000,VER,3,0 days 00:01:55.581000,3.0,1.0,,,0 days 00:00:46.488000,0 days 00:00:23.017000,0 days 00:00:46.076000,0 days 00:19:59.806000,0 days 00:20:22.823000,0 days 00:21:08.899000,210.0,246.0,274.0,147.0,False,MEDIUM,3.0,True,Red Bull Racing,0 days 00:19:13.318000,,671,,False,,False,False
0 days 00:22:31.819000,VER,3,0 days 00:01:22.920000,4.0,1.0,,,0 days 00:00:29.225000,0 days 00:00:17.878000,0 days 00:00:35.817000,0 days 00:21:38.124000,0 days 00:21:56.002000,0 days 00:22:31.819000,246.0,280.0,287.0,291.0,True,MEDIUM,4.0,True,Red Bull Racing,0 days 00:21:08.899000,,1,,False,,False,True
0 days 00:25:02.820000,VER,3,,5.0,1.0,,,0 days 00:01:08.827000,0 days 00:00:23.938000,0 days 00:00:58.213000,0 days 00:23:40.831000,0 days 00:24:04.760000,0 days 00:25:02.820000,216.0,205.0,275.0,207.0,False,MEDIUM,5.0,True,Red Bull Racing,0 days 00:22:31.819000,,1,,False,,False,False
0 days 00:26:25.125000,VER,3,0 days 00:01:22.305000,6.0,1.0,,,0 days 00:00:29.148000,0 days 00:00:17.841000,0 days 00:00:35.316000,0 days 00:25:31.968000,0 days 00:25:49.809000,0 days 00:26:25.125000,246.0,282.0,284.0,282.0,True,MEDIUM,6.0,True,Red Bull Racing,0 days 00:25:02.820000,,1,,False,,False,True
0 days 00:28:34.466000,VER,3,0 days 00:02:09.341000,7.0,1.0,,,0 days 00:00:41.316000,0 days 00:00:27.488000,0 days 00:01:00.537000,0 days 00:27:06.441000,0 days 00:27:33.929000,0 days 00:28:34.466000,189.0,128.0,276.0,215.0,False,MEDIUM,7.0,True,Red Bull Racing,0 days 00:26:25.125000,,1,,False,,False,True
0 days 00:30:12.436000,VER,3,0 days 00:01:37.970000,8.0,1.0,,,0 days 00:00:33.394000,0 days 00:00:23.270000,0 days 00:00:41.306000,0 days 00:29:07.860000,0 days 00:29:31.130000,0 days 00:30:12.436000,207.0,235.0,278.0,294.0,False,MEDIUM,8.0,True,Red Bull Racing,0 days 00:28:34.466000,,1,,False,,False,True
0 days 00:31:34.743000,VER,3,0 days 00:01:22.307000,9.0,1.0,,,0 days 00:00:28.936000,0 days 00:00:17.887000,0 days 00:00:35.484000,0 days 00:30:41.372000,0 days 00:30:59.259000,0 days 00:31:34.743000,244.0,279.0,284.0,293.0,False,MEDIUM,9.0,True,Red Bull Racing,0 days 00:30:12.436000,,1,,False,,False,True
0 days 00:34:34.771000,VER,3,,10.0,1.0,,0 days 00:34:06.567000,0 days 00:01:22.771000,0 days 00:00:27.150000,0 days 00:01:10.169000,0 days 00:32:57.452000,0 days 00:33:24.802000,0 days 00:34:34.841000,188.0,143.0,,210.0,False,MEDIUM,10.0,True,Red Bull Racing,0 days 00:31:34.743000,,1,,False,,False,False
0 days 00:36:20.351000,VER,3,0 days 00:01:45.580000,11.0,2.0,0 days 00:34:36.821000,,0 days 00:00:39.142000,0 days 00:00:20.656000,0 days 00:00:45.782000,0 days 00:35:13.913000,0 days 00:35:34.569000,0 days 00:36:20.351000,240.0,260.0,278.0,168.0,False,MEDIUM,11.0,False,Red Bull Racing,0 days 00:34:34.771000,,1,,False,,False,False
0 days 00:37:41.754000,VER,3,0 days 00:01:21.403000,12.0,2.0,,,0 days 00:00:28.648000,0 days 00:00:17.806000,0 days 00:00:34.949000,0 days 00:36:48.999000,0 days 00:37:06.805000,0 days 00:37:41.754000,245.0,280.0,287.0,296.0,True,MEDIUM,12.0,False,Red Bull Racing,0 days 00:36:20.351000,,1,,False,,False,True
0 days 00:47:50.340000,VER,3,,13.0,2.0,,0 days 00:39:16.872000,0 days 00:00:34.656000,0 days 00:00:21.523000,,0 days 00:38:16.672000,0 days 00:38:38.210000,,234.0,252.0,,237.0,False,MEDIUM,13.0,False,Red Bull Racing,0 days 00:37:41.754000,,1,,False,,False,False
0 days 00:49:33.487000,VER,3,0 days 00:01:43.147000,14.0,3.0,0 days 00:47:52.307000,,0 days 00:00:39.606000,0 days 00:00:22.331000,0 days 00:00:41.210000,0 days 00:48:29.946000,0 days 00:48:52.277000,0 days 00:49:33.487000,240.0,266.0,279.0,188.0,False,SOFT,1.0,True,Red Bull Racing,0 days 00:47:50.340000,,1,,False,,False,False
0 days 00:50:54.395000,VER,3,0 days 00:01:20.908000,15.0,3.0,,,0 days 00:00:28.394000,0 days 00:00:17.739000,0 days 00:00:34.775000,0 days 00:50:01.881000,0 days 00:50:19.620000,0 days 00:50:54.395000,252.0,286.0,290.0,295.0,True,SOFT,2.0,True,Red Bull Racing,0 days 00:49:33.487000,,1,,False,,False,True
0 days 00:53:07.959000,VER,3,0 days 00:02:13.564000,16.0,3.0,,0 days 00:52:48.807000,0 days 00:00:42.072000,0 days 00:00:26.164000,0 days 00:01:05.328000,0 days 00:51:36.467000,0 days 00:52:02.631000,0 days 00:53:07.959000,193.0,234.0,,196.0,False,SOFT,3.0,True,Red Bull Racing,0 days 00:50:54.395000,,1,,False,,False,False
0 days 00:54:59.193000,VER,3,0 days 00:01:51.234000,17.0,4.0,0 days 00:53:09.983000,,0 days 00:00:41.522000,0 days 00:00:21.415000,0 days 00:00:48.297000,0 days 00:53:49.481000,0 days 00:54:10.896000,0 days 00:54:59.193000,228.0,265.0,279.0,145.0,False,SOFT,4.0,False,Red Bull Racing,0 days 00:53:07.959000,,1,,False,,False,False
0 days 00:56:19.982000,VER,3,0 days 00:01:20.789000,18.0,4.0,,,0 days 00:00:28.362000,0 days 00:00:17.673000,0 days 00:00:34.754000,0 days 00:55:27.555000,0 days 00:55:45.228000,0 days 00:56:19.982000,250.0,288.0,293.0,296.0,True,SOFT,5.0,False,Red Bull Racing,0 days 00:54:59.193000,,1,,False,,False,True
0 days 01:06:26.205000,VER,3,,19.0,4.0,,0 days 00:57:56.178000,0 days 00:00:35.845000,0 days 00:00:21.604000,,0 days 00:56:56.036000,0 days 00:57:17.593000,,227.0,258.0,,193.0,False,SOFT,6.0,False,Red Bull Racing,0 days 00:56:19.982000,,126,,False,,False,False
0 days 01:08:08.835000,VER,3,0 days 00:01:42.630000,20.0,5.0,0 days 01:06:28.626000,,0 days 00:00:40.394000,0 days 00:00:18.757000,0 days 00:00:43.479000,0 days 01:07:06.599000,0 days 01:07:25.356000,0 days 01:08:08.835000,227.0,293.0,289.0,193.0,False,MEDIUM,14.0,False,Red Bull Racing,0 days 01:06:26.205000,,671,,False,,False,False
0 days 01:09:34.588000,VER,3,0 days 00:01:25.753000,21.0,5.0,,,0 days 00:00:30.613000,0 days 00:00:18.583000,0 days 00:00:36.557000,0 days 01:08:39.448000,0 days 01:08:58.031000,0 days 01:09:34.588000,251.0,294.0,295.0,281.0,False,MEDIUM,15.0,False,Red Bull Racing,0 days 01:08:08.835000,,1,,False,,False,True
0 days 01:10:59.434000,VER,3,0 days 00:01:24.846000,22.0,5.0,,,0 days 00:00:29.728000,0 days 00:00:18.556000,0 days 00:00:36.562000,0 days 01:10:04.316000,0 days 01:10:22.872000,0 days 01:10:59.434000,245.0,295.0,302.0,287.0,False,MEDIUM,16.0,False,Red Bull Racing,0 days 01:09:34.588000,,1,,False,,False,True
0 days 01:12:24.277000,VER,3,0 days 00:01:24.843000,23.0,5.0,,,0 days 00:00:29.671000,0 days 00:00:18.528000,0 days 00:00:36.644000,0 days 01:11:29.105000,0 days 01:11:47.633000,0 days 01:12:24.277000,243.0,293.0,291.0,299.0,False,MEDIUM,17.0,False,Red Bull Racing,0 days 01:10:59.434000,,1,,False,,False,True
0 days 01:13:49.171000,VER,3,0 days 00:01:24.894000,24.0,5.0,,,0 days 00:00:29.991000,0 days 00:00:18.272000,0 days 00:00:36.631000,0 days 01:12:54.268000,0 days 01:13:12.540000,0 days 01:13:49.171000,243.0,297.0,290.0,283.0,False,MEDIUM,18.0,False,Red Bull Racing,0 days 01:12:24.277000,,1,,False,,False,True
0 days 01:15:13.792000,VER,3,0 days 00:01:24.621000,25.0,5.0,,,0 days 00:00:29.757000,0 days 00:00:18.362000,0 days 00:00:36.502000,0 days 01:14:18.928000,0 days 01:14:37.290000,0 days 01:15:13.792000,243.0,298.0,295.0,284.0,False,MEDIUM,19.0,False,Red Bull Racing,0 days 01:13:49.171000,,1,,False,,False,True
0 days 01:18:12.501000,VER,3,,26.0,5.0,,,0 days 00:00:39.060000,0 days 00:00:25.294000,,0 days 01:15:52.970000,0 days 01:16:18.237000,,201.0,209.0,58.0,200.0,False,MEDIUM,20.0,False,Red Bull Racing,0 days 01:15:13.792000,,1,,False,,False,False
0 days 01:19:45.629000,VER,3,,27.0,5.0,,0 days 01:19:45.629000,0 days 00:00:35.853000,0 days 00:00:19.851000,,0 days 01:18:48.509000,0 days 01:19:08.349000,,234.0,282.0,,205.0,False,MEDIUM,21.0,False,Red Bull Racing,0 days 01:18:12.501000,,1,,False,,False,False
0 days 00:27:10.512000,BOR,5,,1.0,1.0,0 days 00:16:40.413000,0 days 00:19:00.826000,0 days 00:01:02.348000,0 days 00:00:23.116000,,0 days 00:17:40.645000,0 days 00:18:03.730000,,177.0,214.0,,130.0,False,MEDIUM,1.0,True,Audi,0 days 00:16:40.413000,,1267,,False,,False,False
0 days 00:29:16.084000,BOR,5,0 days 00:02:05.572000,2.0,2.0,0 days 00:27:14.365000,,0 days 00:00:56.725000,0 days 00:00:21.014000,0 days 00:00:47.833000,0 days 00:28:07.237000,0 days 00:28:28.251000,0 days 00:29:16.084000,236.0,244.0,271.0,142.0,False,MEDIUM,2.0,False,Audi,0 days 00:27:10.512000,,1,,False,,False,False
0 days 00:30:52.175000,BOR,5,0 days 00:01:36.091000,3.0,2.0,,,0 days 00:00:32.727000,0 days 00:00:20.390000,0 days 00:00:42.974000,0 days 00:29:48.811000,0 days 00:30:09.201000,0 days 00:30:52.175000,248.0,240.0,279.0,248.0,True,MEDIUM,3.0,False,Audi,0 days 00:29:16.084000,,1,,False,,False,True
0 days 00:32:16.507000,BOR,5,0 days 00:01:24.332000,4.0,2.0,,,0 days 00:00:29.499000,0 days 00:00:18.396000,0 days 00:00:36.437000,0 days 00:31:21.674000,0 days 00:31:40.070000,0 days 00:32:16.507000,271.0,279.0,296.0,289.0,True,MEDIUM,4.0,False,Audi,0 days 00:30:52.175000,,1,,False,,False,True
0 days 00:34:04.841000,BOR,5,0 days 00:01:48.334000,5.0,2.0,,,0 days 00:00:40.496000,0 days 00:00:23.467000,0 days 00:00:44.371000,0 days 00:32:57.003000,0 days 00:33:20.470000,0 days 00:34:04.841000,215.0,271.0,278.0,242.0,False,MEDIUM,5.0,False,Audi,0 days 00:32:16.507000,,1,,False,,False,True
0 days 00:35:27.643000,BOR,5,0 days 00:01:22.802000,6.0,2.0,,,0 days 00:00:28.921000,0 days 00:00:18.049000,0 days 00:00:35.832000,0 days 00:34:33.762000,0 days 00:34:51.811000,0 days 00:35:27.643000,272.0,280.0,295.0,290.0,True,MEDIUM,6.0,False,Audi,0 days 00:34:04.841000,,1,,False,,False,True
0 days 00:37:25.345000,BOR,5,0 days 00:01:57.702000,7.0,2.0,,,0 days 00:00:44.017000,0 days 00:00:23.561000,0 days 00:00:50.124000,0 days 00:36:11.660000,0 days 00:36:35.221000,0 days 00:37:25.345000,154.0,234.0,282.0,224.0,False,MEDIUM,7.0,False,Audi,0 days 00:35:27.643000,,1,,False,,False,True
0 days 00:39:13.769000,BOR,5,0 days 00:01:48.424000,8.0,2.0,,0 days 00:38:50.873000,0 days 00:00:29.235000,0 days 00:00:18.331000,0 days 00:01:00.858000,0 days 00:37:54.580000,0 days 00:38:12.911000,0 days 00:39:13.769000,268.0,281.0,,293.0,False,MEDIUM,8.0,False,Audi,0 days 00:37:25.345000,,1,,False,,False,False
0 days 00:41:11.331000,BOR,5,0 days 00:01:57.562000,9.0,3.0,0 days 00:39:16.116000,,0 days 00:00:42.426000,0 days 00:00:25.233000,0 days 00:00:49.903000,0 days 00:39:56.195000,0 days 00:40:21.428000,0 days 00:41:11.331000,164.0,212.0,276.0,143.0,False,MEDIUM,9.0,False,Audi,0 days 00:39:13.769000,,1,,False,,False,False
0 days 00:42:34.157000,BOR,5,0 days 00:01:22.826000,10.0,3.0,,,0 days 00:00:28.966000,0 days 00:00:18.039000,0 days 00:00:35.821000,0 days 00:41:40.297000,0 days 00:41:58.336000,0 days 00:42:34.157000,273.0,281.0,297.0,289.0,False,MEDIUM,10.0,False,Audi,0 days 00:41:11.331000,,1,,False,,False,True
0 days 00:53:51.162000,BOR,5,,11.0,3.0,,0 days 00:44:14.271000,0 days 00:00:36.019000,0 days 00:00:23.597000,,0 days 00:43:10.450000,0 days 00:43:34.065000,,230.0,167.0,,219.0,False,MEDIUM,11.0,False,Audi,0 days 00:42:34.157000,,1,,False,,False,False
0 days 00:55:36.845000,BOR,5,0 days 00:01:45.683000,12.0,4.0,0 days 00:53:53.528000,,0 days 00:00:38.494000,0 days 00:00:20.474000,0 days 00:00:46.715000,0 days 00:54:29.656000,0 days 00:54:50.130000,0 days 00:55:36.845000,232.0,232.0,283.0,199.0,False,SOFT,1.0,True,Audi,0 days 00:53:51.162000,,1,,False,,False,False
0 days 00:56:59.090000,BOR,5,0 days 00:01:22.245000,13.0,4.0,,,0 days 00:00:28.671000,0 days 00:00:18.247000,0 days 00:00:35.327000,0 days 00:56:05.516000,0 days 00:56:23.763000,0 days 00:56:59.090000,271.0,278.0,291.0,294.0,True,SOFT,2.0,True,Audi,0 days 00:55:36.845000,,1,,False,,False,True
0 days 00:59:00.454000,BOR,5,0 days 00:02:01.364000,14.0,4.0,,,0 days 00:00:45.658000,0 days 00:00:34.625000,0 days 00:00:41.081000,0 days 00:57:44.748000,0 days 00:58:19.373000,0 days 00:59:00.454000,124.0,205.0,280.0,236.0,False,SOFT,3.0,True,Audi,0 days 00:56:59.090000,,1,,False,,False,True
0 days 01:00:22.150000,BOR,5,0 days 00:01:21.696000,15.0,4.0,,,0 days 00:00:28.432000,0 days 00:00:17.955000,0 days 00:00:35.309000,0 days 00:59:28.886000,0 days 00:59:46.841000,0 days 01:00:22.150000,273.0,280.0,294.0,290.0,True,SOFT,4.0,True,Audi,0 days 00:59:00.454000,,1,,False,,False,True
0 days 01:06:49.411000,BOR,5,,16.0,4.0,,0 days 01:01:59.048000,0 days 00:00:38.678000,0 days 00:00:20.714000,,0 days 01:01:01.085000,0 days 01:01:21.805000,,229.0,249.0,,270.0,False,SOFT,5.0,True,Audi,0 days 01:00:22.150000,,1267,,False,,False,False
0 days 01:08:51.254000,BOR,5,0 days 00:02:01.843000,17.0,5.0,0 days 01:06:52.436000,0 days 01:08:39.562000,0 days 00:00:54.691000,0 days 00:00:18.892000,0 days 00:00:48.260000,0 days 01:07:44.102000,0 days 01:08:02.994000,0 days 01:08:51.254000,242.0,265.0,,203.0,False,MEDIUM,12.0,False,Audi,0 days 01:06:49.411000,,1,,False,,False,False
0 days 01:10:47.027000,BOR,5,0 days 00:01:55.773000,18.0,6.0,0 days 01:08:54.306000,,0 days 00:01:00.049000,0 days 00:00:18.347000,0 days 00:00:37.377000,0 days 01:09:51.303000,0 days 01:10:09.650000,0 days 01:10:47.027000,246.0,289.0,284.0,210.0,False,MEDIUM,13.0,False,Audi,0 days 01:08:51.254000,,1,,False,,False,False
0 days 01:12:12.269000,BOR,5,0 days 00:01:25.242000,19.0,6.0,,,0 days 00:00:30.121000,0 days 00:00:18.202000,0 days 00:00:36.919000,0 days 01:11:17.148000,0 days 01:11:35.350000,0 days 01:12:12.269000,259.0,284.0,289.0,276.0,False,MEDIUM,14.0,False,Audi,0 days 01:10:47.027000,,1,,False,,False,True
0 days 01:13:37.653000,BOR,5,0 days 00:01:25.384000,20.0,6.0,,,0 days 00:00:30.065000,0 days 00:00:18.221000,0 days 00:00:37.098000,0 days 01:12:42.334000,0 days 01:13:00.555000,0 days 01:13:37.653000,266.0,290.0,287.0,283.0,False,MEDIUM,15.0,False,Audi,0 days 01:12:12.269000,,1,,False,,False,True
0 days 01:15:02.755000,BOR,5,0 days 00:01:25.102000,21.0,6.0,,,0 days 00:00:29.888000,0 days 00:00:18.129000,0 days 00:00:37.085000,0 days 01:14:07.541000,0 days 01:14:25.670000,0 days 01:15:02.755000,268.0,289.0,303.0,280.0,False,MEDIUM,16.0,False,Audi,0 days 01:13:37.653000,,1,,False,,False,True
0 days 01:17:43.566000,BOR,5,,22.0,6.0,,,0 days 00:00:42.983000,0 days 00:00:23.580000,0 days 00:01:34.147000,0 days 01:15:45.892000,0 days 01:16:09.499000,0 days 01:17:43.566000,156.0,231.0,37.0,279.0,False,MEDIUM,17.0,False,Audi,0 days 01:15:02.755000,,1,,False,,False,False
0 days 01:19:35.857000,BOR,5,,23.0,6.0,,0 days 01:19:35.857000,0 days 00:00:39.856000,0 days 00:00:28.611000,,0 days 01:18:23.494000,0 days 01:18:52.223000,,153.0,177.0,,216.0,False,MEDIUM,18.0,False,Audi,0 days 01:17:43.566000,,1,,False,,False,False
0 days 00:17:36.545000,HAD,6,0 days 00:02:09.144000,1.0,1.0,0 days 00:15:33.533000,,0 days 00:01:02.292000,0 days 00:00:22.072000,0 days 00:00:44.780000,0 days 00:16:29.825000,0 days 00:16:52.020000,0 days 00:17:36.656000,225.0,269.0,279.0,144.0,False,MEDIUM,1.0,True,Red Bull Racing,0 days 00:15:33.533000,,12,,False,,False,False
0 days 00:19:52.332000,HAD,6,0 days 00:02:15.787000,2.0,1.0,,,0 days 00:00:33.445000,0 days 00:00:34.367000,0 days 00:01:07.975000,0 days 00:18:09.990000,0 days 00:18:44.357000,0 days 00:19:52.332000,166.0,75.0,199.0,253.0,True,MEDIUM,2.0,True,Red Bull Racing,0 days 00:17:36.545000,,267,,False,,False,False
0 days 00:21:42.761000,HAD,6,0 days 00:01:50.429000,3.0,1.0,,,0 days 00:00:42.230000,0 days 00:00:22.872000,0 days 00:00:45.327000,0 days 00:20:34.562000,0 days 00:20:57.434000,0 days 00:21:42.761000,200.0,247.0,278.0,203.0,True,MEDIUM,3.0,True,Red Bull Racing,0 days 00:19:52.332000,,71,,False,,False,False
0 days 00:23:06.908000,HAD,6,0 days 00:01:24.147000,4.0,1.0,,,0 days 00:00:29.713000,0 days 00:00:18.115000,0 days 00:00:36.319000,0 days 00:22:12.474000,0 days 00:22:30.589000,0 days 00:23:06.908000,241.0,285.0,284.0,290.0,True,MEDIUM,4.0,True,Red Bull Racing,0 days 00:21:42.761000,,1,,False,,False,True
0 days 00:25:27.758000,HAD,6,0 days 00:02:20.850000,5.0,1.0,,,0 days 00:00:50.576000,0 days 00:00:35.534000,0 days 00:00:54.740000,0 days 00:23:57.484000,0 days 00:24:33.018000,0 days 00:25:27.758000,132.0,103.0,275.0,237.0,False,MEDIUM,5.0,True,Red Bull Racing,0 days 00:23:06.908000,,1,,False,,False,True
0 days 00:26:50.658000,HAD,6,0 days 00:01:22.900000,6.0,1.0,,,0 days 00:00:29.366000,0 days 00:00:17.872000,0 days 00:00:35.662000,0 days 00:25:57.124000,0 days 00:26:14.996000,0 days 00:26:50.658000,241.0,285.0,290.0,294.0,True,MEDIUM,6.0,True,Red Bull Racing,0 days 00:25:27.758000,,1,,False,,False,True
0 days 00:29:25.141000,HAD,6,,7.0,1.0,,,0 days 00:00:58.206000,0 days 00:00:38.074000,0 days 00:00:58.210000,0 days 00:27:49.097000,0 days 00:28:27.281000,0 days 00:29:25.290000,131.0,206.0,280.0,208.0,False,MEDIUM,7.0,True,Red Bull Racing,0 days 00:26:50.658000,,1,,False,,False,False
0 days 00:30:47.029000,HAD,6,0 days 00:01:21.888000,8.0,1.0,,,0 days 00:00:28.927000,0 days 00:00:17.756000,0 days 00:00:35.205000,0 days 00:29:54.068000,0 days 00:30:11.824000,0 days 00:30:47.029000,245.0,286.0,287.0,301.0,True,MEDIUM,8.0,True,Red Bull Racing,0 days 00:29:25.141000,,1,,False,,False,True
0 days 00:33:16.264000,HAD,6,0 days 00:02:29.235000,9.0,1.0,,0 days 00:32:54.373000,0 days 00:00:53.361000,0 days 00:00:29.252000,0 days 00:01:06.622000,0 days 00:31:40.390000,0 days 00:32:09.642000,0 days 00:33:16.264000,151.0,220.0,,231.0,False,MEDIUM,9.0,True,Red Bull Racing,0 days 00:30:47.029000,,1,,False,,False,False
0 days 00:35:10.125000,HAD,6,0 days 00:01:53.861000,10.0,2.0,0 days 00:33:18.384000,,0 days 00:00:45.025000,0 days 00:00:21.021000,0 days 00:00:47.815000,0 days 00:34:01.289000,0 days 00:34:22.310000,0 days 00:35:10.125000,232.0,269.0,281.0,145.0,False,MEDIUM,10.0,False,Red Bull Racing,0 days 00:33:16.264000,,1,,False,,False,False
0 days 00:36:31.585000,HAD,6,0 days 00:01:21.460000,11.0,2.0,,,0 days 00:00:28.729000,0 days 00:00:17.724000,0 days 00:00:35.007000,0 days 00:35:38.854000,0 days 00:35:56.578000,0 days 00:36:31.585000,247.0,284.0,290.0,300.0,True,MEDIUM,11.0,False,Red Bull Racing,0 days 00:35:10.125000,,1,,False,,False,True
0 days 00:48:23.400000,HAD,6,,12.0,2.0,,0 days 00:38:29.105000,0 days 00:00:55.020000,0 days 00:00:21.202000,,0 days 00:37:26.858000,0 days 00:37:47.998000,,184.0,256.0,,218.0,False,MEDIUM,12.0,False,Red Bull Racing,0 days 00:36:31.585000,,1,,False,,False,False
0 days 00:50:15.617000,HAD,6,0 days 00:01:52.217000,13.0,3.0,0 days 00:48:25.339000,,0 days 00:00:44.844000,0 days 00:00:23.708000,0 days 00:00:43.665000,0 days 00:49:08.244000,0 days 00:49:31.952000,0 days 00:50:15.617000,206.0,230.0,277.0,161.0,False,SOFT,1.0,True,Red Bull Racing,0 days 00:48:23.400000,,1,,False,,False,False
0 days 00:51:36.704000,HAD,6,0 days 00:01:21.087000,14.0,3.0,,,0 days 00:00:28.621000,0 days 00:00:17.620000,0 days 00:00:34.846000,0 days 00:50:44.238000,0 days 00:51:01.858000,0 days 00:51:36.704000,249.0,286.0,282.0,297.0,True,SOFT,2.0,True,Red Bull Racing,0 days 00:50:15.617000,,1,,False,,False,True
0 days 00:54:12.909000,HAD,6,,15.0,3.0,,0 days 00:53:49.429000,0 days 00:00:54.159000,0 days 00:00:31.519000,0 days 00:01:10.422000,0 days 00:52:31.125000,0 days 00:53:02.681000,0 days 00:54:12.909000,158.0,156.0,,206.0,False,SOFT,3.0,True,Red Bull Racing,0 days 00:51:36.704000,,1,,False,,False,False
0 days 00:56:16.116000,HAD,6,0 days 00:02:03.207000,16.0,4.0,0 days 00:54:15.256000,,0 days 00:00:54.533000,0 days 00:00:25.485000,0 days 00:00:43.189000,0 days 00:55:07.442000,0 days 00:55:32.927000,0 days 00:56:16.116000,203.0,276.0,281.0,92.0,False,SOFT,4.0,False,Red Bull Racing,0 days 00:54:12.909000,,1,,False,,False,False
0 days 01:08:15.892000,HAD,6,,17.0,4.0,,0 days 00:58:27.253000,0 days 00:00:48.119000,0 days 00:00:29.990000,,0 days 00:57:04.280000,0 days 00:57:34.328000,,190.0,159.0,,299.0,False,SOFT,5.0,False,Red Bull Racing,0 days 00:56:16.116000,,1267,,False,,False,False
0 days 01:10:12.143000,HAD,6,0 days 00:01:56.251000,18.0,5.0,0 days 01:08:39.019000,,0 days 00:00:59.596000,0 days 00:00:18.874000,0 days 00:00:37.781000,0 days 01:09:15.488000,0 days 01:09:34.362000,0 days 01:10:12.143000,258.0,289.0,286.0,212.0,False,MEDIUM,13.0,False,Red Bull Racing,0 days 01:08:15.892000,,1,,False,,False,False
0 days 01:11:37.419000,HAD,6,0 days 00:01:25.276000,19.0,5.0,,,0 days 00:00:30.126000,0 days 00:00:18.312000,0 days 00:00:36.838000,0 days 01:10:42.269000,0 days 01:11:00.581000,0 days 01:11:37.419000,240.0,298.0,293.0,281.0,False,MEDIUM,14.0,False,Red Bull Racing,0 days 01:10:12.143000,,1,,False,,False,True
0 days 01:13:03.121000,HAD,6,0 days 00:01:25.702000,20.0,5.0,,,0 days 00:00:29.787000,0 days 00:00:18.320000,0 days 00:00:37.595000,0 days 01:12:07.206000,0 days 01:12:25.526000,0 days 01:13:03.121000,241.0,299.0,299.0,289.0,False,MEDIUM,15.0,False,Red Bull Racing,0 days 01:11:37.419000,,1,,False,,False,True
0 days 01:14:28,HAD,6,0 days 00:01:24.879000,21.0,5.0,,,0 days 00:00:29.920000,0 days 00:00:18.096000,0 days 00:00:36.863000,0 days 01:13:33.041000,0 days 01:13:51.137000,0 days 01:14:28,244.0,304.0,294.0,298.0,False,MEDIUM,16.0,False,Red Bull Racing,0 days 01:13:03.121000,,1,,False,,False,True
0 days 01:15:53.112000,HAD,6,0 days 00:01:25.112000,22.0,5.0,,,0 days 00:00:29.838000,0 days 00:00:18.077000,0 days 00:00:37.197000,0 days 01:14:57.838000,0 days 01:15:15.915000,0 days 01:15:53.112000,245.0,306.0,301.0,293.0,False,MEDIUM,17.0,False,Red Bull Racing,0 days 01:14:28,,1,,False,,False,True
0 days 01:19:00.182000,HAD,6,,23.0,5.0,,,0 days 00:00:51.344000,0 days 00:00:30.036000,,0 days 01:16:44.612000,0 days 01:17:14.637000,,164.0,221.0,105.0,218.0,False,MEDIUM,18.0,False,Red Bull Racing,0 days 01:15:53.112000,,1,,False,,False,False
0 days 01:20:35.968000,HAD,6,,24.0,5.0,,0 days 01:20:35.968000,0 days 00:00:32.141000,0 days 00:00:19.916000,,0 days 01:19:32.315000,0 days 01:19:52.270000,,249.0,201.0,,246.0,False,MEDIUM,19.0,False,Red Bull Racing,0 days 01:19:00.182000,,1,,False,,False,False
0 days 00:19:24.468000,GAS,10,0 days 00:02:05.377000,1.0,1.0,0 days 00:17:21.275000,,0 days 00:00:51.392000,0 days 00:00:21.802000,0 days 00:00:52.183000,0 days 00:18:10.758000,0 days 00:18:32.471000,0 days 00:19:24.637000,175.0,227.0,168.0,100.0,False,MEDIUM,1.0,True,Alpine,0 days 00:17:21.275000,,26,,False,,False,False
0 days 00:21:26.784000,GAS,10,0 days 00:02:02.316000,2.0,1.0,,,0 days 00:00:43.369000,0 days 00:00:20.627000,0 days 00:00:58.320000,0 days 00:20:07.837000,0 days 00:20:28.464000,0 days 00:21:26.784000,243.0,282.0,257.0,141.0,True,MEDIUM,2.0,True,Alpine,0 days 00:19:24.468000,,671,,False,,False,False
0 days 00:22:55.181000,GAS,10,0 days 00:01:28.397000,3.0,1.0,,,0 days 00:00:31.852000,0 days 00:00:18.425000,0 days 00:00:38.120000,0 days 00:21:58.636000,0 days 00:22:17.061000,0 days 00:22:55.181000,250.0,297.0,281.0,249.0,True,MEDIUM,3.0,True,Alpine,0 days 00:21:26.784000,,1,,False,,False,True
0 days 00:24:41.812000,GAS,10,0 days 00:01:46.631000,4.0,1.0,,,0 days 00:00:36.490000,0 days 00:00:23.071000,0 days 00:00:47.070000,0 days 00:23:31.671000,0 days 00:23:54.742000,0 days 00:24:41.812000,224.0,262.0,292.0,213.0,False,MEDIUM,4.0,True,Alpine,0 days 00:22:55.181000,,1,,False,,False,True
0 days 00:26:07.942000,GAS,10,0 days 00:01:26.130000,5.0,1.0,,,0 days 00:00:30.342000,0 days 00:00:18.762000,0 days 00:00:37.026000,0 days 00:25:12.154000,0 days 00:25:30.916000,0 days 00:26:07.942000,259.0,260.0,284.0,287.0,True,MEDIUM,5.0,True,Alpine,0 days 00:24:41.812000,,1,,False,,False,True
0 days 00:28:10.519000,GAS,10,0 days 00:02:02.577000,6.0,1.0,,,0 days 00:00:42.684000,0 days 00:00:29.710000,0 days 00:00:50.183000,0 days 00:26:50.626000,0 days 00:27:20.336000,0 days 00:28:10.519000,189.0,209.0,316.0,216.0,False,MEDIUM,6.0,True,Alpine,0 days 00:26:07.942000,,1,,False,,False,True
0 days 00:29:35.996000,GAS,10,0 days 00:01:25.477000,7.0,1.0,,,0 days 00:00:29.657000,0 days 00:00:19.182000,0 days 00:00:36.638000,0 days 00:28:40.176000,0 days 00:28:59.358000,0 days 00:29:35.996000,258.0,263.0,282.0,298.0,True,MEDIUM,7.0,True,Alpine,0 days 00:28:10.519000,,1,,False,,False,True
0 days 00:31:37.099000,GAS,10,0 days 00:02:01.103000,8.0,1.0,,,0 days 00:00:43.045000,0 days 00:00:25.192000,0 days 00:00:52.866000,0 days 00:30:19.041000,0 days 00:30:44.233000,0 days 00:31:37.099000,151.0,243.0,286.0,212.0,False,MEDIUM,8.0,True,Alpine,0 days 00:29:35.996000,,1,,False,,False,True
0 days 00:33:21.666000,GAS,10,0 days 00:01:44.567000,9.0,1.0,,,0 days 00:00:37.816000,0 days 00:00:21.448000,0 days 00:00:45.303000,0 days 00:32:14.915000,0 days 00:32:36.363000,0 days 00:33:21.666000,247.0,293.0,267.0,296.0,False,MEDIUM,9.0,True,Alpine,0 days 00:31:37.099000,,1,,False,,False,True
0 days 00:34:47.165000,GAS,10,0 days 00:01:25.499000,10.0,1.0,,,0 days 00:00:29.721000,0 days 00:00:18.810000,0 days 00:00:36.968000,0 days 00:33:51.387000,0 days 00:34:10.197000,0 days 00:34:47.165000,266.0,261.0,289.0,276.0,False,MEDIUM,10.0,True,Alpine,0 days 00:33:21.666000,,1,,False,,False,True
0 days 00:37:26.864000,GAS,10,,11.0,1.0,,0 days 00:36:35.263000,0 days 00:00:38.688000,0 days 00:00:22.638000,0 days 00:01:38.395000,0 days 00:35:26.065000,0 days 00:35:48.725000,0 days 00:37:26.864000,235.0,176.0,,218.0,False,MEDIUM,11.0,True,Alpine,0 days 00:34:47.165000,,1,,False,,False,False
0 days 00:39:25.152000,GAS,10,0 days 00:01:58.288000,12.0,2.0,0 days 00:37:28.943000,,0 days 00:00:41.016000,0 days 00:00:19.058000,0 days 00:00:58.214000,0 days 00:38:07.880000,0 days 00:38:26.938000,0 days 00:39:25.152000,234.0,290.0,270.0,128.0,False,MEDIUM,12.0,False,Alpine,0 days 00:37:26.864000,,1,,False,,False,False
0 days 00:50:24.307000,GAS,10,,13.0,2.0,,0 days 00:40:57.506000,0 days 00:00:32.341000,0 days 00:00:20.674000,,0 days 00:39:57.650000,0 days 00:40:18.381000,,238.0,273.0,,270.0,False,MEDIUM,13.0,False,Alpine,0 days 00:39:25.152000,,1,,False,,False,False
0 days 00:52:09.209000,GAS,10,0 days 00:01:44.902000,14.0,3.0,0 days 00:50:26.371000,,0 days 00:00:38.635000,0 days 00:00:19.338000,0 days 00:00:46.929000,0 days 00:51:02.942000,0 days 00:51:22.280000,0 days 00:52:09.209000,224.0,286.0,279.0,201.0,False,SOFT,1.0,True,Alpine,0 days 00:50:24.307000,,1,,False,,False,False
0 days 00:54:04.848000,GAS,10,0 days 00:01:55.639000,15.0,3.0,,,0 days 00:00:40.546000,0 days 00:00:26.105000,0 days 00:00:48.988000,0 days 00:52:49.755000,0 days 00:53:15.860000,0 days 00:54:04.848000,126.0,240.0,281.0,293.0,False,SOFT,2.0,True,Alpine,0 days 00:52:09.209000,,1,,False,,False,True
0 days 00:55:30.234000,GAS,10,0 days 00:01:25.386000,16.0,3.0,,,0 days 00:00:29.790000,0 days 00:00:18.890000,0 days 00:00:36.706000,0 days 00:54:34.638000,0 days 00:54:53.528000,0 days 00:55:30.234000,260.0,260.0,286.0,299.0,True,SOFT,3.0,True,Alpine,0 days 00:54:04.848000,,1,,False,,False,True
0 days 00:57:33.435000,GAS,10,0 days 00:02:03.201000,17.0,3.0,,,0 days 00:00:46.002000,0 days 00:00:25.377000,0 days 00:00:51.822000,0 days 00:56:16.236000,0 days 00:56:41.613000,0 days 00:57:33.435000,207.0,270.0,277.0,261.0,False,SOFT,4.0,True,Alpine,0 days 00:55:30.234000,,1,,False,,False,True
0 days 00:59:18.934000,GAS,10,0 days 00:01:45.499000,18.0,3.0,,,0 days 00:00:39.650000,0 days 00:00:23.203000,0 days 00:00:42.646000,0 days 00:58:13.085000,0 days 00:58:36.288000,0 days 00:59:18.934000,190.0,248.0,315.0,290.0,False,SOFT,5.0,True,Alpine,0 days 00:57:33.435000,,1,,False,,False,True
0 days 01:00:43.728000,GAS,10,0 days 00:01:24.794000,19.0,3.0,,,0 days 00:00:29.331000,0 days 00:00:18.946000,0 days 00:00:36.517000,0 days 00:59:48.265000,0 days 01:00:07.211000,0 days 01:00:43.728000,270.0,262.0,280.0,313.0,True,SOFT,6.0,True,Alpine,0 days 00:59:18.934000,,1,,False,,False,True
0 days 01:02:43.950000,GAS,10,0 days 00:02:00.222000,20.0,3.0,,,0 days 00:00:46.557000,0 days 00:00:25.794000,0 days 00:00:47.871000,0 days 01:01:30.285000,0 days 01:01:56.079000,0 days 01:02:43.950000,186.0,222.0,289.0,217.0,False,SOFT,7.0,True,Alpine,0 days 01:00:43.728000,,1,,False,,False,True
0 days 01:04:26.315000,GAS,10,0 days 00:01:42.365000,21.0,3.0,,,0 days 00:00:29.308000,0 days 00:00:18.109000,0 days 00:00:54.948000,0 days 01:03:13.258000,0 days 01:03:31.367000,0 days 01:04:26.315000,265.0,269.0,193.0,304.0,False,SOFT,8.0,True,Alpine,0 days 01:02:43.950000,,126,,False,,False,False
0 days 01:06:31.078000,GAS,10,0 days 00:02:04.763000,22.0,3.0,,,0 days 00:00:41.318000,0 days 00:00:26.365000,0 days 00:00:57.080000,0 days 01:05:07.633000,0 days 01:05:33.998000,0 days 01:06:31.078000,174.0,265.0,198.0,191.0,False,SOFT,9.0,True,Alpine,0 days 01:04:26.315000,,67,,False,,False,False
0 days 01:08:25.397000,GAS,10,0 days 00:01:54.319000,23.0,3.0,,,0 days 00:00:40.498000,0 days 00:00:26.335000,0 days 00:00:47.486000,0 days 01:07:11.576000,0 days 01:07:37.911000,0 days 01:08:25.397000,199.0,192.0,273.0,202.0,False,SOFT,10.0,True,Alpine,0 days 01:06:31.078000,,71,,False,,False,False
0 days 01:09:49.668000,GAS,10,0 days 00:01:24.271000,24.0,3.0,,,0 days 00:00:29.577000,0 days 00:00:18.452000,0 days 00:00:36.242000,0 days 01:08:54.974000,0 days 01:09:13.426000,0 days 01:09:49.668000,268.0,258.0,295.0,290.0,True,SOFT,11.0,True,Alpine,0 days 01:08:25.397000,,1,,False,,False,True
0 days 01:11:48.566000,GAS,10,0 days 00:01:58.898000,25.0,3.0,,,0 days 00:00:44.031000,0 days 00:00:27.122000,0 days 00:00:47.745000,0 days 01:10:33.699000,0 days 01:11:00.821000,0 days 01:11:48.566000,128.0,218.0,286.0,241.0,False,SOFT,12.0,True,Alpine,0 days 01:09:49.668000,,1,,False,,False,True
0 days 01:13:12.601000,GAS,10,0 days 00:01:24.035000,26.0,3.0,,,0 days 00:00:28.982000,0 days 00:00:18.597000,0 days 00:00:36.456000,0 days 01:12:17.548000,0 days 01:12:36.145000,0 days 01:13:12.601000,284.0,262.0,295.0,311.0,True,SOFT,13.0,True,Alpine,0 days 01:11:48.566000,,1,,False,,False,True
0 days 01:15:18.441000,GAS,10,,27.0,3.0,,0 days 01:15:18.441000,0 days 00:00:42.343000,0 days 00:00:30.441000,,0 days 01:13:55.161000,0 days 01:14:25.708000,,150.0,176.0,,225.0,False,SOFT,14.0,True,Alpine,0 days 01:13:12.601000,,1,,False,,False,False
0 days 00:21:50.601000,PER,11,0 days 00:02:08.844000,1.0,1.0,0 days 00:19:43.822000,,0 days 00:00:47.838000,0 days 00:00:24.897000,0 days 00:00:56.109000,0 days 00:20:29.777000,0 days 00:20:54.730000,0 days 00:21:50.634000,206.0,122.0,274.0,144.0,False,MEDIUM,1.0,True,Cadillac,0 days 00:19:43.822000,,71,,False,,False,False
0 days 00:23:21.038000,PER,11,0 days 00:01:30.437000,2.0,1.0,,,0 days 00:00:32.908000,0 days 00:00:18.694000,0 days 00:00:38.835000,0 days 00:22:23.509000,0 days 00:22:42.203000,0 days 00:23:21.038000,265.0,299.0,296.0,236.0,True,MEDIUM,2.0,True,Cadillac,0 days 00:21:50.601000,,1,,False,,False,True
0 days 00:25:20.166000,PER,11,0 days 00:01:59.128000,3.0,1.0,,,0 days 00:00:44.395000,0 days 00:00:25.572000,0 days 00:00:49.161000,0 days 00:24:05.433000,0 days 00:24:31.005000,0 days 00:25:20.166000,152.0,247.0,284.0,224.0,False,MEDIUM,3.0,True,Cadillac,0 days 00:23:21.038000,,1,,False,,False,True
0 days 00:26:47.573000,PER,11,0 days 00:01:27.407000,4.0,1.0,,,0 days 00:00:31.222000,0 days 00:00:18.409000,0 days 00:00:37.776000,0 days 00:25:51.388000,0 days 00:26:09.797000,0 days 00:26:47.573000,272.0,287.0,297.0,255.0,True,MEDIUM,4.0,True,Cadillac,0 days 00:25:20.166000,,1,,False,,False,True
0 days 00:47:22.305000,PER,11,,5.0,1.0,,0 days 00:28:42.430000,0 days 00:00:49.088000,0 days 00:00:22.916000,,0 days 00:27:36.907000,0 days 00:27:59.742000,,116.0,259.0,,204.0,False,MEDIUM,5.0,True,Cadillac,0 days 00:26:47.573000,,1,,False,,False,False
0 days 00:49:09.888000,PER,11,0 days 00:01:47.583000,6.0,2.0,0 days 00:47:24.384000,,0 days 00:00:40.008000,0 days 00:00:20.692000,0 days 00:00:46.883000,0 days 00:48:02.313000,0 days 00:48:23.005000,0 days 00:49:09.888000,240.0,273.0,284.0,162.0,False,MEDIUM,6.0,False,Cadillac,0 days 00:47:22.305000,,1,,False,,False,False
0 days 00:50:36.020000,PER,11,0 days 00:01:26.132000,7.0,2.0,,,0 days 00:00:30.245000,0 days 00:00:18.912000,0 days 00:00:36.975000,0 days 00:49:40.133000,0 days 00:49:59.045000,0 days 00:50:36.020000,263.0,284.0,302.0,264.0,True,MEDIUM,7.0,False,Cadillac,0 days 00:49:09.888000,,1,,False,,False,True
0 days 00:58:35.978000,PER,11,,8.0,2.0,,0 days 00:52:20.687000,0 days 00:00:42.089000,0 days 00:00:21.890000,,0 days 00:51:18.388000,0 days 00:51:40.286000,,181.0,279.0,,195.0,False,MEDIUM,8.0,False,Cadillac,0 days 00:50:36.020000,,1,,False,,False,False
0 days 01:00:20.168000,PER,11,0 days 00:01:44.190000,9.0,3.0,0 days 00:58:38.058000,,0 days 00:00:40.570000,0 days 00:00:20.735000,0 days 00:00:42.885000,0 days 00:59:16.548000,0 days 00:59:37.283000,0 days 01:00:20.168000,234.0,275.0,285.0,185.0,False,SOFT,1.0,True,Cadillac,0 days 00:58:35.978000,,1,,False,,False,False
0 days 01:01:44.788000,PER,11,0 days 00:01:24.620000,10.0,3.0,,,0 days 00:00:29.655000,0 days 00:00:18.329000,0 days 00:00:36.636000,0 days 01:00:49.823000,0 days 01:01:08.152000,0 days 01:01:44.788000,261.0,289.0,303.0,283.0,True,SOFT,2.0,True,Cadillac,0 days 01:00:20.168000,,1,,False,,False,True
0 days 01:03:39.373000,PER,11,0 days 00:01:54.585000,11.0,3.0,,,0 days 00:00:39.846000,0 days 00:00:26.066000,0 days 00:00:48.673000,0 days 01:02:24.634000,0 days 01:02:50.700000,0 days 01:03:39.373000,168.0,222.0,280.0,216.0,False,SOFT,3.0,True,Cadillac,0 days 01:01:44.788000,,12,,False,,False,True
0 days 01:05:56.357000,PER,11,0 days 00:02:16.984000,12.0,3.0,,0 days 01:05:44.938000,0 days 00:00:42.271000,0 days 00:00:27.743000,0 days 00:01:06.970000,0 days 01:04:21.644000,0 days 01:04:49.387000,0 days 01:05:56.357000,216.0,183.0,,298.0,False,SOFT,4.0,True,Cadillac,0 days 01:03:39.373000,,26,,False,,False,False
0 days 01:08:03.509000,PER,11,0 days 00:02:07.152000,13.0,4.0,0 days 01:05:59.859000,,0 days 00:00:59.624000,0 days 00:00:22.640000,0 days 00:00:44.888000,0 days 01:06:55.981000,0 days 01:07:18.621000,0 days 01:08:03.509000,179.0,299.0,282.0,195.0,False,SOFT,5.0,False,Cadillac,0 days 01:05:56.357000,,671,,False,,False,False
0 days 01:09:58.438000,PER,11,,14.0,4.0,,0 days 01:09:58.438000,0 days 00:00:44.381000,0 days 00:00:27.582000,,0 days 01:08:48.178000,0 days 01:09:15.550000,,144.0,224.0,,297.0,False,SOFT,6.0,False,Cadillac,0 days 01:08:03.509000,,1,,False,,False,False
0 days 00:19:13.096000,ANT,12,,1.0,1.0,0 days 00:15:23.677000,0 days 00:18:52.656000,,0 days 00:00:22.790000,0 days 00:01:11.116000,,0 days 00:18:02.179000,0 days 00:19:13.241000,226.0,216.0,,35.0,False,MEDIUM,1.0,True,Mercedes,0 days 00:15:23.677000,,126,,False,,False,False
0 days 00:21:16.612000,ANT,12,0 days 00:02:03.516000,2.0,2.0,0 days 00:19:20.877000,,0 days 00:00:50.749000,0 days 00:00:21.172000,0 days 00:00:51.595000,0 days 00:20:03.845000,0 days 00:20:25.017000,0 days 00:21:16.612000,250.0,229.0,277.0,189.0,False,MEDIUM,2.0,False,Mercedes,0 days 00:19:13.096000,,671,,False,,False,False
0 days 00:22:40.975000,ANT,12,0 days 00:01:24.363000,3.0,2.0,,,0 days 00:00:29.885000,0 days 00:00:18.270000,0 days 00:00:36.208000,0 days 00:21:46.497000,0 days 00:22:04.767000,0 days 00:22:40.975000,261.0,270.0,285.0,278.0,True,MEDIUM,3.0,False,Mercedes,0 days 00:21:16.612000,,1,,False,,False,True
0 days 00:24:32.025000,ANT,12,0 days 00:01:51.050000,4.0,2.0,,,0 days 00:00:41.080000,0 days 00:00:26.408000,0 days 00:00:43.562000,0 days 00:23:22.055000,0 days 00:23:48.463000,0 days 00:24:32.025000,178.0,220.0,281.0,242.0,False,MEDIUM,4.0,False,Mercedes,0 days 00:22:40.975000,,1,,False,,False,True
0 days 00:25:54.837000,ANT,12,0 days 00:01:22.812000,5.0,2.0,,,0 days 00:00:29.042000,0 days 00:00:18.425000,0 days 00:00:35.345000,0 days 00:25:01.067000,0 days 00:25:19.492000,0 days 00:25:54.837000,271.0,261.0,300.0,293.0,True,MEDIUM,5.0,False,Mercedes,0 days 00:24:32.025000,,1,,False,,False,True
0 days 00:27:57.907000,ANT,12,0 days 00:02:03.070000,6.0,2.0,,,0 days 00:00:45.264000,0 days 00:00:31.021000,0 days 00:00:46.785000,0 days 00:26:40.101000,0 days 00:27:11.122000,0 days 00:27:57.907000,156.0,181.0,269.0,258.0,False,MEDIUM,6.0,False,Mercedes,0 days 00:25:54.837000,,1,,False,,False,True
0 days 00:29:20.402000,ANT,12,0 days 00:01:22.495000,7.0,2.0,,,0 days 00:00:28.996000,0 days 00:00:18.059000,0 days 00:00:35.440000,0 days 00:28:26.903000,0 days 00:28:44.962000,0 days 00:29:20.402000,274.0,268.0,280.0,281.0,True,MEDIUM,7.0,False,Mercedes,0 days 00:27:57.907000,,1,,False,,False,True
0 days 00:31:38.879000,ANT,12,0 days 00:02:18.477000,8.0,2.0,,,0 days 00:01:08.418000,0 days 00:00:23.429000,0 days 00:00:46.630000,0 days 00:30:28.820000,0 days 00:30:52.249000,0 days 00:31:38.879000,174.0,244.0,284.0,267.0,False,MEDIUM,8.0,False,Mercedes,0 days 00:29:20.402000,,1,,True,TRACK LIMITS AT TURN 4 LAP 9 ,False,True
0 days 00:33:31.580000,ANT,12,0 days 00:01:52.701000,9.0,2.0,,0 days 00:33:20.588000,0 days 00:00:37.455000,0 days 00:00:23.537000,0 days 00:00:51.709000,0 days 00:32:16.334000,0 days 00:32:39.871000,0 days 00:33:31.580000,136.0,248.0,,238.0,False,MEDIUM,9.0,False,Mercedes,0 days 00:31:38.879000,,1,,False,,False,False
0 days 00:49:17.962000,ANT,12,,10.0,3.0,0 days 00:33:34.451000,0 days 00:36:12.270000,0 days 00:01:33.603000,0 days 00:00:20.153000,,0 days 00:35:05.485000,0 days 00:35:25.610000,,246.0,293.0,,76.0,False,MEDIUM,10.0,False,Mercedes,0 days 00:33:31.580000,,1,,False,,False,False
0 days 00:51:11.597000,ANT,12,0 days 00:01:53.635000,11.0,4.0,0 days 00:49:20.055000,,0 days 00:00:49.236000,0 days 00:00:21.289000,0 days 00:00:43.110000,0 days 00:50:07.198000,0 days 00:50:28.487000,0 days 00:51:11.597000,228.0,259.0,264.0,161.0,False,SOFT,1.0,True,Mercedes,0 days 00:49:17.962000,,1,,False,,False,False
0 days 00:52:58.369000,ANT,12,0 days 00:01:46.772000,12.0,4.0,,,0 days 00:00:40.598000,0 days 00:00:23.113000,0 days 00:00:43.061000,0 days 00:51:52.195000,0 days 00:52:15.308000,0 days 00:52:58.369000,216.0,255.0,277.0,272.0,False,SOFT,2.0,True,Mercedes,0 days 00:51:11.597000,,1,,False,,False,True
0 days 00:54:19.745000,ANT,12,0 days 00:01:21.376000,13.0,4.0,,,0 days 00:00:28.490000,0 days 00:00:17.976000,0 days 00:00:34.910000,0 days 00:53:26.859000,0 days 00:53:44.835000,0 days 00:54:19.745000,269.0,268.0,278.0,296.0,True,SOFT,3.0,True,Mercedes,0 days 00:52:58.369000,,1,,False,,False,True
0 days 01:01:43.330000,ANT,12,,14.0,4.0,,0 days 00:55:59.962000,0 days 00:00:36.801000,0 days 00:00:23.662000,,0 days 00:54:56.873000,0 days 00:55:20.541000,,206.0,243.0,,253.0,False,SOFT,4.0,True,Mercedes,0 days 00:54:19.745000,,1,,False,,False,False
0 days 01:04:01.836000,ANT,12,0 days 00:02:18.506000,15.0,5.0,0 days 01:01:46.801000,,0 days 00:01:13.743000,0 days 00:00:18.673000,0 days 00:00:46.090000,0 days 01:02:57.073000,0 days 01:03:15.746000,0 days 01:04:01.836000,244.0,266.0,213.0,192.0,False,MEDIUM,11.0,False,Mercedes,0 days 01:01:43.330000,,126,,False,,False,False
0 days 01:06:08.081000,ANT,12,0 days 00:02:06.245000,16.0,5.0,,,0 days 00:00:42.493000,0 days 00:00:26.892000,0 days 00:00:56.860000,0 days 01:04:44.329000,0 days 01:05:11.221000,0 days 01:06:08.081000,231.0,188.0,265.0,167.0,False,MEDIUM,12.0,False,Mercedes,0 days 01:04:01.836000,,6,,False,,False,False
0 days 01:07:39.449000,ANT,12,0 days 00:01:31.368000,17.0,5.0,,,0 days 00:00:34.929000,0 days 00:00:19.110000,0 days 00:00:37.329000,0 days 01:06:43.010000,0 days 01:07:02.120000,0 days 01:07:39.449000,229.0,294.0,285.0,252.0,False,MEDIUM,13.0,False,Mercedes,0 days 01:06:08.081000,,671,,False,,False,False
0 days 01:09:04.440000,ANT,12,0 days 00:01:24.991000,18.0,5.0,,,0 days 00:00:29.707000,0 days 00:00:18.703000,0 days 00:00:36.581000,0 days 01:08:09.156000,0 days 01:08:27.859000,0 days 01:09:04.440000,262.0,257.0,278.0,270.0,False,MEDIUM,14.0,False,Mercedes,0 days 01:07:39.449000,,1,,False,,False,True
0 days 01:10:28.741000,ANT,12,0 days 00:01:24.301000,19.0,5.0,,,0 days 00:00:29.615000,0 days 00:00:18.413000,0 days 00:00:36.273000,0 days 01:09:34.055000,0 days 01:09:52.468000,0 days 01:10:28.741000,266.0,282.0,285.0,266.0,False,MEDIUM,15.0,False,Mercedes,0 days 01:09:04.440000,,1,,False,,False,True
0 days 01:11:52.922000,ANT,12,0 days 00:01:24.181000,20.0,5.0,,,0 days 00:00:29.284000,0 days 00:00:18.647000,0 days 00:00:36.250000,0 days 01:10:58.025000,0 days 01:11:16.672000,0 days 01:11:52.922000,270.0,279.0,277.0,275.0,False,MEDIUM,16.0,False,Mercedes,0 days 01:10:28.741000,,1,,False,,False,True
0 days 01:13:40.802000,ANT,12,0 days 00:01:47.880000,21.0,5.0,,0 days 01:13:19.754000,0 days 00:00:29.245000,0 days 00:00:18.352000,0 days 00:01:00.283000,0 days 01:12:22.167000,0 days 01:12:40.519000,0 days 01:13:40.802000,277.0,282.0,,276.0,False,MEDIUM,17.0,False,Mercedes,0 days 01:11:52.922000,,1,,False,,False,False
0 days 01:16:05.908000,ANT,12,0 days 00:02:25.106000,22.0,6.0,0 days 01:13:45.687000,,0 days 00:01:27.934000,0 days 00:00:20.701000,0 days 00:00:36.471000,0 days 01:15:08.736000,0 days 01:15:29.437000,0 days 01:16:05.908000,235.0,292.0,275.0,128.0,False,SOFT,5.0,False,Mercedes,0 days 01:13:40.802000,,1,,False,,False,False
0 days 01:19:07.021000,ANT,12,,23.0,6.0,,,0 days 00:00:39.888000,0 days 00:00:23.170000,,0 days 01:16:45.992000,0 days 01:17:09.174000,,220.0,233.0,115.0,233.0,False,SOFT,6.0,False,Mercedes,0 days 01:16:05.908000,,1,,False,,False,False
0 days 01:20:43.899000,ANT,12,,24.0,6.0,,0 days 01:20:43.899000,0 days 00:00:36.562000,0 days 00:00:21.204000,,0 days 01:19:43.675000,0 days 01:20:04.859000,,229.0,261.0,,213.0,False,SOFT,7.0,False,Mercedes,0 days 01:19:07.021000,,1,,False,,False,False
0 days 00:17:49.383000,LEC,16,0 days 00:02:11.323000,1.0,1.0,0 days 00:15:45.036000,,0 days 00:01:05.432000,0 days 00:00:21.905000,0 days 00:00:43.986000,0 days 00:16:43.792000,0 days 00:17:05.703000,0 days 00:17:49.624000,231.0,251.0,300.0,110.0,False,MEDIUM,1.0,True,Ferrari,0 days 00:15:45.036000,,12,,False,,False,False
0 days 00:20:02.153000,LEC,16,0 days 00:02:12.770000,2.0,1.0,,,0 days 00:00:31.973000,0 days 00:00:30.634000,0 days 00:01:10.163000,0 days 00:18:21.356000,0 days 00:18:51.990000,0 days 00:20:02.153000,266.0,151.0,292.0,209.0,True,MEDIUM,2.0,True,Ferrari,0 days 00:17:49.383000,,2671,,False,,False,False
0 days 00:21:33.515000,LEC,16,0 days 00:01:31.362000,3.0,1.0,,,0 days 00:00:31.390000,0 days 00:00:19.571000,0 days 00:00:40.401000,0 days 00:20:33.543000,0 days 00:20:53.114000,0 days 00:21:33.515000,245.0,287.0,264.0,266.0,True,MEDIUM,3.0,True,Ferrari,0 days 00:20:02.153000,,1,,False,,False,True
0 days 00:22:57.691000,LEC,16,0 days 00:01:24.176000,4.0,1.0,,,0 days 00:00:29.548000,0 days 00:00:18.134000,0 days 00:00:36.494000,0 days 00:22:03.063000,0 days 00:22:21.197000,0 days 00:22:57.691000,275.0,288.0,316.0,261.0,True,MEDIUM,4.0,True,Ferrari,0 days 00:21:33.515000,,1,,False,,False,True
0 days 00:24:47.428000,LEC,16,0 days 00:01:49.737000,5.0,1.0,,,0 days 00:00:36.682000,0 days 00:00:21.376000,0 days 00:00:51.679000,0 days 00:23:34.373000,0 days 00:23:55.749000,0 days 00:24:47.428000,206.0,269.0,282.0,230.0,False,MEDIUM,5.0,True,Ferrari,0 days 00:22:57.691000,,1,,False,,False,True
0 days 00:26:09.750000,LEC,16,0 days 00:01:22.322000,6.0,1.0,,,0 days 00:00:28.993000,0 days 00:00:17.919000,0 days 00:00:35.410000,0 days 00:25:16.421000,0 days 00:25:34.340000,0 days 00:26:09.750000,242.0,295.0,302.0,285.0,True,MEDIUM,6.0,True,Ferrari,0 days 00:24:47.428000,,1,,False,,False,True
0 days 00:28:05.328000,LEC,16,0 days 00:01:55.578000,7.0,1.0,,,0 days 00:00:38.889000,0 days 00:00:27.682000,0 days 00:00:49.007000,0 days 00:26:48.639000,0 days 00:27:16.321000,0 days 00:28:05.328000,158.0,203.0,279.0,235.0,False,MEDIUM,7.0,True,Ferrari,0 days 00:26:09.750000,,1,,False,,False,True
0 days 00:29:27.408000,LEC,16,0 days 00:01:22.080000,8.0,1.0,,,0 days 00:00:28.793000,0 days 00:00:17.819000,0 days 00:00:35.468000,0 days 00:28:34.121000,0 days 00:28:51.940000,0 days 00:29:27.408000,242.0,295.0,300.0,285.0,True,MEDIUM,8.0,True,Ferrari,0 days 00:28:05.328000,,1,,False,,False,True
0 days 00:31:09.322000,LEC,16,0 days 00:01:41.914000,9.0,1.0,,,0 days 00:00:39.078000,0 days 00:00:20.755000,0 days 00:00:42.081000,0 days 00:30:06.486000,0 days 00:30:27.241000,0 days 00:31:09.322000,212.0,275.0,280.0,222.0,False,MEDIUM,9.0,True,Ferrari,0 days 00:29:27.408000,,1,,False,,False,True
0 days 00:32:30.957000,LEC,16,0 days 00:01:21.635000,10.0,1.0,,,0 days 00:00:28.346000,0 days 00:00:17.985000,0 days 00:00:35.304000,0 days 00:31:37.668000,0 days 00:31:55.653000,0 days 00:32:30.957000,281.0,280.0,303.0,286.0,True,MEDIUM,10.0,True,Ferrari,0 days 00:31:09.322000,,1,,False,,False,True
0 days 00:34:23.256000,LEC,16,0 days 00:01:52.299000,11.0,1.0,,,0 days 00:00:37.376000,0 days 00:00:21.492000,0 days 00:00:53.431000,0 days 00:33:08.333000,0 days 00:33:29.825000,0 days 00:34:23.256000,192.0,236.0,276.0,235.0,False,MEDIUM,11.0,True,Ferrari,0 days 00:32:30.957000,,1,,False,,False,True
0 days 00:36:02.552000,LEC,16,0 days 00:01:39.296000,12.0,1.0,,,0 days 00:00:30.038000,0 days 00:00:19.985000,0 days 00:00:49.273000,0 days 00:34:53.294000,0 days 00:35:13.279000,0 days 00:36:02.552000,246.0,280.0,278.0,287.0,False,MEDIUM,12.0,True,Ferrari,0 days 00:34:23.256000,,1,,False,,False,True
0 days 00:37:45.341000,LEC,16,0 days 00:01:42.789000,13.0,1.0,,,0 days 00:00:29.925000,0 days 00:00:20.963000,0 days 00:00:51.901000,0 days 00:36:32.477000,0 days 00:36:53.440000,0 days 00:37:45.341000,230.0,235.0,279.0,287.0,False,MEDIUM,13.0,True,Ferrari,0 days 00:36:02.552000,,1,,False,,False,True
0 days 00:39:06.568000,LEC,16,0 days 00:01:21.227000,14.0,1.0,,,0 days 00:00:28.512000,0 days 00:00:17.632000,0 days 00:00:35.083000,0 days 00:38:13.853000,0 days 00:38:31.485000,0 days 00:39:06.568000,247.0,296.0,309.0,287.0,True,MEDIUM,14.0,True,Ferrari,0 days 00:37:45.341000,,1,,False,,False,True
0 days 00:40:51.128000,LEC,16,0 days 00:01:44.560000,15.0,1.0,,,0 days 00:00:34.854000,0 days 00:00:24.110000,0 days 00:00:45.596000,0 days 00:39:41.422000,0 days 00:40:05.532000,0 days 00:40:51.128000,169.0,167.0,307.0,231.0,False,MEDIUM,15.0,True,Ferrari,0 days 00:39:06.568000,,1,,False,,False,True
0 days 00:50:12.454000,LEC,16,,16.0,1.0,,0 days 00:42:16.583000,0 days 00:00:28.453000,0 days 00:00:18.199000,,0 days 00:41:19.752000,0 days 00:41:38.036000,,244.0,281.0,,313.0,False,MEDIUM,16.0,True,Ferrari,0 days 00:40:51.128000,,1,,False,,False,False
0 days 00:52:00.341000,LEC,16,0 days 00:01:47.887000,17.0,2.0,0 days 00:50:17.161000,,0 days 00:00:46.848000,0 days 00:00:20.147000,0 days 00:00:40.892000,0 days 00:50:59.302000,0 days 00:51:19.449000,0 days 00:52:00.341000,242.0,275.0,273.0,127.0,False,SOFT,1.0,True,Ferrari,0 days 00:50:12.454000,,1,,False,,False,False
0 days 00:53:21.170000,LEC,16,0 days 00:01:20.829000,18.0,2.0,,,0 days 00:00:28.375000,0 days 00:00:17.627000,0 days 00:00:34.827000,0 days 00:52:28.716000,0 days 00:52:46.343000,0 days 00:53:21.170000,248.0,295.0,298.0,286.0,True,SOFT,2.0,True,Ferrari,0 days 00:52:00.341000,,1,,False,,False,True
0 days 00:55:26.375000,LEC,16,0 days 00:02:05.205000,19.0,2.0,,0 days 00:55:04.505000,0 days 00:00:37.522000,0 days 00:00:22.031000,0 days 00:01:05.652000,0 days 00:53:58.692000,0 days 00:54:20.723000,0 days 00:55:26.375000,197.0,234.0,,250.0,False,SOFT,3.0,True,Ferrari,0 days 00:53:21.170000,,1,,False,,False,False
0 days 00:57:48.626000,LEC,16,0 days 00:02:22.251000,20.0,3.0,0 days 00:55:29.942000,,0 days 00:01:03.689000,0 days 00:00:19.824000,0 days 00:00:58.738000,0 days 00:56:30.064000,0 days 00:56:49.888000,0 days 00:57:48.626000,239.0,281.0,282.0,108.0,False,SOFT,4.0,False,Ferrari,0 days 00:55:26.375000,,1,,False,,False,False
0 days 00:59:26.663000,LEC,16,0 days 00:01:38.037000,21.0,3.0,,,0 days 00:00:32.250000,0 days 00:00:20.154000,0 days 00:00:45.633000,0 days 00:58:20.876000,0 days 00:58:41.030000,0 days 00:59:26.663000,240.0,276.0,276.0,227.0,False,SOFT,5.0,False,Ferrari,0 days 00:57:48.626000,,1,,False,,False,True
0 days 01:00:47.623000,LEC,16,0 days 00:01:20.960000,22.0,3.0,,,0 days 00:00:28.278000,0 days 00:00:17.749000,0 days 00:00:34.933000,0 days 00:59:54.941000,0 days 01:00:12.690000,0 days 01:00:47.623000,251.0,289.0,303.0,285.0,False,SOFT,6.0,False,Ferrari,0 days 00:59:26.663000,,1,,False,,False,True
0 days 01:02:35.655000,LEC,16,0 days 00:01:48.032000,23.0,3.0,,,0 days 00:00:37.474000,0 days 00:00:27.147000,0 days 00:00:43.411000,0 days 01:01:25.097000,0 days 01:01:52.244000,0 days 01:02:35.655000,197.0,182.0,274.0,241.0,False,SOFT,7.0,False,Ferrari,0 days 01:00:47.623000,,1,,False,,False,True
0 days 01:04:25.650000,LEC,16,0 days 00:01:49.995000,24.0,3.0,,0 days 01:04:14.641000,0 days 00:00:28.989000,0 days 00:00:22.244000,0 days 00:00:58.762000,0 days 01:03:04.644000,0 days 01:03:26.888000,0 days 01:04:25.650000,201.0,226.0,,289.0,False,SOFT,8.0,False,Ferrari,0 days 01:02:35.655000,,126,,False,,False,False
0 days 01:06:58.511000,LEC,16,,25.0,4.0,0 days 01:04:29.161000,,0 days 00:01:13.226000,0 days 00:00:23.774000,0 days 00:00:55.880000,0 days 01:05:38.957000,0 days 01:06:02.713000,0 days 01:06:58.559000,226.0,246.0,275.0,151.0,False,SOFT,9.0,False,Ferrari,0 days 01:04:25.650000,,671,,False,,False,False
0 days 01:08:32.097000,LEC,16,0 days 00:01:33.586000,26.0,4.0,,,0 days 00:00:28.937000,0 days 00:00:19.961000,0 days 00:00:44.688000,0 days 01:07:27.448000,0 days 01:07:47.409000,0 days 01:08:32.097000,245.0,277.0,281.0,290.0,False,SOFT,10.0,False,Ferrari,0 days 01:06:58.511000,,1,,False,,False,True
0 days 01:09:54.549000,LEC,16,0 days 00:01:22.452000,27.0,4.0,,,0 days 00:00:28.403000,0 days 00:00:17.518000,0 days 00:00:36.531000,0 days 01:09:00.500000,0 days 01:09:18.018000,0 days 01:09:54.549000,266.0,304.0,302.0,291.0,False,SOFT,11.0,False,Ferrari,0 days 01:08:32.097000,,1,,False,,False,True
0 days 01:11:37.724000,LEC,16,0 days 00:01:43.175000,28.0,4.0,,,0 days 00:00:32.869000,0 days 00:00:20.504000,0 days 00:00:49.802000,0 days 01:10:27.418000,0 days 01:10:47.922000,0 days 01:11:37.724000,221.0,269.0,283.0,280.0,False,SOFT,12.0,False,Ferrari,0 days 01:09:54.549000,,1,,False,,False,True
0 days 01:13:11.913000,LEC,16,0 days 00:01:34.189000,29.0,4.0,,,0 days 00:00:30.964000,0 days 00:00:20.511000,0 days 00:00:42.714000,0 days 01:12:08.688000,0 days 01:12:29.199000,0 days 01:13:11.913000,236.0,275.0,279.0,262.0,False,SOFT,13.0,False,Ferrari,0 days 01:11:37.724000,,1,,False,,False,True
0 days 01:14:32.180000,LEC,16,0 days 00:01:20.267000,30.0,4.0,,,0 days 00:00:28.205000,0 days 00:00:17.472000,0 days 00:00:34.590000,0 days 01:13:40.118000,0 days 01:13:57.590000,0 days 01:14:32.180000,247.0,302.0,309.0,289.0,True,SOFT,14.0,False,Ferrari,0 days 01:13:11.913000,,1,,False,,False,True
0 days 01:16:24.858000,LEC,16,0 days 00:01:52.678000,31.0,4.0,,,0 days 00:00:33.308000,0 days 00:00:27.409000,0 days 00:00:51.961000,0 days 01:15:05.488000,0 days 01:15:32.897000,0 days 01:16:24.858000,182.0,205.0,198.0,264.0,False,SOFT,15.0,False,Ferrari,0 days 01:14:32.180000,,1,,False,,False,True
0 days 01:19:32.459000,LEC,16,,32.0,4.0,,,0 days 00:00:40.573000,0 days 00:00:26.877000,,0 days 01:17:05.611000,0 days 01:17:32.562000,,190.0,152.0,212.0,163.0,False,SOFT,16.0,False,Ferrari,0 days 01:16:24.858000,,1,,False,,False,False
0 days 01:21:05.899000,LEC,16,,33.0,4.0,,0 days 01:21:05.899000,0 days 00:00:34.306000,0 days 00:00:21.827000,,0 days 01:20:06.902000,0 days 01:20:28.643000,,224.0,273.0,,220.0,False,SOFT,17.0,False,Ferrari,0 days 01:19:32.459000,,1,,False,,False,False
0 days 00:18:51.723000,STR,18,,1.0,1.0,0 days 00:16:16.407000,,0 days 00:01:16.843000,0 days 00:00:23.748000,0 days 00:00:58.539000,0 days 00:17:29.595000,0 days 00:17:53.439000,0 days 00:18:51.787000,219.0,161.0,247.0,39.0,False,HARD,1.0,True,Aston Martin,0 days 00:16:16.407000,,126,,False,,False,False
0 days 00:20:42.057000,STR,18,0 days 00:01:50.334000,2.0,1.0,,,0 days 00:00:41.721000,0 days 00:00:22.777000,0 days 00:00:45.836000,0 days 00:19:33.444000,0 days 00:19:56.221000,0 days 00:20:42.057000,230.0,165.0,261.0,100.0,True,HARD,2.0,True,Aston Martin,0 days 00:18:51.723000,,671,,False,,False,False
0 days 00:22:16.839000,STR,18,,3.0,1.0,,0 days 00:22:16.839000,0 days 00:00:34.022000,0 days 00:00:20.454000,,0 days 00:21:16.228000,0 days 00:21:36.709000,,243.0,251.0,,209.0,False,HARD,3.0,True,Aston Martin,0 days 00:20:42.057000,,1,,False,,False,False
0 days 00:18:10.191000,ALB,23,0 days 00:02:27.461000,1.0,1.0,0 days 00:15:51.332000,,0 days 00:01:17.782000,0 days 00:00:24.500000,0 days 00:00:45.179000,0 days 00:17:00.792000,0 days 00:17:25.243000,0 days 00:18:10.311000,212.0,249.0,277.0,85.0,False,MEDIUM,1.0,True,Williams,0 days 00:15:51.332000,,12,,False,,False,False
0 days 00:20:20.406000,ALB,23,0 days 00:02:10.215000,2.0,1.0,,,0 days 00:00:42.425000,0 days 00:00:25.848000,0 days 00:01:01.942000,0 days 00:18:52.616000,0 days 00:19:18.464000,0 days 00:20:20.406000,143.0,253.0,78.0,218.0,True,MEDIUM,2.0,True,Williams,0 days 00:18:10.191000,,2671,,False,,False,False
0 days 00:22:24.486000,ALB,23,0 days 00:02:04.080000,3.0,1.0,,,0 days 00:00:51.681000,0 days 00:00:24.877000,0 days 00:00:47.522000,0 days 00:21:12.087000,0 days 00:21:36.964000,0 days 00:22:24.486000,234.0,259.0,259.0,70.0,True,MEDIUM,3.0,True,Williams,0 days 00:20:20.406000,,1,,False,,False,True
0 days 00:23:53.716000,ALB,23,0 days 00:01:29.230000,4.0,1.0,,,0 days 00:00:31.069000,0 days 00:00:20.362000,0 days 00:00:37.799000,0 days 00:22:55.555000,0 days 00:23:15.917000,0 days 00:23:53.716000,245.0,280.0,272.0,257.0,True,MEDIUM,4.0,True,Williams,0 days 00:22:24.486000,,1,,False,,False,True
0 days 00:25:21.032000,ALB,23,0 days 00:01:27.316000,5.0,1.0,,,0 days 00:00:30.119000,0 days 00:00:20.047000,0 days 00:00:37.150000,0 days 00:24:23.835000,0 days 00:24:43.882000,0 days 00:25:21.032000,255.0,281.0,276.0,279.0,True,MEDIUM,5.0,True,Williams,0 days 00:23:53.716000,,1,,False,,False,True
0 days 00:27:07.116000,ALB,23,0 days 00:01:46.084000,6.0,1.0,,,0 days 00:00:34.418000,0 days 00:00:25.966000,0 days 00:00:45.700000,0 days 00:25:55.450000,0 days 00:26:21.416000,0 days 00:27:07.116000,135.0,212.0,275.0,241.0,False,MEDIUM,6.0,True,Williams,0 days 00:25:21.032000,,1,,False,,False,True
0 days 00:28:31.552000,ALB,23,0 days 00:01:24.436000,7.0,1.0,,,0 days 00:00:29.959000,0 days 00:00:18.225000,0 days 00:00:36.252000,0 days 00:27:37.075000,0 days 00:27:55.300000,0 days 00:28:31.552000,266.0,271.0,290.0,273.0,True,MEDIUM,7.0,True,Williams,0 days 00:27:07.116000,,1,,False,,False,True
0 days 00:30:23.675000,ALB,23,0 days 00:01:52.123000,8.0,1.0,,,0 days 00:00:39.727000,0 days 00:00:27.892000,0 days 00:00:44.504000,0 days 00:29:11.279000,0 days 00:29:39.171000,0 days 00:30:23.675000,174.0,225.0,274.0,277.0,False,MEDIUM,8.0,True,Williams,0 days 00:28:31.552000,,1,,False,,False,True
0 days 00:31:48.738000,ALB,23,0 days 00:01:25.063000,9.0,1.0,,,0 days 00:00:30.037000,0 days 00:00:18.301000,0 days 00:00:36.725000,0 days 00:30:53.712000,0 days 00:31:12.013000,0 days 00:31:48.738000,262.0,268.0,279.0,283.0,False,MEDIUM,9.0,True,Williams,0 days 00:30:23.675000,,1,,False,,False,True
0 days 00:33:50.078000,ALB,23,0 days 00:02:01.340000,10.0,1.0,,,0 days 00:00:47.579000,0 days 00:00:29.047000,0 days 00:00:44.714000,0 days 00:32:36.317000,0 days 00:33:05.364000,0 days 00:33:50.078000,159.0,189.0,271.0,191.0,False,MEDIUM,10.0,True,Williams,0 days 00:31:48.738000,,1,,False,,False,True
0 days 00:35:14.321000,ALB,23,0 days 00:01:24.243000,11.0,1.0,,,0 days 00:00:29.761000,0 days 00:00:18.469000,0 days 00:00:36.013000,0 days 00:34:19.839000,0 days 00:34:38.308000,0 days 00:35:14.321000,261.0,258.0,297.0,281.0,True,MEDIUM,11.0,True,Williams,0 days 00:33:50.078000,,1,,False,,False,True
0 days 00:37:08.642000,ALB,23,0 days 00:01:54.321000,12.0,1.0,,,0 days 00:00:42.375000,0 days 00:00:28.499000,0 days 00:00:43.447000,0 days 00:35:56.696000,0 days 00:36:25.195000,0 days 00:37:08.642000,163.0,185.0,269.0,235.0,False,MEDIUM,12.0,True,Williams,0 days 00:35:14.321000,,1,,False,,False,True
0 days 00:38:32.312000,ALB,23,0 days 00:01:23.670000,13.0,1.0,,,0 days 00:00:29.408000,0 days 00:00:18.178000,0 days 00:00:36.084000,0 days 00:37:38.050000,0 days 00:37:56.228000,0 days 00:38:32.312000,266.0,268.0,291.0,280.0,True,MEDIUM,13.0,True,Williams,0 days 00:37:08.642000,,1,,False,,False,True
0 days 00:40:22.285000,ALB,23,0 days 00:01:49.973000,14.0,1.0,,,0 days 00:00:42.659000,0 days 00:00:25.302000,0 days 00:00:42.012000,0 days 00:39:14.971000,0 days 00:39:40.273000,0 days 00:40:22.285000,148.0,266.0,271.0,267.0,False,MEDIUM,14.0,True,Williams,0 days 00:38:32.312000,,1,,False,,False,True
0 days 00:41:45.429000,ALB,23,0 days 00:01:23.144000,15.0,1.0,,,0 days 00:00:29.126000,0 days 00:00:18.308000,0 days 00:00:35.710000,0 days 00:40:51.411000,0 days 00:41:09.719000,0 days 00:41:45.429000,268.0,260.0,303.0,283.0,True,MEDIUM,15.0,True,Williams,0 days 00:40:22.285000,,1,,False,,False,True
0 days 00:43:38.635000,ALB,23,0 days 00:01:53.206000,16.0,1.0,,,0 days 00:00:38.842000,0 days 00:00:28.913000,0 days 00:00:45.451000,0 days 00:42:24.271000,0 days 00:42:53.184000,0 days 00:43:38.635000,175.0,191.0,263.0,265.0,False,MEDIUM,16.0,True,Williams,0 days 00:41:45.429000,,1,,False,,False,True
0 days 00:45:02.298000,ALB,23,0 days 00:01:23.663000,17.0,1.0,,,0 days 00:00:29.561000,0 days 00:00:18.280000,0 days 00:00:35.822000,0 days 00:44:08.196000,0 days 00:44:26.476000,0 days 00:45:02.298000,255.0,271.0,291.0,276.0,False,MEDIUM,17.0,True,Williams,0 days 00:43:38.635000,,1,,False,,False,True
0 days 00:52:56.462000,ALB,23,,18.0,1.0,,0 days 00:46:44.052000,0 days 00:00:34.149000,0 days 00:00:25.695000,,0 days 00:45:36.844000,0 days 00:46:02.457000,,199.0,200.0,,273.0,False,MEDIUM,18.0,True,Williams,0 days 00:45:02.298000,,1,,False,,False,False
0 days 00:54:42.623000,ALB,23,0 days 00:01:46.161000,19.0,2.0,0 days 00:52:58.659000,,0 days 00:00:41.632000,0 days 00:00:21.681000,0 days 00:00:42.848000,0 days 00:53:38.094000,0 days 00:53:59.775000,0 days 00:54:42.623000,239.0,245.0,266.0,167.0,False,SOFT,1.0,True,Williams,0 days 00:52:56.462000,,1,,False,,False,False
0 days 00:56:05.753000,ALB,23,0 days 00:01:23.130000,20.0,2.0,,,0 days 00:00:29.116000,0 days 00:00:18.373000,0 days 00:00:35.641000,0 days 00:55:11.739000,0 days 00:55:30.112000,0 days 00:56:05.753000,263.0,260.0,286.0,281.0,True,SOFT,2.0,True,Williams,0 days 00:54:42.623000,,1,,False,,False,True
0 days 00:58:03.627000,ALB,23,0 days 00:01:57.874000,21.0,2.0,,,0 days 00:00:50.515000,0 days 00:00:22.342000,0 days 00:00:45.017000,0 days 00:56:56.268000,0 days 00:57:18.610000,0 days 00:58:03.627000,192.0,219.0,262.0,218.0,False,SOFT,3.0,True,Williams,0 days 00:56:05.753000,,1,,False,,False,True
0 days 00:59:47.288000,ALB,23,0 days 00:01:43.661000,22.0,2.0,,,0 days 00:00:29.270000,0 days 00:00:23.961000,0 days 00:00:50.430000,0 days 00:58:32.897000,0 days 00:58:56.858000,0 days 00:59:47.288000,265.0,233.0,269.0,278.0,False,SOFT,4.0,True,Williams,0 days 00:58:03.627000,,1,,False,,False,True
0 days 01:01:31.959000,ALB,23,0 days 00:01:44.671000,23.0,2.0,,,0 days 00:00:34.610000,0 days 00:00:21.336000,0 days 00:00:48.725000,0 days 01:00:21.898000,0 days 01:00:43.234000,0 days 01:01:31.959000,199.0,291.0,268.0,283.0,False,SOFT,5.0,True,Williams,0 days 00:59:47.288000,,1,,False,,False,True
0 days 01:21:18.030000,ALB,23,,24.0,2.0,,0 days 01:21:18.030000,0 days 00:00:29.094000,0 days 00:00:25.103000,,0 days 01:02:01.349000,0 days 01:02:26.490000,,265.0,106.0,,281.0,False,SOFT,6.0,True,Williams,0 days 01:01:31.959000,,1267,,False,,False,False
0 days 00:16:57.570000,HUL,27,,1.0,1.0,0 days 00:15:02.982000,,,0 days 00:00:24.754000,0 days 00:00:45.670000,,0 days 00:16:12.028000,0 days 00:16:57.570000,216.0,198.0,218.0,152.0,False,MEDIUM,1.0,True,Audi,0 days 00:15:02.982000,,1,,False,,False,False
0 days 00:30:33,HUL,27,,2.0,1.0,,0 days 00:18:43.496000,0 days 00:00:37.025000,0 days 00:00:23.850000,,0 days 00:17:34.586000,0 days 00:17:58.426000,,218.0,217.0,,194.0,False,MEDIUM,2.0,True,Audi,0 days 00:16:57.570000,,1267,,False,,False,False
0 days 00:32:29.443000,HUL,27,0 days 00:01:56.443000,3.0,2.0,0 days 00:30:38.128000,,0 days 00:00:54.584000,0 days 00:00:20.656000,0 days 00:00:41.203000,0 days 00:31:27.584000,0 days 00:31:48.240000,0 days 00:32:29.443000,204.0,256.0,253.0,152.0,False,MEDIUM,3.0,False,Audi,0 days 00:30:33,,1,,False,,False,False
0 days 00:33:55.378000,HUL,27,0 days 00:01:25.935000,4.0,2.0,,,0 days 00:00:30.553000,0 days 00:00:18.444000,0 days 00:00:36.938000,0 days 00:32:59.996000,0 days 00:33:18.440000,0 days 00:33:55.378000,268.0,288.0,295.0,263.0,True,MEDIUM,4.0,False,Audi,0 days 00:32:29.443000,,1,,False,,False,True
0 days 00:35:45.680000,HUL,27,0 days 00:01:50.302000,5.0,2.0,,,0 days 00:00:40.611000,0 days 00:00:27.730000,0 days 00:00:41.961000,0 days 00:34:35.989000,0 days 00:35:03.719000,0 days 00:35:45.680000,222.0,207.0,263.0,199.0,False,MEDIUM,5.0,False,Audi,0 days 00:33:55.378000,,1,,False,,False,True
0 days 00:37:09.235000,HUL,27,0 days 00:01:23.555000,6.0,2.0,,,0 days 00:00:29.440000,0 days 00:00:18.134000,0 days 00:00:35.981000,0 days 00:36:15.120000,0 days 00:36:33.254000,0 days 00:37:09.235000,272.0,281.0,302.0,283.0,True,MEDIUM,6.0,False,Audi,0 days 00:35:45.680000,,1,,False,,False,True
0 days 00:39:16.440000,HUL,27,0 days 00:02:07.205000,7.0,2.0,,,0 days 00:00:41.554000,0 days 00:00:32.505000,0 days 00:00:53.146000,0 days 00:37:50.789000,0 days 00:38:23.294000,0 days 00:39:16.440000,162.0,168.0,264.0,208.0,False,MEDIUM,7.0,False,Audi,0 days 00:37:09.235000,,1,,False,,False,True
0 days 00:40:56.584000,HUL,27,0 days 00:01:40.144000,8.0,2.0,,,0 days 00:00:34.604000,0 days 00:00:21.347000,0 days 00:00:44.193000,0 days 00:39:51.044000,0 days 00:40:12.391000,0 days 00:40:56.584000,176.0,255.0,263.0,275.0,False,MEDIUM,8.0,False,Audi,0 days 00:39:16.440000,,1,,False,,False,True
0 days 00:42:19.598000,HUL,27,0 days 00:01:23.014000,9.0,2.0,,,0 days 00:00:28.845000,0 days 00:00:18.508000,0 days 00:00:35.661000,0 days 00:41:25.429000,0 days 00:41:43.937000,0 days 00:42:19.598000,272.0,273.0,296.0,292.0,True,MEDIUM,9.0,False,Audi,0 days 00:40:56.584000,,1,,False,,False,True
0 days 00:50:06.827000,HUL,27,,10.0,2.0,,0 days 00:43:48.063000,0 days 00:00:33.149000,0 days 00:00:19.029000,,0 days 00:42:53.097000,0 days 00:43:12.143000,,265.0,271.0,,208.0,False,MEDIUM,10.0,False,Audi,0 days 00:42:19.598000,,1,,False,,False,False
0 days 00:51:50.451000,HUL,27,0 days 00:01:43.624000,11.0,3.0,0 days 00:50:08.942000,,0 days 00:00:39.945000,0 days 00:00:20.022000,0 days 00:00:43.657000,0 days 00:50:46.772000,0 days 00:51:06.794000,0 days 00:51:50.451000,253.0,263.0,245.0,174.0,False,SOFT,1.0,True,Audi,0 days 00:50:06.827000,,1,,False,,False,False
0 days 00:53:12.913000,HUL,27,0 days 00:01:22.462000,12.0,3.0,,,0 days 00:00:29.101000,0 days 00:00:17.972000,0 days 00:00:35.389000,0 days 00:52:19.552000,0 days 00:52:37.524000,0 days 00:53:12.913000,274.0,277.0,295.0,286.0,True,SOFT,2.0,True,Audi,0 days 00:51:50.451000,,1,,False,,False,True
0 days 00:55:05.690000,HUL,27,0 days 00:01:52.777000,13.0,3.0,,,0 days 00:00:41.233000,0 days 00:00:27.077000,0 days 00:00:44.467000,0 days 00:53:54.146000,0 days 00:54:21.223000,0 days 00:55:05.690000,159.0,237.0,232.0,232.0,False,SOFT,3.0,True,Audi,0 days 00:53:12.913000,,1,,False,,False,True
0 days 00:56:27.659000,HUL,27,0 days 00:01:21.969000,14.0,3.0,,,0 days 00:00:28.902000,0 days 00:00:17.972000,0 days 00:00:35.095000,0 days 00:55:34.592000,0 days 00:55:52.564000,0 days 00:56:27.659000,274.0,284.0,296.0,297.0,True,SOFT,4.0,True,Audi,0 days 00:55:05.690000,,1,,False,,False,True
0 days 01:08:06.344000,HUL,27,,15.0,3.0,,0 days 00:58:00.808000,0 days 00:00:37.135000,0 days 00:00:19.624000,,0 days 00:57:04.915000,0 days 00:57:24.538000,,227.0,284.0,,215.0,False,SOFT,5.0,True,Audi,0 days 00:56:27.659000,,1267,,False,,False,False
0 days 01:10:19.314000,HUL,27,0 days 00:02:12.970000,16.0,4.0,0 days 01:08:10.417000,0 days 01:10:06.466000,0 days 00:01:00.578000,0 days 00:00:21.242000,0 days 00:00:51.150000,0 days 01:09:06.922000,0 days 01:09:28.164000,0 days 01:10:19.314000,225.0,302.0,,188.0,False,SOFT,6.0,False,Audi,0 days 01:08:06.344000,,1,,False,,False,False
0 days 01:12:21.869000,HUL,27,0 days 00:02:02.555000,17.0,5.0,0 days 01:10:22.711000,0 days 01:12:08.975000,0 days 00:00:51.608000,0 days 00:00:20.627000,0 days 00:00:50.320000,0 days 01:11:10.922000,0 days 01:11:31.549000,0 days 01:12:21.869000,242.0,237.0,,216.0,False,SOFT,7.0,False,Audi,0 days 01:10:19.314000,,1,,False,,False,False
0 days 01:14:26.567000,HUL,27,0 days 00:02:04.698000,18.0,6.0,0 days 01:12:25.728000,0 days 01:14:13.148000,0 days 00:00:52.958000,0 days 00:00:20.758000,0 days 00:00:50.982000,0 days 01:13:14.827000,0 days 01:13:35.585000,0 days 01:14:26.567000,239.0,226.0,,218.0,False,SOFT,8.0,False,Audi,0 days 01:12:21.869000,,1,,False,,False,False
0 days 01:16:20.042000,HUL,27,0 days 00:01:53.475000,19.0,7.0,0 days 01:14:30.911000,,0 days 00:00:54.064000,0 days 00:00:20.822000,0 days 00:00:38.589000,0 days 01:15:20.631000,0 days 01:15:41.453000,0 days 01:16:20.042000,215.0,265.0,264.0,185.0,False,SOFT,9.0,False,Audi,0 days 01:14:26.567000,,1,,False,,False,False
0 days 01:19:14.201000,HUL,27,,20.0,7.0,,,0 days 00:00:37.247000,0 days 00:00:27.976000,,0 days 01:16:57.485000,0 days 01:17:25.377000,,184.0,206.0,136.0,231.0,False,SOFT,10.0,False,Audi,0 days 01:16:20.042000,,1,,False,,False,False
0 days 01:20:51.580000,HUL,27,,21.0,7.0,,0 days 01:20:51.580000,0 days 00:00:39.473000,0 days 00:00:20.657000,,0 days 01:19:53.847000,0 days 01:20:14.487000,,210.0,268.0,,145.0,False,SOFT,11.0,False,Audi,0 days 01:19:14.201000,,1,,False,,False,False
0 days 00:17:43.420000,LAW,30,0 days 00:02:10.079000,1.0,1.0,0 days 00:15:41.942000,,0 days 00:01:03.449000,0 days 00:00:22.685000,0 days 00:00:43.945000,0 days 00:16:37.063000,0 days 00:16:59.747000,0 days 00:17:43.533000,218.0,252.0,275.0,134.0,False,MEDIUM,1.0,True,Racing Bulls,0 days 00:15:41.942000,,12,,False,,False,False
0 days 00:19:42.150000,LAW,30,0 days 00:01:58.730000,2.0,1.0,,,0 days 00:00:31.419000,0 days 00:00:26.608000,0 days 00:01:00.703000,0 days 00:18:14.839000,0 days 00:18:41.447000,0 days 00:19:42.150000,232.0,54.0,216.0,247.0,True,MEDIUM,2.0,True,Racing Bulls,0 days 00:17:43.420000,,267,,False,,False,False
0 days 00:21:31.342000,LAW,30,0 days 00:01:49.192000,3.0,1.0,,,0 days 00:00:37.373000,0 days 00:00:22.020000,0 days 00:00:49.799000,0 days 00:20:19.523000,0 days 00:20:41.543000,0 days 00:21:31.342000,224.0,237.0,268.0,163.0,True,MEDIUM,3.0,True,Racing Bulls,0 days 00:19:42.150000,,71,,False,,False,False
0 days 00:22:56.880000,LAW,30,0 days 00:01:25.538000,4.0,1.0,,,0 days 00:00:30.394000,0 days 00:00:18.380000,0 days 00:00:36.764000,0 days 00:22:01.736000,0 days 00:22:20.116000,0 days 00:22:56.880000,239.0,284.0,290.0,277.0,True,MEDIUM,4.0,True,Racing Bulls,0 days 00:21:31.342000,,1,,False,,False,True
0 days 00:24:53.925000,LAW,30,0 days 00:01:57.045000,5.0,1.0,,,0 days 00:00:36.938000,0 days 00:00:25.308000,0 days 00:00:54.799000,0 days 00:23:33.818000,0 days 00:23:59.126000,0 days 00:24:53.925000,204.0,217.0,275.0,238.0,False,MEDIUM,5.0,True,Racing Bulls,0 days 00:22:56.880000,,1,,False,,False,True
0 days 00:26:17.918000,LAW,30,0 days 00:01:23.993000,6.0,1.0,,,0 days 00:00:29.721000,0 days 00:00:18.185000,0 days 00:00:36.087000,0 days 00:25:23.646000,0 days 00:25:41.831000,0 days 00:26:17.918000,239.0,280.0,280.0,290.0,True,MEDIUM,6.0,True,Racing Bulls,0 days 00:24:53.925000,,1,,False,,False,True
0 days 00:28:18.546000,LAW,30,0 days 00:02:00.628000,7.0,1.0,,,0 days 00:00:36.886000,0 days 00:00:29.056000,0 days 00:00:54.686000,0 days 00:26:54.804000,0 days 00:27:23.860000,0 days 00:28:18.546000,174.0,207.0,272.0,253.0,False,MEDIUM,7.0,True,Racing Bulls,0 days 00:26:17.918000,,1,,False,,False,True
0 days 00:29:41.699000,LAW,30,0 days 00:01:23.153000,8.0,1.0,,,0 days 00:00:29.371000,0 days 00:00:18.026000,0 days 00:00:35.756000,0 days 00:28:47.917000,0 days 00:29:05.943000,0 days 00:29:41.699000,242.0,281.0,278.0,291.0,True,MEDIUM,8.0,True,Racing Bulls,0 days 00:28:18.546000,,1,,False,,False,True
0 days 00:31:47.409000,LAW,30,0 days 00:02:05.710000,9.0,1.0,,,0 days 00:00:40.568000,0 days 00:00:30.473000,0 days 00:00:54.669000,0 days 00:30:22.267000,0 days 00:30:52.740000,0 days 00:31:47.409000,172.0,185.0,277.0,250.0,False,MEDIUM,9.0,True,Racing Bulls,0 days 00:29:41.699000,,1,,False,,False,True
0 days 00:33:10.904000,LAW,30,0 days 00:01:23.495000,10.0,1.0,,,0 days 00:00:29.391000,0 days 00:00:18.147000,0 days 00:00:35.957000,0 days 00:32:16.800000,0 days 00:32:34.947000,0 days 00:33:10.904000,242.0,278.0,284.0,294.0,False,MEDIUM,10.0,True,Racing Bulls,0 days 00:31:47.409000,,1,,False,,False,True
0 days 00:35:01.617000,LAW,30,0 days 00:01:50.713000,11.0,1.0,,,0 days 00:00:35.486000,0 days 00:00:26.950000,0 days 00:00:48.277000,0 days 00:33:46.390000,0 days 00:34:13.340000,0 days 00:35:01.617000,220.0,195.0,275.0,266.0,False,MEDIUM,11.0,True,Racing Bulls,0 days 00:33:10.904000,,1,,False,,False,True
0 days 00:36:24.230000,LAW,30,0 days 00:01:22.613000,12.0,1.0,,,0 days 00:00:29.136000,0 days 00:00:18.008000,0 days 00:00:35.469000,0 days 00:35:30.753000,0 days 00:35:48.761000,0 days 00:36:24.230000,245.0,279.0,293.0,294.0,True,MEDIUM,12.0,True,Racing Bulls,0 days 00:35:01.617000,,1,,False,,False,True
0 days 00:46:28.179000,LAW,30,,13.0,1.0,,0 days 00:38:02.012000,0 days 00:00:34.758000,0 days 00:00:21.482000,,0 days 00:36:59.215000,0 days 00:37:20.797000,,236.0,256.0,,268.0,False,MEDIUM,13.0,True,Racing Bulls,0 days 00:36:24.230000,,1,,False,,False,False
0 days 00:48:25.126000,LAW,30,0 days 00:01:56.947000,14.0,2.0,0 days 00:46:33.276000,,0 days 00:00:59.697000,0 days 00:00:18.863000,0 days 00:00:38.387000,0 days 00:47:27.876000,0 days 00:47:46.739000,0 days 00:48:25.126000,240.0,287.0,272.0,213.0,False,MEDIUM,14.0,False,Racing Bulls,0 days 00:46:28.179000,,1,,False,,False,False
0 days 00:49:52.565000,LAW,30,0 days 00:01:27.439000,15.0,2.0,,,0 days 00:00:30.823000,0 days 00:00:19.034000,0 days 00:00:37.582000,0 days 00:48:55.949000,0 days 00:49:14.983000,0 days 00:49:52.565000,235.0,264.0,301.0,281.0,False,MEDIUM,15.0,False,Racing Bulls,0 days 00:48:25.126000,,1,,False,,False,True
0 days 00:51:19.128000,LAW,30,0 days 00:01:26.563000,16.0,2.0,,,0 days 00:00:30.545000,0 days 00:00:18.673000,0 days 00:00:37.345000,0 days 00:50:23.110000,0 days 00:50:41.783000,0 days 00:51:19.128000,237.0,273.0,291.0,303.0,False,MEDIUM,16.0,False,Racing Bulls,0 days 00:49:52.565000,,1,,False,,False,True
0 days 00:52:45.216000,LAW,30,0 days 00:01:26.088000,17.0,2.0,,,0 days 00:00:30.131000,0 days 00:00:18.633000,0 days 00:00:37.324000,0 days 00:51:49.259000,0 days 00:52:07.892000,0 days 00:52:45.216000,238.0,273.0,290.0,295.0,False,MEDIUM,17.0,False,Racing Bulls,0 days 00:51:19.128000,,1,,False,,False,True
0 days 00:54:11.384000,LAW,30,0 days 00:01:26.168000,18.0,2.0,,,0 days 00:00:30.222000,0 days 00:00:18.665000,0 days 00:00:37.281000,0 days 00:53:15.438000,0 days 00:53:34.103000,0 days 00:54:11.384000,238.0,273.0,302.0,285.0,False,MEDIUM,18.0,False,Racing Bulls,0 days 00:52:45.216000,,1,,False,,False,True
0 days 00:55:38.518000,LAW,30,0 days 00:01:27.134000,19.0,2.0,,,0 days 00:00:30.304000,0 days 00:00:18.655000,0 days 00:00:38.175000,0 days 00:54:41.688000,0 days 00:55:00.343000,0 days 00:55:38.518000,237.0,276.0,296.0,302.0,False,MEDIUM,19.0,False,Racing Bulls,0 days 00:54:11.384000,,1,,False,,False,True
0 days 00:57:05.585000,LAW,30,0 days 00:01:27.067000,20.0,2.0,,,0 days 00:00:30.677000,0 days 00:00:18.599000,0 days 00:00:37.791000,0 days 00:56:09.195000,0 days 00:56:27.794000,0 days 00:57:05.585000,238.0,282.0,296.0,289.0,False,MEDIUM,20.0,False,Racing Bulls,0 days 00:55:38.518000,,1,,False,,False,True
0 days 01:06:39.055000,LAW,30,,21.0,2.0,,0 days 00:58:48.288000,0 days 00:00:35.573000,0 days 00:00:24.025000,,0 days 00:57:41.266000,0 days 00:58:05.399000,,199.0,262.0,,258.0,False,MEDIUM,21.0,False,Racing Bulls,0 days 00:57:05.585000,,1267,,False,,False,False
0 days 01:08:30.483000,LAW,30,0 days 00:01:51.428000,22.0,3.0,0 days 01:06:41.023000,,0 days 00:00:42.487000,0 days 00:00:20.529000,0 days 00:00:48.412000,0 days 01:07:21.542000,0 days 01:07:42.071000,0 days 01:08:30.483000,228.0,278.0,275.0,177.0,False,SOFT,1.0,True,Racing Bulls,0 days 01:06:39.055000,,71,,False,,False,False
0 days 01:10:00.272000,LAW,30,0 days 00:01:29.789000,23.0,3.0,,,0 days 00:00:28.846000,0 days 00:00:18.223000,0 days 00:00:42.720000,0 days 01:08:59.329000,0 days 01:09:17.552000,0 days 01:10:00.272000,276.0,273.0,217.0,293.0,False,SOFT,2.0,True,Racing Bulls,0 days 01:08:30.483000,,1,,False,,False,True
0 days 01:12:04.346000,LAW,30,0 days 00:02:04.074000,24.0,3.0,,,0 days 00:00:39.944000,0 days 00:00:34.301000,0 days 00:00:49.829000,0 days 01:10:40.216000,0 days 01:11:14.517000,0 days 01:12:04.346000,175.0,137.0,273.0,187.0,False,SOFT,3.0,True,Racing Bulls,0 days 01:10:00.272000,,1,,False,,False,True
0 days 01:13:55.776000,LAW,30,0 days 00:01:51.430000,25.0,3.0,,,0 days 00:00:39.955000,0 days 00:00:24.294000,0 days 00:00:47.181000,0 days 01:12:44.301000,0 days 01:13:08.595000,0 days 01:13:55.776000,204.0,221.0,274.0,291.0,False,SOFT,4.0,True,Racing Bulls,0 days 01:12:04.346000,,1,,False,,False,True
0 days 01:15:34.778000,LAW,30,0 days 00:01:39.002000,26.0,3.0,,,0 days 00:00:29.104000,0 days 00:00:18.326000,0 days 00:00:51.572000,0 days 01:14:24.880000,0 days 01:14:43.206000,0 days 01:15:34.778000,272.0,214.0,199.0,291.0,False,SOFT,5.0,True,Racing Bulls,0 days 01:13:55.776000,,1,,False,,False,True
0 days 01:18:21.697000,LAW,30,,27.0,3.0,,,0 days 00:00:41.643000,0 days 00:00:26.461000,0 days 00:01:38.767000,0 days 01:16:16.537000,0 days 01:16:43.084000,0 days 01:18:21.697000,201.0,211.0,92.0,189.0,False,SOFT,6.0,True,Racing Bulls,0 days 01:15:34.778000,,1,,False,,False,False
0 days 01:20:19.218000,LAW,30,,28.0,3.0,,0 days 01:20:19.218000,0 days 00:00:39.901000,0 days 00:00:28.752000,,0 days 01:19:01.799000,0 days 01:19:30.482000,,176.0,175.0,,229.0,False,SOFT,7.0,True,Racing Bulls,0 days 01:18:21.697000,,1,,False,,False,False
0 days 00:17:04.495000,OCO,31,,1.0,1.0,0 days 00:15:08.447000,,,0 days 00:00:21.734000,0 days 00:00:49.355000,,0 days 00:16:15.407000,0 days 00:17:04.760000,237.0,239.0,278.0,150.0,False,MEDIUM,1.0,True,Haas F1 Team,0 days 00:15:08.447000,,1,,False,,False,False
0 days 00:18:39.084000,OCO,31,0 days 00:01:34.589000,2.0,1.0,,,0 days 00:00:32.360000,0 days 00:00:18.687000,0 days 00:00:43.542000,0 days 00:17:36.855000,0 days 00:17:55.542000,0 days 00:18:39.084000,274.0,277.0,115.0,257.0,True,MEDIUM,2.0,True,Haas F1 Team,0 days 00:17:04.495000,,126,,False,,False,False
0 days 00:22:35.324000,OCO,31,,3.0,1.0,,0 days 00:20:27.440000,0 days 00:00:43.393000,0 days 00:00:24.400000,,0 days 00:19:22.653000,0 days 00:19:47.097000,,205.0,226.0,,158.0,False,MEDIUM,3.0,True,Haas F1 Team,0 days 00:18:39.084000,,671,,False,,False,False
0 days 00:24:24.375000,OCO,31,0 days 00:01:49.051000,4.0,2.0,0 days 00:22:37.445000,,0 days 00:00:40.329000,0 days 00:00:20.712000,0 days 00:00:48.010000,0 days 00:23:15.653000,0 days 00:23:36.365000,0 days 00:24:24.375000,266.0,276.0,280.0,145.0,False,MEDIUM,4.0,False,Haas F1 Team,0 days 00:22:35.324000,,1,,False,,False,False
0 days 00:25:49.228000,OCO,31,0 days 00:01:24.853000,5.0,2.0,,,0 days 00:00:29.789000,0 days 00:00:18.398000,0 days 00:00:36.666000,0 days 00:24:54.164000,0 days 00:25:12.562000,0 days 00:25:49.228000,272.0,279.0,303.0,294.0,True,MEDIUM,5.0,False,Haas F1 Team,0 days 00:24:24.375000,,1,,False,,False,True
0 days 00:27:39.588000,OCO,31,0 days 00:01:50.360000,6.0,2.0,,,0 days 00:00:38.373000,0 days 00:00:26.946000,0 days 00:00:45.041000,0 days 00:26:27.601000,0 days 00:26:54.547000,0 days 00:27:39.588000,189.0,202.0,264.0,169.0,False,MEDIUM,6.0,False,Haas F1 Team,0 days 00:25:49.228000,,1,,False,,False,True
0 days 00:29:13.203000,OCO,31,0 days 00:01:33.615000,7.0,2.0,,,0 days 00:00:29.528000,0 days 00:00:18.400000,0 days 00:00:45.687000,0 days 00:28:09.116000,0 days 00:28:27.516000,0 days 00:29:13.203000,235.0,257.0,227.0,291.0,False,MEDIUM,7.0,False,Haas F1 Team,0 days 00:27:39.588000,,1,,False,,False,True
0 days 00:30:58.473000,OCO,31,0 days 00:01:45.270000,8.0,2.0,,,0 days 00:00:37.912000,0 days 00:00:23.245000,0 days 00:00:44.113000,0 days 00:29:51.115000,0 days 00:30:14.360000,0 days 00:30:58.473000,206.0,232.0,275.0,221.0,False,MEDIUM,8.0,False,Haas F1 Team,0 days 00:29:13.203000,,1,,False,,False,True
0 days 00:32:22.352000,OCO,31,0 days 00:01:23.879000,9.0,2.0,,,0 days 00:00:29.395000,0 days 00:00:18.397000,0 days 00:00:36.087000,0 days 00:31:27.868000,0 days 00:31:46.265000,0 days 00:32:22.352000,276.0,277.0,302.0,300.0,True,MEDIUM,9.0,False,Haas F1 Team,0 days 00:30:58.473000,,1,,False,,False,True
0 days 00:34:14.873000,OCO,31,0 days 00:01:52.521000,10.0,2.0,,,0 days 00:00:40.649000,0 days 00:00:24.398000,0 days 00:00:47.474000,0 days 00:33:03.001000,0 days 00:33:27.399000,0 days 00:34:14.873000,203.0,222.0,268.0,213.0,False,MEDIUM,10.0,False,Haas F1 Team,0 days 00:32:22.352000,,1,,False,,False,True
0 days 00:35:38.185000,OCO,31,0 days 00:01:23.312000,11.0,2.0,,,0 days 00:00:29.042000,0 days 00:00:18.416000,0 days 00:00:35.854000,0 days 00:34:43.915000,0 days 00:35:02.331000,0 days 00:35:38.185000,260.0,275.0,298.0,296.0,True,MEDIUM,11.0,False,Haas F1 Team,0 days 00:34:14.873000,,1,,False,,False,True
0 days 00:37:31.748000,OCO,31,0 days 00:01:53.563000,12.0,2.0,,,0 days 00:00:40.363000,0 days 00:00:22.655000,0 days 00:00:50.545000,0 days 00:36:18.548000,0 days 00:36:41.203000,0 days 00:37:31.748000,225.0,232.0,265.0,225.0,False,MEDIUM,12.0,False,Haas F1 Team,0 days 00:35:38.185000,,1,,True,TRACK LIMITS AT TURN 10 LAP 13 ,False,True
0 days 00:38:54.745000,OCO,31,0 days 00:01:22.997000,13.0,2.0,,,0 days 00:00:28.963000,0 days 00:00:18.347000,0 days 00:00:35.687000,0 days 00:38:00.711000,0 days 00:38:19.058000,0 days 00:38:54.745000,276.0,278.0,298.0,296.0,True,MEDIUM,13.0,False,Haas F1 Team,0 days 00:37:31.748000,,1,,False,,False,True
0 days 00:40:44.719000,OCO,31,0 days 00:01:49.974000,14.0,2.0,,,0 days 00:00:37.871000,0 days 00:00:24.156000,0 days 00:00:47.947000,0 days 00:39:32.616000,0 days 00:39:56.772000,0 days 00:40:44.719000,200.0,234.0,269.0,245.0,False,MEDIUM,14.0,False,Haas F1 Team,0 days 00:38:54.745000,,1,,False,,False,True
0 days 00:42:07.513000,OCO,31,0 days 00:01:22.794000,15.0,2.0,,,0 days 00:00:28.894000,0 days 00:00:18.348000,0 days 00:00:35.552000,0 days 00:41:13.613000,0 days 00:41:31.961000,0 days 00:42:07.513000,269.0,275.0,298.0,297.0,True,MEDIUM,15.0,False,Haas F1 Team,0 days 00:40:44.719000,,1,,False,,False,True
0 days 00:43:54.933000,OCO,31,0 days 00:01:47.420000,16.0,2.0,,,0 days 00:00:38.667000,0 days 00:00:25.555000,0 days 00:00:43.198000,0 days 00:42:46.180000,0 days 00:43:11.735000,0 days 00:43:54.933000,194.0,199.0,274.0,236.0,False,MEDIUM,16.0,False,Haas F1 Team,0 days 00:42:07.513000,,1,,False,,False,True
0 days 00:45:17.489000,OCO,31,0 days 00:01:22.556000,17.0,2.0,,,0 days 00:00:28.789000,0 days 00:00:18.363000,0 days 00:00:35.404000,0 days 00:44:23.722000,0 days 00:44:42.085000,0 days 00:45:17.489000,266.0,274.0,300.0,300.0,True,MEDIUM,17.0,False,Haas F1 Team,0 days 00:43:54.933000,,1,,False,,False,True
0 days 00:55:43.389000,OCO,31,,18.0,2.0,,0 days 00:46:58.434000,0 days 00:00:34.528000,0 days 00:00:24.334000,,0 days 00:45:52.299000,0 days 00:46:16.533000,,198.0,223.0,,257.0,False,MEDIUM,18.0,False,Haas F1 Team,0 days 00:45:17.489000,,1,,False,,False,False
0 days 00:57:39.897000,OCO,31,0 days 00:01:56.508000,19.0,3.0,0 days 00:55:45.477000,,0 days 00:00:40.770000,0 days 00:00:20.754000,0 days 00:00:54.984000,0 days 00:56:24.159000,0 days 00:56:44.913000,0 days 00:57:39.897000,259.0,279.0,258.0,153.0,False,MEDIUM,19.0,False,Haas F1 Team,0 days 00:55:43.389000,,1,,False,,False,False
0 days 00:59:03.608000,OCO,31,0 days 00:01:23.711000,20.0,3.0,,,0 days 00:00:29.559000,0 days 00:00:18.181000,0 days 00:00:35.971000,0 days 00:58:09.456000,0 days 00:58:27.637000,0 days 00:59:03.608000,270.0,280.0,302.0,294.0,False,MEDIUM,20.0,False,Haas F1 Team,0 days 00:57:39.897000,,1,,False,,False,True
0 days 01:07:45.611000,OCO,31,,21.0,3.0,,0 days 01:00:39.796000,0 days 00:00:33.600000,0 days 00:00:22.482000,,0 days 00:59:37.357000,0 days 00:59:59.846000,,213.0,240.0,,247.0,False,MEDIUM,21.0,False,Haas F1 Team,0 days 00:59:03.608000,,1267,,False,,False,False
0 days 01:09:26.326000,OCO,31,0 days 00:01:40.715000,22.0,4.0,0 days 01:07:47.748000,,0 days 00:00:39.076000,0 days 00:00:20.410000,0 days 00:00:41.229000,0 days 01:08:24.687000,0 days 01:08:45.097000,0 days 01:09:26.326000,263.0,279.0,280.0,166.0,False,SOFT,1.0,True,Haas F1 Team,0 days 01:07:45.611000,,1,,False,,False,False
0 days 01:10:48.574000,OCO,31,0 days 00:01:22.248000,23.0,4.0,,,0 days 00:00:29.144000,0 days 00:00:17.709000,0 days 00:00:35.395000,0 days 01:09:55.470000,0 days 01:10:13.179000,0 days 01:10:48.574000,250.0,306.0,303.0,307.0,True,SOFT,2.0,True,Haas F1 Team,0 days 01:09:26.326000,,1,,False,,False,True
0 days 01:12:45.006000,OCO,31,0 days 00:01:56.432000,24.0,4.0,,0 days 01:12:34.054000,0 days 00:00:44.382000,0 days 00:00:20.499000,0 days 00:00:51.551000,0 days 01:11:32.956000,0 days 01:11:53.455000,0 days 01:12:45.006000,224.0,290.0,,220.0,False,SOFT,3.0,True,Haas F1 Team,0 days 01:10:48.574000,,1,,False,,False,False
0 days 01:14:58.632000,OCO,31,0 days 00:02:13.626000,25.0,5.0,0 days 01:12:48.585000,,0 days 00:01:10.274000,0 days 00:00:21.125000,0 days 00:00:42.227000,0 days 01:13:55.280000,0 days 01:14:16.405000,0 days 01:14:58.632000,196.0,266.0,267.0,147.0,False,SOFT,4.0,False,Haas F1 Team,0 days 01:12:45.006000,,1,,False,,False,False
0 days 01:16:20.793000,OCO,31,0 days 00:01:22.161000,26.0,5.0,,,0 days 00:00:29.123000,0 days 00:00:17.704000,0 days 00:00:35.334000,0 days 01:15:27.755000,0 days 01:15:45.459000,0 days 01:16:20.793000,265.0,301.0,303.0,296.0,True,SOFT,5.0,False,Haas F1 Team,0 days 01:14:58.632000,,1,,False,,False,True
0 days 01:19:26.776000,OCO,31,,27.0,5.0,,,0 days 00:00:40.284000,0 days 00:00:26.324000,,0 days 01:17:01.201000,0 days 01:17:27.597000,,194.0,202.0,203.0,189.0,False,SOFT,6.0,False,Haas F1 Team,0 days 01:16:20.793000,,1,,False,,False,False
0 days 01:21:03.728000,OCO,31,,28.0,5.0,,0 days 01:21:03.728000,0 days 00:00:30.985000,0 days 00:00:22.877000,,0 days 01:19:57.905000,0 days 01:20:20.801000,,273.0,218.0,,257.0,False,SOFT,7.0,False,Haas F1 Team,0 days 01:19:26.776000,,1,,False,,False,False
0 days 00:40:44.486000,LIN,41,,1.0,2.0,0 days 00:16:00.061000,0 days 00:20:20.683000,,,,,,,,,,,False,SOFT,1.0,True,Racing Bulls,0 days 00:16:00.061000,,1267,,False,,False,False
0 days 00:42:45.022000,LIN,41,0 days 00:02:00.536000,2.0,2.0,0 days 00:40:46.516000,,0 days 00:00:47.839000,0 days 00:00:22.114000,0 days 00:00:50.583000,0 days 00:41:32.325000,0 days 00:41:54.439000,0 days 00:42:45.022000,206.0,238.0,270.0,117.0,False,SOFT,2.0,True,Racing Bulls,0 days 00:40:44.486000,,1,,False,,False,False
0 days 00:44:11.826000,LIN,41,0 days 00:01:26.804000,3.0,2.0,,,0 days 00:00:31.279000,0 days 00:00:18.609000,0 days 00:00:36.916000,0 days 00:43:16.301000,0 days 00:43:34.910000,0 days 00:44:11.826000,241.0,319.0,312.0,249.0,True,SOFT,3.0,True,Racing Bulls,0 days 00:42:45.022000,,1,,False,,False,True
0 days 00:45:55.636000,LIN,41,0 days 00:01:43.810000,4.0,2.0,,,0 days 00:00:34.485000,0 days 00:00:22.419000,0 days 00:00:46.906000,0 days 00:44:46.311000,0 days 00:45:08.730000,0 days 00:45:55.636000,226.0,253.0,265.0,246.0,False,SOFT,4.0,True,Racing Bulls,0 days 00:44:11.826000,,1,,False,,False,True
0 days 00:47:20.459000,LIN,41,0 days 00:01:24.823000,5.0,2.0,,,0 days 00:00:29.806000,0 days 00:00:18.327000,0 days 00:00:36.690000,0 days 00:46:25.442000,0 days 00:46:43.769000,0 days 00:47:20.459000,247.0,288.0,301.0,274.0,True,SOFT,5.0,True,Racing Bulls,0 days 00:45:55.636000,,1,,False,,False,True
0 days 00:49:03.823000,LIN,41,0 days 00:01:43.364000,6.0,2.0,,,0 days 00:00:36.115000,0 days 00:00:22.616000,0 days 00:00:44.633000,0 days 00:47:56.574000,0 days 00:48:19.190000,0 days 00:49:03.823000,218.0,253.0,271.0,238.0,False,SOFT,6.0,True,Racing Bulls,0 days 00:47:20.459000,,1,,False,,False,True
0 days 00:50:27.490000,LIN,41,0 days 00:01:23.667000,7.0,2.0,,,0 days 00:00:29.365000,0 days 00:00:18.482000,0 days 00:00:35.820000,0 days 00:49:33.188000,0 days 00:49:51.670000,0 days 00:50:27.490000,249.0,281.0,307.0,289.0,True,SOFT,7.0,True,Racing Bulls,0 days 00:49:03.823000,,1,,False,,False,True
0 days 00:52:15.382000,LIN,41,0 days 00:01:47.892000,8.0,2.0,,,0 days 00:00:34.573000,0 days 00:00:22.017000,0 days 00:00:51.302000,0 days 00:51:02.063000,0 days 00:51:24.080000,0 days 00:52:15.382000,227.0,241.0,265.0,258.0,False,SOFT,8.0,True,Racing Bulls,0 days 00:50:27.490000,,1,,False,,False,True
0 days 00:53:38.181000,LIN,41,0 days 00:01:22.799000,9.0,2.0,,,0 days 00:00:28.952000,0 days 00:00:18.356000,0 days 00:00:35.491000,0 days 00:52:44.334000,0 days 00:53:02.690000,0 days 00:53:38.181000,249.0,282.0,301.0,287.0,True,SOFT,9.0,True,Racing Bulls,0 days 00:52:15.382000,,1,,False,,False,True
0 days 00:55:24.597000,LIN,41,0 days 00:01:46.416000,10.0,2.0,,,0 days 00:00:35.170000,0 days 00:00:21.978000,0 days 00:00:49.268000,0 days 00:54:13.351000,0 days 00:54:35.329000,0 days 00:55:24.597000,233.0,241.0,274.0,271.0,False,SOFT,10.0,True,Racing Bulls,0 days 00:53:38.181000,,1,,False,,False,True
0 days 00:56:47.184000,LIN,41,0 days 00:01:22.587000,11.0,2.0,,,0 days 00:00:28.429000,0 days 00:00:18.594000,0 days 00:00:35.564000,0 days 00:55:53.026000,0 days 00:56:11.620000,0 days 00:56:47.184000,296.0,270.0,297.0,293.0,True,SOFT,11.0,True,Racing Bulls,0 days 00:55:24.597000,,1,,False,,False,True
0 days 01:01:38.925000,LIN,41,,12.0,2.0,,0 days 00:58:21.875000,0 days 00:00:34.777000,0 days 00:00:22.145000,,0 days 00:57:22.206000,0 days 00:57:44.322000,,225.0,265.0,,270.0,False,SOFT,12.0,True,Racing Bulls,0 days 00:56:47.184000,,1,,False,,False,False
0 days 01:03:24.116000,LIN,41,0 days 00:01:45.191000,13.0,2.0,0 days 01:01:41.024000,,0 days 00:00:43.204000,0 days 00:00:21.035000,0 days 00:00:40.952000,0 days 01:02:22.129000,0 days 01:02:43.164000,0 days 01:03:24.116000,229.0,253.0,275.0,155.0,False,SOFT,13.0,True,Racing Bulls,0 days 01:01:38.925000,,12,,False,,False,False
0 days 01:05:21.602000,LIN,41,0 days 00:01:57.486000,14.0,2.0,,,0 days 00:00:36.990000,0 days 00:00:26.244000,0 days 00:00:54.252000,0 days 01:04:01.106000,0 days 01:04:27.350000,0 days 01:05:21.602000,150.0,238.0,227.0,292.0,False,SOFT,14.0,True,Racing Bulls,0 days 01:03:24.116000,,26,,False,,False,False
0 days 01:07:14.671000,LIN,41,0 days 00:01:53.069000,15.0,2.0,,,0 days 00:00:38.611000,0 days 00:00:33.015000,0 days 00:00:41.443000,0 days 01:06:00.213000,0 days 01:06:33.228000,0 days 01:07:14.671000,210.0,247.0,274.0,211.0,False,SOFT,15.0,True,Racing Bulls,0 days 01:05:21.602000,,671,,False,,False,False
0 days 01:08:54.614000,LIN,41,0 days 00:01:39.943000,16.0,2.0,,,0 days 00:00:29.844000,0 days 00:00:19.729000,0 days 00:00:50.370000,0 days 01:07:44.515000,0 days 01:08:04.244000,0 days 01:08:54.614000,226.0,196.0,274.0,293.0,False,SOFT,16.0,True,Racing Bulls,0 days 01:07:14.671000,,1,,False,,False,True
0 days 01:10:15.986000,LIN,41,0 days 00:01:21.372000,17.0,2.0,,,0 days 00:00:28.490000,0 days 00:00:17.639000,0 days 00:00:35.243000,0 days 01:09:23.104000,0 days 01:09:40.743000,0 days 01:10:15.986000,264.0,287.0,304.0,295.0,True,SOFT,17.0,True,Racing Bulls,0 days 01:08:54.614000,,1,,False,,False,True
0 days 01:12:10.312000,LIN,41,0 days 00:01:54.326000,18.0,2.0,,,0 days 00:00:38.558000,0 days 00:00:29.263000,0 days 00:00:46.505000,0 days 01:10:54.544000,0 days 01:11:23.807000,0 days 01:12:10.312000,124.0,221.0,275.0,236.0,False,SOFT,18.0,True,Racing Bulls,0 days 01:10:15.986000,,1,,False,,False,True
0 days 01:13:31.625000,LIN,41,0 days 00:01:21.313000,19.0,2.0,,,0 days 00:00:28.681000,0 days 00:00:17.444000,0 days 00:00:35.188000,0 days 01:12:38.993000,0 days 01:12:56.437000,0 days 01:13:31.625000,249.0,295.0,290.0,294.0,True,SOFT,19.0,True,Racing Bulls,0 days 01:12:10.312000,,1,,False,,False,True
0 days 01:15:18.934000,LIN,41,0 days 00:01:47.309000,20.0,2.0,,,0 days 00:00:33.236000,0 days 00:00:23.616000,0 days 00:00:50.457000,0 days 01:14:04.861000,0 days 01:14:28.477000,0 days 01:15:18.934000,230.0,227.0,242.0,266.0,False,SOFT,20.0,True,Racing Bulls,0 days 01:13:31.625000,,1,,False,,False,True
0 days 01:18:01.906000,LIN,41,,21.0,2.0,,,0 days 00:00:38.537000,0 days 00:00:23.484000,,0 days 01:15:57.614000,0 days 01:16:21.102000,,201.0,251.0,77.0,209.0,False,SOFT,21.0,True,Racing Bulls,0 days 01:15:18.934000,,1,,False,,False,False
0 days 01:19:39.409000,LIN,41,,22.0,2.0,,0 days 01:19:39.409000,0 days 00:00:32.024000,0 days 00:00:25.259000,,0 days 01:18:34.159000,0 days 01:18:59.252000,,237.0,246.0,,251.0,False,SOFT,22.0,True,Racing Bulls,0 days 01:18:01.906000,,1,,False,,False,False
0 days 00:18:32.360000,COL,43,0 days 00:02:05.448000,1.0,1.0,0 days 00:16:29.825000,,0 days 00:01:00.452000,0 days 00:00:21.483000,0 days 00:00:43.513000,0 days 00:17:27.569000,0 days 00:17:49.139000,0 days 00:18:32.539000,230.0,273.0,240.0,41.0,False,MEDIUM,1.0,True,Alpine,0 days 00:16:29.825000,,126,,False,,False,False
0 days 00:20:28.588000,COL,43,0 days 00:01:56.228000,2.0,1.0,,,0 days 00:00:41.916000,0 days 00:00:25.436000,0 days 00:00:48.876000,0 days 00:19:14.276000,0 days 00:19:39.712000,0 days 00:20:28.588000,242.0,229.0,254.0,150.0,True,MEDIUM,2.0,True,Alpine,0 days 00:18:32.360000,,671,,False,,False,False
0 days 00:21:56.054000,COL,43,0 days 00:01:27.466000,3.0,1.0,,,0 days 00:00:31.266000,0 days 00:00:18.365000,0 days 00:00:37.835000,0 days 00:20:59.854000,0 days 00:21:18.219000,0 days 00:21:56.054000,244.0,288.0,282.0,252.0,True,MEDIUM,3.0,True,Alpine,0 days 00:20:28.588000,,1,,False,,False,True
0 days 00:23:46.948000,COL,43,0 days 00:01:50.894000,4.0,1.0,,,0 days 00:00:40.414000,0 days 00:00:23.580000,0 days 00:00:46.900000,0 days 00:22:36.468000,0 days 00:23:00.048000,0 days 00:23:46.948000,233.0,203.0,249.0,176.0,False,MEDIUM,4.0,True,Alpine,0 days 00:21:56.054000,,1,,False,,False,True
0 days 00:25:12.767000,COL,43,0 days 00:01:25.819000,5.0,1.0,,,0 days 00:00:30.286000,0 days 00:00:18.835000,0 days 00:00:36.698000,0 days 00:24:17.234000,0 days 00:24:36.069000,0 days 00:25:12.767000,261.0,260.0,289.0,270.0,True,MEDIUM,5.0,True,Alpine,0 days 00:23:46.948000,,1,,False,,False,True
0 days 00:34:08.531000,COL,43,,6.0,1.0,,0 days 00:27:46.610000,0 days 00:01:03.735000,0 days 00:00:24.859000,,0 days 00:26:16.719000,0 days 00:26:41.574000,,175.0,165.0,,217.0,False,MEDIUM,6.0,True,Alpine,0 days 00:25:12.767000,,1,,False,,False,False
0 days 00:35:52.018000,COL,43,0 days 00:01:43.487000,7.0,2.0,0 days 00:34:10.654000,,0 days 00:00:41.725000,0 days 00:00:18.682000,0 days 00:00:43.080000,0 days 00:34:50.256000,0 days 00:35:08.938000,0 days 00:35:52.018000,234.0,279.0,275.0,166.0,False,MEDIUM,7.0,False,Alpine,0 days 00:34:08.531000,,1,,False,,False,False
0 days 00:37:17.672000,COL,43,0 days 00:01:25.654000,8.0,2.0,,,0 days 00:00:30.328000,0 days 00:00:18.290000,0 days 00:00:37.036000,0 days 00:36:22.346000,0 days 00:36:40.636000,0 days 00:37:17.672000,267.0,268.0,288.0,260.0,True,MEDIUM,8.0,False,Alpine,0 days 00:35:52.018000,,1,,False,,False,True
0 days 00:38:45.562000,COL,43,0 days 00:01:27.890000,9.0,2.0,,,0 days 00:00:31.548000,0 days 00:00:18.484000,0 days 00:00:37.858000,0 days 00:37:49.220000,0 days 00:38:07.704000,0 days 00:38:45.562000,242.0,291.0,290.0,241.0,False,MEDIUM,9.0,False,Alpine,0 days 00:37:17.672000,,1,,False,,False,True
0 days 00:40:10.008000,COL,43,0 days 00:01:24.446000,10.0,2.0,,,0 days 00:00:29.639000,0 days 00:00:18.184000,0 days 00:00:36.623000,0 days 00:39:15.201000,0 days 00:39:33.385000,0 days 00:40:10.008000,269.0,291.0,291.0,278.0,True,MEDIUM,10.0,False,Alpine,0 days 00:38:45.562000,,1,,False,,False,True
0 days 00:47:32.126000,COL,43,,11.0,2.0,,0 days 00:41:42.216000,0 days 00:00:34.288000,0 days 00:00:19.396000,,0 days 00:40:44.530000,0 days 00:41:03.874000,,247.0,261.0,,292.0,False,MEDIUM,11.0,False,Alpine,0 days 00:40:10.008000,,1,,False,,False,False
0 days 00:49:39.936000,COL,43,0 days 00:02:07.810000,12.0,3.0,0 days 00:47:34.647000,,0 days 00:00:57.486000,0 days 00:00:23.435000,0 days 00:00:46.889000,0 days 00:48:29.612000,0 days 00:48:53.047000,0 days 00:49:39.936000,150.0,272.0,272.0,153.0,False,SOFT,1.0,True,Alpine,0 days 00:47:32.126000,,1,,False,,False,False
0 days 00:51:24.836000,COL,43,0 days 00:01:44.900000,13.0,3.0,,,0 days 00:00:33.489000,0 days 00:00:19.949000,0 days 00:00:51.462000,0 days 00:50:13.425000,0 days 00:50:33.374000,0 days 00:51:24.836000,247.0,274.0,255.0,259.0,False,SOFT,2.0,True,Alpine,0 days 00:49:39.936000,,1,,False,,False,True
0 days 00:52:50.327000,COL,43,0 days 00:01:25.491000,14.0,3.0,,,0 days 00:00:29.804000,0 days 00:00:19.143000,0 days 00:00:36.544000,0 days 00:51:54.640000,0 days 00:52:13.783000,0 days 00:52:50.327000,265.0,287.0,317.0,283.0,False,SOFT,3.0,True,Alpine,0 days 00:51:24.836000,,1,,False,,False,True
0 days 00:54:52.022000,COL,43,0 days 00:02:01.695000,15.0,3.0,,,0 days 00:00:46.263000,0 days 00:00:30.246000,0 days 00:00:45.186000,0 days 00:53:36.590000,0 days 00:54:06.836000,0 days 00:54:52.022000,197.0,204.0,278.0,176.0,False,SOFT,4.0,True,Alpine,0 days 00:52:50.327000,,1,,False,,False,True
0 days 00:56:15.347000,COL,43,0 days 00:01:23.325000,16.0,3.0,,,0 days 00:00:29.105000,0 days 00:00:18.160000,0 days 00:00:36.060000,0 days 00:55:21.127000,0 days 00:55:39.287000,0 days 00:56:15.347000,267.0,291.0,306.0,304.0,True,SOFT,5.0,True,Alpine,0 days 00:54:52.022000,,1,,False,,False,True
0 days 00:58:35.709000,COL,43,0 days 00:02:20.362000,17.0,3.0,,,0 days 00:00:48.847000,0 days 00:00:38.734000,0 days 00:00:52.781000,0 days 00:57:04.194000,0 days 00:57:42.928000,0 days 00:58:35.709000,121.0,213.0,256.0,156.0,False,SOFT,6.0,True,Alpine,0 days 00:56:15.347000,,1,,False,,False,True
0 days 01:06:42.439000,COL,43,,18.0,3.0,,0 days 01:00:10.552000,0 days 00:00:30.579000,0 days 00:00:25.005000,,0 days 00:59:06.479000,0 days 00:59:31.494000,,240.0,241.0,,287.0,False,SOFT,7.0,True,Alpine,0 days 00:58:35.709000,,1267,,False,,False,False
0 days 01:08:32.842000,COL,43,0 days 00:01:50.403000,19.0,4.0,0 days 01:06:44.578000,,0 days 00:00:43.192000,0 days 00:00:22.294000,0 days 00:00:44.917000,0 days 01:07:25.631000,0 days 01:07:47.925000,0 days 01:08:32.842000,234.0,264.0,258.0,123.0,False,MEDIUM,12.0,False,Alpine,0 days 01:06:42.439000,,1,,False,,False,False
0 days 01:10:03.275000,COL,43,0 days 00:01:30.433000,20.0,4.0,,,0 days 00:00:32.135000,0 days 00:00:20.251000,0 days 00:00:38.047000,0 days 01:09:04.977000,0 days 01:09:25.228000,0 days 01:10:03.275000,253.0,286.0,278.0,225.0,False,MEDIUM,13.0,False,Alpine,0 days 01:08:32.842000,,1,,False,,False,True
0 days 01:11:31.294000,COL,43,0 days 00:01:28.019000,21.0,4.0,,,0 days 00:00:30.768000,0 days 00:00:20.017000,0 days 00:00:37.234000,0 days 01:10:34.043000,0 days 01:10:54.060000,0 days 01:11:31.294000,254.0,285.0,277.0,275.0,False,MEDIUM,14.0,False,Alpine,0 days 01:10:03.275000,,1,,False,,False,True
0 days 01:12:58.391000,COL,43,0 days 00:01:27.097000,22.0,4.0,,,0 days 00:00:30.251000,0 days 00:00:19.595000,0 days 00:00:37.251000,0 days 01:12:01.545000,0 days 01:12:21.140000,0 days 01:12:58.391000,258.0,284.0,275.0,270.0,False,MEDIUM,15.0,False,Alpine,0 days 01:11:31.294000,,1,,False,,False,True
0 days 01:14:25.398000,COL,43,0 days 00:01:27.007000,23.0,4.0,,,0 days 00:00:30.319000,0 days 00:00:19.572000,0 days 00:00:37.116000,0 days 01:13:28.710000,0 days 01:13:48.282000,0 days 01:14:25.398000,254.0,283.0,272.0,283.0,False,MEDIUM,16.0,False,Alpine,0 days 01:12:58.391000,,1,,False,,False,True
0 days 01:15:52.327000,COL,43,0 days 00:01:26.929000,24.0,4.0,,,0 days 00:00:30.276000,0 days 00:00:19.496000,0 days 00:00:37.157000,0 days 01:14:55.674000,0 days 01:15:15.170000,0 days 01:15:52.327000,254.0,289.0,277.0,282.0,False,MEDIUM,17.0,False,Alpine,0 days 01:14:25.398000,,1,,False,,False,True
0 days 01:18:41.107000,COL,43,,25.0,4.0,,,0 days 00:00:34.210000,0 days 00:00:23.331000,,0 days 01:16:26.586000,0 days 01:16:49.970000,,203.0,229.0,119.0,275.0,False,MEDIUM,18.0,False,Alpine,0 days 01:15:52.327000,,1,,False,,False,False
0 days 01:20:09.006000,COL,43,,26.0,4.0,,0 days 01:20:09.006000,0 days 00:00:32.175000,0 days 00:00:18.772000,,0 days 01:19:13.400000,0 days 01:19:32.206000,,246.0,280.0,,231.0,False,MEDIUM,19.0,False,Alpine,0 days 01:18:41.107000,,1,,False,,False,False
0 days 00:17:17.954000,HAM,44,0 days 00:02:01.722000,1.0,1.0,0 days 00:15:22.972000,,0 days 00:00:56.747000,0 days 00:00:20.851000,0 days 00:00:44.124000,0 days 00:16:13.256000,0 days 00:16:34.114000,0 days 00:17:18.192000,200.0,257.0,273.0,127.0,False,MEDIUM,1.0,True,Ferrari,0 days 00:15:22.972000,,12,,False,,False,False
0 days 00:19:00.774000,HAM,44,0 days 00:01:42.820000,2.0,1.0,,,0 days 00:00:29.969000,0 days 00:00:18.090000,0 days 00:00:54.761000,0 days 00:17:47.923000,0 days 00:18:06.013000,0 days 00:19:00.774000,271.0,283.0,190.0,266.0,True,MEDIUM,2.0,True,Ferrari,0 days 00:17:17.954000,,26,,False,,False,False
0 days 00:20:48.293000,HAM,44,0 days 00:01:47.519000,3.0,1.0,,,0 days 00:00:42.566000,0 days 00:00:21.631000,0 days 00:00:43.322000,0 days 00:19:43.340000,0 days 00:20:04.971000,0 days 00:20:48.293000,210.0,276.0,284.0,79.0,False,MEDIUM,3.0,True,Ferrari,0 days 00:19:00.774000,,671,,False,,False,False
0 days 00:22:30.573000,HAM,44,0 days 00:01:42.280000,4.0,1.0,,,0 days 00:00:31.552000,0 days 00:00:20.546000,0 days 00:00:50.182000,0 days 00:21:19.845000,0 days 00:21:40.391000,0 days 00:22:30.573000,239.0,278.0,285.0,304.0,True,MEDIUM,4.0,True,Ferrari,0 days 00:20:48.293000,,1,,False,,False,True
0 days 00:23:54.386000,HAM,44,0 days 00:01:23.813000,5.0,1.0,,,0 days 00:00:29.243000,0 days 00:00:18.135000,0 days 00:00:36.435000,0 days 00:22:59.816000,0 days 00:23:17.951000,0 days 00:23:54.386000,237.0,288.0,283.0,309.0,True,MEDIUM,5.0,True,Ferrari,0 days 00:22:30.573000,,1,,False,,False,True
0 days 00:25:49.570000,HAM,44,0 days 00:01:55.184000,6.0,1.0,,,0 days 00:00:46.741000,0 days 00:00:24.590000,0 days 00:00:43.853000,0 days 00:24:41.127000,0 days 00:25:05.717000,0 days 00:25:49.570000,193.0,256.0,268.0,224.0,False,MEDIUM,6.0,True,Ferrari,0 days 00:23:54.386000,,1,,False,,False,True
0 days 00:27:12.602000,HAM,44,0 days 00:01:23.032000,7.0,1.0,,,0 days 00:00:29.270000,0 days 00:00:17.997000,0 days 00:00:35.765000,0 days 00:26:18.840000,0 days 00:26:36.837000,0 days 00:27:12.602000,241.0,291.0,298.0,277.0,True,MEDIUM,7.0,True,Ferrari,0 days 00:25:49.570000,,1,,False,,False,True
0 days 00:29:09.986000,HAM,44,0 days 00:01:57.384000,8.0,1.0,,,0 days 00:00:48.774000,0 days 00:00:25.461000,0 days 00:00:43.149000,0 days 00:28:01.376000,0 days 00:28:26.837000,0 days 00:29:09.986000,146.0,257.0,271.0,216.0,False,MEDIUM,8.0,True,Ferrari,0 days 00:27:12.602000,,1,,False,,False,True
0 days 00:30:32.678000,HAM,44,0 days 00:01:22.692000,9.0,1.0,,,0 days 00:00:28.936000,0 days 00:00:17.957000,0 days 00:00:35.799000,0 days 00:29:38.922000,0 days 00:29:56.879000,0 days 00:30:32.678000,241.0,292.0,301.0,279.0,True,MEDIUM,9.0,True,Ferrari,0 days 00:29:09.986000,,1,,False,,False,True
0 days 00:32:39.106000,HAM,44,0 days 00:02:06.428000,10.0,1.0,,,0 days 00:00:48.558000,0 days 00:00:35.985000,0 days 00:00:41.885000,0 days 00:31:21.236000,0 days 00:31:57.221000,0 days 00:32:39.106000,121.0,234.0,275.0,219.0,False,MEDIUM,10.0,True,Ferrari,0 days 00:30:32.678000,,1,,False,,False,True
0 days 00:34:01.072000,HAM,44,0 days 00:01:21.966000,11.0,1.0,,,0 days 00:00:28.825000,0 days 00:00:17.834000,0 days 00:00:35.307000,0 days 00:33:07.931000,0 days 00:33:25.765000,0 days 00:34:01.072000,244.0,292.0,299.0,280.0,True,MEDIUM,11.0,True,Ferrari,0 days 00:32:39.106000,,1,,False,,False,True
0 days 00:35:56.178000,HAM,44,0 days 00:01:55.106000,12.0,1.0,,,0 days 00:00:45.002000,0 days 00:00:29.349000,0 days 00:00:40.755000,0 days 00:34:46.074000,0 days 00:35:15.423000,0 days 00:35:56.178000,130.0,250.0,276.0,233.0,False,MEDIUM,12.0,True,Ferrari,0 days 00:34:01.072000,,1,,False,,False,True
0 days 00:37:17.876000,HAM,44,0 days 00:01:21.698000,13.0,1.0,,,0 days 00:00:28.646000,0 days 00:00:17.642000,0 days 00:00:35.410000,0 days 00:36:24.824000,0 days 00:36:42.466000,0 days 00:37:17.876000,250.0,302.0,312.0,281.0,True,MEDIUM,13.0,True,Ferrari,0 days 00:35:56.178000,,1,,False,,False,True
0 days 00:39:06.314000,HAM,44,0 days 00:01:48.438000,14.0,1.0,,,0 days 00:00:38.320000,0 days 00:00:25.463000,0 days 00:00:44.655000,0 days 00:37:56.196000,0 days 00:38:21.659000,0 days 00:39:06.314000,163.0,251.0,269.0,265.0,False,MEDIUM,14.0,True,Ferrari,0 days 00:37:17.876000,,1,,False,,False,True
0 days 00:40:51.461000,HAM,44,0 days 00:01:45.147000,15.0,1.0,,,0 days 00:00:29.730000,0 days 00:00:22.826000,0 days 00:00:52.591000,0 days 00:39:36.044000,0 days 00:39:58.870000,0 days 00:40:51.461000,233.0,223.0,280.0,278.0,False,MEDIUM,15.0,True,Ferrari,0 days 00:39:06.314000,,1,,False,,False,True
0 days 00:50:30.983000,HAM,44,,16.0,1.0,,0 days 00:42:18.548000,0 days 00:00:28.855000,0 days 00:00:17.919000,,0 days 00:41:20.577000,0 days 00:41:38.499000,,279.0,291.0,,291.0,False,MEDIUM,16.0,True,Ferrari,0 days 00:40:51.461000,,1,,False,,False,False
0 days 00:52:20.857000,HAM,44,0 days 00:01:49.874000,17.0,2.0,0 days 00:50:35.345000,,0 days 00:00:46.896000,0 days 00:00:21.116000,0 days 00:00:41.862000,0 days 00:51:17.879000,0 days 00:51:38.995000,0 days 00:52:20.857000,216.0,250.0,275.0,140.0,False,SOFT,1.0,True,Ferrari,0 days 00:50:30.983000,,1,,False,,False,False
0 days 00:53:42.152000,HAM,44,0 days 00:01:21.295000,18.0,2.0,,,0 days 00:00:28.699000,0 days 00:00:17.743000,0 days 00:00:34.853000,0 days 00:52:49.556000,0 days 00:53:07.299000,0 days 00:53:42.152000,242.0,293.0,300.0,281.0,True,SOFT,2.0,True,Ferrari,0 days 00:52:20.857000,,1,,False,,False,True
0 days 00:55:50.162000,HAM,44,0 days 00:02:08.010000,19.0,2.0,,,0 days 00:00:50.376000,0 days 00:00:34.987000,0 days 00:00:42.647000,0 days 00:54:32.528000,0 days 00:55:07.515000,0 days 00:55:50.162000,107.0,203.0,276.0,229.0,False,SOFT,3.0,True,Ferrari,0 days 00:53:42.152000,,1,,False,,False,True
0 days 00:57:11.324000,HAM,44,0 days 00:01:21.162000,20.0,2.0,,,0 days 00:00:28.573000,0 days 00:00:17.694000,0 days 00:00:34.895000,0 days 00:56:18.735000,0 days 00:56:36.429000,0 days 00:57:11.324000,245.0,294.0,298.0,281.0,True,SOFT,4.0,True,Ferrari,0 days 00:55:50.162000,,1,,False,,False,True
0 days 00:59:40.216000,HAM,44,0 days 00:02:28.892000,21.0,2.0,,,0 days 00:00:56.899000,0 days 00:00:41.814000,0 days 00:00:50.179000,0 days 00:58:08.223000,0 days 00:58:50.037000,0 days 00:59:40.216000,92.0,120.0,280.0,206.0,False,SOFT,5.0,True,Ferrari,0 days 00:57:11.324000,,1,,False,,False,True
0 days 01:01:23.450000,HAM,44,0 days 00:01:43.234000,22.0,2.0,,,0 days 00:00:34.854000,0 days 00:00:19.930000,0 days 00:00:48.450000,0 days 01:00:15.070000,0 days 01:00:35,0 days 01:01:23.450000,178.0,289.0,280.0,287.0,False,SOFT,6.0,True,Ferrari,0 days 00:59:40.216000,,1,,True,TRACK LIMITS AT TURN 3 LAP 23 ,False,True
0 days 01:02:44.186000,HAM,44,0 days 00:01:20.736000,23.0,2.0,,,0 days 00:00:28.448000,0 days 00:00:17.607000,0 days 00:00:34.681000,0 days 01:01:51.898000,0 days 01:02:09.505000,0 days 01:02:44.186000,246.0,299.0,307.0,288.0,True,SOFT,7.0,True,Ferrari,0 days 01:01:23.450000,,1,,False,,False,True
0 days 01:09:31.610000,HAM,44,,24.0,2.0,,0 days 01:04:36.425000,0 days 00:00:39.638000,0 days 00:00:23.892000,,0 days 01:03:23.972000,0 days 01:03:47.934000,,227.0,164.0,,226.0,False,SOFT,8.0,True,Ferrari,0 days 01:02:44.186000,,1267,,False,,False,False
0 days 01:11:31.452000,HAM,44,0 days 00:01:59.842000,25.0,3.0,0 days 01:09:35.104000,,0 days 00:00:57.808000,0 days 00:00:18.286000,0 days 00:00:43.748000,0 days 01:10:29.418000,0 days 01:10:47.704000,0 days 01:11:31.452000,251.0,289.0,262.0,221.0,False,MEDIUM,17.0,False,Ferrari,0 days 01:09:31.610000,,1,,False,,False,False
0 days 01:13:02.422000,HAM,44,0 days 00:01:30.970000,26.0,3.0,,,0 days 00:00:33.283000,0 days 00:00:19.005000,0 days 00:00:38.682000,0 days 01:12:04.735000,0 days 01:12:23.740000,0 days 01:13:02.422000,207.0,276.0,296.0,253.0,False,MEDIUM,18.0,False,Ferrari,0 days 01:11:31.452000,,1,,False,,False,True
0 days 01:14:25.868000,HAM,44,0 days 00:01:23.446000,27.0,3.0,,,0 days 00:00:29.203000,0 days 00:00:17.861000,0 days 00:00:36.382000,0 days 01:13:31.625000,0 days 01:13:49.486000,0 days 01:14:25.868000,270.0,295.0,293.0,289.0,False,MEDIUM,19.0,False,Ferrari,0 days 01:13:02.422000,,1,,False,,False,True
0 days 01:15:50.658000,HAM,44,0 days 00:01:24.790000,28.0,3.0,,,0 days 00:00:29.996000,0 days 00:00:18.213000,0 days 00:00:36.581000,0 days 01:14:55.864000,0 days 01:15:14.077000,0 days 01:15:50.658000,271.0,292.0,292.0,283.0,False,MEDIUM,20.0,False,Ferrari,0 days 01:14:25.868000,,1,,False,,False,True
0 days 01:18:55.645000,HAM,44,,29.0,3.0,,,0 days 00:00:46.658000,0 days 00:00:26.716000,,0 days 01:16:37.544000,0 days 01:17:04.244000,,148.0,273.0,157.0,221.0,False,MEDIUM,21.0,False,Ferrari,0 days 01:15:50.658000,,1,,False,,False,False
0 days 01:20:28.332000,HAM,44,,30.0,3.0,,0 days 01:20:28.332000,0 days 00:00:35.005000,0 days 00:00:22.084000,,0 days 01:19:30.675000,0 days 01:19:52.818000,,215.0,271.0,,255.0,False,MEDIUM,22.0,False,Ferrari,0 days 01:18:55.645000,,1,,False,,False,False
0 days 00:26:36.530000,SAI,55,,1.0,1.0,0 days 00:15:54.752000,0 days 00:18:03.722000,0 days 00:01:10.532000,0 days 00:00:27.630000,,0 days 00:16:55.013000,0 days 00:17:22.673000,,245.0,178.0,,104.0,False,HARD,1.0,True,Williams,0 days 00:15:54.752000,,1267,,False,,False,False
0 days 00:28:24.739000,SAI,55,0 days 00:01:48.209000,2.0,2.0,0 days 00:26:38.655000,,0 days 00:00:38.581000,0 days 00:00:20.709000,0 days 00:00:48.919000,0 days 00:27:15.111000,0 days 00:27:35.820000,0 days 00:28:24.739000,246.0,261.0,283.0,181.0,False,HARD,2.0,False,Williams,0 days 00:26:36.530000,,1,,False,,False,False
0 days 00:29:50.416000,SAI,55,0 days 00:01:25.677000,3.0,2.0,,,0 days 00:00:30.216000,0 days 00:00:18.710000,0 days 00:00:36.751000,0 days 00:28:54.955000,0 days 00:29:13.665000,0 days 00:29:50.416000,252.0,257.0,289.0,271.0,True,HARD,3.0,False,Williams,0 days 00:28:24.739000,,1,,False,,False,True
0 days 00:31:31.208000,SAI,55,0 days 00:01:40.792000,4.0,2.0,,,0 days 00:00:30.158000,0 days 00:00:21.679000,0 days 00:00:48.955000,0 days 00:30:20.574000,0 days 00:30:42.253000,0 days 00:31:31.208000,238.0,255.0,260.0,271.0,False,HARD,4.0,False,Williams,0 days 00:29:50.416000,,1,,False,,False,True
0 days 00:32:55.016000,SAI,55,0 days 00:01:23.808000,5.0,2.0,,,0 days 00:00:29.461000,0 days 00:00:18.438000,0 days 00:00:35.909000,0 days 00:32:00.669000,0 days 00:32:19.107000,0 days 00:32:55.016000,259.0,262.0,300.0,277.0,True,HARD,5.0,False,Williams,0 days 00:31:31.208000,,1,,False,,False,True
0 days 00:34:41.848000,SAI,55,0 days 00:01:46.832000,6.0,2.0,,,0 days 00:00:38.863000,0 days 00:00:25.105000,0 days 00:00:42.864000,0 days 00:33:33.879000,0 days 00:33:58.984000,0 days 00:34:41.848000,199.0,216.0,273.0,214.0,False,HARD,6.0,False,Williams,0 days 00:32:55.016000,,1,,False,,False,True
0 days 00:36:05.477000,SAI,55,0 days 00:01:23.629000,7.0,2.0,,,0 days 00:00:29.396000,0 days 00:00:18.176000,0 days 00:00:36.057000,0 days 00:35:11.244000,0 days 00:35:29.420000,0 days 00:36:05.477000,259.0,271.0,290.0,285.0,True,HARD,7.0,False,Williams,0 days 00:34:41.848000,,1,,False,,False,True
0 days 00:37:52.634000,SAI,55,0 days 00:01:47.157000,8.0,2.0,,,0 days 00:00:38.202000,0 days 00:00:24.560000,0 days 00:00:44.395000,0 days 00:36:43.679000,0 days 00:37:08.239000,0 days 00:37:52.634000,222.0,219.0,276.0,204.0,False,HARD,8.0,False,Williams,0 days 00:36:05.477000,,1,,False,,False,True
0 days 00:39:30.852000,SAI,55,0 days 00:01:38.218000,9.0,2.0,,,0 days 00:00:32.646000,0 days 00:00:21.005000,0 days 00:00:44.567000,0 days 00:38:25.280000,0 days 00:38:46.285000,0 days 00:39:30.852000,220.0,266.0,276.0,287.0,False,HARD,9.0,False,Williams,0 days 00:37:52.634000,,1,,False,,False,True
0 days 00:41:03.334000,SAI,55,0 days 00:01:32.482000,10.0,2.0,,,0 days 00:00:29.277000,0 days 00:00:18.209000,0 days 00:00:44.996000,0 days 00:40:00.129000,0 days 00:40:18.338000,0 days 00:41:03.334000,263.0,273.0,278.0,288.0,False,HARD,10.0,False,Williams,0 days 00:39:30.852000,,1,,True,TRACK LIMITS AT TURN 10 LAP 11 ,False,True
0 days 00:42:37.571000,SAI,55,0 days 00:01:34.237000,11.0,2.0,,,0 days 00:00:31.086000,0 days 00:00:19.433000,0 days 00:00:43.718000,0 days 00:41:34.420000,0 days 00:41:53.853000,0 days 00:42:37.571000,256.0,285.0,280.0,287.0,False,HARD,11.0,False,Williams,0 days 00:41:03.334000,,1,,False,,False,True
0 days 00:44:00.398000,SAI,55,0 days 00:01:22.827000,12.0,2.0,,,0 days 00:00:29.081000,0 days 00:00:18.119000,0 days 00:00:35.627000,0 days 00:43:06.652000,0 days 00:43:24.771000,0 days 00:44:00.398000,263.0,267.0,300.0,290.0,True,HARD,12.0,False,Williams,0 days 00:42:37.571000,,1,,False,,False,True
0 days 00:45:48.154000,SAI,55,0 days 00:01:47.756000,13.0,2.0,,,0 days 00:00:37.617000,0 days 00:00:24.845000,0 days 00:00:45.294000,0 days 00:44:38.015000,0 days 00:45:02.860000,0 days 00:45:48.154000,188.0,197.0,274.0,229.0,False,HARD,13.0,False,Williams,0 days 00:44:00.398000,,1,,False,,False,True
0 days 00:47:11.295000,SAI,55,0 days 00:01:23.141000,14.0,2.0,,,0 days 00:00:29.021000,0 days 00:00:18.178000,0 days 00:00:35.942000,0 days 00:46:17.175000,0 days 00:46:35.353000,0 days 00:47:11.295000,258.0,263.0,309.0,284.0,False,HARD,14.0,False,Williams,0 days 00:45:48.154000,,1,,True,TRACK LIMITS AT TURN 12 LAP 15 ,False,True
0 days 00:53:31.113000,SAI,55,,15.0,2.0,,0 days 00:48:55.238000,0 days 00:00:37.232000,0 days 00:00:26.195000,,0 days 00:47:48.775000,0 days 00:48:15.033000,,198.0,235.0,,245.0,False,HARD,15.0,False,Williams,0 days 00:47:11.295000,,1,,False,,False,False
0 days 00:55:19.370000,SAI,55,0 days 00:01:48.257000,16.0,3.0,0 days 00:53:33.154000,,0 days 00:00:42.304000,0 days 00:00:20.936000,0 days 00:00:45.017000,0 days 00:54:13.417000,0 days 00:54:34.353000,0 days 00:55:19.370000,246.0,269.0,277.0,141.0,False,SOFT,1.0,True,Williams,0 days 00:53:31.113000,,1,,False,,False,False
0 days 00:56:42.008000,SAI,55,0 days 00:01:22.638000,17.0,3.0,,,0 days 00:00:29.009000,0 days 00:00:18.089000,0 days 00:00:35.540000,0 days 00:55:48.379000,0 days 00:56:06.468000,0 days 00:56:42.008000,258.0,268.0,288.0,287.0,True,SOFT,2.0,True,Williams,0 days 00:55:19.370000,,1,,False,,False,True
0 days 00:58:43.728000,SAI,55,0 days 00:02:01.720000,18.0,3.0,,,0 days 00:00:40.614000,0 days 00:00:30.981000,0 days 00:00:50.125000,0 days 00:57:22.622000,0 days 00:57:53.603000,0 days 00:58:43.728000,165.0,165.0,270.0,186.0,False,SOFT,3.0,True,Williams,0 days 00:56:42.008000,,1,,False,,False,True
0 days 01:00:26.400000,SAI,55,0 days 00:01:42.672000,19.0,3.0,,,0 days 00:00:31.987000,0 days 00:00:23.545000,0 days 00:00:47.140000,0 days 00:59:15.715000,0 days 00:59:39.260000,0 days 01:00:26.400000,217.0,229.0,277.0,285.0,False,SOFT,4.0,True,Williams,0 days 00:58:43.728000,,1,,False,,False,True
0 days 01:01:48.723000,SAI,55,0 days 00:01:22.323000,20.0,3.0,,,0 days 00:00:28.868000,0 days 00:00:18.091000,0 days 00:00:35.364000,0 days 01:00:55.268000,0 days 01:01:13.359000,0 days 01:01:48.723000,260.0,268.0,292.0,289.0,True,SOFT,5.0,True,Williams,0 days 01:00:26.400000,,1,,False,,False,True
0 days 01:04:36.237000,SAI,55,,21.0,3.0,,0 days 01:03:27.773000,0 days 00:00:35.590000,0 days 00:00:21.918000,,0 days 01:02:24.569000,0 days 01:02:46.557000,,217.0,256.0,,232.0,False,SOFT,6.0,True,Williams,0 days 01:01:48.723000,,126,,False,,False,False
0 days 01:07:05.785000,SAI,55,0 days 00:02:29.548000,22.0,4.0,0 days 01:05:15.778000,,0 days 00:01:21.829000,0 days 00:00:26.674000,0 days 00:00:41.045000,0 days 01:05:58.066000,0 days 01:06:24.740000,0 days 01:07:05.785000,185.0,254.0,272.0,179.0,False,SOFT,7.0,False,Williams,0 days 01:04:36.237000,,671,,False,,False,False
0 days 01:08:32.590000,SAI,55,0 days 00:01:26.805000,23.0,4.0,,,0 days 00:00:29.708000,0 days 00:00:19.671000,0 days 00:00:37.426000,0 days 01:07:35.493000,0 days 01:07:55.164000,0 days 01:08:32.590000,259.0,283.0,270.0,280.0,False,SOFT,8.0,False,Williams,0 days 01:07:05.785000,,1,,False,,False,True
0 days 01:09:59.995000,SAI,55,0 days 00:01:27.405000,24.0,4.0,,,0 days 00:00:29.681000,0 days 00:00:19.609000,0 days 00:00:38.115000,0 days 01:09:02.271000,0 days 01:09:21.880000,0 days 01:09:59.995000,262.0,287.0,275.0,277.0,False,SOFT,9.0,False,Williams,0 days 01:08:32.590000,,1,,False,,False,True
0 days 01:11:26.253000,SAI,55,0 days 00:01:26.258000,25.0,4.0,,,0 days 00:00:29.805000,0 days 00:00:19.776000,0 days 00:00:36.677000,0 days 01:10:29.800000,0 days 01:10:49.576000,0 days 01:11:26.253000,256.0,288.0,273.0,275.0,False,SOFT,10.0,False,Williams,0 days 01:09:59.995000,,1,,False,,False,True
0 days 01:12:52.013000,SAI,55,0 days 00:01:25.760000,26.0,4.0,,,0 days 00:00:29.506000,0 days 00:00:19.769000,0 days 00:00:36.485000,0 days 01:11:55.759000,0 days 01:12:15.528000,0 days 01:12:52.013000,255.0,281.0,273.0,282.0,False,SOFT,11.0,False,Williams,0 days 01:11:26.253000,,1,,False,,False,True
0 days 01:14:17.579000,SAI,55,0 days 00:01:25.566000,27.0,4.0,,,0 days 00:00:29.433000,0 days 00:00:19.648000,0 days 00:00:36.485000,0 days 01:13:21.446000,0 days 01:13:41.094000,0 days 01:14:17.579000,255.0,282.0,272.0,283.0,False,SOFT,12.0,False,Williams,0 days 01:12:52.013000,,1,,False,,False,True
0 days 01:15:43.390000,SAI,55,0 days 00:01:25.811000,28.0,4.0,,,0 days 00:00:29.730000,0 days 00:00:19.615000,0 days 00:00:36.466000,0 days 01:14:47.309000,0 days 01:15:06.924000,0 days 01:15:43.390000,259.0,283.0,271.0,277.0,False,SOFT,13.0,False,Williams,0 days 01:14:17.579000,,1,,False,,False,True
0 days 01:18:45.440000,SAI,55,,29.0,4.0,,,0 days 00:00:43.444000,0 days 00:00:32.070000,,0 days 01:16:27.144000,0 days 01:16:59.159000,,164.0,122.0,141.0,201.0,False,SOFT,14.0,False,Williams,0 days 01:15:43.390000,,1,,False,,False,False
0 days 01:20:25.446000,SAI,55,,30.0,4.0,,0 days 01:20:25.446000,0 days 00:00:34.784000,0 days 00:00:23.739000,,0 days 01:19:20.281000,0 days 01:19:44.093000,,192.0,269.0,,257.0,False,SOFT,15.0,False,Williams,0 days 01:18:45.440000,,1,,False,,False,False
0 days 00:18:46.902000,RUS,63,,1.0,1.0,0 days 00:16:41.068000,,,0 days 00:00:20.577000,0 days 00:00:45.715000,,0 days 00:18:01.433000,0 days 00:18:47.058000,208.0,285.0,206.0,126.0,False,MEDIUM,1.0,True,Mercedes,0 days 00:16:41.068000,,126,,False,,False,False
0 days 00:20:38.112000,RUS,63,0 days 00:01:51.210000,2.0,1.0,,,0 days 00:00:41.845000,0 days 00:00:25.581000,0 days 00:00:43.784000,0 days 00:19:28.747000,0 days 00:19:54.328000,0 days 00:20:38.112000,235.0,245.0,271.0,118.0,True,MEDIUM,2.0,True,Mercedes,0 days 00:18:46.902000,,671,,False,,False,False
0 days 00:22:04.595000,RUS,63,0 days 00:01:26.483000,3.0,1.0,,,0 days 00:00:30.317000,0 days 00:00:18.527000,0 days 00:00:37.639000,0 days 00:21:08.429000,0 days 00:21:26.956000,0 days 00:22:04.595000,245.0,287.0,279.0,280.0,True,MEDIUM,3.0,True,Mercedes,0 days 00:20:38.112000,,1,,False,,False,True
0 days 00:24:03.020000,RUS,63,0 days 00:01:58.425000,4.0,1.0,,,0 days 00:00:41.816000,0 days 00:00:27.834000,0 days 00:00:48.775000,0 days 00:22:46.411000,0 days 00:23:14.245000,0 days 00:24:03.020000,177.0,150.0,272.0,216.0,False,MEDIUM,4.0,True,Mercedes,0 days 00:22:04.595000,,1,,True,TRACK LIMITS AT TURN 9 LAP 5 ,False,True
0 days 00:25:28.198000,RUS,63,0 days 00:01:25.178000,5.0,1.0,,,0 days 00:00:30.154000,0 days 00:00:18.325000,0 days 00:00:36.699000,0 days 00:24:33.174000,0 days 00:24:51.499000,0 days 00:25:28.198000,248.0,283.0,290.0,281.0,True,MEDIUM,5.0,True,Mercedes,0 days 00:24:03.020000,,1,,False,,False,True
0 days 00:27:21.817000,RUS,63,0 days 00:01:53.619000,6.0,1.0,,,0 days 00:00:41.873000,0 days 00:00:26.536000,0 days 00:00:45.210000,0 days 00:26:10.071000,0 days 00:26:36.607000,0 days 00:27:21.817000,202.0,156.0,273.0,186.0,False,MEDIUM,6.0,True,Mercedes,0 days 00:25:28.198000,,1,,False,,False,True
0 days 00:28:45.695000,RUS,63,0 days 00:01:23.878000,7.0,1.0,,,0 days 00:00:29.405000,0 days 00:00:18.280000,0 days 00:00:36.193000,0 days 00:27:51.222000,0 days 00:28:09.502000,0 days 00:28:45.695000,259.0,267.0,287.0,290.0,True,MEDIUM,7.0,True,Mercedes,0 days 00:27:21.817000,,1,,False,,False,True
0 days 00:30:39.955000,RUS,63,0 days 00:01:54.260000,8.0,1.0,,,0 days 00:00:38.528000,0 days 00:00:25.888000,0 days 00:00:49.844000,0 days 00:29:24.223000,0 days 00:29:50.111000,0 days 00:30:39.955000,191.0,228.0,272.0,220.0,False,MEDIUM,8.0,True,Mercedes,0 days 00:28:45.695000,,1,,False,,False,True
0 days 00:32:02.661000,RUS,63,0 days 00:01:22.706000,9.0,1.0,,,0 days 00:00:28.924000,0 days 00:00:18.142000,0 days 00:00:35.640000,0 days 00:31:08.879000,0 days 00:31:27.021000,0 days 00:32:02.661000,277.0,264.0,293.0,295.0,True,MEDIUM,9.0,True,Mercedes,0 days 00:30:39.955000,,1,,False,,False,True
0 days 00:33:50.505000,RUS,63,0 days 00:01:47.844000,10.0,1.0,,0 days 00:33:38.737000,0 days 00:00:32.652000,0 days 00:00:21.762000,0 days 00:00:53.430000,0 days 00:32:35.313000,0 days 00:32:57.075000,0 days 00:33:50.505000,243.0,247.0,,256.0,False,MEDIUM,10.0,True,Mercedes,0 days 00:32:02.661000,,1,,False,,False,False
0 days 00:42:37.102000,RUS,63,,11.0,2.0,0 days 00:34:27.408000,0 days 00:36:08.327000,0 days 00:01:16.039000,0 days 00:00:19.955000,,0 days 00:35:06.818000,0 days 00:35:26.791000,,256.0,290.0,,181.0,False,MEDIUM,11.0,False,Mercedes,0 days 00:33:50.505000,,1,,False,,False,False
0 days 00:44:45.901000,RUS,63,0 days 00:02:08.799000,12.0,3.0,0 days 00:42:40.307000,,0 days 00:01:08.161000,0 days 00:00:19.160000,0 days 00:00:41.478000,0 days 00:43:45.263000,0 days 00:44:04.423000,0 days 00:44:45.901000,250.0,286.0,276.0,188.0,False,SOFT,1.0,True,Mercedes,0 days 00:42:37.102000,,1,,False,,False,False
0 days 00:46:08.018000,RUS,63,0 days 00:01:22.117000,13.0,3.0,,,0 days 00:00:28.591000,0 days 00:00:18.063000,0 days 00:00:35.463000,0 days 00:45:14.492000,0 days 00:45:32.555000,0 days 00:46:08.018000,269.0,265.0,292.0,295.0,True,SOFT,2.0,True,Mercedes,0 days 00:44:45.901000,,1,,False,,False,True
0 days 00:48:27.426000,RUS,63,0 days 00:02:19.408000,14.0,3.0,,0 days 00:48:07.232000,0 days 00:00:43.564000,0 days 00:00:28.427000,0 days 00:01:07.417000,0 days 00:46:51.582000,0 days 00:47:20.009000,0 days 00:48:27.426000,158.0,212.0,,196.0,False,SOFT,3.0,True,Mercedes,0 days 00:46:08.018000,,1,,False,,False,False
0 days 00:50:23.262000,RUS,63,0 days 00:01:55.836000,15.0,4.0,0 days 00:48:29.645000,,0 days 00:00:43.871000,0 days 00:00:25.012000,0 days 00:00:46.953000,0 days 00:49:11.297000,0 days 00:49:36.309000,0 days 00:50:23.262000,225.0,162.0,277.0,224.0,False,SOFT,4.0,False,Mercedes,0 days 00:48:27.426000,,1,,False,,False,False
0 days 00:51:44.633000,RUS,63,0 days 00:01:21.371000,16.0,4.0,,,0 days 00:00:28.517000,0 days 00:00:17.870000,0 days 00:00:34.984000,0 days 00:50:51.779000,0 days 00:51:09.649000,0 days 00:51:44.633000,271.0,271.0,297.0,299.0,True,SOFT,5.0,False,Mercedes,0 days 00:50:23.262000,,1,,False,,False,True
0 days 01:03:31.375000,RUS,63,,17.0,4.0,,0 days 00:53:17.782000,0 days 00:00:35.179000,0 days 00:00:21.146000,,0 days 00:52:20.079000,0 days 00:52:41.507000,,122.0,283.0,,231.0,False,SOFT,6.0,False,Mercedes,0 days 00:51:44.633000,,12,,False,,False,False
0 days 01:05:58.840000,RUS,63,,18.0,5.0,0 days 01:03:31.375000,,0 days 00:01:12.861000,0 days 00:00:27.210000,0 days 00:00:49.961000,0 days 01:04:41.904000,0 days 01:05:09.051000,0 days 01:05:58.874000,197.0,234.0,267.0,188.0,False,MEDIUM,12.0,False,Mercedes,0 days 01:03:31.375000,,26,,False,,False,False
0 days 01:07:35.997000,RUS,63,0 days 00:01:37.157000,19.0,5.0,,,0 days 00:00:39.391000,0 days 00:00:19.862000,0 days 00:00:37.904000,0 days 01:06:38.231000,0 days 01:06:58.093000,0 days 01:07:35.997000,217.0,284.0,283.0,245.0,False,MEDIUM,13.0,False,Mercedes,0 days 01:05:58.840000,,671,,False,,False,False
0 days 01:09:01.202000,RUS,63,0 days 00:01:25.205000,20.0,5.0,,,0 days 00:00:29.828000,0 days 00:00:18.486000,0 days 00:00:36.891000,0 days 01:08:05.825000,0 days 01:08:24.311000,0 days 01:09:01.202000,251.0,268.0,275.0,266.0,False,MEDIUM,14.0,False,Mercedes,0 days 01:07:35.997000,,1,,False,,False,True
0 days 01:10:25.632000,RUS,63,0 days 00:01:24.430000,21.0,5.0,,,0 days 00:00:29.530000,0 days 00:00:18.506000,0 days 00:00:36.394000,0 days 01:09:30.732000,0 days 01:09:49.238000,0 days 01:10:25.632000,275.0,268.0,287.0,262.0,False,MEDIUM,15.0,False,Mercedes,0 days 01:09:01.202000,,1,,False,,False,True
0 days 01:11:49.925000,RUS,63,0 days 00:01:24.293000,22.0,5.0,,,0 days 00:00:29.631000,0 days 00:00:18.371000,0 days 00:00:36.291000,0 days 01:10:55.263000,0 days 01:11:13.634000,0 days 01:11:49.925000,267.0,282.0,289.0,275.0,False,MEDIUM,16.0,False,Mercedes,0 days 01:10:25.632000,,1,,False,,False,True
0 days 01:13:31.300000,RUS,63,0 days 00:01:41.375000,23.0,5.0,,0 days 01:13:13.828000,0 days 00:00:29.744000,0 days 00:00:18.409000,0 days 00:00:53.222000,0 days 01:12:19.669000,0 days 01:12:38.078000,0 days 01:13:31.300000,257.0,280.0,,282.0,False,MEDIUM,17.0,False,Mercedes,0 days 01:11:49.925000,,1,,False,,False,False
0 days 01:15:31.225000,RUS,63,0 days 00:01:59.925000,24.0,6.0,0 days 01:13:34.425000,,0 days 00:01:02.701000,0 days 00:00:18.874000,0 days 00:00:38.350000,0 days 01:14:34.001000,0 days 01:14:52.875000,0 days 01:15:31.225000,257.0,264.0,282.0,215.0,False,SOFT,7.0,False,Mercedes,0 days 01:13:31.300000,,1,,False,,False,False
0 days 01:17:59.656000,RUS,63,0 days 00:02:28.431000,25.0,6.0,,,0 days 00:00:29.340000,0 days 00:00:18.494000,,0 days 01:16:00.565000,0 days 01:16:19.059000,,276.0,246.0,3.0,270.0,False,SOFT,8.0,False,Mercedes,0 days 01:15:31.225000,,1,,False,,False,False
0 days 01:19:29.738000,RUS,63,,26.0,6.0,,0 days 01:19:29.738000,0 days 00:00:32.256000,0 days 00:00:19.624000,,0 days 01:18:32.066000,0 days 01:18:51.621000,,253.0,255.0,,249.0,False,SOFT,9.0,False,Mercedes,0 days 01:17:59.656000,,1,,False,,False,False
0 days 00:31:13.633000,BOT,77,0 days 00:01:58.679000,1.0,1.0,0 days 00:29:16.840000,,0 days 00:00:52.863000,0 days 00:00:22.216000,0 days 00:00:43.600000,0 days 00:30:07.975000,0 days 00:30:30.248000,0 days 00:31:13.768000,215.0,266.0,283.0,119.0,False,MEDIUM,1.0,True,Cadillac,0 days 00:29:16.840000,,1,,False,,False,False
0 days 00:32:43.602000,BOT,77,0 days 00:01:29.969000,2.0,1.0,,,0 days 00:00:31.511000,0 days 00:00:19.893000,0 days 00:00:38.565000,0 days 00:31:45.144000,0 days 00:32:05.037000,0 days 00:32:43.602000,271.0,280.0,286.0,267.0,True,MEDIUM,2.0,True,Cadillac,0 days 00:31:13.633000,,1,,False,,False,True
0 days 00:34:28.227000,BOT,77,0 days 00:01:44.625000,3.0,1.0,,,0 days 00:00:35.441000,0 days 00:00:21.388000,0 days 00:00:47.796000,0 days 00:33:19.043000,0 days 00:33:40.431000,0 days 00:34:28.227000,213.0,273.0,279.0,209.0,False,MEDIUM,3.0,True,Cadillac,0 days 00:32:43.602000,,1,,False,,False,True
0 days 00:37:19.018000,BOT,77,,4.0,1.0,,0 days 00:36:14.331000,0 days 00:00:30.156000,0 days 00:00:18.605000,,0 days 00:34:58.528000,0 days 00:35:17.144000,,268.0,285.0,,290.0,False,MEDIUM,4.0,True,Cadillac,0 days 00:34:28.227000,,1,,False,,False,False
0 days 00:39:10.961000,BOT,77,0 days 00:01:51.943000,5.0,2.0,0 days 00:37:21.050000,,0 days 00:00:44.720000,0 days 00:00:21.033000,0 days 00:00:46.190000,0 days 00:38:03.738000,0 days 00:38:24.771000,0 days 00:39:10.961000,267.0,244.0,286.0,97.0,False,MEDIUM,5.0,False,Cadillac,0 days 00:37:19.018000,,1,,False,,False,False
0 days 00:40:37.032000,BOT,77,0 days 00:01:26.071000,6.0,2.0,,,0 days 00:00:30.051000,0 days 00:00:18.718000,0 days 00:00:37.302000,0 days 00:39:41.012000,0 days 00:39:59.730000,0 days 00:40:37.032000,270.0,277.0,300.0,304.0,True,MEDIUM,6.0,False,Cadillac,0 days 00:39:10.961000,,1,,False,,False,True
0 days 00:42:29.732000,BOT,77,0 days 00:01:52.700000,7.0,2.0,,,0 days 00:00:37.009000,0 days 00:00:28.165000,0 days 00:00:47.526000,0 days 00:41:14.041000,0 days 00:41:42.206000,0 days 00:42:29.732000,140.0,169.0,286.0,256.0,False,MEDIUM,7.0,False,Cadillac,0 days 00:40:37.032000,,1,,False,,False,True
0 days 00:43:55.191000,BOT,77,0 days 00:01:25.459000,8.0,2.0,,,0 days 00:00:30,0 days 00:00:18.516000,0 days 00:00:36.943000,0 days 00:42:59.732000,0 days 00:43:18.248000,0 days 00:43:55.191000,225.0,296.0,299.0,301.0,True,MEDIUM,8.0,False,Cadillac,0 days 00:42:29.732000,,1,,False,,False,True
0 days 00:52:21.555000,BOT,77,,9.0,2.0,,0 days 00:45:32.696000,0 days 00:00:35.821000,0 days 00:00:20.967000,,0 days 00:44:31.293000,0 days 00:44:52.141000,,232.0,274.0,,219.0,False,MEDIUM,9.0,False,Cadillac,0 days 00:43:55.191000,,1,,False,,False,False
0 days 00:54:07.649000,BOT,77,0 days 00:01:46.094000,10.0,3.0,0 days 00:52:23.732000,,0 days 00:00:40.006000,0 days 00:00:20.780000,0 days 00:00:45.308000,0 days 00:53:01.561000,0 days 00:53:22.341000,0 days 00:54:07.649000,237.0,276.0,285.0,170.0,False,SOFT,1.0,True,Cadillac,0 days 00:52:21.555000,,1,,False,,False,False
0 days 00:55:32.635000,BOT,77,0 days 00:01:24.986000,11.0,3.0,,,0 days 00:00:29.775000,0 days 00:00:18.640000,0 days 00:00:36.571000,0 days 00:54:37.424000,0 days 00:54:56.064000,0 days 00:55:32.635000,246.0,302.0,300.0,293.0,True,SOFT,2.0,True,Cadillac,0 days 00:54:07.649000,,1,,False,,False,True
0 days 00:57:48.327000,BOT,77,0 days 00:02:15.692000,12.0,3.0,,,0 days 00:00:42.725000,0 days 00:00:27.430000,0 days 00:01:05.537000,0 days 00:56:15.360000,0 days 00:56:42.790000,0 days 00:57:48.327000,89.0,261.0,278.0,226.0,False,SOFT,3.0,True,Cadillac,0 days 00:55:32.635000,,1,,False,,False,True
0 days 00:59:35.990000,BOT,77,0 days 00:01:47.663000,13.0,3.0,,,0 days 00:00:35.484000,0 days 00:00:24.217000,0 days 00:00:47.962000,0 days 00:58:23.811000,0 days 00:58:48.028000,0 days 00:59:35.990000,159.0,250.0,281.0,298.0,False,SOFT,4.0,True,Cadillac,0 days 00:57:48.327000,,1,,False,,False,True
0 days 01:01:11.742000,BOT,77,0 days 00:01:35.752000,14.0,3.0,,,0 days 00:00:32.444000,0 days 00:00:21.275000,0 days 00:00:42.033000,0 days 01:00:08.434000,0 days 01:00:29.709000,0 days 01:01:11.742000,235.0,273.0,283.0,302.0,False,SOFT,5.0,True,Cadillac,0 days 00:59:35.990000,,1,,False,,False,True
0 days 01:02:36.577000,BOT,77,0 days 00:01:24.835000,15.0,3.0,,,0 days 00:00:29.808000,0 days 00:00:18.335000,0 days 00:00:36.692000,0 days 01:01:41.550000,0 days 01:01:59.885000,0 days 01:02:36.577000,238.0,292.0,302.0,302.0,True,SOFT,6.0,True,Cadillac,0 days 01:01:11.742000,,1,,False,,False,True
0 days 01:04:36.028000,BOT,77,0 days 00:01:59.451000,16.0,3.0,,,0 days 00:00:36.892000,0 days 00:00:27.847000,0 days 00:00:54.712000,0 days 01:03:13.469000,0 days 01:03:41.316000,0 days 01:04:36.028000,137.0,190.0,225.0,236.0,False,SOFT,7.0,True,Cadillac,0 days 01:02:36.577000,,126,,False,,False,False
0 days 01:06:50.021000,BOT,77,0 days 00:02:13.993000,17.0,3.0,,,0 days 00:00:39.906000,0 days 00:00:27.353000,0 days 00:01:06.734000,0 days 01:05:15.934000,0 days 01:05:43.287000,0 days 01:06:50.021000,208.0,153.0,283.0,199.0,False,SOFT,8.0,True,Cadillac,0 days 01:04:36.028000,,671,,False,,False,False
0 days 01:08:14.692000,BOT,77,0 days 00:01:24.671000,18.0,3.0,,,0 days 00:00:29.961000,0 days 00:00:18.168000,0 days 00:00:36.542000,0 days 01:07:19.982000,0 days 01:07:38.150000,0 days 01:08:14.692000,243.0,295.0,306.0,299.0,True,SOFT,9.0,True,Cadillac,0 days 01:06:50.021000,,1,,False,,False,True
0 days 01:10:15.453000,BOT,77,0 days 00:02:00.761000,19.0,3.0,,,0 days 00:00:44.350000,0 days 00:00:34.066000,0 days 00:00:42.345000,0 days 01:08:59.042000,0 days 01:09:33.108000,0 days 01:10:15.453000,114.0,282.0,291.0,217.0,False,SOFT,10.0,True,Cadillac,0 days 01:08:14.692000,,1,,False,,False,True
0 days 01:11:40.923000,BOT,77,0 days 00:01:25.470000,20.0,3.0,,,0 days 00:00:30.099000,0 days 00:00:18.187000,0 days 00:00:37.184000,0 days 01:10:45.552000,0 days 01:11:03.739000,0 days 01:11:40.923000,242.0,301.0,296.0,310.0,False,SOFT,11.0,True,Cadillac,0 days 01:10:15.453000,,1,,False,,False,True
0 days 01:13:44.212000,BOT,77,0 days 00:02:03.289000,21.0,3.0,,,0 days 00:00:46.849000,0 days 00:00:22.100000,0 days 00:00:54.340000,0 days 01:12:27.772000,0 days 01:12:49.872000,0 days 01:13:44.212000,227.0,256.0,279.0,269.0,False,SOFT,12.0,True,Cadillac,0 days 01:11:40.923000,,1,,False,,False,True
0 days 01:15:08.234000,BOT,77,0 days 00:01:24.022000,22.0,3.0,,,0 days 00:00:29.486000,0 days 00:00:18.053000,0 days 00:00:36.483000,0 days 01:14:13.698000,0 days 01:14:31.751000,0 days 01:15:08.234000,254.0,294.0,301.0,300.0,True,SOFT,13.0,True,Cadillac,0 days 01:13:44.212000,,1,,False,,False,True
0 days 01:17:21.164000,BOT,77,0 days 00:02:12.930000,23.0,3.0,,,0 days 00:00:39.318000,0 days 00:00:26.830000,0 days 00:01:06.782000,0 days 01:15:47.552000,0 days 01:16:14.382000,0 days 01:17:21.164000,178.0,259.0,38.0,228.0,False,SOFT,14.0,True,Cadillac,0 days 01:15:08.234000,,1,,False,,False,True
0 days 01:19:22.754000,BOT,77,,24.0,3.0,,0 days 01:19:22.754000,0 days 00:00:57.463000,0 days 00:00:20.722000,,0 days 01:18:18.805000,0 days 01:18:39.584000,,258.0,282.0,,238.0,False,SOFT,15.0,True,Cadillac,0 days 01:17:21.164000,,1,,False,,False,False
0 days 00:19:59.869000,PIA,81,,1.0,1.0,0 days 00:16:05.686000,,,0 days 00:00:36.712000,0 days 00:01:13.134000,,0 days 00:18:46.881000,0 days 00:19:59.935000,137.0,67.0,256.0,33.0,False,MEDIUM,1.0,True,McLaren,0 days 00:16:05.686000,,1267,,False,,False,False
0 days 00:21:34.646000,PIA,81,0 days 00:01:34.777000,2.0,1.0,,,0 days 00:00:33.636000,0 days 00:00:20.497000,0 days 00:00:40.644000,0 days 00:20:33.505000,0 days 00:20:54.002000,0 days 00:21:34.646000,249.0,284.0,271.0,207.0,True,MEDIUM,2.0,True,McLaren,0 days 00:19:59.869000,,1,,False,,False,True
0 days 00:35:06.094000,PIA,81,,3.0,1.0,,0 days 00:23:04.388000,0 days 00:00:30.774000,0 days 00:00:19.872000,,0 days 00:22:05.629000,0 days 00:22:25.431000,,263.0,284.0,,244.0,False,MEDIUM,3.0,True,McLaren,0 days 00:21:34.646000,,1,,False,,False,False
0 days 00:36:49.830000,PIA,81,0 days 00:01:43.736000,4.0,2.0,0 days 00:35:08.371000,,0 days 00:00:43.544000,0 days 00:00:20.443000,0 days 00:00:39.749000,0 days 00:35:49.638000,0 days 00:36:10.081000,0 days 00:36:49.830000,249.0,276.0,295.0,155.0,False,MEDIUM,4.0,False,McLaren,0 days 00:35:06.094000,,1,,False,,False,False
0 days 00:38:14.488000,PIA,81,0 days 00:01:24.658000,5.0,2.0,,,0 days 00:00:29.280000,0 days 00:00:18.880000,0 days 00:00:36.498000,0 days 00:37:19.110000,0 days 00:37:37.990000,0 days 00:38:14.488000,272.0,288.0,295.0,276.0,True,MEDIUM,5.0,False,McLaren,0 days 00:36:49.830000,,1,,False,,False,True
0 days 00:39:56.551000,PIA,81,0 days 00:01:42.063000,6.0,2.0,,,0 days 00:00:31.030000,0 days 00:00:20.324000,0 days 00:00:50.709000,0 days 00:38:45.518000,0 days 00:39:05.842000,0 days 00:39:56.551000,245.0,286.0,293.0,288.0,False,MEDIUM,6.0,False,McLaren,0 days 00:38:14.488000,,1,,False,,False,True
0 days 00:41:18.953000,PIA,81,0 days 00:01:22.402000,7.0,2.0,,,0 days 00:00:28.869000,0 days 00:00:18.084000,0 days 00:00:35.449000,0 days 00:40:25.420000,0 days 00:40:43.504000,0 days 00:41:18.953000,240.0,299.0,292.0,281.0,True,MEDIUM,7.0,False,McLaren,0 days 00:39:56.551000,,1,,False,,False,True
0 days 00:49:57.631000,PIA,81,,8.0,2.0,,0 days 00:43:11.102000,0 days 00:00:41.133000,0 days 00:00:26.892000,,0 days 00:42:00.375000,0 days 00:42:27.280000,,187.0,185.0,,224.0,False,MEDIUM,8.0,False,McLaren,0 days 00:41:18.953000,,1,,False,,False,False
0 days 00:51:43.798000,PIA,81,0 days 00:01:46.167000,9.0,3.0,0 days 00:49:59.720000,,0 days 00:00:39.817000,0 days 00:00:20.532000,0 days 00:00:45.818000,0 days 00:50:37.448000,0 days 00:50:57.980000,0 days 00:51:43.798000,249.0,277.0,286.0,169.0,False,MEDIUM,9.0,False,McLaren,0 days 00:49:57.631000,,1,,False,,False,False
0 days 00:53:05.753000,PIA,81,0 days 00:01:21.955000,10.0,3.0,,,0 days 00:00:28.750000,0 days 00:00:17.928000,0 days 00:00:35.277000,0 days 00:52:12.548000,0 days 00:52:30.476000,0 days 00:53:05.753000,236.0,295.0,291.0,287.0,True,MEDIUM,10.0,False,McLaren,0 days 00:51:43.798000,,1,,False,,False,True
0 days 00:55:12.874000,PIA,81,0 days 00:02:07.121000,11.0,3.0,,,0 days 00:00:41.479000,0 days 00:00:24.891000,0 days 00:01:00.751000,0 days 00:53:47.232000,0 days 00:54:12.123000,0 days 00:55:12.874000,198.0,208.0,286.0,193.0,False,MEDIUM,11.0,False,McLaren,0 days 00:53:05.753000,,1,,False,,False,True
0 days 00:56:34.812000,PIA,81,0 days 00:01:21.938000,12.0,3.0,,,0 days 00:00:28.735000,0 days 00:00:17.988000,0 days 00:00:35.215000,0 days 00:55:41.609000,0 days 00:55:59.597000,0 days 00:56:34.812000,237.0,295.0,296.0,287.0,True,MEDIUM,12.0,False,McLaren,0 days 00:55:12.874000,,1,,False,,False,True
0 days 01:06:29.088000,PIA,81,,13.0,3.0,,0 days 00:58:08.197000,0 days 00:00:35.784000,0 days 00:00:20.521000,,0 days 00:57:10.807000,0 days 00:57:31.312000,,240.0,278.0,,226.0,False,MEDIUM,13.0,False,McLaren,0 days 00:56:34.812000,,1267,,False,,False,False
0 days 01:08:14.338000,PIA,81,0 days 00:01:45.250000,14.0,4.0,0 days 01:06:32.001000,,0 days 00:00:41.972000,0 days 00:00:20.303000,0 days 00:00:42.975000,0 days 01:07:11.060000,0 days 01:07:31.363000,0 days 01:08:14.338000,250.0,280.0,288.0,151.0,False,SOFT,1.0,True,McLaren,0 days 01:06:29.088000,,71,,False,,False,False
0 days 01:09:36.062000,PIA,81,0 days 00:01:21.724000,15.0,4.0,,,0 days 00:00:28.742000,0 days 00:00:17.879000,0 days 00:00:35.103000,0 days 01:08:43.080000,0 days 01:09:00.959000,0 days 01:09:36.062000,250.0,300.0,288.0,277.0,True,SOFT,2.0,True,McLaren,0 days 01:08:14.338000,,1,,False,,False,True
0 days 01:11:44.294000,PIA,81,0 days 00:02:08.232000,16.0,4.0,,,0 days 00:00:41.239000,0 days 00:00:25.907000,0 days 00:01:01.086000,0 days 01:10:17.301000,0 days 01:10:43.208000,0 days 01:11:44.294000,183.0,225.0,223.0,189.0,False,SOFT,3.0,True,McLaren,0 days 01:09:36.062000,,1,,False,,False,True
0 days 01:13:29.492000,PIA,81,0 days 00:01:45.198000,17.0,4.0,,,0 days 00:00:40.246000,0 days 00:00:23.785000,0 days 00:00:41.167000,0 days 01:12:24.540000,0 days 01:12:48.325000,0 days 01:13:29.492000,217.0,205.0,290.0,254.0,False,SOFT,4.0,True,McLaren,0 days 01:11:44.294000,,1,,False,,False,True
0 days 01:14:50.834000,PIA,81,0 days 00:01:21.342000,18.0,4.0,,,0 days 00:00:28.166000,0 days 00:00:18.287000,0 days 00:00:34.889000,0 days 01:13:57.658000,0 days 01:14:15.945000,0 days 01:14:50.834000,279.0,276.0,295.0,294.0,True,SOFT,5.0,True,McLaren,0 days 01:13:29.492000,,1,,False,,False,True
0 days 01:16:17.137000,PIA,81,0 days 00:01:26.303000,19.0,4.0,,,0 days 00:00:30.386000,0 days 00:00:19.376000,0 days 00:00:36.541000,0 days 01:15:21.220000,0 days 01:15:40.596000,0 days 01:16:17.137000,263.0,277.0,284.0,276.0,False,SOFT,6.0,True,McLaren,0 days 01:14:50.834000,,1,,False,,False,True
0 days 01:19:09.632000,PIA,81,,20.0,4.0,,,0 days 00:00:36.808000,0 days 00:00:23.542000,,0 days 01:16:54.109000,0 days 01:17:17.681000,,187.0,302.0,131.0,266.0,False,SOFT,7.0,True,McLaren,0 days 01:16:17.137000,,1,,False,,False,False
0 days 01:20:40.566000,PIA,81,,21.0,4.0,,0 days 01:20:40.566000,0 days 00:00:31.633000,0 days 00:00:18.827000,,0 days 01:19:41.459000,0 days 01:20:00.244000,,250.0,269.0,,240.0,False,SOFT,8.0,True,McLaren,0 days 01:19:09.632000,,1,,False,,False,False
0 days 00:17:09.144000,BEA,87,,1.0,1.0,0 days 00:15:16.706000,,,0 days 00:00:21.976000,0 days 00:00:48.452000,,0 days 00:16:20.898000,0 days 00:17:09.331000,228.0,257.0,263.0,152.0,False,MEDIUM,1.0,True,Haas F1 Team,0 days 00:15:16.706000,,1,,False,,False,False
0 days 00:19:05.419000,BEA,87,0 days 00:01:56.275000,2.0,1.0,,,0 days 00:00:32.035000,0 days 00:00:21.905000,0 days 00:01:02.335000,0 days 00:17:41.179000,0 days 00:18:03.084000,0 days 00:19:05.419000,246.0,206.0,195.0,261.0,True,MEDIUM,2.0,True,Haas F1 Team,0 days 00:17:09.144000,,126,,False,,False,False
0 days 00:20:53.880000,BEA,87,0 days 00:01:48.461000,3.0,1.0,,,0 days 00:00:43.612000,0 days 00:00:21.376000,0 days 00:00:43.473000,0 days 00:19:49.031000,0 days 00:20:10.407000,0 days 00:20:53.880000,234.0,276.0,269.0,134.0,True,MEDIUM,3.0,True,Haas F1 Team,0 days 00:19:05.419000,,671,,False,,False,False
0 days 00:22:20.613000,BEA,87,0 days 00:01:26.733000,4.0,1.0,,,0 days 00:00:30.396000,0 days 00:00:18.529000,0 days 00:00:37.808000,0 days 00:21:24.276000,0 days 00:21:42.805000,0 days 00:22:20.613000,270.0,281.0,293.0,286.0,True,MEDIUM,4.0,True,Haas F1 Team,0 days 00:20:53.880000,,1,,False,,False,True
0 days 00:24:18.072000,BEA,87,0 days 00:01:57.459000,5.0,1.0,,,0 days 00:00:52.994000,0 days 00:00:22.033000,0 days 00:00:42.432000,0 days 00:23:13.607000,0 days 00:23:35.640000,0 days 00:24:18.072000,185.0,275.0,269.0,84.0,False,MEDIUM,5.0,True,Haas F1 Team,0 days 00:22:20.613000,,1,,False,,False,True
0 days 00:25:43.070000,BEA,87,0 days 00:01:24.998000,6.0,1.0,,,0 days 00:00:30.019000,0 days 00:00:18.276000,0 days 00:00:36.703000,0 days 00:24:48.091000,0 days 00:25:06.367000,0 days 00:25:43.070000,251.0,284.0,296.0,293.0,True,MEDIUM,6.0,True,Haas F1 Team,0 days 00:24:18.072000,,1,,False,,False,True
0 days 00:27:47.834000,BEA,87,0 days 00:02:04.764000,7.0,1.0,,,0 days 00:00:50.961000,0 days 00:00:29.541000,0 days 00:00:44.262000,0 days 00:26:34.031000,0 days 00:27:03.572000,0 days 00:27:47.834000,148.0,195.0,266.0,187.0,False,MEDIUM,7.0,True,Haas F1 Team,0 days 00:25:43.070000,,1,,False,,False,True
0 days 00:29:12.340000,BEA,87,0 days 00:01:24.506000,8.0,1.0,,,0 days 00:00:29.809000,0 days 00:00:18.396000,0 days 00:00:36.301000,0 days 00:28:17.643000,0 days 00:28:36.039000,0 days 00:29:12.340000,243.0,279.0,300.0,291.0,True,MEDIUM,8.0,True,Haas F1 Team,0 days 00:27:47.834000,,1,,False,,False,True
0 days 00:31:25.607000,BEA,87,0 days 00:02:13.267000,9.0,1.0,,,0 days 00:00:55.378000,0 days 00:00:32.090000,0 days 00:00:45.799000,0 days 00:30:07.718000,0 days 00:30:39.808000,0 days 00:31:25.607000,146.0,122.0,271.0,107.0,False,MEDIUM,9.0,True,Haas F1 Team,0 days 00:29:12.340000,,1,,False,,False,True
0 days 00:32:49.348000,BEA,87,0 days 00:01:23.741000,10.0,1.0,,,0 days 00:00:29.253000,0 days 00:00:18.421000,0 days 00:00:36.067000,0 days 00:31:54.860000,0 days 00:32:13.281000,0 days 00:32:49.348000,272.0,275.0,302.0,296.0,True,MEDIUM,10.0,True,Haas F1 Team,0 days 00:31:25.607000,,1,,False,,False,True
0 days 00:34:52.240000,BEA,87,0 days 00:02:02.892000,11.0,1.0,,,0 days 00:00:46.799000,0 days 00:00:28.706000,0 days 00:00:47.387000,0 days 00:33:36.147000,0 days 00:34:04.853000,0 days 00:34:52.240000,153.0,192.0,271.0,220.0,False,MEDIUM,11.0,True,Haas F1 Team,0 days 00:32:49.348000,,1,,False,,False,True
0 days 00:36:15.335000,BEA,87,0 days 00:01:23.095000,12.0,1.0,,,0 days 00:00:29.043000,0 days 00:00:18.204000,0 days 00:00:35.848000,0 days 00:35:21.283000,0 days 00:35:39.487000,0 days 00:36:15.335000,279.0,276.0,303.0,297.0,True,MEDIUM,12.0,True,Haas F1 Team,0 days 00:34:52.240000,,1,,False,,False,True
0 days 00:38:21.986000,BEA,87,0 days 00:02:06.651000,13.0,1.0,,,0 days 00:00:49.799000,0 days 00:00:31.417000,0 days 00:00:45.435000,0 days 00:37:05.134000,0 days 00:37:36.551000,0 days 00:38:21.986000,150.0,131.0,268.0,205.0,False,MEDIUM,13.0,True,Haas F1 Team,0 days 00:36:15.335000,,1,,False,,False,True
0 days 00:39:45.139000,BEA,87,0 days 00:01:23.153000,14.0,1.0,,,0 days 00:00:29.314000,0 days 00:00:18.042000,0 days 00:00:35.797000,0 days 00:38:51.300000,0 days 00:39:09.342000,0 days 00:39:45.139000,278.0,281.0,303.0,296.0,False,MEDIUM,14.0,True,Haas F1 Team,0 days 00:38:21.986000,,1,,False,,False,True
0 days 00:41:51.134000,BEA,87,0 days 00:02:05.995000,15.0,1.0,,,0 days 00:00:50.769000,0 days 00:00:27.436000,0 days 00:00:47.790000,0 days 00:40:35.908000,0 days 00:41:03.344000,0 days 00:41:51.134000,152.0,152.0,267.0,205.0,False,MEDIUM,15.0,True,Haas F1 Team,0 days 00:39:45.139000,,1,,False,,False,True
0 days 00:55:46.911000,BEA,87,,16.0,1.0,,0 days 00:43:18.875000,0 days 00:00:29.270000,0 days 00:00:18.051000,,0 days 00:42:20.695000,0 days 00:42:38.645000,,280.0,277.0,,296.0,False,MEDIUM,16.0,True,Haas F1 Team,0 days 00:41:51.134000,,1,,False,,False,False
0 days 00:57:45.371000,BEA,87,0 days 00:01:58.460000,17.0,2.0,0 days 00:55:48.807000,,0 days 00:00:41.554000,0 days 00:00:19.646000,0 days 00:00:57.260000,0 days 00:56:28.465000,0 days 00:56:48.111000,0 days 00:57:45.371000,264.0,283.0,250.0,119.0,False,MEDIUM,17.0,False,Haas F1 Team,0 days 00:55:46.911000,,1,,False,,False,False
0 days 00:59:30.723000,BEA,87,0 days 00:01:45.352000,18.0,2.0,,,0 days 00:00:38.461000,0 days 00:00:20.910000,0 days 00:00:45.981000,0 days 00:58:23.832000,0 days 00:58:44.742000,0 days 00:59:30.723000,241.0,258.0,267.0,199.0,False,MEDIUM,18.0,False,Haas F1 Team,0 days 00:57:45.371000,,1,,False,,False,True
0 days 01:07:48.979000,BEA,87,,19.0,2.0,,0 days 01:01:11.414000,0 days 00:00:41.656000,0 days 00:00:20.883000,,0 days 01:00:12.513000,0 days 01:00:33.343000,,176.0,277.0,,295.0,False,MEDIUM,19.0,False,Haas F1 Team,0 days 00:59:30.723000,,1267,,False,,False,False
0 days 01:09:31.129000,BEA,87,0 days 00:01:42.150000,20.0,3.0,0 days 01:07:51.207000,,0 days 00:00:40.722000,0 days 00:00:20.699000,0 days 00:00:40.729000,0 days 01:08:29.701000,0 days 01:08:50.400000,0 days 01:09:31.129000,267.0,255.0,272.0,154.0,False,SOFT,1.0,True,Haas F1 Team,0 days 01:07:48.979000,,1,,False,,False,False
0 days 01:10:53.811000,BEA,87,0 days 00:01:22.682000,21.0,3.0,,,0 days 00:00:29.112000,0 days 00:00:17.976000,0 days 00:00:35.594000,0 days 01:10:00.241000,0 days 01:10:18.217000,0 days 01:10:53.811000,275.0,283.0,299.0,300.0,True,SOFT,2.0,True,Haas F1 Team,0 days 01:09:31.129000,,1,,False,,False,True
0 days 01:13:21.215000,BEA,87,0 days 00:02:27.404000,22.0,3.0,,,0 days 00:00:51.360000,0 days 00:00:35.589000,0 days 00:01:00.455000,0 days 01:11:45.171000,0 days 01:12:20.760000,0 days 01:13:21.215000,139.0,152.0,215.0,199.0,False,SOFT,3.0,True,Haas F1 Team,0 days 01:10:53.811000,,1,,True,TRACK LIMITS AT TURN 9 LAP 23 ,False,True
0 days 01:15:01.728000,BEA,87,0 days 00:01:40.513000,23.0,3.0,,,0 days 00:00:37.226000,0 days 00:00:21.391000,0 days 00:00:41.896000,0 days 01:13:58.441000,0 days 01:14:19.832000,0 days 01:15:01.728000,157.0,277.0,275.0,204.0,False,SOFT,4.0,True,Haas F1 Team,0 days 01:13:21.215000,,1,,False,,False,True
0 days 01:17:34.188000,BEA,87,,24.0,3.0,,,0 days 00:00:43.255000,0 days 00:00:24.623000,0 days 00:01:24.503000,0 days 01:15:45.171000,0 days 01:16:09.725000,0 days 01:17:34.188000,151.0,229.0,4.0,297.0,False,SOFT,5.0,True,Haas F1 Team,0 days 01:15:01.728000,,1,,False,,False,False
0 days 01:19:02.562000,BEA,87,,25.0,3.0,,0 days 01:19:02.562000,0 days 00:00:33.251000,0 days 00:00:19.330000,,0 days 01:18:07.546000,0 days 01:18:26.836000,,277.0,278.0,,235.0,False,SOFT,6.0,True,Haas F1 Team,0 days 01:17:34.188000,,1,,False,,False,False
