Year,Round,Circuit,Driver,Team,grid_pos,finish_pos,dnf,laps_completed,race_laps,track_temp,air_temp,era,q_best_time,q_delta_pct,race_pace_mean,race_pace_median,race_pace_std,best_stint_pace,best_stint_deg,gap_rate,gap_r2,gap_final,start_pos,end_pos,pos_std,net_gained,lap1_gain,overtake_ratio,n_stops,first_pit_lap,n_compounds,pit_timing_delta,pace_delta_field
2022,1,Bahrain,LEC,Ferrari,1,1,0,57,57,28.61042944785276,23.617791411042944,2,90.558,100.0,99.51304,97.763,9.533075613432874,95.37514285714288,0.2500357142857159,0.0026679414052372,0.0012307470780536,0.0,1,1,0.3712743076605517,0,0,1.0,3,15.0,2,1.0,-2.065283529411772
2022,1,Bahrain,SAI,Ferrari,3,2,0,57,57,28.61042944785276,23.617791411042944,2,90.687,100.14245014245012,101.87107843137257,98.264,11.95663546628923,97.07428571428572,0.0479285714285723,0.1136847938812458,0.040356001134173,5.621999999999389,3,2,0.5691527361725777,1,0,1.25,3,14.0,2,0.0,0.2927549019607909
2022,1,Bahrain,HAM,Mercedes,5,3,0,57,57,28.61042944785276,23.617791411042944,2,91.048,100.5410896883765,101.5868039215686,98.542,10.31328625224687,97.7366153846154,0.081489010989011,0.2123353642727445,0.0384420079960594,9.698999999998705,4,3,1.6832508230603465,1,0,2.75,3,11.0,3,-3.0,0.0084803921568408
2022,1,Bahrain,RUS,Mercedes,9,4,0,57,57,28.61042944785276,23.617791411042944,2,91.252,100.76635968108836,101.14358823529412,99.096,8.792462606520361,97.99925,0.1160238095238091,0.3257829271454447,0.088274874052845,11.28099999999904,7,4,0.7075496918351672,3,0,2.6666666666666665,3,15.0,3,1.0,-0.4347352941176439
2022,1,Bahrain,MAG,Haas F1 Team,7,5,0,57,57,28.61042944785276,23.617791411042944,2,91.461,100.99715099715098,101.30980392156864,99.384,8.284001554851635,99.5354375,0.1395632352941179,0.412103124189779,0.0854093257683259,14.777999999998428,5,5,0.8455248551649764,0,-1,1.6,3,14.0,2,0.0,-0.2685196078431175
2022,1,Bahrain,BOT,Alfa Romeo,6,6,0,57,57,28.61042944785276,23.617791411042944,2,91.56,101.10647319949646,101.06188235294115,99.777,6.673554020601193,97.9498,0.2771999999999991,0.3219963702359337,0.0342942600282687,16.14300000000003,14,6,2.5210889957141096,8,0,5.666666666666667,3,14.0,2,0.0,-0.5164411764705932
2022,1,Bahrain,OCO,Alpine,11,7,0,57,57,28.61042944785276,23.617791411042944,2,91.782,101.35161995627112,101.98901960784316,99.766,8.359942613415946,98.54877777777776,0.0746666666666662,0.5314939719989544,0.0806658792645258,19.44700000000012,10,7,1.4943502624106964,3,0,4.0,3,14.0,3,0.0,0.4106960784313855
2022,1,Bahrain,TSU,AlphaTauri,16,8,0,57,57,28.61042944785276,23.617791411042944,2,92.75,102.42054815698224,101.51452941176468,99.574,7.037623378251897,98.66545454545454,0.0135909090909095,0.5237780658542853,0.0757924608360493,20.40999999999985,12,8,1.4621370016276936,4,0,3.75,3,15.0,2,1.0,-0.0637941176470775
2022,1,Bahrain,ALO,Alpine,8,9,0,57,57,28.61042944785276,23.617791411042944,2,91.621,101.17383334437598,102.10994117647056,99.874,7.817226877638296,99.42553846153848,0.1203131868131864,0.6078201970443304,0.0899043953957696,22.41399999999885,9,9,2.191633670430213,0,0,1.5,3,11.0,3,-3.0,0.531617647058809
2022,1,Bahrain,ZHO,Alfa Romeo,15,10,0,57,57,28.61042944785276,23.617791411042944,2,92.387,102.01970008171556,101.01382352941177,99.842,5.632101659969864,97.42974999999998,0.0671011351909185,0.4482875291677442,0.0621753185694412,23.14599999999882,19,10,2.3984382972393017,9,2,4.4,3,15.0,2,1.0,-0.5645000000000095
2022,1,Bahrain,MSC,Haas F1 Team,12,11,0,57,57,28.61042944785276,23.617791411042944,2,91.998,101.59014112502484,102.6130566037736,100.62,7.896194512877448,100.50115789473683,0.0940210526315788,0.5086383847549852,0.0599460624431008,32.59799999999996,13,11,2.117329144645895,2,0,1.3,2,12.0,2,-2.0,1.0347330743618244
2022,1,Bahrain,STR,Aston Martin,19,12,0,57,57,28.61042944785276,23.617791411042944,2,93.032,102.73195079396628,101.29123529411766,100.395,5.437122825863823,98.16388888888888,0.331133333333333,1.1361833030852893,0.2198492766614817,45.89699999999903,17,12,1.8399288969589729,5,1,3.2,3,18.0,2,4.0,-0.2870882352941066
2022,1,Bahrain,ALB,Williams,14,13,0,57,57,28.61042944785276,23.617791411042944,2,92.664,102.32558139534883,101.5698431372549,100.8,4.795964609429678,98.420375,0.3636785714285713,1.3530114078299136,0.2791978773859369,53.95600000000013,11,13,2.079859258781914,-2,0,1.375,3,13.0,2,-1.0,-0.008480392156855
2022,1,Bahrain,RIC,McLaren,18,14,0,57,57,28.61042944785276,23.617791411042944,2,92.945,102.63587976766271,101.92449019607844,100.627,5.770622012825132,99.45071428571428,0.1742500000000011,1.333754731656725,0.2432111256598746,54.9989999999998,20,14,1.6596342864957572,6,0,2.4,3,17.0,3,3.0,0.3461666666666758
2022,1,Bahrain,NOR,McLaren,13,15,0,57,57,28.61042944785276,23.617791411042944,2,92.008,101.6011837717264,101.62845098039216,101.658,3.913828219601497,98.43222222222224,0.1569499999999997,1.4149620819289568,0.2655641121343872,56.35899999999856,16,15,1.7217101133134214,1,-2,1.1,3,24.0,3,10.0,0.0501274509803835
2022,1,Bahrain,LAT,Williams,20,16,0,57,57,28.61042944785276,23.617791411042944,2,93.634,103.39671812540028,101.83782352941176,101.118,4.028191389226099,98.778,0.1551166666666671,1.4966039668135804,0.277939292245272,61.81899999999951,18,16,0.9842111964400704,2,-1,1.375,3,14.0,2,0.0,0.2595000000000027
2022,1,Bahrain,HUL,Aston Martin,17,17,0,57,57,28.61042944785276,23.617791411042944,2,92.777,102.45036330307646,101.97813725490197,100.815,4.60331971090259,99.418,0.1738417582417582,1.6098021778584388,0.2942257054231385,63.85299999999916,15,17,1.983168523722508,-2,0,1.5,3,19.0,2,5.0,0.3998137254902048
2022,1,Bahrain,PER,Red Bull Racing,4,18,1,57,57,28.61042944785276,23.617791411042944,2,90.921,100.40084807526668,102.17098,98.695,11.886661101522542,97.1555,0.1006571428571423,0.2348457998444381,0.1092970505951563,61.96500000000015,6,3,0.7743870638610414,3,1,2.6666666666666665,3,15.0,2,1.0,0.5926564705882384
2022,1,Bahrain,VER,Red Bull Racing,2,19,1,54,57,28.61042944785276,23.617791411042944,2,90.681,100.1358245544292,101.4472608695652,98.25,11.827575289099778,97.06633333333332,0.1435333333333342,0.161761463693537,0.1083304629807917,31.662999999998647,2,13,1.5697169110996776,-11,0,0.75,4,14.0,2,0.0,-0.1310626598465489
2022,1,Bahrain,GAS,AlphaTauri,10,20,1,45,57,28.61042944785276,23.617791411042944,2,91.635,101.18929304975816,99.64625,99.5545,1.2537282605421516,98.69022222222222,-0.1313500000000012,1.7507204216073766,0.8792745489075091,129.4179999999997,8,8,0.8948407443320301,0,0,1.25,2,14.0,3,0.0,-1.9320735294117668
2022,2,Saudi Arabian,VER,Red Bull Racing,4,1,0,50,50,28.40921052631579,25.42039473684211,2,88.461,120.07737206461246,96.71747826086954,93.9275,10.609198886373466,94.95176923076924,0.0421483516483518,-0.0708290036014413,0.4717017878988669,0.0,3,1,0.6288960200872897,2,0,3.0,1,16.0,2,0.0,-1.955303140096646
2022,2,Saudi Arabian,LEC,Ferrari,2,2,0,50,50,28.40921052631579,25.42039473684211,2,88.225,119.757024569024,96.66569565217392,93.6695,10.587007995903,94.84823076923075,0.0286538461538463,-0.0438739015606209,0.4189861949927388,0.5519999999996799,2,2,0.4948716593053934,0,0,1.0,1,16.0,2,0.0,-2.007085748792264
2022,2,Saudi Arabian,SAI,Ferrari,3,3,0,50,50,28.40921052631579,25.42039473684211,2,73.67,100.0,96.93641304347824,93.781,10.609712503333048,95.13592307692308,-0.0041483516483512,0.0681185594237743,0.1608450157590952,8.131999999999607,4,3,0.4903143514780146,1,0,2.0,1,16.0,2,0.0,-1.7363683574879332
2022,2,Saudi Arabian,PER,Red Bull Racing,1,4,0,50,50,28.40921052631579,25.42039473684211,2,88.2,119.72308945296592,96.8534222222222,93.699,10.742123506612328,94.73833333333334,0.0583286713286717,0.2697236974789888,0.5166114166329583,10.820999999999913,1,4,1.339509505112119,-3,0,0.3333333333333333,1,15.0,2,-1.0,-1.81935917874398
2022,2,Saudi Arabian,RUS,Mercedes,6,5,0,50,50,28.40921052631579,25.42039473684211,2,89.104,120.95018324962672,97.72595652173914,94.5445,10.492415249876712,95.8663846153846,-0.0848516483516483,0.3571554861944768,0.4110886793959693,32.76999999999862,6,5,0.1979486637221574,1,1,1.0,1,16.0,2,0.0,-0.9468248792270516
2022,2,Saudi Arabian,OCO,Alpine,5,6,0,50,50,28.40921052631579,25.42039473684211,2,89.068,120.90131668250304,97.3743777777778,95.292,6.97324671117762,97.04776923076922,-0.0037307692307693,0.8271748859543849,0.5981416165455004,55.99699999999939,5,6,1.977836377128775,-1,-1,1.0,1,16.0,2,0.0,-1.298403623188392
2022,2,Saudi Arabian,NOR,McLaren,11,7,0,50,50,28.40921052631579,25.42039473684211,2,89.651,121.69268358897789,98.57767391304348,96.1735,9.762707807557735,97.3426923076923,-0.0418901098901099,0.6955880912364937,0.4589395758088037,56.13999999999942,11,7,2.3137565532603257,4,1,1.75,1,16.0,2,0.0,-0.0951074879227178
2022,2,Saudi Arabian,GAS,AlphaTauri,9,8,0,50,50,28.40921052631579,25.42039473684211,2,89.254,121.1537939459753,99.30143478260872,96.2185,10.455464798961298,97.0845,0.0372937062937064,0.8538392316926786,0.4995847467641873,62.95199999999932,10,8,2.332118245330644,2,-1,2.0,1,15.0,2,-1.0,0.6286533816425219
2022,2,Saudi Arabian,MAG,Haas F1 Team,10,9,0,50,50,28.40921052631579,25.42039473684211,2,89.546,121.55015610153389,99.20393478260868,95.6905,11.990950494068754,93.2266,-0.0490545454545464,1.0560278511404535,0.5180147739041168,64.33999999999833,9,9,1.5460284866821352,0,0,1.5,1,37.0,2,21.0,0.5311533816424969
2022,2,Saudi Arabian,HAM,Mercedes,15,10,0,50,50,28.40921052631579,25.42039473684211,2,90.343,122.632007601466,99.59695652173912,95.7255,12.239001219156409,94.20228571428572,0.2458928571428568,0.8723842977190875,0.3972952591821282,73.99199999999837,14,10,2.9846546308251685,4,0,4.5,1,40.0,2,24.0,0.9241751207729436
2022,2,Saudi Arabian,ZHO,Alfa Romeo,12,11,0,50,50,28.40921052631579,25.42039473684211,2,89.819,121.92072756888828,98.84668181818182,96.2805,9.548971993307138,96.37879999999998,-0.1959000000000003,1.2240880192076835,0.6504721710252974,82.24499999999898,18,11,1.787028088127073,7,2,3.0,2,16.0,2,0.0,0.1739004172156342
2022,2,Saudi Arabian,HUL,Aston Martin,17,12,0,50,50,28.40921052631579,25.42039473684211,2,90.543,122.90348852993078,98.76788888888888,96.594,8.330419486933584,94.6136,0.1344848484848482,1.3693523649459796,0.5578751677644863,91.79199999999946,16,12,2.2985354698421445,4,-1,1.0,1,37.0,2,21.0,0.0951074879227036
2022,2,Saudi Arabian,STR,Aston Martin,13,13,0,49,50,28.40921052631579,25.42039473684211,2,90.256,122.51391339758382,101.14633333333332,97.278,11.026967927849348,97.8549,0.1268424242424239,1.1032516326530717,0.4237796657867781,106.35100000000055,12,13,2.32828657328666,-1,0,0.8571428571428571,1,13.0,2,-3.0,2.473551932367144
2022,2,Saudi Arabian,ALB,Williams,16,14,1,48,50,28.40921052631579,25.42039473684211,2,90.492,122.83426089317229,101.86390909090908,97.1415,12.688332532553662,98.2537,-0.0475818181818176,0.9935452127659624,0.3282023075503474,127.89999999999964,15,12,2.2031429908037845,3,0,1.2,1,13.0,2,-3.0,3.191127689942902
2022,2,Saudi Arabian,BOT,Alfa Romeo,8,15,1,36,50,28.40921052631579,25.42039473684211,2,89.183,121.05741821637032,96.2096551724138,96.29,1.615258565676143,94.86433333333332,-0.0874615384615384,0.5379575289575291,0.1649298685048515,80.60800000000017,8,15,1.3969922339037186,-7,0,0.6666666666666666,3,16.0,2,0.0,-2.4631262285523974
2022,2,Saudi Arabian,ALO,Alpine,7,16,1,36,50,28.40921052631579,25.42039473684211,2,89.147,121.00855164924664,97.7978064516129,96.191,9.795630680459372,94.90864285714284,-0.1519494505494501,0.5579415701415803,0.1559822772953071,89.06200000000081,7,7,0.87735277919413,0,0,2.0,1,16.0,2,0.0,-0.8749749493532875
2022,2,Saudi Arabian,RIC,McLaren,14,17,1,36,50,28.40921052631579,25.42039473684211,2,89.773,121.85828695534138,99.9948387096774,96.035,11.735815966793773,97.5262,-0.0838000000000008,1.5098718146718073,0.07479068460796,364.143,13,16,2.408318915758459,-3,0,1.6666666666666667,2,8.0,2,-8.0,1.3220573087112228
2022,2,Saudi Arabian,LAT,Williams,18,18,1,15,50,28.40921052631579,25.42039473684211,2,91.817,124.63282204425138,98.87614285714288,98.1845,2.2611199354827143,98.13333333333334,-0.0093076923076922,4.659828571428555,0.7746534515411028,109.20800000000054,17,15,0.9138735334633754,2,-1,3.0,0,,1,,0.2033614561766796
2022,3,Australian,LEC,Ferrari,1,1,0,58,58,37.40833333333334,26.69743589743589,2,77.868,100.0,88.08848148148151,82.7495,15.876881230671788,83.0243870967742,-0.0963939516129031,0.0,,0.0,1,1,0.0,0,0,0.0,1,22.0,2,1.0,-2.845591245791198
2022,3,Australian,PER,Red Bull Racing,3,2,0,58,58,37.40833333333334,26.69743589743589,2,78.24,100.4777315456927,89.81459999999998,83.974,16.53091469495417,87.18347058823531,-0.7031097132284919,0.2050271924697831,0.2167440578490044,20.54000000000088,4,2,1.2842995317901202,2,0,3.5,1,20.0,2,-1.0,-1.119472727272722
2022,3,Australian,RUS,Mercedes,6,3,0,58,58,37.40833333333334,26.69743589743589,2,78.933,101.3676991832332,88.83261818181816,84.505,15.010428658091792,83.77751612903226,-0.1217415322580644,0.2808116521578695,0.4168979056921841,25.57600000000093,5,3,0.9281508524155356,2,0,2.0,1,23.0,2,2.0,-2.101454545454544
2022,3,Australian,HAM,Mercedes,5,4,0,58,58,37.40833333333334,26.69743589743589,2,78.825,101.22900292803207,89.82410909090908,84.159,16.643711520362995,83.90718749999999,-0.126649560117302,0.3644861115383468,0.6355210739786837,28.50300000000061,3,4,1.005279469529359,-1,0,1.3333333333333333,1,22.0,2,1.0,-1.1099636363636307
2022,3,Australian,NOR,McLaren,4,5,0,58,58,37.40833333333334,26.69743589743589,2,78.703,101.0723275286382,90.50610909090908,85.007,16.053361429092163,88.01958823529412,-0.6700747808466587,0.6711957304131213,0.6479667749073733,53.284999999999854,6,5,1.3450408567144323,1,0,4.0,1,20.0,2,-1.0,-0.4279636363636143
2022,3,Australian,RIC,McLaren,7,6,0,58,58,37.40833333333334,26.69743589743589,2,79.032,101.49483741716752,90.51794545454544,84.956,15.919796522310971,86.5829393939394,-0.4609512032085561,0.727807284136703,0.6926154128877283,53.74200000000019,7,6,1.2576445012284094,1,0,4.0,1,21.0,2,0.0,-0.416127272727266
2022,3,Australian,OCO,Alpine,8,7,0,58,58,37.40833333333334,26.69743589743589,2,79.061,101.5320799301382,91.71821428571428,84.82849999999999,17.437647385850156,89.84347368421054,-0.6864429368639896,0.7924476298871116,0.562344956967357,61.67500000000109,8,7,2.443555173814848,1,0,6.0,1,17.0,2,-4.0,0.7841415584415614
2022,3,Australian,BOT,Alfa Romeo,12,8,0,58,58,37.40833333333334,26.69743589743589,2,79.251,101.77608260132531,90.4254,85.078,15.048321670415486,85.06981250000001,-0.1577096774193548,0.9494750069211636,0.6775375879189214,68.42900000000009,12,8,1.5806604943206843,4,0,3.333333333333333,1,22.0,2,1.0,-0.5086727272727103
2022,3,Australian,GAS,AlphaTauri,11,9,0,58,58,37.40833333333334,26.69743589743589,2,79.226,101.74397698669544,90.9340727272727,85.194,15.090722406013356,87.04775757575757,-0.4201651069518716,1.0338044541511615,0.7014182790147284,76.19499999999971,9,9,2.2952118813210447,0,0,2.333333333333333,1,21.0,2,0.0,0.0
2022,3,Australian,ALB,Williams,20,10,0,58,58,37.40833333333334,26.69743589743589,2,80.135,102.91133713463812,92.14333928571428,85.47999999999999,17.185107335107215,92.02162962962964,-0.4424131122546216,0.6269787135870046,0.4218873550854414,79.3739999999998,20,10,4.173382367717441,10,2,5.0,1,57.0,2,36.0,1.209266558441584
2022,3,Australian,ZHO,Alfa Romeo,14,11,0,58,58,37.40833333333334,26.69743589743589,2,79.91,102.62238660296914,92.06341071428572,85.3895,16.566615833467658,88.9609411764706,-0.6854954927425515,1.0115960195638078,0.6505424818049268,81.6869999999999,15,11,1.871556123403464,4,1,2.75,1,21.0,2,0.0,1.1293379870130025
2022,3,Australian,STR,Aston Martin,19,12,0,58,58,37.40833333333334,26.69743589743589,2,106.833,137.19756511018647,88.03396153846155,85.165,10.814727315122305,85.46896774193549,-0.0791258064516129,0.8322855209326676,0.4808604134262718,83.58899999999994,19,12,3.399983986297294,7,0,1.8333333333333333,3,3.0,2,-18.0,-2.9001111888111524
2022,3,Australian,MSC,Haas F1 Team,15,13,0,57,58,37.40833333333334,26.69743589743589,2,80.104,102.87152617249704,91.20712962962962,84.9085,14.972252331848388,88.47315384615383,-0.3211191994841781,0.9205804381643782,0.4637581820901142,82.5,13,13,1.887500103736159,0,0,1.75,1,14.0,2,-7.0,0.2730569023569131
2022,3,Australian,MAG,Haas F1 Team,16,14,0,57,58,37.40833333333334,26.69743589743589,2,80.254,103.06415986027638,90.7946296296296,85.436,15.7470097602224,83.94333333333333,0.0713892857142854,1.0955062224526824,0.6180095597292906,84.19499999999971,16,14,3.4249014401419955,2,1,2.0,1,39.0,2,18.0,-0.1394430976430953
2022,3,Australian,TSU,AlphaTauri,13,15,0,57,58,37.40833333333334,26.69743589743589,2,79.424,101.99825345456416,91.30957407407404,85.4755,14.999942702534405,89.02394285714286,-0.5426303365886328,1.1439255250194469,0.6390937320089437,86.60699999999997,11,15,2.2716516023603326,-4,0,1.0,1,18.0,2,-3.0,0.375501346801343
2022,3,Australian,LAT,Williams,18,16,0,57,58,37.40833333333334,26.69743589743589,2,81.372,104.4999229465249,91.3865283018868,85.375,15.35610550538296,85.411,-0.0673142857142855,0.9226112911589376,0.3981549244921704,90.73500000000058,18,16,0.983892836025324,2,1,3.0,2,13.0,2,-8.0,0.4524555746141061
2022,3,Australian,ALO,Alpine,10,17,0,57,58,37.40833333333334,26.69743589743589,2,78.815,101.21616068218012,91.01515384615384,85.2025,16.475310142440197,84.4739,0.2815696969696971,1.3526578299196266,0.6026601071332187,110.7579999999998,10,17,3.770516142380228,-7,0,1.0,2,39.0,2,18.0,0.0810811188811442
2022,3,Australian,VER,Red Bull Racing,2,18,1,39,58,37.40833333333334,26.69743589743589,2,78.154,100.36728823136588,91.37273529411766,84.17699999999999,18.720340982566665,87.96266666666665,-1.2922547709923664,0.2785287449392702,0.0758863821234132,60.125,2,2,1.2440469911036192,0,0,4.0,1,18.0,2,-3.0,0.4386625668449539
2022,3,Australian,VET,Aston Martin,17,19,1,23,58,37.40833333333334,26.69743589743589,2,81.149,104.2135408640263,94.69745454545456,86.301,16.703554226078644,94.7434,-2.050768421052632,2.1759476284585,0.6611356669555407,92.20600000000012,17,12,1.716358775398502,5,1,7.0,0,,1,,3.763381818181841
2022,4,Emilia Romagna,VER,Red Bull Racing,1,1,0,63,63,17.41898734177215,12.899367088607592,2,78.793,100.14616538295331,86.91633898305084,80.967,14.414537250948133,79.69755555555554,0.107116666666667,0.0,,0.0,1,1,0.0,0,0,0.0,2,19.0,3,1.0,-0.9360677966101748
2022,4,Emilia Romagna,PER,Red Bull Racing,3,2,0,63,63,17.41898734177215,12.899367088607592,2,79.296,100.78548005795776,87.11238983050848,81.33,14.349719581565,80.16659999999999,0.1616727272727272,0.2232978110599135,0.4125152316924355,16.527000000000044,2,2,0.2798946477246123,0,0,0.5,2,18.0,3,0.0,-0.7400169491525332
2022,4,Emilia Romagna,NOR,McLaren,5,3,0,63,63,17.41898734177215,12.899367088607592,2,79.294,100.7829380512977,87.7400655737705,81.789,13.920952834808464,81.67356097560976,-0.0322714285714284,0.5208136040706641,0.6568943653686155,34.83400000000074,3,3,0.4692271210638117,0,0,1.0,1,19.0,2,1.0,-0.112341205890516
2022,4,Emilia Romagna,RUS,Mercedes,11,4,0,63,63,17.41898734177215,12.899367088607592,2,80.383,102.16706067769898,87.81701639344261,81.897,13.877104284265988,81.76757142857143,-0.0371319990276315,0.550965389784951,0.585193647271463,42.50600000000122,6,4,0.5956833971812706,2,0,2.0,1,18.0,2,0.0,-0.0353903862183955
2022,4,Emilia Romagna,BOT,Alfa Romeo,7,5,0,63,63,17.41898734177215,12.899367088607592,2,80.192,101.92429904166347,87.67868852459016,81.808,13.988360566963022,81.52742857142857,-0.0448203549145126,0.5308669834869487,0.4214115791661363,43.181000000000495,7,5,0.5948232041012058,2,0,2.0,1,18.0,2,0.0,-0.1737182550708524
2022,4,Emilia Romagna,LEC,Ferrari,2,6,0,63,63,17.41898734177215,12.899367088607592,2,78.796,100.1499783929434,87.28254385964911,81.252,14.576580688691532,79.18585714285713,-0.0961428571428568,0.8308786002304188,0.649275691362414,56.07200000000012,4,6,1.715266829673741,-2,0,1.5,3,19.0,3,1.0,-0.5698629200119001
2022,4,Emilia Romagna,TSU,AlphaTauri,12,7,0,63,63,17.41898734177215,12.899367088607592,2,80.474,102.2827219807316,88.05839344262293,81.868,14.054547157745413,81.6857619047619,-0.0663370877562596,0.8259322196620643,0.564373628109954,61.11000000000058,10,7,1.1050783486622238,3,0,2.0,1,18.0,2,0.0,0.2059866629619193
2022,4,Emilia Romagna,VET,Aston Martin,13,8,0,63,63,17.41898734177215,12.899367088607592,2,79.957,101.62561325910671,88.23762295081966,82.416,13.856458283852016,82.2413023255814,-0.0575132890365447,0.9441266801075276,0.7124859496223891,70.89199999999983,9,8,1.1469142018389729,1,0,0.6666666666666666,1,17.0,2,-1.0,0.3852161711586461
2022,4,Emilia Romagna,MAG,Haas F1 Team,8,9,0,63,63,17.41898734177215,12.899367088607592,2,79.902,101.55570807595517,88.22739344262295,82.242,13.871899073641275,82.13411904761904,-0.0462973016773357,1.1521289842550002,0.7880345783003566,75.26000000000022,5,9,1.3516408264428523,-4,0,0.2,1,18.0,2,0.0,0.3749866629619447
2022,4,Emilia Romagna,STR,Aston Martin,15,10,0,62,63,17.41898734177215,12.899367088607592,2,80.342,102.1149495411678,88.66343333333333,82.3305,13.955400613512168,82.39634146341463,-0.0367113240418118,1.26357487849715,0.8356867368369925,89.44700000000012,11,10,0.2821126013328319,1,0,2.0,1,18.0,2,0.0,0.8110265536723205
2022,4,Emilia Romagna,ALB,Williams,18,11,0,62,63,17.41898734177215,12.899367088607592,2,123.171,156.55075116296806,87.73745762711864,82.487,11.60838972367063,82.55585714285715,-0.0464643059719633,1.2132028153408434,0.8107965227338597,94.1319999999996,15,12,1.2984146050145429,3,0,3.0,1,17.0,2,-1.0,-0.1149491525423656
2022,4,Emilia Romagna,GAS,AlphaTauri,17,12,0,62,63,17.41898734177215,12.899367088607592,2,80.732,102.610640839879,87.7346779661017,82.599,11.50831347397158,82.54707142857143,-0.0467932096264484,1.249426028052683,0.8231009021673129,94.73300000000016,14,13,0.4826443115430175,1,0,1.0,1,17.0,2,-1.0,-0.1177288135593102
2022,4,Emilia Romagna,HAM,Mercedes,14,13,0,62,63,17.41898734177215,12.899367088607592,2,80.47,102.27763796741148,88.70513333333334,82.71549999999999,13.956203115663287,82.46173170731707,-0.0361325783972125,1.3628807383344663,0.853277299402697,95.43399999999929,12,14,1.3036985178672096,-2,0,2.0,1,18.0,2,0.0,0.8527265536723263
2022,4,Emilia Romagna,OCO,Alpine,16,14,0,62,63,17.41898734177215,12.899367088607592,2,82.338,104.65187218790513,88.7183,82.398,13.97561100850396,82.45548780487805,-0.0371456445993031,1.268951449220624,0.8560355568030059,92.51000000000022,13,11,0.6297742034487084,2,0,2.0,1,18.0,2,0.0,0.8658932203389895
2022,4,Emilia Romagna,ZHO,Alfa Romeo,20,15,0,62,63,17.41898734177215,12.899367088607592,2,79.73,101.33709550319024,87.99230508474575,82.801,12.742703046834343,82.31009756097562,-0.0630060975609755,1.4453848807635197,0.7981306982266257,103.53299999999945,18,15,1.1940270882467234,3,0,7.0,1,18.0,2,0.0,0.139898305084742
2022,4,Emilia Romagna,LAT,Williams,19,16,0,62,63,17.41898734177215,12.899367088607592,2,81.971,104.1854139657846,87.85240677966101,82.877,11.701062434990227,82.4138780487805,-0.0668034843205575,1.535588552290302,0.8242179102717007,106.18899999999849,16,16,0.6906491860958728,0,0,2.0,1,18.0,2,0.0,0.0
2022,4,Emilia Romagna,MSC,Haas F1 Team,10,17,0,62,63,17.41898734177215,12.899367088607592,2,80.422,102.21662980757009,87.9070701754386,82.205,12.138130885265843,80.21428571428571,0.2957500000000002,1.867089798796308,0.9067799461283984,124.07599999999913,17,17,0.6635082950014229,0,0,1.25,2,18.0,3,0.0,0.0546633957775952
2022,4,Emilia Romagna,RIC,McLaren,6,18,0,62,63,17.41898734177215,12.899367088607592,2,79.98,101.6548463356974,87.31510714285714,83.23599999999999,10.24067417467952,82.52037931034481,-0.0142256157635469,2.192520586235556,0.8715556849881548,142.8119999999999,19,18,1.263844537226854,1,0,1.5,3,2.0,3,-16.0,-0.5372996368038656
2022,4,Emilia Romagna,ALO,Alpine,9,19,1,6,63,17.41898734177215,12.899367088607592,2,79.595,101.16551005363634,128.9348,136.968,18.481468791738383,125.23233333333332,,,,,8,19,4.412104562073146,-11,0,0.0,1,6.0,1,-12.0,41.082393220338986
2022,5,Miami,VER,Red Bull Racing,3,1,0,57,57,42.81975308641975,30.617283950617285,2,88.991,100.21960448668858,94.58896078431373,93.275,7.326013030184383,93.94991304347826,-0.0632588932806324,-0.0123332253046419,0.2887324547866434,0.0,2,1,0.3678836036909794,1,0,2.0,1,26.0,2,1.0,-3.0278108049461
2022,5,Miami,LEC,Ferrari,1,2,0,57,57,42.81975308641975,30.617283950617285,2,88.796,100.0,95.80846153846154,93.459,10.405547241286667,94.26714285714286,-0.0662727272727271,0.0219802955665049,0.0051077497551385,3.802999999999884,1,2,0.5658404709778996,-1,0,0.6666666666666666,1,24.0,2,-1.0,-1.8083100507982688
2022,5,Miami,SAI,Ferrari,2,3,0,57,57,42.81975308641975,30.617283950617285,2,88.986,100.21397360241453,97.11583018867924,93.912,12.048282882341256,94.395875,-0.0366395652173914,0.1241118096966579,0.0669245878977817,8.245999999999185,3,3,0.3422979985327094,0,0,2.0,1,27.0,2,2.0,-0.5009414005805866
2022,5,Miami,PER,Red Bull Racing,4,4,0,57,57,42.81975308641975,30.617283950617285,2,89.036,100.2702824451552,96.03711764705882,94.158,9.749830451135152,92.83563636363635,-0.1830818181818181,0.1403064557946594,0.0497953235820803,10.63299999999981,4,4,0.1856371538302758,0,0,1.0,2,27.0,2,2.0,-1.5796539422009914
2022,5,Miami,RUS,Mercedes,12,5,0,57,57,42.81975308641975,30.617283950617285,2,90.173,101.55074552907789,97.00839622641509,94.729,9.433895449877332,94.93808108108108,-0.0924760550023708,-0.1951989240342251,0.0477662078352649,18.579999999999927,15,5,3.5849867957657167,10,0,6.5,1,40.0,2,15.0,-0.6083753628447397
2022,5,Miami,HAM,Mercedes,6,6,0,57,57,42.81975308641975,30.617283950617285,2,89.625,100.9336006126402,97.45701886792452,94.853,10.368294274986315,95.368,-0.0271368421052631,0.0650311122634234,0.0044432096459909,21.35200000000077,8,6,0.5934057008611701,2,1,2.0,1,22.0,2,-3.0,-0.1597527213352947
2022,5,Miami,BOT,Alfa Romeo,5,7,0,57,57,42.81975308641975,30.617283950617285,2,89.475,100.7646740844182,97.56375471698117,94.478,10.516821858164736,95.06869565217391,-0.0605918972332017,0.1924273399014813,0.0527181580061001,25.07799999999952,5,7,0.7575848712142632,-2,0,0.5,1,26.0,2,1.0,-0.0530168722786612
2022,5,Miami,OCO,Alpine,20,8,0,57,57,42.81975308641975,30.617283950617285,2,,,97.89777777777778,95.174,9.56413541184464,95.8113947368421,-0.0234037640879745,-0.0476796085040135,0.0015916024088891,28.38800000000083,18,9,3.1400078220932857,9,1,5.0,1,41.0,2,16.0,0.2810061885179635
2022,5,Miami,ALB,Williams,18,9,0,57,57,42.81975308641975,30.617283950617285,2,91.266,102.7816568313888,98.73079629629628,95.126,10.16957907772486,96.4223076923077,-0.069769230769231,0.0307656209489285,0.0003417712057029,32.3739999999998,16,10,2.570558192992117,6,0,4.0,1,16.0,2,-9.0,1.1140247070364635
2022,5,Miami,STR,Aston Martin,20,10,0,57,57,42.81975308641975,30.617283950617285,2,89.996,101.35141222577592,97.99756603773584,95.225,9.513815370512978,95.49227777777776,-0.0807374517374516,-0.0765486777288033,0.0034577225609217,37.01699999999983,19,12,2.7452396711635805,7,0,2.75,1,40.0,2,15.0,0.3807944484760384
2022,5,Miami,ALO,Alpine,11,11,0,57,57,42.81975308641975,30.617283950617285,2,90.16,101.5361052299653,98.63137037037038,95.0945,10.959524305019498,95.89683333333332,-0.0776643356643355,0.1045476406533604,0.0050439250044733,27.153000000000247,7,8,1.489520620601808,-1,-1,1.6666666666666667,1,15.0,2,-10.0,1.014598781110564
2022,5,Miami,TSU,AlphaTauri,9,12,0,57,57,42.81975308641975,30.617283950617285,2,89.932,101.27933690706789,96.11830769230768,95.5235,3.324608345138885,93.95175,-0.0761923076923076,0.6145842623800898,0.0679812553616904,40.14300000000003,10,13,2.8252131908822102,-3,0,1.1666666666666667,2,11.0,3,-14.0,-1.4984638969521311
2022,5,Miami,RIC,McLaren,14,13,0,57,57,42.81975308641975,30.617283950617285,2,90.31,101.7050317581873,97.66978846153847,95.463,8.263984507171235,95.8898148148148,-0.0787338217338218,0.2764033575317643,0.0297014039761782,35.86399999999958,11,11,3.016973703202356,0,-2,2.0,2,30.0,3,5.0,0.0530168722786612
2022,5,Miami,LAT,Williams,19,14,0,57,57,42.81975308641975,30.617283950617285,2,91.325,102.84810126582278,97.86241509433964,96.683,5.6088796098890645,96.76048387096776,-0.0547875,0.7665747342494232,0.0902742076609986,49.94399999999951,17,14,1.35954805995165,3,-1,1.6,1,34.0,2,9.0,0.2456435050798262
2022,5,Miami,MSC,Haas F1 Team,15,15,0,57,57,42.81975308641975,30.617283950617285,2,90.423,101.8322897427812,98.8474423076923,95.07,10.918735223411147,96.2470909090909,-0.0036999999999998,0.283609735545769,0.0327188467331079,73.26300000000083,12,16,2.731855153820135,-4,1,1.8,2,14.0,2,-11.0,1.230670718432492
2022,5,Miami,MAG,Haas F1 Team,16,16,1,57,57,42.81975308641975,30.617283950617285,2,90.975,102.45393936663812,97.92747058823528,95.186,9.31422997644559,95.0803,-0.0987575757575764,0.1333827456572441,0.0083233643429206,61.13299999999981,13,15,1.666228012450182,-2,1,1.4444444444444444,3,12.0,2,-13.0,0.310698998975468
2022,5,Miami,VET,Aston Martin,20,17,1,54,57,42.81975308641975,30.617283950617285,2,90.214,101.59691878012522,97.87977551020408,95.724,8.84296451580131,96.06829729729728,0.0078541963015647,0.0260875166761987,0.0002941603037185,49.60599999999977,20,17,2.800618879393812,3,0,2.4,2,41.0,2,16.0,0.2630039209442572
2022,5,Miami,GAS,AlphaTauri,7,18,1,45,57,42.81975308641975,30.617283950617285,2,89.69,101.00680210820305,96.06747368421054,95.2545,3.318466380861855,95.1381,0.007900751879699,2.562976548089592,0.7359444819165063,86.21499999999833,6,18,3.064623825515816,-12,0,0.3333333333333333,3,16.0,3,-9.0,-1.549297905049272
2022,5,Miami,NOR,McLaren,8,19,1,40,57,42.81975308641975,30.617283950617285,2,89.634,100.94373620433352,95.53189189189192,95.474,1.5093255444399991,94.64011111111112,-0.0551372549019609,2.165564258911824,0.8333761011354953,134.6469999999999,9,14,3.417822621346104,-5,0,2.0,1,18.0,2,-7.0,-2.084879697367896
2022,5,Miami,ZHO,Alfa Romeo,17,20,1,6,57,42.81975308641975,30.617283950617285,2,91.02,102.50461732510472,98.2656,96.727,4.105211054257748,96.11366666666667,,,,,14,20,2.449489742783178,-6,0,0.0,1,6.0,1,-19.0,0.6488284107401796
2022,6,Spanish,VER,Red Bull Racing,2,1,0,66,66,48.957317073170735,36.56585365853658,2,79.073,100.41015873015871,87.54246666666667,87.22999999999999,1.5220391258325028,86.82157894736842,0.0612789473684211,-0.2486034234422282,0.2348353431940669,0.0,2,1,1.1174604908979775,1,0,1.3333333333333333,3,13.0,2,1.0,-1.404796045197756
2022,6,Spanish,PER,Red Bull Racing,5,2,0,66,66,48.957317073170735,36.56585365853658,2,79.42,100.85079365079366,87.70273333333333,87.75649999999999,1.377916147932981,85.994,0.0335757575757578,0.0649850328775663,0.0167971012756081,13.072000000000116,4,2,1.0838935255942694,2,0,1.5,3,17.0,2,5.0,-1.244529378531098
2022,6,Spanish,RUS,Mercedes,4,3,0,66,66,48.957317073170735,36.56585365853658,2,79.393,100.81650793650792,88.06828333333333,88.13,1.2049357967517544,87.27533333333334,0.3324825174825174,0.298578874856483,0.2740201583500088,32.92699999999968,3,3,0.6477502756312957,0,0,1.0,3,13.0,2,1.0,-0.8789793785310991
2022,6,Spanish,SAI,Ferrari,3,4,0,66,66,48.957317073170735,36.56585365853658,2,79.166,100.52825396825396,88.16906666666667,88.0625,2.396031583976394,87.04122222222223,0.1334097007223943,0.2773839056465841,0.1874997082369578,45.20799999999872,5,4,2.133318764519019,1,0,2.4,3,10.0,2,-2.0,-0.7781960451977596
2022,6,Spanish,HAM,Mercedes,6,5,0,66,66,48.957317073170735,36.56585365853658,2,79.512,100.96761904761904,87.83548333333331,87.3895,1.7588685836732574,87.20354545454546,0.0296397515527951,-0.37292372403716,0.3605568181146404,54.53399999999965,19,5,5.88215665379348,14,0,6.0,3,1.0,2,-11.0,-1.1117793785311108
2022,6,Spanish,BOT,Alfa Romeo,7,6,0,66,66,48.957317073170735,36.56585365853658,2,79.608,101.0895238095238,88.72387096774193,88.5695,1.0627967355569568,88.49403448275861,0.0673876847290641,0.4780510385137199,0.4684037532501167,59.97599999999875,7,6,0.9815310812212028,1,0,1.5,2,14.0,2,2.0,-0.2233917441224946
2022,6,Spanish,OCO,Alpine,12,7,0,66,66,48.957317073170735,36.56585365853658,2,80.638,102.39746031746031,88.65458333333332,88.8665,1.5125331349968096,87.20281818181819,0.1831818181818179,0.9211032042584254,0.7930361635357892,75.39699999999903,9,7,0.8511612799437744,2,0,1.2857142857142858,3,13.0,2,1.0,-0.2926793785311048
2022,6,Spanish,NOR,McLaren,11,8,0,66,66,48.957317073170735,36.56585365853658,2,79.977,101.55809523809523,88.76295000000002,89.1505,1.6076602371569664,87.39891666666666,0.2616468531468531,0.9365684375326142,0.7695994892733193,83.23499999999876,10,8,0.9276885579794876,2,0,2.5,3,12.0,2,0.0,-0.1843127118644076
2022,6,Spanish,ALO,Alpine,20,9,0,65,66,48.957317073170735,36.56585365853658,2,81.043,102.91174603174603,88.9171525423729,88.735,1.7772657012617323,87.37833333333333,0.2239499999999992,0.9975735576923032,0.7640570257274039,94.28399999999964,15,9,1.96116135138184,6,0,2.6,3,10.0,2,-2.0,-0.0301101694915217
2022,6,Spanish,TSU,AlphaTauri,13,10,0,65,66,48.957317073170735,36.56585365853658,2,80.639,102.39873015873016,88.97737288135593,88.793,1.506514988404158,87.33070000000001,0.1325393939393935,1.1808489510489508,0.8251222789422529,98.08199999999852,11,10,1.020228104207772,1,0,2.5,3,11.0,2,-1.0,0.0301101694915075
2022,6,Spanish,VET,Aston Martin,16,11,0,65,66,48.957317073170735,36.56585365853658,2,80.954,102.79873015873017,89.5796393442623,89.347,1.5476470746780624,88.59020000000001,-0.0100556390977443,1.444733173076919,0.9454395142997776,114.05999999999948,13,11,2.647386229123708,2,0,1.7777777777777777,2,21.0,2,9.0,0.6323766323978788
2022,6,Spanish,RIC,McLaren,9,12,0,65,66,48.957317073170735,36.56585365853658,2,80.287,101.95174603174604,89.4156440677966,89.28,1.3125867821912454,88.38057142857143,0.1031560439560436,1.6785654720279688,0.9197883287705148,127.11399999999958,8,12,1.6910397347831256,-4,0,1.0,3,11.0,2,-1.0,0.4683813559321805
2022,6,Spanish,GAS,AlphaTauri,14,13,0,65,66,48.957317073170735,36.56585365853658,2,80.719,102.50031746031743,89.37145762711863,89.404,1.6931742106636107,88.14525,0.1211117647058823,1.6727610139860147,0.933175849093712,128.384,12,13,0.8973786611784692,-1,0,1.2,3,10.0,2,-2.0,0.4241949152542048
2022,6,Spanish,MSC,Haas F1 Team,10,14,0,65,66,48.957317073170735,36.56585365853658,2,80.368,102.05460317460316,89.81613114754099,89.737,1.1270887642566854,89.56468749999999,0.0854307184750733,1.5065072989510448,0.8772776728558445,130.8799999999992,6,14,2.0402205763103165,-8,0,0.8181818181818182,2,12.0,2,0.0,0.8688684356765606
2022,6,Spanish,STR,Aston Martin,17,15,0,65,66,48.957317073170735,36.56585365853658,2,81.418,103.38793650793652,89.5313220338983,89.108,1.7195987948343618,88.1338125,0.0698926470588233,2.1144178321678315,0.9605261385657754,149.76800000000003,14,15,1.6930286925643503,-1,0,1.3333333333333333,3,14.0,2,2.0,0.5840593220338803
2022,6,Spanish,LAT,Williams,19,16,0,64,66,48.957317073170735,36.56585365853658,2,81.915,104.01904761904764,90.27213793103448,90.0655,1.771356883496782,89.21318181818181,0.2185000000000003,2.370966163003666,0.9577191856875958,179.5040000000008,18,16,1.428782226510972,2,0,2.0,3,12.0,2,0.0,1.3248752191700532
2022,6,Spanish,MAG,Haas F1 Team,8,17,0,64,66,48.957317073170735,36.56585365853658,2,79.682,101.18349206349208,89.90128333333334,89.785,1.3546171276155403,89.90984375,0.1189327346041055,1.6128674908424885,0.9134798418980098,187.70399999999967,20,17,1.6666666666666667,3,0,1.6666666666666667,2,1.0,3,-11.0,0.9540206214689136
2022,6,Spanish,ALB,Williams,18,18,0,64,66,48.957317073170735,36.56585365853658,2,81.645,103.67619047619048,90.62880357142856,90.4955,1.6040325594025129,89.52942857142855,0.1814999999999987,3.2000336996337,0.9692805262293948,225.3760000000002,16,18,0.9127350751780702,-2,-1,1.0,4,11.0,2,-1.0,1.6815408595641372
2022,6,Spanish,ZHO,Alfa Romeo,15,19,1,28,66,48.957317073170735,36.56585365853658,2,80.476,102.19174603174604,90.47532,90.114,2.0409011841177747,89.92607142857142,0.0501208791208786,1.913367542419269,0.6735674211796121,73.01900000000023,17,15,1.370030702934838,2,1,2.0,2,10.0,2,-2.0,1.528057288135571
2022,6,Spanish,LEC,Ferrari,1,20,1,27,66,48.957317073170735,36.56585365853658,2,78.75,100.0,88.06812500000001,88.23150000000001,0.622947713103492,88.25261111111111,0.0702652218782247,0.0630476190476151,0.1071428571428571,7.943999999999505,1,4,0.5773502691896257,-3,0,0.0,2,21.0,2,9.0,-0.8791377118644164
2022,7,Monaco,PER,Red Bull Racing,3,1,0,64,64,31.038367346938774,22.27469387755102,2,71.629,100.35446088321004,87.64108771929826,79.457,14.850543968248507,77.82609677419353,0.0226782258064515,-0.1306695512820535,0.250388660097766,0.0,3,1,1.0,2,0,3.0,3,16.0,4,-2.0,-0.8755175438596439
2022,7,Monaco,SAI,Ferrari,2,2,0,64,64,31.038367346938774,22.27469387755102,2,71.601,100.31523201075991,88.04957627118644,79.838,14.62906561256284,77.83148387096774,0.0177149193548387,-0.0414675595238116,0.1295621322021173,1.190000000000509,2,2,0.25,0,0,2.0,2,21.0,2,3.0,-0.4670289919714605
2022,7,Monaco,VER,Red Bull Racing,4,3,0,64,64,31.038367346938774,22.27469387755102,2,71.666,100.40629903609056,87.71943859649123,79.15,14.830074877011558,77.82183870967744,0.0087754032258065,-0.1086410027472633,0.2863630521442182,1.4799999999995634,4,3,0.479490056503484,1,0,1.0,3,18.0,4,0.0,-0.7971666666666692
2022,7,Monaco,LEC,Ferrari,1,4,0,64,64,31.038367346938774,22.27469387755102,2,71.376,100.0,87.71040350877192,79.112,14.893517549423558,77.83703225806451,0.0044229838709676,0.0423227793040256,0.0427559335307936,2.9509999999991123,1,4,1.324000071932094,-3,0,0.0,3,18.0,3,0.0,-0.806201754385981
2022,7,Monaco,RUS,Mercedes,6,5,0,64,64,31.038367346938774,22.27469387755102,2,72.112,101.03115893297463,88.19542372881355,79.379,14.1918225327164,78.06396774193549,0.0074774193548387,-0.1380492445054977,0.1349772592101275,11.954999999999927,6,5,0.4531634835874829,1,0,2.0,2,21.0,3,3.0,-0.3211815343443476
2022,7,Monaco,NOR,McLaren,5,6,0,64,64,31.038367346938774,22.27469387755102,2,71.849,100.66268773817532,87.85158181818183,80.726,14.566779399119984,75.58709999999999,0.0827454545454544,0.174440888278386,0.1006877245255468,12.2450000000008,5,6,0.5839707401889459,-1,0,1.0,4,17.0,4,-1.0,-0.6650234449760717
2022,7,Monaco,ALO,Alpine,7,7,0,64,64,31.038367346938774,22.27469387755102,2,72.247,101.2202981394306,88.69632203389828,82.751,12.91470296618745,79.1090322580645,-0.1444810483870968,0.5974143543956024,0.5742954177288186,46.37600000000021,7,7,0.2439750182371333,0,0,1.0,2,21.0,3,3.0,0.1797167707403844
2022,7,Monaco,HAM,Mercedes,8,8,0,64,64,31.038367346938774,22.27469387755102,2,72.56,101.65882089217664,88.44798245614035,81.987,12.89849553033668,79.21951612903227,-0.140336693548387,0.5184269001831471,0.3833008762973751,50.4380000000001,8,8,0.2937848256965015,0,0,1.0,3,15.0,4,-3.0,-0.0686228070175474
2022,7,Monaco,BOT,Alfa Romeo,12,9,0,64,64,31.038367346938774,22.27469387755102,2,72.909,102.14778076664426,88.97477966101692,82.314,12.748581414075188,79.18951612903226,-0.1447403225806451,0.2337730769230737,0.0544014442824034,52.55099999999948,12,10,0.8333333333333334,2,0,5.0,2,20.0,2,2.0,0.4581743978590253
2022,7,Monaco,VET,Aston Martin,9,10,0,64,64,31.038367346938774,22.27469387755102,2,72.613,101.7330755436001,88.58522807017545,82.257,12.932442514601938,79.19464516129032,-0.1532778225806451,0.1392120650183073,0.0154731292491102,53.54199999999946,9,11,1.9292418734697847,-2,0,3.5,3,6.0,3,-12.0,0.0686228070175474
2022,7,Monaco,GAS,AlphaTauri,17,11,0,64,64,31.038367346938774,22.27469387755102,2,73.66,103.19995516700293,87.61722807017543,82.393,10.956088089044936,79.17070967741935,-0.1533681451612905,0.0693999999999902,0.0055936505450985,54.29600000000028,17,12,1.717094260200266,5,-1,4.0,3,2.0,2,-16.0,-0.8993771929824703
2022,7,Monaco,OCO,Alpine,10,12,0,64,64,31.038367346938774,22.27469387755102,2,72.528,101.6139878950908,88.71510169491526,82.636,12.617047521583393,79.16290322580645,-0.141639516129032,0.3704764194139163,0.1959550265752012,50.68900000000031,10,9,0.4364357804719847,1,0,1.5,2,21.0,3,3.0,0.1984964317573627
2022,7,Monaco,RIC,McLaren,14,13,0,64,64,31.038367346938774,22.27469387755102,2,72.964,102.22483748038556,89.11362711864408,82.339,12.948445555619337,79.26080645161291,-0.1526915322580646,0.1523978937728934,0.0147174540148755,57.64199999999983,14,13,0.7153018565834609,1,0,1.5,2,19.0,2,1.0,0.5970218554861759
2022,7,Monaco,STR,Aston Martin,18,14,0,64,64,31.038367346938774,22.27469387755102,2,73.678,103.2251737278637,87.86042105263158,82.264,11.693147926315296,79.5151875,-0.1595450879765395,-0.3511573946886493,0.0017637468244122,60.84699999999975,19,14,2.39827773852636,5,0,7.0,4,1.0,4,-17.0,-0.6561842105263196
2022,7,Monaco,LAT,Williams,19,15,0,63,64,31.038367346938774,22.27469387755102,2,74.403,104.2409213180901,88.01064285714286,82.3415,10.31350634922888,83.72489189189189,,-0.3980054723502394,0.0021223629757053,87.95499999999993,20,15,1.7277589674683151,5,0,3.5,4,1.0,4,-17.0,-0.505962406015044
2022,7,Monaco,ZHO,Alfa Romeo,20,16,0,63,64,31.038367346938774,22.27469387755102,2,75.606,105.92636180228648,89.6740172413793,82.3535,12.585690123187147,80.32496774193548,-0.0644826612903227,0.1905322580645136,0.0004871672228696,88.42499999999927,18,16,1.0245326635590677,2,1,1.5,2,19.0,3,1.0,1.157411978221404
2022,7,Monaco,TSU,AlphaTauri,11,17,0,63,64,31.038367346938774,22.27469387755102,2,72.797,101.99086527684376,89.6006111111111,83.19749999999999,13.63064162364806,76.16825,-0.1783369565217388,0.4893261328724968,0.0032059993925598,110.70399999999972,11,17,1.7768494760164308,-6,0,1.0,4,6.0,5,-12.0,1.0840058479532075
2022,7,Monaco,ALB,Williams,16,18,1,49,64,31.038367346938774,22.27469387755102,2,73.611,103.1313046402152,92.20424390243905,95.701,13.020413201547193,79.10612499999999,-0.0309647058823527,0.8531968367346904,0.0044296741177841,85.72400000000016,16,18,1.7199806200458578,-2,0,1.6666666666666667,4,18.0,3,0.0,3.6876386392811327
2022,7,Monaco,MSC,Haas F1 Team,15,19,1,25,64,31.038367346938774,22.27469387755102,2,73.081,102.38875812598071,97.77736842105264,97.373,9.763504466524113,89.64775,-0.4770166666666659,7.53529692307696,0.3402017855759155,521.380000000001,15,17,1.3726099121798927,-2,0,1.3333333333333333,2,4.0,3,-14.0,9.26076315789473
2022,7,Monaco,MAG,Haas F1 Team,13,20,1,20,64,31.038367346938774,22.27469387755102,2,72.921,102.16459314055145,101.1007222222222,98.7815,8.812981633433822,98.6596875,-0.6767926470588231,2.7563939849624526,0.937791700532859,58.51600000000144,13,10,0.9459053029269172,3,0,2.0,1,20.0,1,2.0,12.584116959064303
2022,8,Azerbaijan,VER,Red Bull Racing,3,1,0,51,51,47.14968944099379,25.43540372670808,2,101.706,100.34234749750884,109.04640425531916,107.713,5.2939082286175845,106.82993333333334,0.0170071428571425,-0.0676057918552033,0.2209301478800374,0.0,3,1,0.7566696898963531,2,0,3.0,2,18.0,2,9.0,-1.756954701596953
2022,8,Azerbaijan,PER,Red Bull Racing,2,2,0,51,51,47.14968944099379,25.43540372670808,2,101.641,100.2782190037392,109.23259574468084,108.067,5.264911501215731,107.39280000000002,-0.0153285714285716,0.4330623529411718,0.6852971530470031,20.79099999999925,1,2,0.5408780080645201,-1,0,0.5,2,16.0,2,7.0,-1.5707632122352777
2022,8,Azerbaijan,RUS,Mercedes,5,3,0,51,51,47.14968944099379,25.43540372670808,2,102.712,101.33485926262098,109.13999999999996,109.098,2.0065601758059577,107.65566666666668,0.0444178571428569,0.674717285067873,0.7590214303900035,45.97699999999895,5,3,0.7577055147343351,2,0,2.0,2,9.0,2,0.0,-1.6633589569161558
2022,8,Azerbaijan,HAM,Mercedes,7,4,0,51,51,47.14968944099379,25.43540372670808,2,102.924,101.5440168115313,109.47561702127663,109.688,1.638250665021415,108.00186666666666,0.076735714285714,1.092522624434386,0.8423550986408054,71.6810000000005,7,4,2.094437076320668,3,0,4.5,2,9.0,2,0.0,-1.3277419356394944
2022,8,Azerbaijan,GAS,AlphaTauri,6,5,0,51,51,47.14968944099379,25.43540372670808,2,102.845,101.46607602679585,110.431125,109.6175,3.800120992614661,110.14083333333332,0.0768285714285724,1.1682959276018068,0.8915283403277336,77.29500000000007,6,5,1.4675576616256272,1,0,2.0,1,9.0,2,0.0,-0.3722339569161335
2022,8,Azerbaijan,VET,Aston Martin,9,6,0,51,51,47.14968944099379,25.43540372670808,2,103.091,101.70877771090876,110.58777083333332,109.8175,4.59308403895666,110.359,0.1148571428571439,1.308612126696824,0.8695951584753177,84.0669999999991,8,6,1.94956003080836,2,0,3.0,1,9.0,2,0.0,-0.2155881235828047
2022,8,Azerbaijan,ALO,Alpine,10,7,0,51,51,47.14968944099379,25.43540372670808,2,103.173,101.78967827227972,111.24235416666666,109.585,6.031468656015123,110.06493103448275,-0.0960220957070318,1.5146707692307646,0.934464104157932,88.57899999999972,10,7,2.306172450739324,3,0,4.5,1,18.0,2,9.0,0.4389952097505301
2022,8,Azerbaijan,RIC,McLaren,12,8,0,51,51,47.14968944099379,25.43540372670808,2,103.574,102.185301749228,110.90367346938775,110.158,4.213737886305911,108.67306666666668,0.0067964285714281,1.5404671493212685,0.937605430454466,92.19900000000052,12,8,2.2239339812461107,4,0,1.25,1,33.0,2,24.0,0.1003145124716411
2022,8,Azerbaijan,NOR,McLaren,11,9,0,51,51,47.14968944099379,25.43540372670808,2,103.398,102.01166151994396,112.11714285714284,110.23,8.221702021175421,111.4545,-0.226446633825944,1.6493045248868714,0.8878411774448288,92.52399999999945,11,9,2.912043955712208,2,0,5.0,1,20.0,2,11.0,1.3137839002267242
2022,8,Azerbaijan,OCO,Alpine,13,10,0,51,51,47.14968944099379,25.43540372670808,2,103.585,102.19615426355824,111.26183673469389,110.781,4.312271488375445,108.82693333333332,0.0569750000000003,1.8451503167420744,0.9446954345183628,108.15499999999884,13,10,1.4969249526029988,3,0,1.0,1,33.0,2,24.0,0.4584777777777447
2022,8,Azerbaijan,BOT,Alfa Romeo,15,11,0,50,51,47.14968944099379,25.43540372670808,2,104.444,103.04363697352974,111.45539583333334,110.6365,4.644805438701016,108.6765,-0.0161648351648347,1.8833863145257983,0.9384373684546324,113.35999999999876,16,11,1.999591795076879,5,-1,1.4,1,33.0,2,24.0,0.6520368764172133
2022,8,Azerbaijan,ALB,Williams,17,12,0,50,51,47.14968944099379,25.43540372670808,2,104.719,103.31494983178602,110.70304444444449,110.167,4.356561347061127,109.8994705882353,-0.5017181372549017,1.950953997599029,0.8508690667554795,114.98399999999856,15,12,1.874533955686161,3,0,1.6666666666666667,2,9.0,2,0.0,-0.1003145124716553
2022,8,Azerbaijan,TSU,AlphaTauri,8,13,0,50,51,47.14968944099379,25.43540372670808,2,103.056,101.67424698349431,110.45693333333332,109.839,4.557550445539398,108.05455555555557,-0.0055333333333327,2.066291956782712,0.8726492988021014,116.65899999999964,9,13,2.627639586381353,-4,0,1.75,2,9.0,3,0.0,-0.3464256235828031
2022,8,Azerbaijan,MSC,Haas F1 Team,20,14,0,50,51,47.14968944099379,25.43540372670808,2,105.775,104.35679120749022,111.44973333333331,110.543,4.281620086326713,111.0197,0.2014121212121211,2.738157935174065,0.9083967895730408,155.2119999999995,20,14,1.7842851423995425,6,1,6.0,2,9.0,2,0.0,0.6463743764171852
2022,8,Azerbaijan,LAT,Williams,18,15,0,50,51,47.14968944099379,25.43540372670808,2,105.367,103.95426158505904,113.16993333333332,111.423,6.240819415167151,112.28006896551724,-0.0410373749807663,3.319536326530604,0.9334743129623612,208.26999999999865,19,15,1.6439127043708364,4,-1,5.0,2,3.0,2,-6.0,2.366574376417205
2022,8,Azerbaijan,STR,Aston Martin,19,16,1,46,51,47.14968944099379,25.43540372670808,2,105.371,103.95820795390642,112.66971428571428,111.083,5.927762895120432,109.36127272727272,0.1378000000000001,2.400944064138145,0.8884809600460636,146.32899999999972,17,15,1.6260262459926669,2,-1,0.8333333333333334,2,30.0,2,21.0,1.86635532879815
2022,8,Azerbaijan,MAG,Haas F1 Team,16,17,1,32,51,47.14968944099379,25.43540372670808,2,104.643,103.23996882368613,111.00358620689654,110.515,2.55650972333712,110.41515789473684,0.0068017543859653,1.7654708577712523,0.7113989434964658,115.16899999999988,18,11,2.4547518105936703,7,2,4.5,1,9.0,2,0.0,0.2002272499804149
2022,8,Azerbaijan,ZHO,Alfa Romeo,14,18,1,23,51,47.14968944099379,25.43540372670808,2,103.777,102.38557996823174,111.03005,110.5425,2.633696291386531,110.16,-0.0141939393939389,1.881155138339906,0.6566863770377652,73.4970000000003,14,16,1.4418915990459231,-2,0,2.5,2,9.0,2,0.0,0.2266910430838606
2022,8,Azerbaijan,LEC,Ferrari,1,19,1,21,51,47.14968944099379,25.43540372670808,2,101.359,100.0,110.00083333333332,108.4745,6.001274288701969,108.61683333333332,0.0588285714285701,1.2769259740259624,0.344728614463426,58.83100000000013,2,17,3.300072149283435,-15,0,0.6666666666666666,2,9.0,2,0.0,-0.8025256235827953
2022,8,Azerbaijan,SAI,Ferrari,4,20,1,9,51,47.14968944099379,25.43540372670808,2,101.814,100.4488994563877,109.80575,109.2145,1.844583867124816,109.12916666666666,0.0696285714285721,,,,4,4,0.0,0,0,0.0,0,,1,,-0.9976089569161388
2022,9,Canadian,VER,Red Bull Racing,1,1,0,70,70,41.26111111111111,20.762962962962963,2,81.299,100.0,81.68425757575757,77.5865,13.675540453176986,78.22733333333333,-0.2005142857142845,-0.0305157903945426,0.0382343917544429,0.0,1,1,0.6306524932859495,0,0,1.5,2,9.0,2,-10.0,-0.3445779857397468
2022,9,Canadian,SAI,Ferrari,3,2,0,70,70,41.26111111111111,20.762962962962963,2,82.096,100.9803318614005,81.36571212121213,77.549,13.059478408438302,77.59244,0.0218784615384613,-0.0443768174262941,0.0631263258062152,0.9930000000003928,3,2,0.5189972813549512,1,1,2.0,2,20.0,2,1.0,-0.6631234402851902
2022,9,Canadian,HAM,Mercedes,4,3,0,70,70,41.26111111111111,20.762962962962963,2,82.891,101.9582036679418,81.75331818181819,77.9375,12.538246761451498,78.66183333333333,-0.1895714285714303,-0.0499900971043665,0.0184293047270498,7.006000000001222,4,3,0.8468673243255709,1,0,2.0,2,9.0,2,-10.0,-0.2755173796791297
2022,9,Canadian,RUS,Mercedes,8,4,0,70,70,41.26111111111111,20.762962962962963,2,83.557,102.77740193606316,82.15499999999999,77.93,12.387207248423053,77.84695454545455,-0.0218876341050252,-0.0249970606246191,0.0026600471893301,12.313000000000102,7,4,0.6924616275217435,3,1,2.5,2,19.0,2,0.0,0.1261644385026699
2022,9,Canadian,LEC,Ferrari,19,5,0,70,70,41.26111111111111,20.762962962962963,2,93.008,114.40239117332317,82.63172058823527,78.662,11.294155803282669,81.10042105263157,-0.1839511981617245,-0.0533554019770771,0.0027475321489241,15.168000000001484,18,5,3.4878078090154854,13,2,8.0,1,41.0,2,22.0,0.6028850267379511
2022,9,Canadian,OCO,Alpine,7,6,0,70,70,41.26111111111111,20.762962962962963,2,83.529,102.74296116803404,81.5669090909091,78.6275,10.65458018770443,78.59003846153846,-0.000894017094017,0.0522245647799845,0.003969658976846,23.89000000000124,6,6,0.627195935255346,0,-1,1.0,2,19.0,2,0.0,-0.4619264705882102
2022,9,Canadian,BOT,Alfa Romeo,11,7,0,70,70,41.26111111111111,20.762962962962963,2,86.788,106.7516205611385,81.95885294117647,78.928,9.736910166474331,80.93769565217391,-0.1479740980573542,0.0257358586300423,0.000710267281939,25.247000000001208,13,8,1.8111684799984675,5,0,1.6666666666666667,1,49.0,2,30.0,-0.0699826203208431
2022,9,Canadian,ZHO,Alfa Romeo,10,8,0,70,70,41.26111111111111,20.762962962962963,2,84.03,103.35920491026948,81.47533333333334,79.2435,8.975030396920172,79.27796153846155,-0.004905641025641,0.1476132796780681,0.015709059925629,26.95200000000113,10,9,0.7526351223064154,1,0,2.0,2,19.0,2,0.0,-0.5535022281639783
2022,9,Canadian,ALO,Alpine,2,9,0,70,70,41.26111111111111,20.762962962962963,2,81.944,100.79336769209952,81.84413636363637,78.612,10.560210538236824,78.42776470588235,0.0092867647058827,0.3172591374332973,0.099726626461292,24.945000000001528,2,7,1.9405768496291949,-5,-1,0.4285714285714285,2,28.0,2,9.0,-0.1846991978609509
2022,9,Canadian,STR,Aston Martin,17,10,0,70,70,41.26111111111111,20.762962962962963,2,95.532,117.50698040566304,82.81523529411764,79.428,10.16997530650174,81.22375,-0.1467266384778011,0.3043338990464545,0.051893713420876,38.22200000000157,16,10,2.6062911623969427,6,-1,4.5,1,47.0,2,28.0,0.7863997326203247
2022,9,Canadian,RIC,McLaren,9,11,0,70,70,41.26111111111111,20.762962962962963,2,83.749,103.0135672025486,81.72810606060605,79.1935,8.622750810641826,79.40642307692308,0.0539367521367522,0.2772072959496124,0.0550503805955577,43.04700000000048,9,11,1.1658530141135284,-2,0,1.0,2,19.0,2,0.0,-0.3007295008912649
2022,9,Canadian,VET,Aston Martin,16,12,0,70,70,41.26111111111111,20.762962962962963,2,94.512,116.25235242745912,82.63845454545456,79.012,10.031821322758308,82.63075,0.0961481762917933,-0.0019503455515735,3.4267534502368747e-06,44.2450000000008,15,12,2.347810750659212,3,0,2.6666666666666665,2,5.0,2,-14.0,0.6096189839572475
2022,9,Canadian,ALB,Williams,12,13,0,70,70,41.26111111111111,20.762962962962963,2,86.858,106.83772248121132,82.09881818181817,79.3635,8.783007080824778,79.3451923076923,0.012031111111111,0.3800828099028953,0.0571924347547842,44.89300000000003,12,13,2.0521160113949706,-1,0,2.0,2,18.0,2,-1.0,0.0699826203208573
2022,9,Canadian,GAS,AlphaTauri,15,14,0,70,70,41.26111111111111,20.762962962962963,2,94.492,116.2277518788669,82.9121818181818,79.162,9.802646553016007,81.854,-0.3364578754578753,0.2020707024757268,0.0182956445758467,45.1830000000009,17,14,1.871935038068758,3,-1,1.6,2,5.0,2,-14.0,0.8833462566844901
2022,9,Canadian,NOR,McLaren,14,15,0,70,70,41.26111111111111,20.762962962962963,2,94.066,115.70376019385232,82.45725757575758,79.3755,9.390935697314488,79.2223157894737,0.0704543859649123,0.4150086606596098,0.0611699916487424,47.14500000000044,14,15,1.6628942814575878,-1,0,2.333333333333333,2,19.0,2,0.0,0.4284220142602635
2022,9,Canadian,LAT,Williams,18,16,0,70,70,41.26111111111111,20.762962962962963,2,95.66,117.66442391665332,82.3945303030303,80.0635,7.040494703378333,81.39608333333334,-0.0754095652173911,0.4290594173738059,0.0404505811436772,59.978000000000975,20,16,1.0411810462232265,4,0,2.0,2,9.0,2,-10.0,0.3656947415329767
2022,9,Canadian,MAG,Haas F1 Team,5,17,0,70,70,41.26111111111111,20.762962962962963,2,82.96,102.04307556058498,83.07626470588237,79.58500000000001,9.99222169074249,79.90075,,0.3287714985565568,0.0590565453174051,68.18000000000029,5,17,3.557280464964524,-12,0,1.0,1,7.0,2,-12.0,1.047429144385049
2022,9,Canadian,TSU,AlphaTauri,20,18,1,47,70,41.26111111111111,20.762962962962963,2,96.575,118.78989901474802,80.33125,79.3965,3.8001154396480064,79.80216666666666,-0.2243142857142861,1.2792291859389469,0.9354207533804884,88.73000000000047,19,15,2.754359088254294,4,0,2.0,2,9.0,2,-10.0,-1.69758556149732
2022,9,Canadian,MSC,Haas F1 Team,6,19,1,19,70,41.26111111111111,20.762962962962963,2,83.356,102.53016642271122,82.86722222222221,79.5455,8.351056576728029,82.5926875,-0.1658191176470586,2.2394210526316027,0.4027114364793328,98.47900000000028,8,7,0.4850712500726659,1,0,1.0,0,,1,,0.8383866607248933
2022,9,Canadian,PER,Red Bull Racing,13,20,1,8,70,41.26111111111111,20.762962962962963,2,93.127,114.54876443744696,81.36599999999999,79.654,4.403145353040253,79.4226,-0.1647999999999996,,,,11,10,0.3779644730092272,1,0,1.0,0,,1,,-0.6628355614973316
2022,10,British,SAI,Ferrari,1,1,0,52,52,30.02610837438424,18.25320197044335,2,100.19,101.07032250905384,92.65446511627908,92.764,1.0073339246044066,91.33175,0.0239523809523809,0.0189676001024484,0.0012804498593138,0.0,2,1,0.7417215310091748,1,1,1.5,3,1.0,3,0.0,-2.922445994832046
2022,10,British,PER,Red Bull Racing,4,2,0,52,52,30.02610837438424,18.25320197044335,2,100.521,101.40423085070968,94.21756818181817,92.981,8.561403377130457,91.4215,-0.0353095238095223,-0.4464951762998446,0.1772594693591138,3.7450000000008,6,2,4.962149342121246,4,2,13.0,3,1.0,2,0.0,-1.35934292929295
2022,10,British,HAM,Mercedes,5,3,0,52,52,30.02610837438424,18.25320197044335,2,100.428,101.31041370335625,93.88747727272728,92.6655,8.03540838020575,91.687375,-0.1567023809523814,-0.0514938102962506,0.0781966743107788,6.213000000001557,3,3,1.2524485821702989,0,-3,1.2,3,1.0,3,0.0,-1.6894338383838488
2022,10,British,LEC,Ferrari,3,4,0,52,52,30.02610837438424,18.25320197044335,2,99.846,100.72329994249915,94.20544444444448,93.046,8.558310696615193,92.55323809523809,-0.0176744707347448,0.0846876120549814,0.037908236723178,8.572000000000116,4,4,1.0103163192073616,0,1,1.4,2,1.0,2,0.0,-1.3714666666666488
2022,10,British,ALO,Alpine,7,5,0,52,52,30.02610837438424,18.25320197044335,2,101.598,102.49069394425445,95.57691111111112,93.991,9.147220806994833,92.041,-0.064066666666667,0.0698913173397097,0.0062844170450603,9.619000000000597,5,5,0.7518203148505772,0,-3,1.25,3,1.0,3,0.0,0.0
2022,10,British,NOR,McLaren,6,6,0,52,52,30.02610837438424,18.25320197044335,2,101.515,102.40696466220784,95.26842222222224,93.957,7.794198896058088,92.251875,0.0399880952380946,0.0855694527448143,0.0112522332789726,12.023000000001048,7,6,0.8779174590226075,1,2,1.3333333333333333,3,1.0,3,0.0,-0.3084888888888741
2022,10,British,VER,Red Bull Racing,2,7,0,52,52,30.02610837438424,18.25320197044335,2,99.129,100.0,94.19359523809524,94.1195,1.749621520877653,92.73433333333334,0.1421166666666667,0.6065949372492014,0.0912137077184931,18.76500000000124,1,7,2.6152903452090346,-6,-1,1.0,4,1.0,3,0.0,-1.3833158730158743
2022,10,British,MSC,Haas F1 Team,19,8,0,52,52,30.02610837438424,18.25320197044335,2,102.708,103.61044699331174,95.0920888888889,94.612,4.153759889448584,92.71088888888887,0.0472166666666664,0.1123401775804607,0.0037039247785255,19.02500000000145,15,8,2.3822970777205428,7,-2,3.25,3,1.0,3,0.0,-0.4848222222222205
2022,10,British,VET,Aston Martin,18,9,0,52,52,30.02610837438424,18.25320197044335,2,102.666,103.56807795902309,95.24704444444446,94.394,4.56951338644378,93.17366666666663,-0.1380500000000002,-0.146074959446776,0.0089963071950412,22.402000000000044,13,9,3.974039056846242,4,-1,2.25,3,1.0,2,0.0,-0.3298666666666605
2022,10,British,MAG,Haas F1 Team,17,10,0,52,52,30.02610837438424,18.25320197044335,2,102.159,103.0566231879672,97.06063829787232,95.065,8.13819132620877,95.503,-0.0186274509803922,0.2686208913173386,0.0214523354671799,24.647000000000844,12,10,1.690627165037102,2,-3,1.3333333333333333,2,1.0,2,0.0,1.4837271867612143
2022,10,British,STR,Aston Martin,20,11,0,52,52,30.02610837438424,18.25320197044335,2,103.43,104.33879086846432,96.84567391304348,94.7755,8.279920133952844,93.20788888888887,-0.1440666666666667,0.1723497822931774,0.0075475648345689,26.11200000000099,14,11,1.9061700246557045,3,-2,2.75,3,1.0,2,0.0,1.268762801932354
2022,10,British,LAT,Williams,10,12,0,52,52,30.02610837438424,18.25320197044335,2,101.998,102.89420855652736,97.12608695652172,95.08,8.690709659876491,94.0628,0.0891030303030301,0.4574183385981268,0.0577929967292487,32.47600000000057,8,12,1.4824259600393173,-4,-2,0.75,3,1.0,2,0.0,1.549175845410602
2022,10,British,RIC,McLaren,14,13,0,52,52,30.02610837438424,18.25320197044335,2,101.933,102.828637432033,96.52097727272728,94.652,8.79120235047023,94.0608181818182,0.013009090909091,0.7179358832066818,0.0806000497453443,32.82300000000032,10,13,1.3267181296247943,-3,-2,0.8,4,1.0,3,0.0,0.9440661616161492
2022,10,British,TSU,AlphaTauri,13,14,0,52,52,30.02610837438424,18.25320197044335,2,101.893,102.78828597080572,97.24380434782609,95.521,8.124865276475026,94.16018181818184,-0.0284181818181822,0.7850993340732529,0.0700075927344742,40.875,16,14,2.5620504608813945,2,7,2.6666666666666665,3,1.0,3,0.0,1.6668932367149694
2022,10,British,OCO,Alpine,15,15,1,38,52,30.02610837438424,18.25320197044335,2,101.73,102.62385376630452,95.7880303030303,94.996,5.358156133904932,94.15683333333334,-0.0727272727272726,1.839735747893628,0.4106921933664774,130.66699999999946,17,8,1.9830361651852024,9,6,7.0,2,1.0,3,0.0,0.211119191919181
2022,10,British,GAS,AlphaTauri,11,16,1,26,52,30.02610837438424,18.25320197044335,2,101.68,102.5734144397704,97.40066666666668,95.512,7.869932441471993,94.94083333333332,-0.0487714285714296,3.0704888888888906,0.8615104315345474,76.77000000000044,11,14,3.3247324935769123,-3,4,1.6666666666666667,3,1.0,3,0.0,1.8237555555555505
2022,10,British,BOT,Alfa Romeo,12,17,1,20,52,30.02610837438424,18.25320197044335,2,101.396,102.28691906505664,97.68835294117648,95.527,8.707576542451237,95.47746666666669,-0.0280357142857142,1.4584105263157712,0.7177014770826745,48.73500000000058,9,11,1.3088765773505318,-2,-4,1.0,2,1.0,1,0.0,2.111441830065374
2022,11,Austrian,LEC,Ferrari,2,1,0,71,71,30.74671052631579,20.25592105263158,2,65.013,100.04462636956792,70.00116923076925,70.122,1.0299839435828415,68.6231,0.1406848484848489,-0.009192421193829,0.007987563216423,0.0,2,1,0.5234923739593171,1,0,2.5,3,26.0,2,10.5,-1.886273193473173
2022,11,Austrian,VER,Red Bull Racing,1,2,0,71,71,30.74671052631579,20.25592105263158,2,64.984,100.0,70.0238,70.165,0.9775692462685182,68.3956,,-0.0193450704225367,0.0021063388477924,1.5319999999992433,1,2,1.1078646962109877,-1,0,1.1666666666666667,3,13.0,2,-2.5,-1.8636424242424283
2022,11,Austrian,HAM,Mercedes,8,3,0,71,71,30.74671052631579,20.25592105263158,2,65.475,100.75557060199434,71.29998507462687,70.699,3.434482707697162,70.39368421052633,0.0329210526315788,0.4458965794768603,0.7751346948348757,41.216999999998734,7,3,1.5650868927607011,4,0,2.0,2,28.0,2,12.5,-0.5874573496155477
2022,11,Austrian,RUS,Mercedes,4,4,0,71,71,30.74671052631579,20.25592105263158,2,65.431,100.68786162747752,71.34643283582089,70.936,3.312594672055384,71.21856000000001,0.0384753846153846,0.6446596914822268,0.4986885548143675,58.97199999999975,4,4,4.709765530054392,0,0,4.666666666666667,2,11.0,3,-4.5,-0.5410095884215309
2022,11,Austrian,OCO,Alpine,6,5,0,71,71,30.74671052631579,20.25592105263158,2,65.726,101.14181952480612,71.71292537313435,71.312,3.235792611970023,71.47645833333333,0.0091282608695652,0.8255383635144193,0.7810166318156183,68.4359999999997,5,5,1.3320080603498696,0,0,1.8,2,16.0,3,0.5,-0.1745170511080687
2022,11,Austrian,MSC,Haas F1 Team,9,6,0,70,71,30.74671052631579,20.25592105263158,2,66.011,101.58038901883542,71.81643939393939,71.23750000000001,3.423591470635604,71.4235652173913,0.0074258893280632,0.933506727320447,0.7933978238828561,74.64899999999943,8,6,2.1098212615512204,2,0,5.0,2,16.0,3,0.5,-0.0710030303030322
2022,11,Austrian,NOR,McLaren,10,7,0,70,71,30.74671052631579,20.25592105263158,2,66.33,102.07127908408224,71.80757575757576,71.3495,3.5307952037884567,71.58103999999999,0.0191376923076922,0.9634667483159824,0.7988026141144178,77.55599999999868,10,7,1.7155964623220965,3,0,4.666666666666667,2,14.0,3,-1.5,-0.0798666666666605
2022,11,Austrian,MAG,Haas F1 Team,7,8,0,70,71,30.74671052631579,20.25592105263158,2,65.879,101.37726209528502,71.91948484848486,71.3895,3.463382123089529,71.63099999999999,0.0798251748251751,1.0432244947948577,0.8244701847735297,80.96500000000015,6,8,1.8923404505934924,-2,0,2.0,2,15.0,3,-0.5,0.0320424242424337
2022,11,Austrian,RIC,McLaren,11,9,0,70,71,30.74671052631579,20.25592105263158,2,66.613,102.50677089745167,72.02427272727273,71.548,3.417721110040137,71.71178571428572,0.0268981937602625,1.027382573703087,0.8444656883289389,85.6929999999993,9,9,1.7505396979087482,0,0,2.8,2,12.0,3,-3.5,0.1368303030303082
2022,11,Austrian,ALO,Alpine,19,10,0,70,71,30.74671052631579,20.25592105263158,2,66.016,101.58808322048505,71.33255384615386,71.173,1.7908182577278846,69.20822222222222,0.0378166666666655,1.033892170413785,0.8858466514780139,87.77399999999943,18,10,4.256866332536751,8,1,2.2222222222222223,3,27.0,2,11.5,-0.5548885780885655
2022,11,Austrian,BOT,Alfa Romeo,20,11,0,70,71,30.74671052631579,20.25592105263158,2,66.319,102.05435184045304,71.85539999999999,71.359,3.460160115514888,71.74886206896552,0.0346187192118226,0.9385412824774736,0.7897107565458943,89.3239999999987,19,11,2.95336422549729,8,0,2.333333333333333,2,6.0,3,-9.5,-0.0320424242424337
2022,11,Austrian,ALB,Williams,15,12,0,70,71,30.74671052631579,20.25592105263158,2,66.23,101.91739505108951,72.13668181818181,71.63900000000001,3.501298810261879,71.82600000000001,0.03952,1.11399870527513,0.8592064317211521,93.92599999999948,13,12,1.720898219892685,1,0,2.4,2,11.0,3,-4.5,0.2492393939393906
2022,11,Austrian,STR,Aston Martin,12,13,0,70,71,30.74671052631579,20.25592105263158,2,66.847,102.86685953465468,72.17578787878789,71.7675,3.519275994227096,71.94286666666666,0.0967392857142852,1.4344214679380658,0.934212559083845,98.82599999999913,11,13,3.555563103856722,-2,0,2.0,2,29.0,2,13.5,0.288345454545464
2022,11,Austrian,ZHO,Alfa Romeo,13,14,0,70,71,30.74671052631579,20.25592105263158,2,66.901,102.94995691247078,72.05072727272727,71.60849999999999,3.632482628664926,71.55905555555556,0.0810763673890608,1.3838348176012554,0.8955152243849579,100.54799999999886,14,14,3.3517091835876447,0,-1,2.6666666666666665,2,24.0,2,8.5,0.1632848484848494
2022,11,Austrian,GAS,AlphaTauri,14,15,0,70,71,30.74671052631579,20.25592105263158,2,66.16,101.8096762279946,72.11825757575758,71.446,3.504973074891012,71.83433333333333,0.0304333333333327,1.312014119499604,0.8585857057060295,102.7549999999992,12,15,1.9186347803294548,-3,0,1.6666666666666667,2,12.0,3,-3.5,0.2308151515151593
2022,11,Austrian,TSU,AlphaTauri,16,16,0,70,71,30.74671052631579,20.25592105263158,2,66.463,102.2759448479626,72.33271212121213,71.7875,3.5663231561809363,71.92275,0.0547999999999994,1.4963535123786205,0.9403526176517856,109.48899999999958,15,17,3.632866990035252,-2,1,1.7777777777777777,2,26.0,2,10.5,0.445269696969703
2022,11,Austrian,VET,Aston Martin,18,17,0,70,71,30.74671052631579,20.25592105263158,2,66.652,102.56678567031884,72.31959090909089,71.376,4.1085165991455534,72.22408695652173,,1.4392820575627645,0.8858203622851666,106.18099999999868,17,16,2.421436358293788,1,-1,2.4285714285714284,2,20.0,3,4.5,0.4321484848484687
2022,11,Austrian,SAI,Ferrari,3,18,1,57,71,30.74671052631579,20.25592105263158,2,65.066,100.12618490705404,70.44115384615384,70.449,0.8863245628827133,68.91733333333333,0.0448894736842107,0.1992037205081702,0.0892974688193327,86.23399999999947,3,3,0.5675190940205643,0,0,2.0,2,27.0,3,11.5,-1.446288578088584
2022,11,Austrian,LAT,Williams,17,19,1,48,71,30.74671052631579,20.25592105263158,2,67.003,103.10691862612336,72.52655813953488,72.266,1.559737726767297,72.16833333333334,0.0591666666666663,2.1533380916196294,0.9341244956350772,122.1329999999998,16,19,1.4135865556642118,-3,0,1.0,3,12.0,3,-3.5,0.639115715292462
2022,11,Austrian,PER,Red Bull Racing,5,20,1,24,71,30.74671052631579,20.25592105263158,2,65.404,100.6463129385695,73.05095238095238,72.818,0.9255776291695068,73.17457894736842,0.0456157894736839,2.583998695652176,0.9627479023038396,118.42900000000007,20,20,0.0,0,0,0.0,2,1.0,2,-14.5,1.1635099567099587
2022,12,French,VER,Red Bull Racing,2,1,0,53,53,54.46171875,30.164843750000003,2,91.176,100.33453649088828,99.38436734693876,98.242,5.271428497467417,98.9392307692308,0.0714560439560437,-0.0657186744073538,0.0471879162560491,0.0,2,1,0.9324032963861488,1,0,1.0,1,16.0,2,-2.0,-2.043299719887955
2022,12,French,HAM,Mercedes,4,2,0,53,53,54.46171875,30.164843750000003,2,91.765,100.98270094198432,100.45360784313723,98.689,8.46057702778819,99.36413333333331,0.0089464285714281,0.1010989356555385,0.285958464430179,10.627999999999702,3,2,0.4863895003068099,1,0,2.0,1,18.0,2,0.0,-0.9740592236894798
2022,12,French,RUS,Mercedes,6,3,0,53,53,54.46171875,30.164843750000003,2,92.131,101.38546526983008,100.56762745098038,98.725,7.94474192396653,99.46253333333334,0.0149785714285715,0.2118959038864694,0.4842975961411417,16.498999999999796,6,3,0.6962474578024479,3,1,4.0,1,18.0,2,0.0,-0.8600396158463468
2022,12,French,PER,Red Bull Racing,3,4,0,53,53,54.46171875,30.164843750000003,2,91.335,100.50950787921472,100.61,98.663,8.4936777028564,99.5086,0.0099857142857139,0.2239245283018844,0.4700555634609406,17.384000000000015,4,4,0.4893643873724845,0,0,1.0,1,18.0,2,0.0,-0.817667066826715
2022,12,French,SAI,Ferrari,19,5,0,53,53,54.46171875,30.164843750000003,2,91.081,100.2299938374857,100.47916326530613,98.599,7.262271534980575,98.29315,0.0171466165413533,0.2579792775358813,0.0897110531812311,28.868999999999687,18,5,3.811029749341096,13,3,5.333333333333333,2,18.0,2,0.0,-0.9485038015206158
2022,12,French,ALO,Alpine,7,6,0,53,53,54.46171875,30.164843750000003,2,92.552,101.84875429175104,101.2256274509804,99.674,7.2820143585708035,100.089,0.0081142857142856,0.7520478148685645,0.778113177012436,42.91799999999967,5,6,0.4225157909639984,-1,-1,0.6666666666666666,1,18.0,2,0.0,-0.2020396158463313
2022,12,French,NOR,McLaren,5,7,0,53,53,54.46171875,30.164843750000003,2,92.032,101.27652082049477,101.4533137254902,99.75,6.9475096645926175,100.31213333333332,0.0272357142857143,0.8166840025802292,0.7329988057843624,52.02300000000014,7,7,0.2950978288503026,0,0,1.0,1,18.0,2,0.0,0.0256466586634758
2022,12,French,OCO,Alpine,10,8,0,53,53,54.46171875,30.164843750000003,2,93.048,102.39457698741086,101.5416274509804,99.914,6.61943514798894,100.42446666666666,0.0224321428571431,0.8889049346879556,0.6997827880735997,56.95600000000013,9,8,0.5864953349678429,1,0,3.0,1,18.0,2,0.0,0.1139603841536711
2022,12,French,RIC,McLaren,9,9,0,53,53,54.46171875,30.164843750000003,2,92.922,102.25592041552952,101.73829411764709,99.928,6.865791896916532,100.72390625,0.1422736436950146,0.911704321883567,0.6645449969124736,60.36899999999969,8,9,0.623092153409155,-1,0,0.6,1,18.0,2,0.0,0.3106270508203579
2022,12,French,STR,Aston Martin,15,10,0,53,53,54.46171875,30.164843750000003,2,93.439,102.82485253983624,101.72366666666667,100.066,6.538185089661094,100.68740000000004,0.0478892857142858,0.9226369940332214,0.6868701641632922,62.54600000000028,10,10,0.394078079390396,0,0,0.5,1,18.0,2,0.0,0.2959995998399449
2022,12,French,VET,Aston Martin,12,11,0,53,53,54.46171875,30.164843750000003,2,93.276,102.64547935557708,101.35609803921568,100.06,4.433863666171534,100.75770967741936,0.1383092741935483,0.9511739235607192,0.737838718463888,64.48400000000038,11,11,1.066374839131464,0,0,1.0,1,19.0,2,1.0,-0.0715690276110478
2022,12,French,GAS,AlphaTauri,14,12,0,53,53,54.46171875,30.164843750000003,2,93.439,102.82485253983624,101.77996078431372,100.181,5.763255652704588,100.81328125,0.0910049486803519,0.9200820835349156,0.6208362762873172,65.44499999999971,15,12,1.3493534440542747,3,-1,3.0,1,18.0,2,0.0,0.3522937174869867
2022,12,French,ALB,Williams,13,13,0,53,53,54.46171875,30.164843750000003,2,93.307,102.67959327405582,101.85384313725493,100.265,6.146187567500848,100.83686666666668,0.0446285714285715,1.0054883889695203,0.664082081694818,68.5619999999999,12,13,1.0007254262832883,-1,-1,0.5,1,18.0,2,0.0,0.426176070428184
2022,12,French,BOT,Alfa Romeo,11,14,0,53,53,54.46171875,30.164843750000003,2,93.034,102.37917070164627,101.53132653061223,100.014,5.620016008235488,100.0260714285714,-0.0346571428571431,1.258457910014512,0.6371506083333744,76.66299999999956,16,14,1.2467664999389827,2,-1,2.6666666666666665,2,18.0,2,0.0,0.1036594637855188
2022,12,French,MSC,Haas F1 Team,17,15,0,53,53,54.46171875,30.164843750000003,2,93.114,102.46720662030108,101.40202040816324,100.135,4.280269464306522,100.6788,0.1394000000000019,0.9990512820512798,0.4951971239439657,80.39099999999962,14,15,1.70396106444475,-1,0,1.4,2,9.0,2,-9.0,-0.0256466586634758
2022,12,French,ZHO,Alfa Romeo,16,16,0,48,53,54.46171875,30.164843750000003,2,93.674,103.08345805088476,102.97902325581396,100.37,7.669277114032798,100.64577272727271,0.1012202145680406,2.4424934867564057,0.8078724568520556,185.59699999999967,19,16,1.2127903011335428,3,0,2.5,2,9.0,2,-9.0,1.551356188987242
2022,12,French,LAT,Williams,18,17,1,41,53,54.46171875,30.164843750000003,2,93.794,103.21551192886696,101.66061111111112,100.761,4.234207453435667,100.22433333333332,0.0012821428571429,1.230193902439027,0.3676967566266922,115.46200000000044,17,16,1.609423468959933,1,-1,1.2,3,19.0,2,1.0,0.2329440442843804
2022,12,French,MAG,Haas F1 Team,20,18,1,38,53,54.46171875,30.164843750000003,2,92.649,101.95549784312,101.0690606060606,100.177,3.4417310954971643,100.1725625,0.0491249999999997,0.2667221796695453,0.0292812257686117,51.74499999999989,13,14,2.102629932151387,-1,1,7.0,3,8.0,2,-10.0,-0.3586064607661257
2022,12,French,LEC,Ferrari,1,19,1,18,53,54.46171875,30.164843750000003,2,90.872,100.0,99.11423529411763,98.963,1.1446826814346722,98.8976,0.0188214285714287,0.2631052631578999,0.1578947368421052,14.997000000000298,1,1,0.0,0,0,0.0,0,,1,,-2.3134317727090803
2022,12,French,TSU,AlphaTauri,8,20,1,18,53,54.46171875,30.164843750000003,2,92.78,102.09965665991724,102.66013333333332,101.138,5.510792422493297,100.931,0.173857142857144,4.772214654282771,0.8943017656718614,78.53099999999995,20,18,1.0416176459053663,2,0,1.5,2,11.0,2,-7.0,1.2324662665066055
2022,13,Hungarian,VER,Red Bull Racing,10,1,0,70,70,26.720958083832333,18.55988023952096,2,77.703,100.42131382710626,84.888,83.525,5.20619275035473,83.71077777777778,0.0253085655314756,-0.2149976729944895,0.3374541144856377,0.0,8,1,2.230784058470911,7,0,5.0,2,16.0,2,-0.5,-1.2774162393162385
2022,13,Hungarian,HAM,Mercedes,7,2,0,70,70,26.720958083832333,18.55988023952096,2,78.035,100.85038189642916,84.90401515151517,83.7595,5.026264621557518,83.80092857142857,0.0264170771756978,0.004594873589358,0.000245922963455,7.833999999998923,5,2,1.4931867348924577,3,0,3.6666666666666665,2,19.0,2,2.5,-1.261401087801076
2022,13,Hungarian,RUS,Mercedes,1,3,0,70,70,26.720958083832333,18.55988023952096,2,77.377,100.0,84.97459090909092,83.88900000000001,4.6320502487551884,84.04426315789476,0.0298491228070173,0.187517889948386,0.3060151221920039,12.336999999999534,1,3,1.4575426723845673,-2,0,1.3333333333333333,2,16.0,2,-0.5,-1.1908253302253229
2022,13,Hungarian,SAI,Ferrari,2,4,0,70,70,26.720958083832333,18.55988023952096,2,77.421,100.05686444292232,84.99089393939396,83.935,4.932697327734556,84.01965384615384,0.017259829059829,0.1674313883299776,0.263704366380465,14.578999999999724,2,4,1.102979214218441,-2,0,1.4,2,17.0,2,0.5,-1.1745222999222875
2022,13,Hungarian,PER,Red Bull Racing,11,5,0,70,70,26.720958083832333,18.55988023952096,2,78.516,101.47201364746633,84.98663636363636,83.8535,5.361545754828442,84.0726,0.0896721804511274,0.1774627416673923,0.2111348796172073,15.688000000000102,9,5,1.3544650491460375,4,0,5.5,2,18.0,2,1.5,-1.1787798756798793
2022,13,Hungarian,LEC,Ferrari,3,6,0,70,70,26.720958083832333,18.55988023952096,2,77.567,100.2455510035282,84.704046875,83.697,5.072357726198909,83.54036363636364,0.1201363636363635,0.4016842620942987,0.5805158546283647,16.04699999999866,3,6,1.760858062994409,-3,0,1.0,3,21.0,3,4.5,-1.4613693643162406
2022,13,Hungarian,NOR,McLaren,4,7,0,70,70,26.720958083832333,18.55988023952096,2,77.769,100.50661049148972,85.86513636363637,84.424,5.224254381503386,84.766,0.0408973913043477,0.9453705187647536,0.8583028650956962,78.29999999999927,4,7,2.1443266183029897,-3,0,1.2,2,14.0,3,-2.5,-0.3002798756798768
2022,13,Hungarian,ALO,Alpine,6,8,0,69,70,26.720958083832333,18.55988023952096,2,77.904,100.681080941365,86.4369552238806,85.111,4.833163897028579,85.77799999999999,-0.0232239422084623,1.2250046766532643,0.9348679922216396,96.45800000000054,7,8,1.890998103592911,-1,0,1.4,1,21.0,2,4.5,0.2715389845643585
2022,13,Hungarian,OCO,Alpine,5,9,0,69,70,26.720958083832333,18.55988023952096,2,78.018,100.82841154348192,86.44558208955225,85.225,4.773501647032271,85.7288,-0.0135172932330827,1.3674537815126049,0.9491670563955612,99.33200000000032,6,9,1.988886428183224,-3,0,0.875,1,23.0,2,6.5,0.2801658502360027
2022,13,Hungarian,VET,Aston Martin,18,10,0,69,70,26.720958083832333,18.55988023952096,2,79.273,102.45034054047068,86.16927692307692,85.146,5.21331955639738,85.0494074074074,0.0118992673992672,1.2262879795396386,0.9214507866819904,99.47500000000036,18,10,2.2566563470570133,8,2,5.0,2,15.0,2,-1.5,0.0038606837606778
2022,13,Hungarian,STR,Aston Martin,14,11,0,69,70,26.720958083832333,18.55988023952096,2,79.137,102.27457771689264,86.20430769230771,85.069,5.201875791250321,84.92785714285715,0.0190821018062398,1.262629996346363,0.8896515190945091,107.08599999999932,14,11,2.2786491863024905,3,0,2.333333333333333,2,14.0,2,-2.5,0.0388914529914643
2022,13,Hungarian,GAS,AlphaTauri,20,12,0,69,70,26.720958083832333,18.55988023952096,2,79.116,102.24743786913425,86.089625,85.0585,4.504832972609653,84.97057692307693,-0.0009623931623931,1.401637961271463,0.9258274398438424,120.03399999999964,20,12,2.425092610354903,8,1,5.333333333333333,2,16.0,2,-0.5,-0.0757912393162456
2022,13,Hungarian,ZHO,Alfa Romeo,12,13,0,69,70,26.720958083832333,18.55988023952096,2,78.573,101.54567894852477,86.41406153846154,85.457,5.509298120214938,85.42753333333334,0.8754749999999997,1.887446876141762,0.9450048656744652,125.45900000000074,17,14,2.6537142816232206,3,0,2.4285714285714284,2,27.0,3,10.5,0.2486452991452949
2022,13,Hungarian,MSC,Haas F1 Team,15,14,0,69,70,26.720958083832333,18.55988023952096,2,79.164,102.30947180686768,86.51458461538462,85.617,5.262076078211394,85.77240000000002,0.3506723076923078,1.8177270734380675,0.9623737605782392,125.7459999999992,12,15,2.458088584345781,-3,0,1.1428571428571428,2,21.0,2,4.5,0.349168376068377
2022,13,Hungarian,RIC,McLaren,9,15,0,69,70,26.720958083832333,18.55988023952096,2,78.198,101.06103880998228,86.47701538461538,85.105,5.171547309837223,84.99296296296296,0.0292545787545788,1.630629630982826,0.9041431108313828,124.6810000000005,11,13,2.433339756382465,-2,0,1.1428571428571428,2,15.0,3,-1.5,0.3115991452991409
2022,13,Hungarian,MAG,Haas F1 Team,13,16,0,69,70,26.720958083832333,18.55988023952096,2,78.825,101.8713571216253,86.13499999999999,85.702,4.196473853898248,84.78378571428573,0.0457679255610289,1.746792071611251,0.9084777222599042,154.26800000000003,10,16,2.5180507759266746,-6,0,1.25,3,6.0,3,-10.5,-0.0304162393162528
2022,13,Hungarian,ALB,Williams,17,17,0,69,70,26.720958083832333,18.55988023952096,2,79.256,102.42837018752344,86.22185714285716,85.259,4.2784413157323895,85.65093333333333,0.0815749999999997,1.8359140664961653,0.959131427845397,155.1180000000004,15,17,1.5913502338964922,-2,-5,1.8571428571428568,3,2.0,2,-14.5,0.056440903540917
2022,13,Hungarian,LAT,Williams,19,18,0,69,70,26.720958083832333,18.55988023952096,2,79.57,102.83417553019632,86.72790476190477,85.567,5.432490309105517,85.05415384615384,0.1540109890109891,2.306454585312385,0.95442657482211,167.241,19,18,1.320860243082583,1,1,3.0,3,18.0,2,1.5,0.5624885225885237
2022,13,Hungarian,TSU,AlphaTauri,16,19,0,68,70,26.720958083832333,18.55988023952096,2,79.24,102.40769220827896,87.44851612903224,85.5535,6.026687056483419,85.13507142857144,0.1004109890109887,2.9962924189792672,0.93540030020112,246.65099999999984,16,19,2.23763797451786,-3,1,1.4285714285714286,3,13.0,2,-3.5,1.2830998897159986
2022,13,Hungarian,BOT,Alfa Romeo,8,20,1,66,70,26.720958083832333,18.55988023952096,2,78.157,101.00805148816832,86.16155555555555,85.149,4.258526698048613,85.04916666666668,0.0207902187902188,1.3796041331802462,0.8550521285382927,169.60999999999876,13,12,1.934628765820064,1,0,1.8,1,26.0,2,9.5,-0.003860683760692
2022,14,Belgian,VER,Red Bull Racing,14,1,0,44,44,36.08397435897436,21.78717948717949,2,103.665,100.0,113.38552631578948,112.4245,4.812295152463519,111.955,0.1724818181818178,-0.1840465821000729,0.393340373101145,0.0,8,1,2.191059094985049,7,0,7.0,2,15.0,2,2.5,-1.9902777777777767
2022,14,Belgian,PER,Red Bull Racing,2,2,0,44,44,36.08397435897436,21.78717948717949,2,104.462,100.76882264988184,113.44597368421051,112.7565,3.385312333283794,112.28921428571428,0.1002439560439563,0.4682375616631475,0.6415189449625602,17.886000000000422,2,2,0.4086796147156642,0,0,1.0,2,14.0,2,1.5,-1.92983040935674
2022,14,Belgian,SAI,Ferrari,1,3,0,44,44,36.08397435897436,21.78717948717949,2,104.297,100.60965610379586,113.52905263157896,112.7175,3.042005436917585,112.4410625,0.0155897058823529,0.799894573643416,0.718895384664419,26.88500000000022,1,3,1.10925379180331,-2,0,1.0,2,11.0,3,-1.5,-1.846751461988319
2022,14,Belgian,RUS,Mercedes,5,4,0,44,44,36.08397435897436,21.78717948717949,2,105.461,101.7325037380022,113.77710526315788,113.337,3.714648255797024,112.22533333333332,0.1169860139860147,0.7270805496828747,0.8622674786000911,29.19000000000051,3,4,0.6599378534390123,-1,0,1.25,2,13.0,2,0.5,-1.5986988304093757
2022,14,Belgian,ALO,Alpine,3,5,0,44,44,36.08397435897436,21.78717948717949,2,105.368,101.64279168475376,114.86752631578946,114.215,3.721064114999552,113.383375,-0.0117499999999997,1.8493575757575724,0.926638608856354,73.22600000000057,4,6,2.028731260798538,-2,0,1.6666666666666667,2,11.0,2,-1.5,-0.5082777777778063
2022,14,Belgian,LEC,Ferrari,15,6,0,44,44,36.08397435897436,21.78717948717949,2,104.551,100.85467612019484,114.87905263157892,114.595,4.790938326800825,112.65584615384616,0.0862967032967034,1.2177854827343173,0.8072142414016591,69.96700000000055,10,5,3.822156393006495,5,-2,2.4,3,3.0,2,-9.5,-0.4967514619883388
2022,14,Belgian,OCO,Alpine,16,7,0,44,44,36.08397435897436,21.78717948717949,2,105.18,101.46143828678916,115.21955263157896,114.5845,5.023328952738941,112.65677777777778,0.1744666666666667,1.7157011275546177,0.9407656452403104,75.66000000000167,13,7,2.236895122392534,6,2,3.0,2,12.0,2,-0.5,-0.1562514619883046
2022,14,Belgian,VET,Aston Martin,10,8,0,44,44,36.08397435897436,21.78717948717949,2,106.344,102.58428592099553,115.04168421052633,114.508,4.031034935886633,112.836,0.0434047619047612,1.9380560253699863,0.9510312063474776,78.14700000000084,5,8,1.4386686351833995,-3,0,1.6,2,14.0,2,1.5,-0.3341198830409553
2022,14,Belgian,GAS,AlphaTauri,20,9,0,44,44,36.08397435897436,21.78717948717949,2,105.827,102.08556407659286,114.52419444444448,114.2575,1.0183133623635965,114.05621052631578,0.0281122807017544,1.8958834390415844,0.9099799335259008,92.20400000000154,19,9,3.434297229856804,10,2,2.6666666666666665,2,10.0,3,-2.5,-0.8516096491227927
2022,14,Belgian,ALB,Williams,6,10,0,44,44,36.08397435897436,21.78717948717949,2,105.672,101.93604398784548,115.63934210526315,114.6485,4.127894877906184,114.27133333333332,0.0148499999999995,2.420846018322766,0.9551357869977491,101.875,7,10,2.5053853201727265,-3,0,1.7142857142857142,2,10.0,2,-2.5,0.2635380116958856
2022,14,Belgian,STR,Aston Martin,9,11,0,44,44,36.08397435897436,21.78717948717949,2,106.256,102.49939709641632,115.76934210526318,114.721,4.796380799279051,114.185,0.0670321428571431,2.4882244538407257,0.9537583245749828,103.10100000000055,9,11,2.3758830560410766,-2,0,2.4,2,15.0,2,2.5,0.3935380116959095
2022,14,Belgian,NOR,McLaren,17,12,0,44,44,36.08397435897436,21.78717948717949,2,105.603,101.86948343220952,115.92378947368422,114.9975,5.154186077029329,114.3385,0.102244755244755,2.3611045806906263,0.9654687769665268,104.76600000000144,15,12,1.5592593243562685,3,2,2.0,2,13.0,2,0.5,0.5479853801169554
2022,14,Belgian,TSU,AlphaTauri,20,13,0,44,44,36.08397435897436,21.78717948717949,2,106.692,102.9199826363768,115.65664864864866,114.362,5.900548916161277,114.065625,-0.0007023809523814,2.377945525017621,0.9423747924365288,105.2480000000014,18,13,2.669517063640077,5,2,2.833333333333333,2,18.0,3,5.5,0.2808445550813871
2022,14,Belgian,ZHO,Alfa Romeo,18,14,0,44,44,36.08397435897436,21.78717948717949,2,106.085,102.33444267592726,116.01952631578943,115.12,5.43959367389942,114.20815384615386,0.1822252747252749,2.3830921071176907,0.9605202187844843,106.28200000000106,16,14,1.5754458411220196,2,2,1.5,2,14.0,2,1.5,0.6437222222221806
2022,14,Belgian,RIC,McLaren,7,15,0,44,44,36.08397435897436,21.78717948717949,2,105.767,102.02768533256162,115.85686842105268,115.095,4.044921702185799,114.3731111111111,0.1825666666666665,2.50703178294574,0.9672316159429432,107.21900000000096,6,15,3.2273769449867045,-9,0,0.8571428571428571,2,12.0,2,-0.5,0.4810643274853987
2022,14,Belgian,MAG,Haas F1 Team,12,16,0,43,44,36.08397435897436,21.78717948717949,2,106.557,102.78975546230646,116.06943243243242,115.134,4.804839328684623,114.3366923076923,0.0981978021978026,2.6438672606463323,0.9602386782324316,113.625,11,16,2.445190999793401,-5,1,0.8571428571428571,2,11.0,2,-1.5,0.6936283388651532
2022,14,Belgian,MSC,Haas F1 Team,19,17,0,43,44,36.08397435897436,21.78717948717949,2,106.342,102.5823566295278,116.26286486486488,115.443,5.755628395860112,113.6441,0.2530606060606063,2.714484294774992,0.974829336272974,116.39999999999964,17,17,1.179841759759795,0,2,1.25,2,14.0,2,1.5,0.8870607712976124
2022,14,Belgian,LAT,Williams,11,18,0,43,44,36.08397435897436,21.78717948717949,2,106.401,102.6392707278252,115.53205555555556,115.518,2.2771010385317862,112.737,0.1676571428571411,2.990184838417394,0.9584578840317344,124.01499999999942,12,18,1.8257418583505536,-6,-6,1.5,3,3.0,3,-9.5,0.1562514619883046
2023,1,Bahrain,VER,Red Bull Racing,1,1,0,57,57,31.01180124223602,27.43167701863354,2,89.708,100.0,98.06809433962265,97.614,3.355563762470594,97.61038888888888,0.0054107327141382,-0.0241277547316562,0.0339358235765124,0.0,1,1,0.2252817784447914,0,0,1.0,2,14.0,2,2.0,-0.9546109433962188
2023,1,Bahrain,PER,Red Bull Racing,2,2,0,57,57,31.01180124223602,27.43167701863354,2,89.846,100.1538324341196,98.2848113207547,97.448,3.67745652098234,97.55215384615384,0.0413736263736263,0.1366711174487997,0.1332276709547582,11.98699999999917,3,2,0.5658404709778997,1,0,3.0,2,17.0,2,5.0,-0.7378939622641667
2023,1,Bahrain,ALO,Aston Martin,5,3,0,57,57,31.01180124223602,27.43167701863354,2,90.336,100.70004904802248,98.78730188679243,98.009,4.159958896731597,98.170875,-0.0141235294117647,0.4643343920145312,0.4940397204524543,38.63699999999881,7,3,1.563405126310014,4,0,5.5,2,14.0,2,2.0,-0.2354033962264168
2023,1,Bahrain,SAI,Ferrari,4,4,0,57,57,31.01180124223602,27.43167701863354,2,90.154,100.49716859142995,98.91898113207549,98.222,3.9681055521135127,98.37914285714284,0.0303384615384614,0.6901552372310119,0.6482733951274683,48.05199999999968,4,4,0.481486836720213,0,0,1.3333333333333333,2,13.0,2,1.0,-0.1037241509433926
2023,1,Bahrain,HAM,Mercedes,7,5,0,57,57,31.01180124223602,27.43167701863354,2,90.384,100.75355598162928,98.95320754716982,98.308,3.993881957533444,98.47199999999998,-0.0326857142857141,0.6673194840549683,0.5561428337239592,50.97699999999895,5,5,0.6479193612995888,0,0,1.2,2,12.0,2,0.0,-0.0694977358490405
2023,1,Bahrain,STR,Aston Martin,8,6,0,57,57,31.01180124223602,27.43167701863354,2,90.836,101.25741293976012,99.05643396226414,98.127,4.135822541710015,98.5079090909091,0.0459818181818178,0.7399728415867306,0.6079801914936658,54.50199999999859,9,6,1.2972884773571796,3,0,3.0,2,15.0,2,3.0,0.0337286792452715
2023,1,Bahrain,RUS,Mercedes,6,7,0,57,57,31.01180124223602,27.43167701863354,2,90.34,100.70450795915636,98.99849056603772,98.427,3.996574579574564,98.56321428571428,0.0054967032967028,0.801507518796998,0.6467685431107371,55.87299999999959,6,7,0.834335237312048,-1,0,2.0,2,13.0,2,1.0,-0.0242147169811346
2023,1,Bahrain,BOT,Alfa Romeo,12,8,0,57,57,31.01180124223602,27.43167701863354,2,91.443,101.9340527043296,99.35015094339624,98.407,3.024392395406609,99.02428,-0.0923046153846155,1.0683884495722185,0.7195120206724794,72.64699999999903,8,8,1.066697994527421,0,0,1.1666666666666667,2,11.0,2,-1.0,0.3274456603773643
2023,1,Bahrain,GAS,Alpine,20,9,0,57,57,31.01180124223602,27.43167701863354,2,91.818,102.35207562313282,98.53103921568628,98.147,2.188406634616011,96.79564285714284,0.1618527472527471,0.933728610318902,0.5697772334301792,73.75299999999879,19,9,3.4827717766342805,10,1,4.0,3,9.0,2,-3.0,-0.4916660673325737
2023,1,Bahrain,ALB,Williams,15,10,0,57,57,31.01180124223602,27.43167701863354,2,91.461,101.95411780443216,98.8588431372549,98.176,1.5736566763122006,97.7275,0.0498527472527476,1.3573146227638098,0.8114870548738791,89.77399999999943,12,10,1.1010931000771886,2,0,2.0,3,11.0,2,-1.0,-0.1638621457639715
2023,1,Bahrain,TSU,AlphaTauri,14,11,0,57,57,31.01180124223602,27.43167701863354,2,91.4,101.88611940964016,98.83049019607844,98.163,1.7604014357248066,97.573,0.0859824175824173,1.3189165802437144,0.7941459144366655,90.86999999999898,15,11,1.7398110115439906,4,0,3.6666666666666665,3,10.0,2,-2.0,-0.1922150869404362
2023,1,Bahrain,SAR,Williams,16,12,1,56,57,31.01180124223602,27.43167701863354,2,91.652,102.16703081107596,99.05316,99.1095,1.76620179770152,97.73753846153848,0.0983076923076927,1.5644101503759489,0.861615923392948,97.509,13,12,1.1485450988776382,1,0,3.333333333333333,3,12.0,2,0.0,0.0304547169811399
2023,1,Bahrain,MAG,Haas F1 Team,17,13,1,56,57,31.01180124223602,27.43167701863354,2,91.892,102.43456547911,99.29502,98.791,2.170646687143756,97.81814285714286,0.2342142857142864,1.748461107313745,0.8763733064460737,113.13000000000102,18,13,2.571004654811993,5,-2,2.0,3,15.0,2,3.0,0.2723147169811426
2023,1,Bahrain,DEV,AlphaTauri,19,14,1,56,57,31.01180124223602,27.43167701863354,2,92.121,102.68983814152584,100.19659615384616,99.1715,3.30746543123408,99.42183333333334,0.130734265734266,1.6762317498291273,0.8640158212400553,118.89600000000064,20,14,2.196809965830915,6,1,2.0,2,11.0,2,-1.0,1.173890870827293
2023,1,Bahrain,HUL,Haas F1 Team,10,15,1,56,57,31.01180124223602,27.43167701863354,2,90.809,101.22731528960628,99.04692,98.7055,1.9017510925352927,97.85315384615386,0.1024615384615388,1.982527409432678,0.8456802520613355,120.28400000000148,14,15,1.2283184577975834,-1,0,1.75,3,11.0,2,-1.0,0.0242147169811488
2023,1,Bahrain,ZHO,Alfa Romeo,13,16,1,56,57,31.01180124223602,27.43167701863354,2,91.473,101.96749453783389,99.98037999999998,99.232,3.2749060425219745,99.2015625,0.0427632352941178,1.6987671907040454,0.8737577712814839,136.02200000000084,17,16,2.456306487073948,1,0,2.0,3,12.0,2,0.0,0.9576747169811172
2023,1,Bahrain,NOR,McLaren,11,17,1,55,57,31.01180124223602,27.43167701863354,2,91.381,101.86493958175411,99.31088372093022,98.347,4.838453591058193,96.158,0.216028571428572,3.1636378787878896,0.9503278896472352,200.214,10,17,2.6783833507803494,-7,0,1.2857142857142858,6,10.0,3,-2.0,0.2881784379113554
2023,1,Bahrain,OCO,Alpine,9,18,1,41,57,31.01180124223602,27.43167701863354,2,90.914,101.34436170687118,100.3574411764706,99.5685,5.162824527571661,99.56353846153846,0.1173791208791211,3.740557839721257,0.9364760829831008,140.4489999999996,11,17,3.793126003450028,-6,0,1.3333333333333333,4,12.0,2,0.0,1.334735893451736
2023,1,Bahrain,LEC,Ferrari,3,19,1,40,57,31.01180124223602,27.43167701863354,2,90.0,100.32550051277478,98.41371428571428,98.541,0.6990065038588514,97.209,0.079413235294117,0.9487403377110756,0.5455946033309819,77.4960000000001,2,3,0.6803587209728251,-1,0,0.75,2,13.0,2,1.0,-0.6089909973045735
2023,1,Bahrain,PIA,McLaren,18,20,1,13,57,31.01180124223602,27.43167701863354,2,92.101,102.66754358585632,101.7095,101.1615,2.0698210067539646,101.147,0.0826060606060611,3.6757582417582455,0.8901874170027638,65.21100000000024,16,16,1.5566235649883124,0,0,2.0,1,13.0,1,1.0,2.686794716981126
2023,2,Saudi Arabian,PER,Red Bull Racing,1,1,0,50,50,31.79256756756757,26.09189189189189,2,88.265,100.0,93.54051063829786,93.306,1.099124194279056,92.79464285714282,-0.0076031746031746,-0.0035745018007203,0.1550646084483112,0.0,2,1,0.2398979374820952,1,0,1.0,1,18.0,2,2.0,-3.3861581868640087
2023,2,Saudi Arabian,VER,Red Bull Racing,15,2,0,50,50,31.79256756756757,26.09189189189189,2,88.761,100.56194414547102,94.08789361702128,93.238,2.221696475121448,92.82117857142858,-0.0100385878489326,-0.2903682593037237,0.3868506652522351,5.3619999999991705,13,2,3.743020716163972,11,0,9.0,1,18.0,2,2.0,-2.8387752081405893
2023,2,Saudi Arabian,ALO,Aston Martin,2,3,0,50,50,31.79256756756757,26.09189189189189,2,88.73,100.52682263637908,94.0957234042553,94.119,1.039350961817825,93.43053571428572,-0.0674534756431307,0.5457531812725027,0.9211965002003728,20.753999999999,1,3,0.6131218209678552,-2,0,0.0,1,18.0,2,2.0,-2.8309454209065734
2023,2,Saudi Arabian,RUS,Mercedes,3,4,0,50,50,31.79256756756757,26.09189189189189,2,88.857,100.6707075284654,94.37191489361705,94.118,1.2301775910993196,93.56621428571428,-0.0699830322933769,0.5491368547418948,0.8108788099191084,25.87199999999939,3,4,0.501426536422407,-1,0,0.0,1,18.0,2,2.0,-2.554753931544837
2023,2,Saudi Arabian,HAM,Mercedes,7,5,0,50,50,31.79256756756757,26.09189189189189,2,89.223,101.08536792613154,94.76880851063832,94.234,1.591325474842439,93.70060714285714,-0.0563604269293923,0.4184450900360154,0.4026163813271378,31.10800000000017,7,5,1.245563555756418,2,0,1.3333333333333333,1,18.0,2,2.0,-2.157860314523546
2023,2,Saudi Arabian,SAI,Ferrari,4,6,0,50,50,31.79256756756757,26.09189189189189,2,88.931,100.7545459695236,96.6883191489362,94.539,9.287566333325952,95.57466666666666,0.0090839160839162,0.6573434333733493,0.5183766643200569,35.922999999998865,5,6,0.798212288268514,-1,0,2.0,1,15.0,2,-1.0,-0.2383496762256811
2023,2,Saudi Arabian,LEC,Ferrari,12,7,0,50,50,31.79256756756757,26.09189189189189,2,88.42,100.17560754545968,96.7615319148936,94.701,9.22128329004503,94.25693333333332,-0.06785850945495,0.6195925090036002,0.488868132162147,43.23699999999917,9,7,0.8889342392059453,2,0,5.0,1,16.0,2,0.0,-0.1651369102682593
2023,2,Saudi Arabian,OCO,Alpine,6,8,0,50,50,31.79256756756757,26.09189189189189,2,89.078,100.92108989973376,96.83546808510636,94.903,8.067904430926783,94.53796666666668,-0.0809341490545051,0.914241440576234,0.5729276572204158,52.84900000000016,6,8,1.1738650619528077,-2,0,1.0,1,16.0,2,0.0,-0.0912007400555126
2023,2,Saudi Arabian,GAS,Alpine,9,9,0,50,50,31.79256756756757,26.09189189189189,2,89.357,101.2371834815612,97.1772340425532,95.0,8.19273452308644,96.278,0.0035181818181823,0.8514495078031193,0.474109569179305,54.8169999999991,8,9,1.2631350696111772,-1,0,1.6666666666666667,1,14.0,2,-2.0,0.2505652173913262
2023,2,Saudi Arabian,MAG,Haas F1 Team,13,10,0,50,50,31.79256756756757,26.09189189189189,2,89.517,101.41845578655186,98.49102083333332,95.475,10.98371674002424,96.9012,-0.1072000000000002,0.8059631692677061,0.3549351745251059,64.83499999999913,11,10,1.9923322401401933,1,0,1.5,1,8.0,2,-8.0,1.564352008171454
2023,2,Saudi Arabian,TSU,AlphaTauri,16,11,0,50,50,31.79256756756757,26.09189189189189,2,89.939,101.89656149096471,96.55931914893618,95.513,5.967665212759668,94.9329655172414,-0.063567487684729,0.9855663865546191,0.5799947461956911,67.5619999999999,14,11,1.929470689815511,3,0,1.75,1,17.0,2,1.0,-0.367349676225686
2023,2,Saudi Arabian,HUL,Haas F1 Team,10,12,0,50,50,31.79256756756757,26.09189189189189,2,89.451,101.3436809607432,98.60339583333332,95.8365,10.544301350380774,96.55475,-0.1025476190476194,1.005666026410562,0.4474316683509635,70.59699999999975,12,12,1.5654431464917398,0,0,1.25,1,11.0,2,-5.0,1.6767270081714545
2023,2,Saudi Arabian,ZHO,Alfa Romeo,11,13,0,50,50,31.79256756756757,26.09189189189189,2,89.461,101.35501047980512,97.0178695652174,95.426,7.2031558442075925,95.11441379310344,-0.0794758620689655,1.1827828571428571,0.5465604700552624,76.0689999999995,10,13,2.021920687194758,-3,0,2.333333333333333,2,11.0,2,-5.0,0.0912007400555268
2023,2,Saudi Arabian,DEV,AlphaTauri,18,14,0,50,50,31.79256756756757,26.09189189189189,2,90.244,102.24211182235314,97.78214583333332,95.7675,8.69385073703561,95.3059666666667,-0.1100131256952169,1.1457469387755068,0.5722992369337829,77.48699999999917,18,14,1.6288220358559111,4,0,2.6666666666666665,1,17.0,2,1.0,0.8554770081714622
2023,2,Saudi Arabian,PIA,McLaren,8,15,0,50,50,31.79256756756757,26.09189189189189,2,89.243,101.10802696425536,98.497,95.64,10.19495252876784,98.62413043478264,-0.1821562750539623,0.827285618247295,0.3121003982183972,85.02999999999884,19,15,1.0119691856242763,4,0,2.0,1,1.0,2,-15.0,1.5703311748381452
2023,2,Saudi Arabian,SAR,Williams,20,16,0,50,50,31.79256756756757,26.09189189189189,2,89.721,101.64957797541494,97.54841666666668,96.05,7.414775865920962,95.49068965517245,-0.0363743842364532,1.226576806722688,0.5897647675177791,86.38999999999942,20,16,1.854283513095766,4,3,1.6,1,18.0,2,2.0,0.6217478415048134
2023,2,Saudi Arabian,NOR,McLaren,19,17,0,50,50,31.79256756756757,26.09189189189189,2,90.447,102.47210105931003,97.30215217391306,95.634,6.9958684854146185,95.34160714285714,-0.0370851122058018,0.6929709963985513,0.1930223212694205,86.45399999999972,17,17,1.7215323027430405,0,-3,1.0,2,2.0,3,-14.0,0.3754833487511888
2023,2,Saudi Arabian,BOT,Alfa Romeo,14,18,1,49,50,31.79256756756757,26.09189189189189,2,89.668,101.5895315243868,97.8446046511628,96.259,5.818019087445708,95.76827272727272,0.010309090909091,1.929442755102039,0.5725070947042268,123.26400000000103,15,18,1.3018171496629096,-3,0,0.5,3,9.0,3,-7.0,0.917935826000928
2023,2,Saudi Arabian,ALB,Williams,17,19,1,27,50,31.79256756756757,26.09189189189189,2,89.994,101.95887384580524,100.79054166666668,96.9385,12.40226213580188,96.67785714285716,-0.0570725274725275,0.645161172161165,0.0721150547416126,83.07899999999972,16,19,2.1720839573894737,-3,0,1.5,2,17.0,2,1.0,3.8638728415048007
2023,2,Saudi Arabian,STR,Aston Martin,5,20,1,17,50,31.79256756756757,26.09189189189189,2,88.945,100.77040729621028,96.024,95.588,0.9978226295289162,95.6172,0.0802909090909087,3.7241470588235135,0.5896462251693674,97.48199999999996,4,10,2.54296414970142,-6,0,0.5,1,13.0,2,-3.0,-0.9026688251618822
2023,3,Australian,VER,Red Bull Racing,1,1,0,58,58,30.13963963963964,17.449549549549552,2,76.732,100.0,85.46938461538463,81.99799999999999,10.633719540261309,82.89255813953487,-0.1005093627302928,-1.075463010243313,0.0228482434650405,0.0,3,1,0.6491187194325283,2,0,2.0,3,8.0,3,0.0,-0.651884615384617
2023,3,Australian,HAM,Mercedes,3,2,0,58,58,30.13963963963964,17.449549549549552,2,77.104,100.48480425376636,86.39367307692308,82.2125,11.870075434157709,83.2019534883721,-0.1066602234974327,0.4039577040204232,0.1851258277686554,0.2199999999993451,2,2,0.2831206276062635,0,0,1.0,3,8.0,3,0.0,0.2724038461538356
2023,3,Australian,ALO,Aston Martin,4,3,0,58,58,30.13963963963964,17.449549549549552,2,77.139,100.5304175572121,85.77373076923074,82.26050000000001,10.54186652579429,83.15367441860465,-0.1048504983388704,3.5828026700298365,0.0407148671817989,0.8549999999995634,5,3,0.6144065940360003,2,0,1.0,3,8.0,3,0.0,-0.3475384615385053
2023,3,Australian,STR,Aston Martin,6,4,0,58,58,30.13963963963964,17.449549549549552,2,77.308,100.75066465099307,86.12126923076924,82.187,10.65911076399128,83.4113953488372,-0.0853566898218061,3.673624073333544,0.0427688072262244,3.081000000000131,7,5,0.6212607441973955,2,0,1.5,3,8.0,3,0.0,0.0
2023,3,Australian,PER,Red Bull Racing,20,5,0,58,58,30.13963963963964,17.449549549549552,2,100.187,130.56742949486525,84.02538775510206,82.064,5.814782475926933,83.3372558139535,-0.0961966173361522,3.471930757636347,0.0379533656364693,3.418999999999869,18,6,3.57974573850282,12,0,13.0,5,1.0,3,-7.0,-2.095881475667184
2023,3,Australian,NOR,McLaren,13,6,0,58,58,30.13963963963964,17.449549549549552,2,78.119,101.80759005369336,86.5616730769231,82.4205,10.802524129003013,83.69444186046512,-0.0591433101781939,3.7220230397736063,0.0435166817597761,3.743000000000393,11,7,1.035369654099037,4,0,3.0,3,8.0,3,0.0,0.4404038461538562
2023,3,Australian,HUL,Haas F1 Team,10,7,0,58,58,30.13963963963964,17.449549549549552,2,77.412,100.88620132408906,86.52936538461537,82.60300000000001,10.712241407003276,83.82974418604651,-0.0466401389308365,3.814216647697561,0.045729581255499,4.996999999999389,9,8,0.859099544068247,1,0,0.75,3,8.0,3,0.0,0.4080961538461309
2023,3,Australian,PIA,McLaren,16,8,0,58,58,30.13963963963964,17.449549549549552,2,78.517,102.32627847573372,86.58023529411766,82.995,10.536171989082629,83.62580952380952,-0.1527030224455068,4.065061798271249,0.0522210693748125,5.354999999999563,13,9,0.8555713996170691,4,0,1.6666666666666667,4,8.0,3,0.0,0.4589660633484129
2023,3,Australian,ZHO,Alfa Romeo,17,9,0,58,58,30.13963963963964,17.449549549549552,2,78.54,102.3562529322838,85.46775510204081,83.374,7.435367681814767,84.0749523809524,-0.1258029333117251,4.23140979421084,0.0565091818225131,5.725000000000364,16,10,1.3305703374371132,6,0,1.5,5,1.0,2,-7.0,-0.6535141287284318
2023,3,Australian,TSU,AlphaTauri,12,10,0,58,58,30.13963963963964,17.449549549549552,2,78.099,101.78152530886724,87.09913725490198,83.629,10.36321391078966,84.33030952380953,-0.1087368122518433,4.449213786951306,0.0626953948066472,6.029000000000451,10,11,2.119537211640917,-1,0,1.0,4,8.0,3,0.0,0.9778680241327322
2023,3,Australian,BOT,Alfa Romeo,19,11,0,58,58,30.13963963963964,17.449549549549552,2,78.714,102.58301621227127,85.81585416666667,83.539,7.5869402264389,84.32975609756097,-0.1465466898954703,4.91087323510413,0.075114616600334,6.566000000000713,19,12,1.5332570537853254,7,2,2.0,6,1.0,2,-7.0,-0.3054150641025757
2023,3,Australian,SAI,Ferrari,5,12,0,58,58,30.13963963963964,17.449549549549552,2,77.27,100.70114163582338,85.66031372549018,82.102,10.702887491682226,83.21462790697674,-0.0860878888553307,3.5565938355532345,0.0397509336491674,1.5820000000003347,4,4,1.803404725107716,0,0,3.5,4,7.0,3,-1.0,-0.4609555052790597
2023,3,Australian,GAS,Alpine,9,13,1,57,58,30.13963963963964,17.449549549549552,2,77.574,101.09732575718084,86.08175,82.2125,10.54529536003578,83.40106976744185,-0.0850303533675627,0.3769077002851964,0.0014614708927031,0.0,8,5,1.0797727033543176,3,0,1.5,2,8.0,2,0.0,-0.039519230769244
2023,3,Australian,OCO,Alpine,11,14,1,57,58,30.13963963963964,17.449549549549552,2,77.768,101.35015378199448,85.24732,82.197,8.137672495905216,83.84100000000002,-0.0742126245847176,0.5572786492092339,0.0030955029226306,0.0,15,10,1.717367360045791,5,0,5.0,3,1.0,2,-7.0,-0.8739492307692416
2023,3,Australian,DEV,AlphaTauri,15,15,1,57,58,30.13963963963964,17.449549549549552,2,78.335,102.08908929781578,88.18055102040816,84.229,10.97332418880218,85.42342424242426,-0.1237967914438501,2.7471286621726727,0.0640388480505691,0.0,14,15,1.3479180675705469,-1,0,1.6666666666666667,4,8.0,3,0.0,2.0592817896389164
2023,3,Australian,SAR,Williams,18,16,1,57,58,30.13963963963964,17.449549549549552,2,78.557,102.37840796538602,85.53645652173914,84.0695,5.705004254381594,83.94321428571428,0.5894483516483514,2.2495344179414034,0.0464480277230113,0.0,17,16,1.2038897995043607,1,-2,1.2,6,1.0,3,-7.0,-0.5848127090301034
2023,3,Australian,MAG,Haas F1 Team,14,17,1,53,58,30.13963963963964,17.449549549549552,2,78.129,101.82062242610644,86.609306122449,83.313,10.473274750931695,83.95709756097561,-0.1474153310104529,-0.1440160457990552,0.000287192100254,213.08299999999872,12,12,1.5612193092334523,0,0,2.0,2,7.0,2,-1.0,0.488036891679755
2023,3,Australian,RUS,Mercedes,2,18,1,18,58,30.13963963963964,17.449549549549552,2,76.968,100.30756398894856,92.61607142857144,83.437,17.612464770786563,85.03233333333334,1.529314285714287,51.80393395252838,0.1373470936382622,3089.8099999999995,1,14,3.3398221157280044,-13,0,1.5,2,7.0,2,-1.0,6.494802197802201
2023,3,Australian,ALB,Williams,8,19,1,7,58,30.13963963963964,17.449549549549552,2,77.609,101.1429390606266,102.9735,95.35,22.752489074824314,95.1675,,,,,6,6,0.0,0,0,0.0,0,,1,,16.852230769230758
2023,4,Azerbaijan,PER,Red Bull Racing,3,1,0,51,51,41.21,24.860625,2,100.495,100.29140844086504,105.78554166666667,105.5195,1.1661997558597654,105.28391666666666,-0.0289226512226512,-0.0194125791855171,0.4281536755000475,0.0,3,1,0.6349309056125404,2,0,2.0,1,11.0,2,1.0,-3.1304448966408103
2023,4,Azerbaijan,VER,Red Bull Racing,2,2,0,51,51,41.21,24.860625,2,100.391,100.18761913315969,105.78640425531916,105.497,1.106793796033399,105.3047777777778,-0.0342720720720719,0.0371654298642503,0.0285126252927781,2.125,2,2,0.8364256351507019,0,1,1.5,1,10.0,2,0.0,-3.129582307988315
2023,4,Azerbaijan,LEC,Ferrari,1,3,0,51,51,41.21,24.860625,2,100.203,100.0,106.289375,106.36,1.164165459926167,105.76702777777778,-0.0595203346203345,0.5033533031674222,0.935230660690684,21.251000000000204,1,3,0.5025425550218042,-2,-1,0.3333333333333333,1,11.0,2,1.0,-2.626611563307492
2023,4,Azerbaijan,ALO,Aston Martin,6,4,0,51,51,41.21,24.860625,2,101.253,101.04787281817909,106.42256249999998,106.178,1.644374095582694,105.75438888888888,-0.075172972972973,0.4773144796380134,0.8745115594026869,22.06800000000112,6,4,0.7504247163453245,2,0,3.0,1,11.0,2,1.0,-2.4934240633075007
2023,4,Azerbaijan,SAI,Ferrari,4,5,0,51,51,41.21,24.860625,2,101.016,100.81135295350438,106.84575,106.7465,1.201249252219307,106.38805555555555,-0.0515755469755469,0.9838343891402754,0.9651283155085868,45.4940000000006,4,5,0.4930894998901932,-1,0,0.5,1,11.0,2,1.0,-2.070236563307489
2023,4,Azerbaijan,HAM,Mercedes,5,6,0,51,51,41.21,24.860625,2,101.177,100.97202678562518,108.53202083333332,106.699,8.347087461184477,106.47384210526316,-0.0606880402669875,0.8683909502262456,0.7815806966958065,46.1239999999998,5,6,1.3662601021279466,-1,0,2.0,1,9.0,2,-1.0,-0.3839657299741503
2023,4,Azerbaijan,STR,Aston Martin,9,7,0,51,51,41.21,24.860625,2,101.576,101.37021845653322,107.0551875,106.791,1.3987336469677043,106.53252777777776,-0.0464503217503218,1.0065319457013675,0.9460772265223706,51.64800000000105,7,7,0.3672900227127245,0,0,1.0,1,11.0,2,1.0,-1.860799063307496
2023,4,Azerbaijan,RUS,Mercedes,11,8,0,51,51,41.21,24.860625,2,101.654,101.44806043731224,107.12419565217392,106.922,1.8007168031964411,106.5360909090909,-0.0545985962566845,1.0956105882352984,0.8780743330439105,74.23700000000099,9,8,0.7345800454254491,1,0,1.0,2,11.0,3,1.0,-1.7917909111335746
2023,4,Azerbaijan,NOR,McLaren,7,9,0,51,51,41.21,24.860625,2,101.281,101.07581609333054,109.195875,107.4825,7.514330869051114,107.3725,-0.0682642521063574,1.5636098642533935,0.8841438707711844,80.37900000000081,8,9,1.2159076332308385,-1,0,2.0,1,9.0,2,-1.0,0.2798884366925165
2023,4,Azerbaijan,TSU,AlphaTauri,8,10,0,51,51,41.21,24.860625,2,101.569,101.36323263774538,109.49945833333332,107.6545,7.502318580501187,108.18848717948715,-0.1720507982284477,1.5131380995475097,0.8336708572875251,83.871000000001,10,10,0.993310961716756,0,0,5.0,1,8.0,2,-2.0,0.583471770025838
2023,4,Azerbaijan,PIA,McLaren,10,11,0,51,51,41.21,24.860625,2,101.611,101.40514755047252,109.59716666666668,107.6395,7.394065669208476,108.23689743589742,-0.1731035431043362,1.5546400904977389,0.8312678898035607,86.52100000000064,11,11,0.9608003199947224,0,0,2.5,1,8.0,2,-2.0,0.681180103359182
2023,4,Azerbaijan,ALB,Williams,12,12,0,51,51,41.21,24.860625,2,101.818,101.6117281917707,110.44691836734694,107.776,9.233099497272336,108.7595,,1.531436108597289,0.8017190020784832,88.6239999999998,12,12,1.1181216742516766,0,0,3.0,1,7.0,2,-3.0,1.5309318040394544
2023,4,Azerbaijan,MAG,Haas F1 Team,16,13,0,51,51,41.21,24.860625,2,103.417,103.20748879774058,109.25289795918368,107.722,6.435366631115182,107.55105263157894,-0.0654605536710799,1.6008704977375563,0.8556797224835493,89.77100000000064,13,13,1.5660616270146726,0,0,3.5,1,10.0,2,0.0,0.3369113958761858
2023,4,Azerbaijan,GAS,Alpine,17,14,0,51,51,41.21,24.860625,2,104.853,104.64057962336456,110.18787234042551,107.206,9.508069869091342,106.5184,-0.0479538461538461,1.6431943891402787,0.7946452955111007,91.33300000000054,15,14,1.6563602904455017,1,0,2.5,2,5.0,2,-5.0,1.2718857771180438
2023,4,Azerbaijan,OCO,Alpine,19,15,0,51,51,41.21,24.860625,2,101.798,101.59176870951968,108.67308695652174,107.595,5.608768788745339,108.62395454545454,-0.1496838887752409,1.4127562895927652,0.8250328874363895,97.82799999999952,19,15,3.389719173977599,4,0,2.0,1,50.0,2,40.0,-0.2428996067857411
2023,4,Azerbaijan,SAR,Williams,14,16,0,51,51,41.21,24.860625,2,102.242,102.03486921549252,109.772125,108.066,6.593670206535443,108.793,-0.2129453441295545,1.7843139366515908,0.8320211240590963,100.89700000000084,14,16,1.360795615029073,-2,0,1.6666666666666667,1,8.0,2,-2.0,0.8561384366925182
2023,4,Azerbaijan,HUL,Haas F1 Team,20,17,1,50,51,41.21,24.860625,2,102.755,102.54682993523149,108.97457777777775,107.706,5.601649032727648,108.91934883720928,-0.1255048696880548,1.5369405042016837,0.7943635150198706,114.90300000000023,20,17,3.521595185858424,3,0,0.8333333333333334,1,49.0,2,39.0,0.0585912144702689
2023,4,Azerbaijan,BOT,Alfa Romeo,13,18,1,50,51,41.21,24.860625,2,102.259,102.05183477540592,108.85739534883722,108.28,3.487676147724502,107.00507692307691,-0.0546208791208782,2.3061952941176496,0.8116115099771368,124.03600000000006,18,18,0.6464976285134149,0,0,1.3333333333333333,3,6.0,2,-4.0,-0.0585912144702689
2023,4,Azerbaijan,ZHO,Alfa Romeo,15,19,1,36,51,41.21,24.860625,2,102.642,102.43405886051316,110.27875757575758,108.394,7.361149477282329,108.15666666666668,-0.0582636363636364,1.5537925353925444,0.7822352848123562,74.65299999999934,16,18,2.177810171446801,-2,0,1.25,2,11.0,2,1.0,1.3627710124500965
2023,4,Azerbaijan,DEV,AlphaTauri,18,20,1,10,51,41.21,24.860625,2,115.282,115.04845164316436,110.627,109.337,3.938509394428305,109.165,0.0349285714285712,4.201678787878775,0.5675750691977169,69.75900000000001,17,12,1.7159383568311668,5,0,3.0,0,,1,,1.7110134366925251
2023,5,Miami,VER,Red Bull Racing,9,1,0,57,57,36.68903225806452,27.11741935483871,2,86.814,100.0,91.93203636363634,91.82,1.626119078638603,90.46977777777778,-0.1071833333333333,-0.1123905885403147,0.6807699347837061,0.0,9,1,2.104565987320776,8,1,8.0,1,45.0,2,26.0,-1.1054454545454604
2023,5,Miami,PER,Red Bull Racing,1,2,0,57,57,36.68903225806452,27.11741935483871,2,86.841,100.0311009744972,91.98065454545456,91.64,1.0095585250436032,91.39176470588234,-0.0237579831932772,0.1532186284677199,0.1025320960620165,5.384000000000015,1,2,0.6688560540599386,-1,0,1.0,1,20.0,2,1.0,-1.056827272727233
2023,5,Miami,ALO,Aston Martin,2,3,0,57,57,36.68903225806452,27.11741935483871,2,87.097,100.32598428824843,92.36750909090912,92.355,1.0164307899910108,91.75216666666668,-0.0351219132369299,0.5722921960072622,0.5805450774457622,26.30500000000029,2,3,0.6818447629055711,-1,0,1.5,1,24.0,2,5.0,-0.6699727272726932
2023,5,Miami,RUS,Mercedes,6,4,0,57,57,36.68903225806452,27.11741935483871,2,87.743,101.07010390029258,92.47219999999996,92.257,1.2481202814781267,91.94797297297296,-0.0447702702702703,0.5923653098262982,0.5812893449476214,33.22900000000118,5,4,2.238308527137544,1,0,4.5,1,17.0,2,-2.0,-0.5652818181818304
2023,5,Miami,SAI,Ferrari,3,5,0,57,57,36.68903225806452,27.11741935483871,2,87.148,100.38473057340984,92.58012727272728,92.507,1.0432983851893574,92.20605555555557,-0.045047619047619,0.7517453979777087,0.7494607824254382,37.51100000000042,3,5,0.9186865419750172,-2,0,1.0,1,18.0,2,-1.0,-0.4573545454545211
2023,5,Miami,HAM,Mercedes,13,6,0,57,57,36.68903225806452,27.11741935483871,2,87.846,101.18874835855968,92.84694545454543,92.878,1.897021363223212,91.3474117647059,-0.0203676470588238,0.8977693803474274,0.8132918085853623,51.249000000001615,13,6,2.73001969201634,7,0,3.6666666666666665,1,37.0,2,18.0,-0.1905363636363546
2023,5,Miami,LEC,Ferrari,7,7,0,57,57,36.68903225806452,27.11741935483871,2,86.964,100.17278319165112,92.8246363636364,92.582,1.341141503342035,92.24486486486488,-0.0314324324324324,0.8916783121597159,0.7627612358061051,52.98800000000119,6,7,3.0929623405564204,-1,0,2.5,1,17.0,2,-2.0,-0.2128454545454161
2023,5,Miami,GAS,Alpine,5,8,0,57,57,36.68903225806452,27.11741935483871,2,87.612,100.91920657958391,92.86283636363636,92.52,1.072668734264224,92.48210256410256,-0.017518016194332,0.9402608892922044,0.8245241799640662,55.67000000000007,4,8,2.8095344292735023,-4,0,1.4,1,15.0,2,-4.0,-0.1746454545454554
2023,5,Miami,OCO,Alpine,8,9,0,57,57,36.68903225806452,27.11741935483871,2,87.444,100.7256894049347,92.96594545454546,92.984,1.5382620233644364,91.70666666666666,-0.0324571428571427,1.066931423386058,0.8884407043112673,58.12300000000141,10,9,2.5588315785957945,1,0,1.8333333333333333,1,39.0,2,20.0,-0.0715363636363406
2023,5,Miami,MAG,Haas F1 Team,4,10,0,57,57,36.68903225806452,27.11741935483871,2,87.673,100.98947174418872,93.00172727272724,92.732,1.2770675241659937,92.6274,-0.0224949343339587,1.0529030334456848,0.8908283478118856,62.94500000000153,7,10,2.480500394177309,-3,0,1.6,1,14.0,2,-5.0,-0.0357545454545515
2023,5,Miami,TSU,AlphaTauri,17,11,0,57,57,36.68903225806452,27.11741935483871,2,88.429,101.86029903011035,93.07323636363635,92.959,1.9707419167300688,91.85772222222222,-0.0753405572755419,1.1338223360124466,0.8927801797953187,64.3090000000011,15,11,2.4058720978843504,4,0,3.0,1,36.0,2,17.0,0.0357545454545515
2023,5,Miami,STR,Aston Martin,18,12,0,57,57,36.68903225806452,27.11741935483871,2,88.476,101.91443776349438,93.07763636363636,92.999,2.1062350328175667,91.45375,-0.0727167832167839,1.076103448275867,0.9379288855715248,64.75400000000081,17,12,2.903308112306972,5,0,3.25,1,42.0,2,23.0,0.0401545454545555
2023,5,Miami,BOT,Alfa Romeo,10,13,0,57,57,36.68903225806452,27.11741935483871,2,87.564,100.8639159582556,93.12312727272727,92.851,1.3393663379394698,92.64579487179488,-0.0197196356275302,1.1556866087632884,0.868840943870593,71.63700000000063,8,13,2.3000217935112195,-5,-1,1.0,1,15.0,2,-4.0,0.085645454545471
2023,5,Miami,ALB,Williams,11,14,0,57,57,36.68903225806452,27.11741935483871,2,87.795,101.1300020733983,93.16825454545454,92.681,1.6178916918630022,92.43903125,-0.0053997434017594,1.240374708322535,0.8858804421893905,72.86100000000079,12,14,2.1709519988828943,-2,0,1.6,1,22.0,2,3.0,0.1307727272727419
2023,5,Miami,HUL,Haas F1 Team,12,15,0,57,57,36.68903225806452,27.11741935483871,2,87.903,101.25440597138711,93.1762181818182,93.05,1.5713501235480312,92.3245238095238,0.0155311688311686,1.332748185117968,0.8992746689820117,74.95000000000073,11,15,3.4593051296394592,-4,0,1.1666666666666667,1,33.0,2,14.0,0.1387363636363829
2023,5,Miami,ZHO,Alfa Romeo,14,16,0,57,57,36.68903225806452,27.11741935483871,2,88.091,101.47096090492316,93.2940727272727,93.302,1.9785947581137024,92.12734782608696,-0.0114426877470356,1.4115520482240171,0.8874158615389718,78.44000000000051,16,16,1.852316844990508,0,0,0.8333333333333334,1,31.0,2,12.0,0.2565909090909031
2023,5,Miami,NOR,McLaren,16,17,0,57,57,36.68903225806452,27.11741935483871,2,88.394,101.81998295205842,93.39370909090908,93.14,2.0313883837554467,93.06734,-0.0109869387755102,1.066441664506094,0.9193593130301366,87.7390000000014,19,17,1.1489888766200007,2,1,1.5,1,4.0,2,-15.0,0.3562272727272813
2023,5,Miami,DEV,AlphaTauri,15,18,0,57,57,36.68903225806452,27.11741935483871,2,88.325,101.74050268389892,93.42274545454543,92.945,2.198508435602225,92.8065641025641,-0.0449732793522266,1.4263520222971255,0.8904078285864105,88.9900000000016,20,18,0.733635162310563,2,1,4.0,1,15.0,2,-4.0,0.3852636363636321
2023,5,Miami,PIA,McLaren,19,19,1,56,57,36.68903225806452,27.11741935483871,2,88.484,101.9236528670491,93.92157407407409,93.4825,1.7356743521391484,93.6889375,-0.0293743486756405,1.7952815105946711,0.9680011669593452,110.78299999999945,14,19,1.2827527218659664,-5,0,0.3333333333333333,1,5.0,2,-14.0,0.8840922558922841
2023,5,Miami,SAR,Williams,20,20,1,56,57,36.68903225806452,27.11741935483871,2,88.577,102.03077844587278,93.62798148148148,93.394,1.8982167847521367,93.36372549019606,-0.0142369230769231,1.3416625768967931,0.8727573909003261,124.66100000000006,18,20,0.2672612419124243,-2,-2,0.0,1,2.0,2,-17.0,0.5904996632996671
2023,6,Monaco,VER,Red Bull Racing,1,1,0,78,78,39.25568181818182,25.06590909090909,2,71.365,100.0,82.83265789473684,77.872,8.502560677117817,78.15182692307691,0.0826597370443096,0.0,,0.0,1,1,0.0,0,0,0.0,1,55.0,2,6.5,-0.9778153306678944
2023,6,Monaco,ALO,Aston Martin,2,2,0,78,78,39.25568181818182,25.06590909090909,2,71.449,100.11770475723394,82.85898666666667,77.816,8.292192603617906,77.97429411764706,0.0374152941176471,0.3177706091376956,0.8300257463939472,27.92100000000028,2,2,0.0,0,0,0.0,2,54.0,3,5.5,-0.9514865587380684
2023,6,Monaco,OCO,Alpine,3,3,0,78,78,39.25568181818182,25.06590909090909,2,71.553,100.26343445666645,83.48766216216215,78.416,8.820560950814967,78.10841379310345,-0.0723305418719209,0.4104921407706192,0.6012897188559485,36.98999999999978,3,3,1.2093541509985664,0,0,2.0,2,32.0,3,-16.5,-0.3228110632425824
2023,6,Monaco,HAM,Mercedes,5,4,0,78,78,39.25568181818182,25.06590909090909,2,71.725,100.50444895957402,83.54954054054053,78.3635,8.854643057538578,78.22460714285715,-0.0683352490421455,0.3894228556253874,0.4980066187404954,39.0619999999999,5,4,1.4071318275200728,1,0,1.5,2,31.0,3,-17.5,-0.2609326848642013
2023,6,Monaco,RUS,Mercedes,8,5,0,78,78,39.25568181818182,25.06590909090909,2,71.964,100.83934701884678,83.55151315789473,78.4925,8.541314299323293,78.3293137254902,0.0059694117647058,0.3997124773960209,0.7459244722594581,51.28399999999965,8,5,1.735603933021878,3,0,5.0,1,54.0,2,5.5,-0.258960067510003
2023,6,Monaco,LEC,Ferrari,6,6,0,78,78,39.25568181818182,25.06590909090909,2,71.471,100.14853219365236,83.60285135135136,78.363,8.683049834571703,78.04473170731707,-0.0412867595818815,0.6400229011494849,0.8799279781478424,61.88999999999942,6,6,1.261906332660072,0,0,2.5,2,44.0,3,-4.5,-0.2076218740533733
2023,6,Monaco,GAS,Alpine,7,7,0,78,78,39.25568181818182,25.06590909090909,2,71.933,100.79590835843904,83.74154054054056,78.5615,8.87543786485233,78.00756818181817,-0.0441806201550386,0.6489877464307836,0.8582170895113733,62.36200000000099,7,7,1.3360569916917038,0,0,2.5,2,47.0,3,-1.5,-0.0689326848641798
2023,6,Monaco,SAI,Ferrari,4,8,0,78,78,39.25568181818182,25.06590909090909,2,71.63,100.37133048413088,83.50393243243244,78.29599999999999,8.649403296120127,78.11213333333332,-0.0682273637374859,0.7133063012936424,0.9491681700432278,63.39099999999962,4,8,1.8065352926443927,-4,0,1.3333333333333333,2,33.0,3,-15.5,-0.3065407929722994
2023,6,Monaco,NOR,McLaren,10,9,1,77,78,39.25568181818182,25.06590909090909,2,72.254,101.24570868072588,83.79421917808219,79.053,7.875484511103243,78.712,-0.0354786077705828,1.303652978600346,0.8448859458256877,89.2619999999988,10,9,0.4838470804561003,1,0,1.5,2,50.0,3,1.5,-0.0162540473225476
2023,6,Monaco,PIA,McLaren,11,10,1,77,78,39.25568181818182,25.06590909090909,2,72.395,101.44328452322566,84.10738666666667,79.359,8.24136746212458,79.48078431372547,0.044619185520362,1.3308531731426494,0.91005440671056,99.15999999999984,11,10,0.4632790495860702,1,0,1.5,1,54.0,2,5.5,0.2969134412619354
2023,6,Monaco,BOT,Alfa Romeo,15,11,1,77,78,39.25568181818182,25.06590909090909,2,72.625,101.76557135850908,84.78937333333333,80.07,8.3428653363758,79.28779166666668,-0.0232161311333044,1.5042084231557915,0.8559740956868421,114.16399999999884,14,11,1.1958003523038707,3,0,6.0,1,51.0,2,2.5,0.9789001079285952
2023,6,Monaco,DEV,AlphaTauri,12,12,1,77,78,39.25568181818182,25.06590909090909,2,72.428,101.4895256778533,84.83525333333333,79.973,8.852345804687351,79.46426,0.0046279471788715,1.863046637572952,0.9697073216955838,142.51800000000003,12,12,0.3986477484460184,0,0,1.0,1,53.0,2,4.5,1.024780107928592
2023,6,Monaco,ZHO,Alfa Romeo,19,13,1,77,78,39.25568181818182,25.06590909090909,2,73.523,103.02389126322429,84.86791780821918,80.398,9.098099324940568,79.37580851063832,0.0374268038852913,1.917542720437459,0.9533052092504491,157.05299999999988,19,13,2.159165556143856,6,0,4.0,2,1.0,3,-47.5,1.0574445828144403
2023,6,Monaco,ALB,Williams,13,14,1,77,78,39.25568181818182,25.06590909090909,2,72.527,101.62824914173616,85.17054794520547,80.259,9.273246613303323,79.10746666666667,0.13653659621802,2.1274887480940152,0.9432096629642196,164.41100000000006,13,14,2.410319010149976,-1,0,3.5,2,18.0,3,-30.5,1.3600747198007357
2023,6,Monaco,TSU,AlphaTauri,9,15,1,76,78,39.25568181818182,25.06590909090909,2,72.082,101.00469417781824,85.30848648648649,79.14150000000001,11.028082981789698,78.9937,0.0180199279711885,1.8964809432672567,0.8658813937617593,178.20600000000013,9,15,1.8945443371993265,-6,0,0.25,1,53.0,2,4.5,1.498013261081752
2023,6,Monaco,PER,Red Bull Racing,20,16,1,76,78,39.25568181818182,25.06590909090909,2,73.85,103.48209906817068,83.82672727272728,79.69900000000001,8.66312277423093,79.21600000000001,0.0709354679802954,2.5482719207108646,0.9670361346404556,219.6849999999995,18,17,1.2687886196697655,1,0,1.6,5,1.0,4,-47.5,0.0162540473225476
2023,6,Monaco,HUL,Haas F1 Team,18,17,1,76,78,39.25568181818182,25.06590909090909,2,73.279,102.68198696840189,84.4836,79.732,8.5657152774589,79.93404081632653,0.111425,2.422191168831171,0.957572487528106,219.16700000000128,20,16,1.6602684204881375,4,0,3.5,3,1.0,4,-47.5,0.6731267745952607
2023,6,Monaco,SAR,Williams,16,18,1,76,78,39.25568181818182,25.06590909090909,2,73.113,102.44937994815386,86.10385714285714,80.4025,10.254611613396916,79.48259999999999,0.2750176923076925,3.093567505126456,0.9581258245402832,243.64400000000023,15,18,1.9224892489376115,-3,0,1.0,3,20.0,4,-28.5,2.2933839174524024
2023,6,Monaco,MAG,Haas F1 Team,17,19,1,71,78,39.25568181818182,25.06590909090909,2,73.27,102.66937574441252,86.12820588235294,79.87950000000001,12.900953670127292,81.5543962264151,0.2170184647637477,4.17888169014085,0.8228962000707662,329.012999999999,16,19,2.110050682637694,-3,0,2.0,2,56.0,2,7.5,2.317732656948209
2023,6,Monaco,STR,Aston Martin,14,20,1,54,78,39.25568181818182,25.06590909090909,2,72.623,101.76276886428924,80.09374509803922,79.387,3.77052691725248,79.35227083333334,-0.0219246092053842,2.3207601677148832,0.9039255257212064,203.97099999999955,17,16,1.0257921997925787,1,0,2.5,1,51.0,2,2.5,-3.7167281273655135
2023,7,Spanish,VER,Red Bull Racing,1,1,0,66,66,33.838961038961045,22.674025974025977,2,72.272,100.0,79.28370967741935,79.17699999999999,1.1860683140015935,77.6250909090909,0.0608818181818182,0.0,,0.0,1,1,0.0,0,0,0.0,2,26.0,3,10.5,-1.0072822580645209
2023,7,Spanish,HAM,Mercedes,4,2,0,66,66,33.838961038961045,22.674025974025977,2,72.818,100.75547930042062,79.62348387096776,79.47550000000001,1.3674529361270449,78.18792307692307,0.1478681318681321,0.2774719340361084,0.5161504446420432,24.090000000000146,4,2,0.7641440204019684,2,0,5.0,2,24.0,2,8.5,-0.6675080645161131
2023,7,Spanish,RUS,Mercedes,12,3,0,66,66,33.838961038961045,22.674025974025977,2,73.326,101.45837945539074,79.79248387096774,79.52850000000001,1.5973847144520632,78.45644444444446,0.0238369453044376,0.4040522283686469,0.5536369236898747,32.38900000000103,7,3,1.3622448222367949,4,0,4.0,2,25.0,2,9.5,-0.4985080645161304
2023,7,Spanish,PER,Red Bull Racing,11,4,0,66,66,33.838961038961045,22.674025974025977,2,73.334,101.4694487491698,79.86666129032257,79.517,1.9476393524801905,78.08238461538461,0.1119670329670331,0.4017600876735218,0.6346630871839261,35.81200000000172,11,4,2.288717640563912,7,1,5.0,2,27.0,3,11.5,-0.4243306451613051
2023,7,Spanish,SAI,Ferrari,2,5,0,66,66,33.838961038961045,22.674025974025977,2,72.734,100.63925171574051,79.93783870967742,80.1645,1.1621796959550237,78.72754545454545,-0.0058430265386786,0.7312193507984496,0.6534818586925181,45.69800000000032,2,5,1.4916238550458107,-3,0,1.1428571428571428,2,15.0,3,-0.5,-0.3531532258064516
2023,7,Spanish,STR,Aston Martin,5,6,0,66,66,33.838961038961045,22.674025974025977,2,72.994,100.99900376355988,80.1696129032258,80.202,1.1084843788666732,79.31237931034484,-0.0202960591133004,0.9288083289844484,0.7107266063814706,63.32000000000153,3,6,2.163535481771857,-3,0,2.2,2,14.0,2,-1.5,-0.1213790322580763
2023,7,Spanish,ALO,Aston Martin,8,7,0,66,66,33.838961038961045,22.674025974025977,2,73.098,101.14290458268762,80.2487258064516,80.32149999999999,1.4790742914576605,78.86805263157895,0.0457175438596489,0.901128525206138,0.7701652317569041,64.12700000000041,6,7,1.5061644892014512,-1,0,2.2,2,19.0,2,3.5,-0.0422661290322707
2023,7,Spanish,OCO,Alpine,6,8,0,66,66,33.838961038961045,22.674025974025977,2,73.001,101.00868939561656,80.2862741935484,80.3155,1.2682727788682502,79.41664285714285,-0.0246984126984126,0.963063208433356,0.7454544707700617,69.24200000000019,5,8,2.089378176755268,-3,0,1.8333333333333333,2,13.0,3,-2.5,-0.0047177419354795
2023,7,Spanish,ZHO,Alfa Romeo,13,9,0,66,66,33.838961038961045,22.674025974025977,2,73.521,101.72819349125524,80.29570967741934,80.353,1.5478855211100686,79.25170370370371,-0.0005152625152623,0.8592887798768369,0.6914040303536994,71.87800000000061,9,10,2.115818984859049,-1,0,1.7142857142857142,2,9.0,2,-6.5,0.0047177419354653
2023,7,Spanish,GAS,Alpine,10,10,0,66,66,33.838961038961045,22.674025974025977,2,72.816,100.75271197697586,80.3276129032258,80.0685,1.85614922515952,79.062125,0.0152056521739129,0.9684460285982668,0.7402274470249679,73.53000000000065,15,11,2.171278935202065,4,1,4.25,2,19.0,3,3.5,0.0366209677419249
2023,7,Spanish,LEC,Ferrari,19,11,0,66,66,33.838961038961045,22.674025974025977,2,74.079,102.50027673234445,80.12032786885246,80.316,1.15530490522793,78.89218181818183,0.0134432523997739,0.911987767456425,0.7029389278736031,74.41900000000169,20,12,2.747365765241069,8,1,5.25,2,16.0,2,0.5,-0.1706640666314172
2023,7,Spanish,TSU,AlphaTauri,15,12,0,66,66,33.838961038961045,22.674025974025977,2,73.316,101.44454283816692,80.32908064516131,80.19149999999999,1.6058507402455302,79.49162068965516,-0.0384655172413792,0.8526614132136572,0.7092608173143936,70.41600000000108,12,9,2.2272418055985885,3,1,2.2857142857142856,2,10.0,3,-5.5,0.0380887096774387
2023,7,Spanish,PIA,McLaren,9,13,1,65,66,33.838961038961045,22.674025974025977,2,73.059,101.08894177551473,80.55690163934428,80.618,1.6170507073570497,79.5568695652174,-0.011199604743083,1.1383114510489496,0.8384748014619962,81.98300000000017,10,13,1.9455323574400285,-3,-2,1.8571428571428568,2,17.0,3,1.5,0.2659097038604017
2023,7,Spanish,DEV,AlphaTauri,14,14,1,65,66,33.838961038961045,22.674025974025977,2,73.581,101.81121319459818,80.57101639344263,80.553,1.851087108447388,79.27195833333333,0.0037673913043479,1.0050412150349628,0.7388307868878767,83.03499999999985,16,14,1.71853582581667,2,1,1.875,2,9.0,3,-6.5,0.2800244579587598
2023,7,Spanish,HUL,Haas F1 Team,7,15,1,65,66,33.838961038961045,22.674025974025977,2,73.229,101.32416426831968,80.3231186440678,80.001,1.6756005931455906,79.19210526315787,0.0173999999999997,1.2929481206293678,0.8670447268703041,95.0049999999992,8,15,2.639656883297233,-7,0,1.0833333333333333,3,8.0,3,-7.5,0.0321267085839309
2023,7,Spanish,ALB,Williams,18,16,1,65,66,33.838961038961045,22.674025974025977,2,74.063,102.47813814478636,80.84386885245901,80.762,1.8939839886282903,79.50507999999999,-0.0097453846153846,1.4922180506992944,0.8354138403070264,105.41599999999926,17,16,1.9267848867997688,1,1,2.8,2,16.0,3,0.5,0.5528769169751371
2023,7,Spanish,NOR,McLaren,3,17,1,65,66,33.838961038961045,22.674025974025977,2,72.776,100.69736550808057,80.223406779661,80.117,1.158043342626484,78.97108333333334,0.1296678321678326,1.1061409090909091,0.8704426926616549,108.09799999999996,14,17,1.8111566639963703,-3,-6,2.5,3,1.0,3,-14.5,-0.0675851558228686
2023,7,Spanish,MAG,Haas F1 Team,17,18,1,65,66,33.838961038961045,22.674025974025977,2,74.042,102.44908124861634,80.64003389830508,80.401,1.883163836025387,79.73835,0.1406067669172931,1.5364416958041938,0.8771050126244886,115.78799999999865,13,18,2.285300013968878,-5,0,1.375,3,10.0,3,-5.5,0.3490419628212038
2023,7,Spanish,BOT,Alfa Romeo,16,19,1,65,66,33.838961038961045,22.674025974025977,2,73.977,102.35914323666152,81.16173770491804,81.205,1.941958769744604,79.98686956521739,0.0413992094861659,1.6801555506992976,0.8863817441367502,127.65099999999984,18,19,1.7677669529663689,-1,1,1.125,2,5.0,2,-10.5,0.8707457694341656
2023,7,Spanish,SAR,Williams,20,20,1,65,66,33.838961038961045,22.674025974025977,2,74.699,103.35814700022136,81.00618333333334,80.8595,1.1140955972076696,80.31657692307694,0.0632851282051282,1.736689597902094,0.9023756842892258,129.38500000000022,19,20,2.1139418156609704,-1,1,1.3333333333333333,2,17.0,2,1.5,0.7151913978494662
2023,8,Canadian,VER,Red Bull Racing,1,1,0,70,70,30.59320987654321,18.53024691358025,2,79.092,100.46617973959988,79.13122727272726,76.68950000000001,10.420706853029849,75.95848,0.0039346153846154,0.0,,0.0,1,1,0.0,0,0,0.0,2,12.0,2,0.0,-1.532177704648305
2023,8,Canadian,ALO,Aston Martin,2,2,0,70,70,30.59320987654321,18.53024691358025,2,79.776,101.3350269926961,79.29618181818182,76.9255,10.226587911170329,76.15673076923078,-5.435897435900071e-05,0.0976621992826508,0.4226566129656232,9.569999999999707,3,2,0.4615663313770509,1,0,1.0,2,12.0,2,0.0,-1.3672231591937418
2023,8,Canadian,HAM,Mercedes,3,3,0,70,70,30.59320987654321,18.53024691358025,2,80.426,102.16068593204191,79.35737878787879,77.04650000000001,10.282150262641716,76.13500000000002,0.0314639804639803,0.1731336016096576,0.4693848941518468,14.167999999999664,2,3,0.4615663313770509,-1,0,0.0,2,12.0,2,0.0,-1.3060261894967766
2023,8,Canadian,LEC,Ferrari,10,4,0,70,70,30.59320987654321,18.53024691358025,2,80.615,102.40076214671323,80.62916176470587,77.193,12.186529531339827,76.2059642857143,0.0145634920634921,0.1398635639926524,0.2197642936296999,18.648000000001048,9,4,1.803148844575395,5,0,2.0,1,39.0,2,27.0,-0.0342432126696934
2023,8,Canadian,SAI,Ferrari,11,5,0,70,70,30.59320987654321,18.53024691358025,2,79.856,101.43664655446176,80.67211764705883,77.1585,12.133547289918925,76.28237931034484,0.0007837438423646,0.1793371358586246,0.2803760077682011,21.54000000000088,11,5,2.169094037634002,6,0,2.0,1,38.0,2,26.0,0.0087126696832626
2023,8,Canadian,PER,Red Bull Racing,12,6,0,70,70,30.59320987654321,18.53024691358025,2,80.959,102.8377262623055,80.94234848484848,77.52000000000001,12.240938446292455,76.49451851851852,0.0080244200244201,0.3996033592861505,0.5385406995773653,51.02800000000025,12,6,2.166180866066695,6,0,3.0,2,37.0,3,25.0,0.2789435074729169
2023,8,Canadian,ALB,Williams,9,7,0,70,70,30.59320987654321,18.53024691358025,2,78.725,100.0,80.33761764705883,78.0135,9.442550272181188,78.70296363636363,-0.1267280663780663,0.7028949348263481,0.8473030045084794,60.8130000000001,10,7,2.1196116680157253,3,0,2.333333333333333,1,12.0,2,0.0,-0.3257873303167287
2023,8,Canadian,OCO,Alpine,6,8,0,70,70,30.59320987654321,18.53024691358025,2,80.406,102.13528104160052,80.0584393939394,77.71350000000001,9.745127241745427,77.13874193548386,0.0049314516129033,0.8333554544659236,0.8834129373129092,61.69200000000092,5,8,1.4010495917675907,-3,0,1.3333333333333333,2,12.0,2,0.0,-0.6049655834361687
2023,8,Canadian,STR,Aston Martin,16,9,0,70,70,30.59320987654321,18.53024691358025,2,81.484,103.5046046363925,80.75618181818183,77.3625,10.738629922508151,77.17484999999999,-0.0065189493433394,0.693622517714981,0.6948097281470883,64.40200000000004,14,10,2.45561004720492,4,0,5.0,2,11.0,2,-1.0,0.0927768408062661
2023,8,Canadian,BOT,Alfa Romeo,14,10,0,70,70,30.59320987654321,18.53024691358025,2,81.821,103.93267704033026,81.2998088235294,77.86,11.73569969711293,77.19048387096774,0.0139681451612903,0.7613816114075732,0.8180485647013721,64.4320000000007,16,11,2.572348581680344,5,0,1.75,1,36.0,2,24.0,0.6364038461538399
2023,8,Canadian,PIA,McLaren,8,11,0,70,70,30.59320987654321,18.53024691358025,2,79.659,101.18640838361384,80.16872727272728,78.04849999999999,9.731221130654996,76.9854,-0.0068516129032256,0.9016634240223934,0.8966483575386303,65.10100000000057,7,12,2.2339373738930526,-5,0,1.5,2,12.0,2,0.0,-0.4946777046482822
2023,8,Canadian,GAS,Alpine,15,12,0,70,70,30.59320987654321,18.53024691358025,2,82.886,105.28548745633536,80.99221212121212,77.36449999999999,10.690540758453636,76.92164705882352,-0.0163034377387319,0.7744121424197343,0.7205062981904258,65.2489999999998,13,13,2.1314950672080126,0,0,3.5,2,10.0,2,-2.0,0.3288071438365563
2023,8,Canadian,NOR,McLaren,7,13,0,70,70,30.59320987654321,18.53024691358025,2,79.347,100.79009209272785,80.17165151515152,77.832,9.648546088149835,77.12971875,0.0081017228739003,0.7868475373983054,0.831066387284454,63.36300000000119,8,9,1.1879310267114007,-1,0,3.0,2,12.0,2,0.0,-0.4917534622240396
2023,8,Canadian,TSU,AlphaTauri,19,14,0,70,70,30.59320987654321,18.53024691358025,2,82.746,105.10765322324546,80.92551515151514,77.618,11.011290309694964,77.09630303030303,,0.7648585075671379,0.6609988099021503,73.42300000000068,20,14,2.1734326591384243,6,0,8.0,2,1.0,3,-11.0,0.262110174139579
2023,8,Canadian,HUL,Haas F1 Team,5,15,1,69,70,30.59320987654321,18.53024691358025,2,80.305,102.0069863448714,81.27704615384616,78.348,10.706301122806678,77.8918,0.0110361344537815,1.19647709170625,0.8867631814198509,93.18000000000028,6,15,3.2109016137310284,-9,0,1.0,2,11.0,2,-1.0,0.613641176470594
2023,8,Canadian,ZHO,Alfa Romeo,20,16,1,69,70,30.59320987654321,18.53024691358025,2,83.342,105.86471895839952,80.6546923076923,78.385,9.410603288184884,77.71288235294118,0.005455462184874,1.1763852758494704,0.8614345018213715,93.61399999999958,19,16,1.7203213482797255,3,0,3.0,2,12.0,2,0.0,-0.0087126696832626
2023,8,Canadian,MAG,Haas F1 Team,13,17,1,69,70,30.59320987654321,18.53024691358025,2,81.678,103.75103207367418,81.69624615384616,78.494,12.04130470509577,76.76715384615386,-0.0350164835164833,2.536607343807089,0.8870911743869337,146.4959999999992,15,17,3.919479409383306,-2,0,0.8333333333333334,2,35.0,2,23.0,1.0328411764705976
2023,8,Canadian,DEV,AlphaTauri,17,18,1,69,70,30.59320987654321,18.53024691358025,2,83.137,105.60431883137504,82.11384615384615,78.438,12.577775207224107,77.00175,-0.0128000000000004,2.5081400803799783,0.8852498810352019,151.20399999999972,17,18,1.2191635498553186,-1,0,2.6666666666666665,2,11.0,2,-1.0,1.450441176470591
2023,8,Canadian,RUS,Mercedes,4,19,1,54,70,30.59320987654321,18.53024691358025,2,80.098,101.7440457288028,80.06158823529411,77.968,7.5950963685169155,79.04363157894737,-0.1956960280118176,0.5509275014293904,0.1778855013985212,42.19599999999991,4,8,6.029539444431032,-4,0,8.0,2,12.0,2,0.0,-0.6018167420814535
2023,8,Canadian,SAR,Williams,18,20,1,7,70,30.59320987654321,18.53024691358025,2,83.337,105.85836773578916,81.67866666666667,79.3415,5.617597232506678,79.05625,,,,,18,18,0.0,0,0,0.0,0,,1,,1.0152616892911084
2023,9,Austrian,VER,Red Bull Racing,1,1,0,71,71,32.05424836601307,22.398039215686275,2,64.391,100.0,70.05741269841269,69.527,3.5393979743003343,68.566875,0.0490970588235291,-0.0094876257545268,0.0186722668211485,0.0,1,1,0.4017066208758988,0,0,2.0,4,2.0,3,0.0,-0.8994873015872997
2023,9,Austrian,LEC,Ferrari,2,2,0,71,71,32.05424836601307,22.398039215686275,2,64.439,100.07454457921136,70.08333846153846,69.916,1.4730362380653936,69.16161904761904,0.0203480519480518,0.2666515761234061,0.3863907519121371,5.155000000000655,2,2,0.4193508445022,0,0,1.0,3,2.0,2,0.0,-0.8735615384615301
2023,9,Austrian,PER,Red Bull Racing,15,3,0,71,71,32.05424836601307,22.398039215686275,2,64.99,100.93025422807531,70.84852307692307,69.58,4.691222419009291,69.22344444444444,0.0147884416924661,0.2460747149564057,0.4594488783099245,17.188000000000102,14,3,3.353247022448744,11,1,4.0,3,2.0,2,0.0,-0.1083769230769178
2023,9,Austrian,NOR,McLaren,4,4,0,71,71,32.05424836601307,22.398039215686275,2,64.658,100.41465422186327,70.409,70.214,2.1066613396557123,69.62211111111111,0.0373931623931623,0.4736967806841036,0.5846360499045392,26.32699999999932,5,5,0.870023936394509,0,0,1.4,3,2.0,2,0.0,-0.5478999999999843
2023,9,Austrian,ALO,Aston Martin,7,5,0,71,71,32.05424836601307,22.398039215686275,2,64.911,100.80756627478996,70.58667692307691,70.314,2.598701088450803,69.48766666666667,-1.5652173913081143e-05,0.5601064386317904,0.6953089862947346,30.31699999999909,6,6,0.5039082666988951,0,0,1.5,3,2.0,2,0.0,-0.3702230769230823
2023,9,Austrian,SAI,Ferrari,3,6,0,71,71,32.05424836601307,22.398039215686275,2,64.581,100.29507229271172,70.19938461538463,70.031,1.7752946647344536,69.50147826086956,0.0232835968379446,0.4780414151576146,0.5981517153973804,21.377000000000407,3,4,0.6273446964861147,-1,0,1.25,3,2.0,2,0.0,-0.7575153846153597
2023,9,Austrian,RUS,Mercedes,11,7,0,71,71,32.05424836601307,22.398039215686275,2,65.408,101.57941327204112,70.83281538461539,70.617,3.0679656884301387,69.71337037037038,0.0175897435897435,0.7378558014755208,0.7613100903574209,48.40300000000025,12,8,1.3937197452752907,4,1,2.25,3,2.0,2,0.0,-0.1240846153846035
2023,9,Austrian,HAM,Mercedes,5,8,0,71,71,32.05424836601307,22.398039215686275,2,64.819,100.6646891646348,70.52989230769231,70.457,1.8612012008636127,69.70492307692308,0.035619829059829,0.7423830650570057,0.7556719746859564,39.19599999999991,4,7,1.347775572550483,-3,0,0.8,3,2.0,2,0.0,-0.4270076923076829
2023,9,Austrian,STR,Aston Martin,6,9,0,71,71,32.05424836601307,22.398039215686275,2,64.893,100.77961205758568,70.68568253968252,70.136,3.071312994550812,68.97935714285714,0.0248197802197808,1.0531884305835022,0.8444938644001578,59.04299999999967,9,10,2.1701282774164894,-1,1,3.0,4,2.0,2,0.0,-0.271217460317473
2023,9,Austrian,GAS,Alpine,9,10,0,71,71,32.05424836601307,22.398039215686275,2,65.084,101.07623736236432,70.8534,70.649,2.8456830397112043,69.74395833333334,0.0568056521739129,0.9319075788061704,0.829933855283993,57.66699999999946,10,9,1.009412443397302,1,1,2.25,3,2.0,2,0.0,-0.1034999999999968
2023,9,Austrian,ALB,Williams,10,11,0,71,71,32.05424836601307,22.398039215686275,2,65.34,101.47380845149168,71.0604,70.931,2.8726106963004923,70.03037037037036,0.0258235653235653,1.1022483903420524,0.8691184207929844,69.76699999999983,11,11,0.7905376007434022,0,1,1.6,3,2.0,2,0.0,0.103500000000011
2023,9,Austrian,ZHO,Alfa Romeo,17,12,1,70,71,32.05424836601307,22.398039215686275,2,65.818,102.21614821947163,71.941125,71.053,4.640790995454554,70.5496551724138,0.0295019704433497,1.307074989064817,0.8911465439406714,91.64500000000044,15,14,1.8566092560381748,1,1,2.5,3,2.0,2,0.0,0.9842250000000092
2023,9,Austrian,SAR,Williams,18,13,1,70,71,32.05424836601307,22.398039215686275,2,65.948,102.41803978816915,71.44870312500001,71.16550000000001,3.775649876488994,70.31729166666666,0.008741304347826,1.302753004986439,0.9216864611077638,83.39600000000064,17,13,1.6632055158613797,4,1,2.5,3,2.0,2,0.0,0.4918031250000183
2023,9,Austrian,OCO,Alpine,12,14,1,70,71,32.05424836601307,22.398039215686275,2,65.295,101.403922908481,71.21795312500001,70.9755,3.1094256062723966,70.25011111111111,0.0058321123321123,1.329568191759252,0.8898850922208101,79.15200000000004,13,12,0.8926894252414376,1,1,2.6666666666666665,3,2.0,2,0.0,0.2610531250000178
2023,9,Austrian,BOT,Alfa Romeo,14,15,1,70,71,32.05424836601307,22.398039215686275,2,65.513,101.742479539066,72.144921875,70.7265,5.084442534112122,70.70700000000001,0.1066321428571425,1.6794117225089646,0.9294710986155,109.78900000000068,18,16,1.5503288905058372,2,1,1.2222222222222223,3,2.0,2,0.0,1.188021875000004
2023,9,Austrian,PIA,McLaren,13,16,1,70,71,32.05424836601307,22.398039215686275,2,65.213,101.27657591899488,71.46622580645163,70.8945,3.7471842080633255,70.73634615384616,0.0455018803418804,1.7849420873064463,0.9413712628601364,113.58100000000012,16,18,1.9676472272147885,-2,1,1.8,4,2.0,2,0.0,0.5093258064516419
2023,9,Austrian,DEV,AlphaTauri,20,17,1,70,71,32.05424836601307,22.398039215686275,2,65.974,102.45841810190863,71.63341269841271,71.238,3.145444553610212,70.64133333333332,0.0359474972191324,1.3578995888373715,0.8940982301243801,96.71500000000016,19,15,1.657157135656341,4,1,3.0,3,2.0,2,0.0,0.6765126984127221
2023,9,Austrian,MAG,Haas F1 Team,19,18,1,70,71,32.05424836601307,22.398039215686275,2,65.793,102.17732291779906,72.20630769230769,71.855,3.226617408966572,71.26569696969699,0.0584866310160428,1.7418921004286587,0.949787514981696,118.67500000000108,8,19,2.669705825095077,-11,-12,0.6666666666666666,3,1.0,2,-1.0,1.2494076923076989
2023,9,Austrian,TSU,AlphaTauri,16,19,1,70,71,32.05424836601307,22.398039215686275,2,65.784,102.16334580919695,71.735873015873,71.073,3.325866200497992,70.81908333333332,0.0289252173913042,1.740610847694866,0.9524296320584243,111.88500000000022,20,17,2.7512842850914736,3,1,1.5,4,1.0,2,-1.0,0.7789730158730066
2023,9,Austrian,HUL,Haas F1 Team,8,20,1,13,71,32.05424836601307,22.398039215686275,2,65.09,101.08555543476572,73.788625,71.435,6.4407826928432055,71.3876,0.0376000000000019,4.70813736263735,0.3684623370294441,116.80299999999988,7,19,3.646293261032983,-12,0,0.0,2,2.0,2,0.0,2.831725000000006
2023,10,British,VER,Red Bull Racing,1,1,0,52,52,30.94105960264901,21.473509933774835,2,86.72,100.0,96.39712,92.3565,14.520765908061966,92.55013333333332,-0.0259354838709676,-0.0056261845812357,0.1990827663188291,0.0,2,1,0.269069117598525,1,0,1.0,1,33.0,2,4.0,-1.275359166666675
2023,10,British,NOR,McLaren,2,2,0,52,52,30.94105960264901,21.473509933774835,2,86.961,100.27790590405904,96.6501,92.746,14.46742861127882,92.90826666666663,-0.0209984427141269,0.0568646802697809,0.0855588905078567,3.787999999998647,1,2,0.269069117598525,-1,0,0.0,1,33.0,2,4.0,-1.022379166666667
2023,10,British,HAM,Mercedes,7,3,0,52,52,30.94105960264901,21.473509933774835,2,87.211,100.56619003690037,96.96956000000002,92.965,14.35751085691843,93.19896666666668,-0.0311454949944383,-0.1150093912746596,0.0605288728105326,6.785999999998239,8,3,1.9942413323628545,5,0,5.0,1,33.0,2,4.0,-0.7029191666666605
2023,10,British,PIA,McLaren,3,4,0,52,52,30.94105960264901,21.473509933774835,2,87.092,100.42896678966792,98.39322,92.8265,15.834470926495804,92.9855,-0.0094088888888889,0.1484775890036687,0.0605034931436557,7.761999999998807,3,4,0.6990620736425556,-1,0,2.0,1,29.0,2,0.0,0.7207408333333234
2023,10,British,RUS,Mercedes,6,5,0,52,52,30.94105960264901,21.473509933774835,2,87.155,100.50161439114392,98.44756,93.067,15.529152236687104,93.15912,-0.03186,0.1157159993170006,0.0272315493606847,11.191999999999098,5,5,1.0893353862380526,0,0,4.0,1,28.0,2,-1.0,0.7750808333333197
2023,10,British,PER,Red Bull Racing,15,6,0,52,52,30.94105960264901,21.473509933774835,2,89.968,103.74538745387454,98.54052,93.2475,14.897569350078829,93.40056,-0.0524384615384614,-0.0518169982071249,0.0036995464273208,12.867999999998574,16,6,2.734823748460454,10,1,13.0,1,28.0,2,-1.0,0.8680408333333247
2023,10,British,ALO,Aston Martin,9,7,0,52,52,30.94105960264901,21.473509933774835,2,87.659,101.08279520295204,97.25976,93.154,13.873422051196028,93.58393333333336,-0.011143937708565,0.0508476906001808,0.0079704951238839,17.17899999999827,7,7,1.0943430572715722,0,0,1.3333333333333333,1,33.0,2,4.0,-0.4127191666666761
2023,10,British,ALB,Williams,8,8,0,52,52,30.94105960264901,21.473509933774835,2,87.53,100.93404059040591,97.82880000000002,93.407,14.14593304213805,93.56241379310346,-0.0442039408866994,0.0427729445914723,0.0032213468845921,17.863999999999578,10,8,1.1085503422203264,2,0,2.5,1,32.0,2,3.0,0.1563208333333392
2023,10,British,LEC,Ferrari,4,9,0,52,52,30.94105960264901,21.473509933774835,2,87.136,100.47970479704796,97.66554166666668,92.938,14.472164970535582,92.8023,0.005957575757576,0.2488621617006742,0.0750577254056322,18.674999999999272,4,9,3.016483124004796,-5,0,1.6666666666666667,2,18.0,2,-11.0,-0.0069375000000064
2023,10,British,SAI,Ferrari,5,10,0,52,52,30.94105960264901,21.473509933774835,2,87.148,100.49354243542436,98.60954,93.1875,15.1457134249737,93.3125652173913,-0.029005928853755,0.2490936139332315,0.0903275321906105,19.433999999999287,6,10,2.053580913949033,-4,0,1.6666666666666667,1,26.0,2,-3.0,0.9370608333333196
2023,10,British,SAR,Williams,14,11,0,52,52,30.94105960264901,21.473509933774835,2,89.031,102.66489852398524,98.70246000000004,93.628,13.612942555853952,93.8923846153846,-0.0496984615384616,0.0569812174506963,0.0023418819991911,23.61799999999857,15,12,1.2444446688931778,3,-1,3.5,1,29.0,2,0.0,1.0299808333333544
2023,10,British,BOT,Alfa Romeo,20,12,0,52,52,30.94105960264901,21.473509933774835,2,89.798,103.54935424354244,97.79789999999998,93.7005,12.64114052147485,94.05448275862072,-0.060291133004926,-0.0229311448817568,0.0003995415812768,25.81599999999889,18,13,2.034395044623027,5,-1,4.0,1,32.0,2,3.0,0.1254208333333082
2023,10,British,HUL,Haas F1 Team,11,13,0,52,52,30.94105960264901,21.473509933774835,2,88.896,102.50922509225092,97.09264583333334,93.493,11.600644480426888,93.561,-0.0493818181818182,-0.3036806539742237,0.0253118749604414,26.648999999999432,14,14,2.1806602290798995,0,0,2.0,2,7.0,3,-22.0,-0.5798333333333403
2023,10,British,STR,Aston Martin,12,14,0,52,52,30.94105960264901,21.473509933774835,2,88.935,102.55419741697418,98.3043,93.75,13.623571258922484,93.79285714285716,-0.0248505747126436,0.1454026722445102,0.0187966013736747,22.46899999999914,11,11,0.6226009764425928,0,0,1.2,1,31.0,2,2.0,0.6318208333333217
2023,10,British,ZHO,Alfa Romeo,17,15,0,52,52,30.94105960264901,21.473509933774835,2,90.123,103.92412361623616,95.2626956521739,93.7025,6.4526506762537865,92.42007692307692,-0.0651648351648346,0.1431010842653463,0.0098786026313404,29.80599999999868,19,15,1.2915784770166348,4,1,3.333333333333333,3,24.0,3,-5.0,-2.409783514492773
2023,10,British,TSU,AlphaTauri,16,16,0,52,52,30.94105960264901,21.473509933774835,2,90.025,103.81111623616238,97.621,93.277,12.534430584797477,93.22421428571428,0.0042835164835163,0.0856730555792639,0.0035595232593737,31.21099999999933,13,16,1.7074939077335562,-3,0,1.1428571428571428,2,14.0,2,-15.0,-0.0514791666666809
2023,10,British,DEV,AlphaTauri,18,17,0,52,52,30.94105960264901,21.473509933774835,2,90.513,104.37384686346864,97.67941666666668,93.7085,12.3495441415279,94.04041666666666,-0.0494286956521737,0.2113097840006809,0.0250298027137347,33.11399999999958,17,17,1.3278545051047568,0,0,1.4,2,27.0,2,-2.0,0.0069374999999922
2023,10,British,GAS,Alpine,10,18,1,46,52,30.94105960264901,21.473509933774835,2,87.689,101.11738929889296,99.52123255813952,93.535,15.180912880884668,93.4785714285714,-0.0340114942528736,0.4586978106691263,0.1359186337106427,86.1929999999993,9,18,2.268030280365984,-9,0,1.0,2,31.0,2,2.0,1.8487533914728544
2023,10,British,MAG,Haas F1 Team,19,19,1,32,52,30.94105960264901,21.473509933774835,2,92.378,106.52444649446495,94.70661290322582,94.31,2.1376661054745254,94.26886206896552,-0.0500256157635467,2.024583394428157,0.8106662143659025,118.8010000000004,20,14,1.785846385282888,6,0,6.0,0,,1,,-2.9658662634408586
2023,10,British,OCO,Alpine,13,20,1,9,52,30.94105960264901,21.473509933774835,2,88.956,102.57841328413284,95.313125,94.2295,2.940501533387996,94.1265,0.0355714285714282,,,,12,12,0.0,0,0,0.0,1,9.0,1,-20.0,-2.3593541666666766
2023,11,Hungarian,VER,Red Bull Racing,2,1,0,70,70,48.579268292682926,28.808536585365857,2,76.612,100.003915988983,83.49307575757577,83.663,1.176160079510452,81.99493749999999,-0.0587838235294113,0.0,,0.0,1,1,0.0,0,0,0.0,2,23.0,2,7.0,-1.23099883449882
2023,11,Hungarian,NOR,McLaren,3,2,0,70,70,48.579268292682926,28.808536585365857,2,76.694,100.11095302118552,84.0430909090909,84.0085,1.1212895423405305,83.15069565217391,0.0272697628458499,0.3377048377219905,0.3993716135867894,33.73099999999977,3,2,0.6036466134705399,1,0,2.0,2,17.0,2,1.0,-0.6809836829836797
2023,11,Hungarian,PER,Red Bull Racing,9,3,0,70,70,48.579268292682926,28.808536585365857,2,77.045,100.56912373219858,84.06901515151515,83.67500000000001,1.6173727175450956,82.92688,0.0332453846153845,0.3330507742104857,0.3971255962955211,37.60299999999916,8,3,1.8521432942968248,5,0,3.333333333333333,2,24.0,2,8.0,-0.655059440559441
2023,11,Hungarian,HAM,Mercedes,1,4,0,70,70,48.579268292682926,28.808536585365857,2,76.609,100.0,84.03845454545456,84.2235,1.4114183829567528,82.41183333333333,0.0123601651186791,0.4553346163940213,0.5569154364153006,39.134000000000015,4,4,1.0826124373204815,0,0,2.0,2,16.0,2,0.0,-0.6856200466200306
2023,11,Hungarian,PIA,McLaren,4,5,0,70,70,48.579268292682926,28.808536585365857,2,76.905,100.38637757965776,84.42583333333334,84.5095,0.8331826945899091,83.96188000000001,0.0259669230769229,0.7901078470824957,0.7800331184177626,62.57200000000012,2,5,1.1639868660902677,-3,0,1.0,2,18.0,2,2.0,-0.2982412587412426
2023,11,Hungarian,RUS,Mercedes,18,6,0,70,70,48.579268292682926,28.808536585365857,2,79.027,103.15628712031224,84.48760606060605,83.9285,1.982848268982996,83.05466666666666,0.0413090909090911,0.734211337590764,0.7280841447002323,65.82499999999891,14,7,2.418056643175801,7,1,4.333333333333333,2,28.0,2,12.0,-0.2364685314685317
2023,11,Hungarian,LEC,Ferrari,6,7,0,70,70,48.579268292682926,28.808536585365857,2,76.992,100.49994126016526,84.40925757575756,84.534,1.283764396196486,83.338375,0.0816508695652175,0.748810427784103,0.6791511759590657,65.3169999999991,5,6,1.2557115887825907,-1,0,3.5,2,17.0,2,1.0,-0.3148170163170221
2023,11,Hungarian,SAI,Ferrari,11,8,0,70,70,48.579268292682926,28.808536585365857,2,77.703,101.42803064914044,84.51492424242424,84.501,1.3565454009880118,83.40826086956521,0.0694407114624506,0.8207354037267078,0.7538845465277266,71.0729999999985,6,8,1.027670988427467,-2,0,1.1666666666666667,2,15.0,2,-1.0,-0.2091503496503435
2023,11,Hungarian,ALO,Aston Martin,8,9,0,70,70,48.579268292682926,28.808536585365857,2,77.035,100.55607043558852,84.55330303030301,84.65950000000001,1.4846542821576802,83.25095833333334,0.0299091304347825,0.9586485171901,0.8075096224655679,75.70899999999892,7,9,1.3571374087283028,-2,0,1.5,2,20.0,2,4.0,-0.1707715617715735
2023,11,Hungarian,STR,Aston Martin,14,10,1,69,70,48.579268292682926,28.808536585365857,2,77.861,101.6342727355794,84.89484615384616,84.689,1.4710163177924096,84.0975,0.0164160557184749,1.095387431494339,0.7945336583614727,96.84900000000016,10,10,1.5681451730906382,0,0,3.0,2,9.0,2,-7.0,0.1707715617715735
2023,11,Hungarian,ALB,Williams,16,11,1,69,70,48.579268292682926,28.808536585365857,2,78.917,103.0127008576016,85.15929230769231,84.834,1.6490547550327592,84.44288571428572,-0.0237868347338937,1.2849821337230545,0.8694640949061174,111.32099999999993,15,11,2.167535401941587,4,0,3.0,2,8.0,2,-8.0,0.4352177156177248
2023,11,Hungarian,BOT,Alfa Romeo,7,12,1,69,70,48.579268292682926,28.808536585365857,2,77.034,100.55476510592752,85.12589230769231,84.995,1.5179699243878828,84.27284615384616,-0.0034482051282051,1.3794765801972992,0.8936907231004482,112.3130000000001,12,12,1.3056046800477776,0,0,2.0,2,9.0,2,-7.0,0.4018177156177245
2023,11,Hungarian,RIC,AlphaTauri,13,13,1,69,70,48.579268292682926,28.808536585365857,2,78.002,101.8183242177812,85.2351076923077,84.496,1.9202476250072944,84.45902702702705,0.0011090564248459,1.4096695286810428,0.8729908709401881,118.491,18,13,2.677461102231776,5,0,11.0,2,18.0,2,2.0,0.5110331002331066
2023,11,Hungarian,HUL,Haas F1 Team,10,14,1,69,70,48.579268292682926,28.808536585365857,2,77.186,100.7531752144004,85.47512307692305,85.581,1.3020890847462727,84.79228571428573,0.0562118226600985,1.7237341614906876,0.9294949956324388,133.53199999999924,9,14,2.224696689959969,-5,0,2.0,2,16.0,2,0.0,0.751048484848468
2023,11,Hungarian,TSU,AlphaTauri,17,15,1,69,70,48.579268292682926,28.808536585365857,2,78.919,103.0153115169236,85.39369230769229,85.519,1.4436768263174944,84.53395454545455,0.0524500282326369,1.6591387285348955,0.9207003796857458,133.77700000000004,11,15,2.2613736404424585,-4,0,2.0,2,9.0,3,-7.0,0.6696177156177043
2023,11,Hungarian,ZHO,Alfa Romeo,5,16,1,69,70,48.579268292682926,28.808536585365857,2,76.971,100.47252933728414,85.47189230769231,85.307,1.66637612166226,84.81157142857141,0.0014570333880678,1.7963973693825397,0.9266233434360568,142.72500000000036,16,16,1.31098057831775,0,0,3.0,2,10.0,2,-6.0,0.7478177156177281
2023,11,Hungarian,MAG,Haas F1 Team,19,17,1,69,70,48.579268292682926,28.808536585365857,2,79.206,103.38994112963228,85.93304615384615,85.991,1.702598294067494,85.21868,0.0647923076923077,2.180598027036903,0.950636711484246,164.58499999999913,13,17,2.053109840473786,-4,-1,0.875,2,14.0,2,-2.0,1.2089715617715626
2023,11,Hungarian,SAR,Williams,20,18,1,67,70,48.579268292682926,28.808536585365857,2,79.248,103.44476497539456,85.48188709677419,85.238,1.8121511363962584,84.67444827586206,0.034324630541872,1.6155567483438475,0.891819137298965,145.52799999999843,17,17,1.4447459356696948,0,0,1.75,3,13.0,2,-3.0,0.7578125046996007
2023,12,Belgian,VER,Red Bull Racing,6,1,0,44,44,28.24066666666667,17.873333333333335,2,106.168,100.0,111.745775,111.5335,1.6256586118973146,110.27463636363632,-0.0331636363636368,-0.0895696264975303,0.6177542683217523,0.0,4,1,1.0391389344830473,3,0,4.0,2,14.0,2,5.0,-1.776649999999961
2023,12,Belgian,PER,Red Bull Racing,2,2,0,44,44,28.24066666666667,17.873333333333335,2,107.045,100.8260492803858,112.190875,112.1575,1.2669669047850125,111.19066666666669,-0.0036293706293705,0.5390102889358707,0.8423948539056201,22.30500000000029,1,2,0.4711552981879444,-1,0,0.5,2,13.0,2,4.0,-1.3315499999999645
2023,12,Belgian,LEC,Ferrari,1,3,0,44,44,28.24066666666667,17.873333333333335,2,106.988,100.77236078667772,112.4872,112.2475,1.3919249206100817,111.62976923076924,0.1381483516483517,0.6224306553911272,0.8355425073708329,32.259000000000015,2,3,0.390153653257413,-1,0,0.0,2,13.0,2,4.0,-1.0352249999999683
2023,12,Belgian,HAM,Mercedes,3,4,0,44,44,28.24066666666667,17.873333333333335,2,107.087,100.86560922311808,112.4118947368421,112.2555,1.6745825424035985,111.36690909090908,0.0813272727272728,0.7384656095842088,0.6838582551880132,49.67100000000028,3,4,0.3620472677724276,-1,0,0.5,3,12.0,2,3.0,-1.1105302631578695
2023,12,Belgian,ALO,Aston Martin,9,5,0,44,44,28.24066666666667,17.873333333333335,2,107.843,101.577688192299,112.892225,112.57,1.6392430474428568,111.41908333333332,-0.0265349650349647,1.0872078928823172,0.8776040975807146,56.18400000000111,6,5,0.9904405665441198,1,0,2.5,2,10.0,2,1.0,-0.6301999999999595
2023,12,Belgian,RUS,Mercedes,8,6,0,44,44,28.24066666666667,17.873333333333335,2,107.805,101.54189586316026,113.39009523809524,112.9405,2.0900475407071,111.80494736842108,0.0225614035087718,1.148818393234671,0.8059791207075496,63.10100000000057,11,6,2.04908064776794,5,0,3.0,1,22.0,2,13.0,-0.1323297619047281
2023,12,Belgian,NOR,McLaren,7,7,0,44,44,28.24066666666667,17.873333333333335,2,107.669,101.41379700097956,113.236725,112.688,1.5277522451091006,112.45416666666668,-0.0163695652173913,1.0304611698379194,0.6688885731790528,73.71900000000096,7,7,4.4143241756942135,0,-1,1.5714285714285714,2,5.0,3,-4.0,-0.285699999999963
2023,12,Belgian,OCO,Alpine,14,8,0,44,44,28.24066666666667,17.873333333333335,2,116.372,109.61118227714566,113.399575,112.8445,2.1982385476056705,111.8688125,-0.0218691176470588,1.3078084566596226,0.8315993434777447,74.71900000000096,13,8,2.129526642456072,5,1,3.5,2,6.0,2,-3.0,-0.1228499999999712
2023,12,Belgian,STR,Aston Martin,10,9,0,44,44,28.24066666666667,17.873333333333335,2,108.841,102.51770778388966,113.63019047619048,113.15,1.835240879226795,112.2660476190476,0.0745259740259743,1.538801973220579,0.8459633490451373,79.34000000000015,9,9,2.9977969359755856,0,-1,1.2857142857142858,1,20.0,2,11.0,0.107765476190508
2023,12,Belgian,TSU,AlphaTauri,11,10,0,44,44,28.24066666666667,17.873333333333335,2,113.148,106.57448572074446,113.52242499999996,112.7585,1.7405423099402997,112.36464705882354,0.0256960784313725,1.5852501761804068,0.8952350408016686,80.22100000000137,8,10,1.420738872177976,-2,1,2.6666666666666665,2,9.0,2,0.0,0.0
2023,12,Belgian,GAS,Alpine,12,11,0,44,44,28.24066666666667,17.873333333333335,2,113.671,107.06710119810111,113.87735714285716,113.5085,2.1522887513849023,112.38772222222222,-0.0039226006191947,1.6222756871035986,0.893622641937611,83.08400000000074,16,11,2.8239387424555886,5,0,2.75,1,23.0,2,14.0,0.3549321428571801
2023,12,Belgian,BOT,Alfa Romeo,13,12,0,44,44,28.24066666666667,17.873333333333335,2,114.694,108.0306683746515,113.645825,113.4125,1.980063737480988,112.26835294117646,0.0194754901960786,1.472510077519384,0.861816157983152,85.19100000000071,12,12,1.7296078574002112,0,-1,2.0,2,6.0,2,-3.0,0.1234000000000179
2023,12,Belgian,ZHO,Alfa Romeo,17,13,0,44,44,28.24066666666667,17.873333333333335,2,120.832,113.8120714339537,113.86835,113.3745,2.166809820320164,112.406125,-0.00015,1.7776162085976086,0.9001075858251044,95.44100000000071,14,13,1.8102363388621383,1,-1,2.1666666666666665,2,7.0,2,-2.0,0.3459250000000367
2023,12,Belgian,ALB,Williams,15,14,0,44,44,28.24066666666667,17.873333333333335,2,120.314,113.324165473589,113.46947368421051,113.454,2.006437002558194,111.985125,-0.0018928571428577,1.953043199436227,0.9333687614691788,96.1840000000011,10,14,2.932287275843912,-4,1,1.3,3,7.0,2,-2.0,-0.0529513157894427
2023,12,Belgian,MAG,Haas F1 Team,16,15,0,44,44,28.24066666666667,17.873333333333335,2,114.16,107.5276919599126,114.057625,113.8235,2.049153592465148,113.19375,0.1366117647058826,1.7067855532064895,0.9014223823381138,101.7540000000008,18,15,2.3656277186343684,3,0,1.75,2,5.0,2,-4.0,0.5352000000000317
2023,12,Belgian,RIC,AlphaTauri,19,16,0,44,44,28.24066666666667,17.873333333333335,2,119.483,112.54144374952904,113.785925,113.3735,2.208229031547505,112.8475789473684,0.1168333333333334,1.7841928118393284,0.8799843288521457,103.07099999999993,19,16,1.9951050034096,3,0,2.25,2,5.0,2,-4.0,0.2635000000000218
2023,12,Belgian,SAR,Williams,18,17,0,44,44,28.24066666666667,17.873333333333335,2,121.535,114.47422952302011,113.77397368421052,113.982,2.3082863596633065,111.74128571428572,0.1805000000000005,2.0466317829457354,0.9344570521582276,104.47600000000055,15,17,2.1815098443155527,-2,1,2.2,3,8.0,2,-1.0,0.2515486842105616
2023,12,Belgian,HUL,Haas F1 Team,20,18,0,44,44,28.24066666666667,17.873333333333335,2,123.166,116.01047396579006,114.00546153846156,113.91,1.6125609714487317,113.52652941176471,0.2423406862745098,1.895751444679356,0.9253745599641748,110.45000000000071,17,18,2.592373756103067,-1,0,1.8571428571428568,2,12.0,2,3.0,0.4830365384615902
2023,12,Belgian,SAI,Ferrari,4,19,1,23,44,28.24066666666667,17.873333333333335,2,107.152,100.92683294401326,116.1203,116.1415,1.6675689869734898,116.29925,,3.122433794466403,0.903506014692212,83.34699999999975,5,19,5.336873001930549,-14,0,0.375,2,7.0,2,-2.0,2.5978750000000304
2023,13,Dutch,VER,Red Bull Racing,1,1,0,72,72,24.94114832535885,16.791866028708135,2,70.567,100.0,82.28586885245902,75.593,14.99074280956463,74.222875,-0.0219880952380965,-0.0938547334233695,0.2787344548132913,0.0,1,1,0.7504563035492315,0,-4,2.0,6,2.0,3,0.0,-0.8416778159703853
2023,13,Dutch,ALO,Aston Martin,5,2,0,72,72,24.94114832535885,16.791866028708135,2,71.506,101.33065030396646,82.7586129032258,76.14,14.70999517931833,74.26855555555557,-0.074216666666666,0.08206566338672,0.0371474027317503,3.748000000001412,3,2,1.0390459991835803,1,-4,1.75,5,2.0,2,0.0,-0.3689337652036073
2023,13,Dutch,GAS,Alpine,12,3,0,72,72,24.94114832535885,16.791866028708135,2,80.128,113.54882593846985,83.06675806451612,76.3715,14.42982260627983,75.03859999999999,-0.0274909090909085,0.2128789471991824,0.1414991206955487,7.060999999999694,16,4,2.0622169270343766,12,12,1.6,5,1.0,2,-1.0,-0.0607886039132807
2023,13,Dutch,PER,Red Bull Racing,7,4,0,72,72,24.94114832535885,16.791866028708135,2,71.88,101.86064307679229,82.76022950819673,75.822,14.745471935923746,74.66527272727274,-0.0491181818181816,2.343886696893697,0.0288771493327187,5.038000000000466,13,3,1.8205379349129105,10,12,1.2,6,1.0,2,-1.0,-0.3673171602326732
2023,13,Dutch,SAI,Ferrari,6,5,0,72,72,24.94114832535885,16.791866028708135,2,71.754,101.68208936188306,83.17630645161292,76.405,14.321072217607346,75.36033333333333,-0.0083107142857144,0.2054758183806075,0.1098143586169608,12.549000000000888,5,5,1.6068490925596532,0,-7,1.5,5,2.0,2,0.0,0.0487597831835131
2023,13,Dutch,HAM,Mercedes,13,6,0,72,72,24.94114832535885,16.791866028708135,2,80.151,113.58141907690565,83.27075806451612,76.7805,13.641359784734556,74.69127272727272,-0.0077,-0.1515095986880124,0.0310527749868206,13.221999999999753,11,6,3.3690283632934963,5,-9,2.571428571428572,5,3.0,3,1.0,0.1432113960867127
2023,13,Dutch,NOR,McLaren,2,7,0,72,72,24.94114832535885,16.791866028708135,2,71.104,100.76097892782748,83.07878688524589,76.797,13.638589062063025,75.28242857142857,0.0451956043956041,2.257838269342084,0.027136406898959,13.254000000000817,2,7,2.3032517667626915,-5,-8,2.5,6,3.0,2,1.0,-0.0487597831835131
2023,13,Dutch,ALB,Williams,4,8,0,72,72,24.94114832535885,16.791866028708135,2,71.419,101.20736321510056,83.99593846153846,76.754,14.283058789039336,75.16415384615384,0.0001978021978021,2.1222773651038715,0.023656477419555,15.11700000000019,4,8,2.752719525983785,-4,-4,2.142857142857143,4,44.0,3,42.0,0.8683917931090548
2023,13,Dutch,PIA,McLaren,8,9,0,72,72,24.94114832535885,16.791866028708135,2,71.938,101.94283446936956,83.68206349206348,76.87,13.67905510657834,74.6191,0.0637757575757564,2.1704641777606275,0.0247823312879632,16.587000000001353,7,9,2.5119043645760506,-2,-2,1.8888888888888888,5,15.0,3,13.0,0.5545168236340743
2023,13,Dutch,OCO,Alpine,16,10,0,72,72,24.94114832535885,16.791866028708135,2,82.11,116.3575042158516,82.79932786885246,76.743,13.17161862835052,75.36085714285714,0.0795560439560436,2.3580688629493904,0.0290808072421809,18.355999999999767,12,10,1.8831266245778728,2,-5,1.75,6,2.0,3,0.0,-0.3282187995769448
2023,13,Dutch,STR,Aston Martin,11,11,0,72,72,24.94114832535885,16.791866028708135,2,80.121,113.53890628764154,82.0499661016949,77.567,11.222610723316878,75.81154545454545,0.0091801242236021,2.029452279889388,0.0216777697008424,20.085000000000942,8,11,2.969194997947633,-3,-6,2.0,7,4.0,3,2.0,-1.0775805667344969
2023,13,Dutch,HUL,Haas F1 Team,14,12,0,72,72,24.94114832535885,16.791866028708135,2,80.25,113.72171128147718,83.56288888888888,77.593,12.91370926962344,74.799,0.0764999999999988,2.285431699787775,0.0273126842189496,20.80199999999968,10,12,2.204704033380531,-2,-6,1.8571428571428568,5,16.0,3,14.0,0.435342220459475
2023,13,Dutch,LAW,AlphaTauri,19,13,0,72,72,24.94114832535885,16.791866028708135,2,83.42,118.21389601371747,82.26,77.778,10.251995824194934,75.23200000000001,0.0308833333333332,2.538079426329674,0.0335395054322079,26.1190000000006,19,14,2.193629630228537,5,1,1.4285714285714286,7,1.0,3,-1.0,-0.867546668429398
2023,13,Dutch,BOT,Alfa Romeo,18,14,0,72,72,24.94114832535885,16.791866028708135,2,82.26,116.57006816217216,83.87766666666666,78.0,12.694059241718469,75.411625,0.0652976190476195,2.423604106373403,0.0306722364932844,27.361000000000782,9,16,1.6443934243237874,-7,-6,1.0,5,16.0,3,14.0,0.7501199982372526
2023,13,Dutch,TSU,AlphaTauri,17,15,0,72,72,24.94114832535885,16.791866028708135,2,80.23,113.6933694219678,83.33719047619046,77.283,12.5577017735771,81.82208695652173,-0.4853233425840271,2.4811543668403155,0.0320947371376772,24.89500000000044,18,13,2.690583765944659,5,7,1.0,5,1.0,2,-1.0,0.2096438077610543
2023,13,Dutch,MAG,Haas F1 Team,20,16,0,72,72,24.94114832535885,16.791866028708135,2,82.192,116.47370583984016,83.22040983606558,77.733,12.557801679138285,76.34371428571428,-0.0088389610389607,2.7655103061290167,0.0394289069269189,26.376000000000204,20,15,4.080733578839845,5,7,0.9166666666666666,6,1.0,3,-1.0,0.0928631676361817
2023,13,Dutch,RUS,Mercedes,3,17,0,72,72,24.94114832535885,16.791866028708135,2,71.294,101.0302265931668,81.81833898305085,77.336,11.93304718665653,78.3508,-0.3239512195121952,2.213033314039495,0.0260317379275842,57.90800000000127,6,17,4.75272757533196,-11,3,1.2307692307692308,7,4.0,3,2.0,-1.3092076853785528
2023,13,Dutch,ZHO,Alfa Romeo,15,18,1,63,72,24.94114832535885,16.791866028708135,2,82.067,116.29656921790638,82.29764814814817,77.2465,12.842232370973935,75.94610526315789,-0.0182631578947368,1.052397657450085,0.7186380645969846,49.57000000000153,17,13,4.594618975771819,4,15,0.6,4,1.0,3,-1.0,-0.8298985202812332
2023,13,Dutch,LEC,Ferrari,9,19,1,41,72,24.94114832535885,16.791866028708135,2,72.665,102.97306106253636,85.49502777777779,78.37,13.03790681597562,85.70466666666665,0.3444000000000008,0.594789547038331,0.2907084232959684,59.5649999999996,15,17,3.7145068280472655,-2,9,0.625,3,1.0,2,-1.0,2.3674811093483896
2023,13,Dutch,SAR,Williams,10,20,1,15,72,24.94114832535885,16.791866028708135,2,76.748,108.75905168138084,93.03057142857143,91.9215,13.754680169725088,90.7635,-3.5352167832167845,101.73516071428573,0.202951776971403,3980.340000000001,14,20,2.3533936216582085,-6,-5,0.5,0,,1,,9.903024760142046
2023,14,Italian,VER,Red Bull Racing,2,1,0,51,51,42.928205128205136,29.330128205128204,2,80.307,100.0161904999128,86.21702040816326,86.05,0.7055619949667762,86.01671428571431,0.0627148330596607,-0.0216753846153861,0.0317917771429534,0.0,2,1,0.728145643694565,1,0,4.0,1,20.0,2,0.0,-0.8912187222715175
2023,14,Italian,PER,Red Bull Racing,5,2,0,51,51,42.928205128205136,29.330128205128204,2,80.688,100.49069668966548,86.34785714285715,86.354,0.7134802905476779,86.02155555555555,0.014459706959707,0.1748900452488689,0.6903560539814215,6.064000000000306,5,2,1.2760232341605882,3,0,9.0,1,21.0,2,1.0,-0.760381987577631
2023,14,Italian,SAI,Ferrari,1,3,0,51,51,42.928205128205136,29.330128205128204,2,80.294,100.0,86.40126530612244,86.358,0.601976562926601,86.2224827586207,0.0477374384236452,0.2843408144796372,0.5507153064541571,11.192999999999302,1,3,1.397757307330596,-2,0,1.25,1,19.0,2,-1.0,-0.7069738243123425
2023,14,Italian,LEC,Ferrari,3,4,0,51,51,42.928205128205136,29.330128205128204,2,80.361,100.08344334570454,86.43924489795918,86.473,0.6691215799654868,86.21914285714284,0.0377553366174054,0.2848944796380046,0.7817389555897934,11.377000000000407,3,4,0.9156589826725996,-1,0,1.6666666666666667,1,20.0,2,0.0,-0.6689942324755975
2023,14,Italian,RUS,Mercedes,4,5,0,51,51,42.928205128205136,29.330128205128204,2,80.671,100.4695244974718,86.5709387755102,86.426,0.5746021597651746,86.32041379310344,0.0087532019704433,0.4325852488687752,0.7872470248840427,18.028000000000247,4,5,1.2068432326674805,-1,0,2.5,1,19.0,2,-1.0,-0.5373003549245823
2023,14,Italian,HAM,Mercedes,8,6,0,51,51,42.928205128205136,29.330128205128204,2,80.82,100.65509253493413,86.93093877551019,86.995,0.971174641181218,86.3607619047619,-0.011794805194805,0.8867733031674205,0.7342391924138298,37.67900000000009,9,6,2.3441207223145124,3,0,3.0,1,27.0,2,7.0,-0.177300354924597
2023,14,Italian,ALB,Williams,6,7,0,51,51,42.928205128205136,29.330128205128204,2,80.76,100.58036715072112,87.06822448979594,86.898,0.6743037849424806,86.9638484848485,0.017095922459893,0.8434444343891417,0.7838845356930422,45.10599999999977,7,7,2.2299213034562104,0,1,2.333333333333333,1,15.0,2,-5.0,-0.0400146406388444
2023,14,Italian,NOR,McLaren,9,8,0,51,51,42.928205128205136,29.330128205128204,2,80.979,100.85311480309862,87.11557142857141,87.017,0.7934013276184171,86.90869230769232,0.0413162393162393,0.9125171040723996,0.9413332746545644,45.44900000000053,8,8,1.134486149553802,0,0,2.0,1,22.0,2,2.0,0.0073322981366317
2023,14,Italian,ALO,Aston Martin,10,9,0,51,51,42.928205128205136,29.330128205128204,2,81.417,101.39861010785364,87.09771428571429,86.929,1.0101662404442815,86.721,0.005976800976801,0.9157830769230786,0.967214385551657,46.29399999999987,11,9,1.058671012980657,2,0,4.0,1,21.0,2,1.0,-0.0105248447204928
2023,14,Italian,BOT,Alfa Romeo,14,10,0,51,51,42.928205128205136,29.330128205128204,2,81.94,102.0499663735771,87.47366666666666,87.215,1.2657229257711569,86.89454545454545,0.0275031055900623,1.4413771040723933,0.8335443792770295,126.98199999999996,14,10,2.34955488619979,4,0,4.0,1,25.0,2,5.0,0.365427536231877
2023,14,Italian,LAW,AlphaTauri,12,11,0,51,51,42.928205128205136,29.330128205128204,2,81.758,101.8232993747976,87.10823913043478,87.0985,1.1789026005340275,86.28385714285714,0.0306197802197806,1.6104285972850665,0.8083714406425156,133.78600000000006,12,12,1.5681784571500106,0,0,2.0,2,13.0,2,-7.0,0.0
2023,14,Italian,PIA,McLaren,7,12,0,51,51,42.928205128205136,29.330128205128204,2,80.785,100.61150272747652,86.87445652173913,86.862,0.8159313071990998,85.99766666666666,-0.0842857142857139,1.634488144796381,0.7574208162613815,131.91500000000087,6,11,2.8900956837489806,-5,-1,1.8,2,23.0,2,3.0,-0.2337826086956482
2023,14,Italian,SAR,Williams,15,13,0,51,51,42.928205128205136,29.330128205128204,2,81.93,102.03751214287496,87.62054166666667,87.328,1.1351178017099652,87.46039393939395,0.0294943181818181,1.3880631674208137,0.7785047541005098,135.10599999999977,13,13,1.7380495753949634,0,0,1.5,1,14.0,2,-6.0,0.5123025362318856
2023,14,Italian,ZHO,Alfa Romeo,16,14,0,51,51,42.928205128205136,29.330128205128204,2,82.39,102.61040675517476,87.27104347826085,87.1585,1.3326678998914043,86.63535714285716,0.0495802197802197,1.6844336651583725,0.7956731185547532,142.76300000000083,15,14,1.5211435011268355,1,0,2.0,2,11.0,2,-9.0,0.1628043478260679
2023,14,Italian,GAS,Alpine,17,15,0,51,51,42.928205128205136,29.330128205128204,2,82.545,102.80344733105838,87.25452173913045,87.1995,1.4372623318754376,86.53743750000001,0.0157632352941175,1.6613100452488645,0.7972758889016986,143.6929999999993,17,15,1.1515739007895205,2,0,2.0,2,10.0,2,-10.0,0.146282608695671
2023,14,Italian,STR,Aston Martin,20,16,0,51,51,42.928205128205136,29.330128205128204,2,82.86,103.1957555981767,87.83064583333332,87.351,1.6207846863654467,87.53562962962963,0.0800909645909645,1.605228687782799,0.8754648475399323,146.60499999999956,19,16,2.2865177159397043,3,0,2.2,1,20.0,2,0.0,0.7224067028985388
2023,14,Italian,HUL,Haas F1 Team,13,17,1,51,51,42.928205128205136,29.330128205128204,2,81.776,101.84571699006152,87.43667391304349,87.303,1.0772683572474266,86.31825,-0.0744761904761901,1.9890532126696887,0.8417816290523457,152.09300000000076,10,17,2.6130754419469264,-7,0,0.7142857142857143,2,14.0,2,-6.0,0.3284347826087099
2023,14,Italian,MAG,Haas F1 Team,19,18,1,51,51,42.928205128205136,29.330128205128204,2,82.592,102.86198221535857,87.64302173913043,87.40100000000001,1.580931532555416,86.90321428571428,-0.0324681318681318,2.037403529411756,0.8549634614221033,162.6239999999998,18,18,0.5788799882672803,0,0,1.25,2,12.0,2,-8.0,0.5347826086956502
2023,14,Italian,OCO,Alpine,18,19,1,39,51,42.928205128205136,29.330128205128204,2,82.548,102.807183600269,87.986,87.5945,1.4618859052607358,87.28990909090909,0.0112545454545454,1.7885402834008115,0.8828934192017885,92.46900000000096,16,18,2.892355786776748,-2,0,2.6666666666666665,2,24.0,2,4.0,0.8777608695652219
2023,15,Singapore,SAI,Ferrari,1,1,0,62,62,36.42215909090909,29.844318181818185,2,90.984,100.0,100.69854237288138,99.726,5.842338556109878,100.07452941176471,-0.0892916666666669,0.0,,0.0,1,1,0.0,0,0,0.0,1,20.0,2,0.0,-1.242609463276807
2023,15,Singapore,NOR,McLaren,4,2,0,62,62,36.42215909090909,29.844318181818185,2,91.27,100.31434098302998,101.59601666666669,99.728,8.453594340332637,100.30917647058824,-0.0520269607843136,-0.0750423056583812,0.480996072957192,0.7770000000000437,5,2,0.9555150391032088,3,0,4.0,1,20.0,2,0.0,-0.3451351694915132
2023,15,Singapore,HAM,Mercedes,5,3,0,62,62,36.42215909090909,29.844318181818185,2,91.485,100.5506462674756,100.27110344827588,99.692,6.393059415558803,97.6378,0.2597392857142857,0.0423962126362977,0.0254045215442234,1.2399999999997815,3,3,0.7365935573616529,0,-1,1.25,2,20.0,2,0.0,-1.6700483878823178
2023,15,Singapore,LEC,Ferrari,3,4,0,62,62,36.42215909090909,29.844318181818185,2,91.063,100.08682845335444,101.87008333333333,99.971,8.311114766019948,100.26323529411764,-0.0384803921568627,0.2251713127345022,0.5951571783732069,21.16400000000067,2,4,1.5665224532415047,-2,0,1.0,1,20.0,2,0.0,-0.0710685028248718
2023,15,Singapore,VER,Red Bull Racing,11,5,0,62,62,36.42215909090909,29.844318181818185,2,92.173,101.3068231777016,102.01222033898306,100.378,8.848908255411096,100.03994736842104,-0.7656350877192976,0.5928371232152255,0.5074732242558387,21.438000000000105,10,5,2.531504298584014,5,1,2.6,1,40.0,2,20.0,0.0710685028248718
2023,15,Singapore,GAS,Alpine,12,6,0,62,62,36.42215909090909,29.844318181818185,2,92.274,101.41783170667372,102.29068333333332,100.675,7.383072350905182,100.9510588235294,-0.0448112745098037,0.4743798191936742,0.7412516232030398,38.414999999999054,11,6,2.23074047508002,5,0,3.5,1,20.0,2,0.0,0.3495314971751497
2023,15,Singapore,PIA,McLaren,17,7,0,62,62,36.42215909090909,29.844318181818185,2,92.902,102.10806295612416,102.36891666666666,100.5935,7.171126929124585,101.09611764705882,-0.069075980392157,0.5013997632897693,0.6877403685807146,41.48099999999977,14,7,2.7698612144908963,7,0,8.0,1,20.0,2,0.0,0.4277648305084796
2023,15,Singapore,PER,Red Bull Racing,13,8,0,62,62,36.42215909090909,29.844318181818185,2,92.099,101.22549019607844,102.65910169491526,100.688,8.79195651540601,101.9226,-0.7619864661654133,0.9500825212157816,0.6567975126978101,54.48199999999997,13,8,3.318338386254499,5,0,2.2,1,39.0,2,19.0,0.7179498587570805
2023,15,Singapore,LAW,AlphaTauri,10,9,0,62,62,36.42215909090909,29.844318181818185,2,92.166,101.29912951727778,102.71421666666669,101.003,7.0563590820360576,101.036,-0.037188725490196,0.8074401299388017,0.794494621797727,65.87800000000061,12,9,1.8334254740238496,3,0,1.75,1,20.0,2,0.0,0.7730648305084884
2023,15,Singapore,MAG,Haas F1 Team,6,10,0,62,62,36.42215909090909,29.844318181818185,2,91.575,100.64956475863887,101.5221896551724,100.831,5.735916621579822,99.013375,0.0924088235294114,1.331212308932033,0.7949288280590044,72.07999999999993,8,10,2.5281597557109827,-2,0,1.6,2,20.0,3,0.0,-0.4189621809857868
2023,15,Singapore,ALB,Williams,14,11,0,62,62,36.42215909090909,29.844318181818185,2,92.668,101.85087487909963,101.62139655172416,100.826,5.451367521781277,100.1616875,0.3191573529411768,0.9456264762912012,0.7443418187862445,73.3739999999998,15,11,1.7642672176973548,4,0,3.333333333333333,2,20.0,2,0.0,-0.3197552844340379
2023,15,Singapore,ZHO,Alfa Romeo,19,12,0,62,62,36.42215909090909,29.844318181818185,2,93.258,102.49934054339224,102.463,100.833,5.860991542149063,100.64842857142858,0.0173890109890107,0.5104632721412211,0.2410773719419576,83.66599999999926,18,12,2.6000854234838147,6,0,3.333333333333333,2,2.0,3,-18.0,0.5218481638418098
2023,15,Singapore,HUL,Haas F1 Team,9,13,0,62,62,36.42215909090909,29.844318181818185,2,91.808,100.90565374131717,102.98433333333332,101.1065,6.787842266344171,100.94629411764706,-0.0416323529411764,1.0778327163758128,0.8056458090894992,86.14400000000023,9,13,1.8696976852319789,-4,-1,1.1428571428571428,1,20.0,2,0.0,1.0431814971751263
2023,15,Singapore,SAR,Williams,18,14,0,62,62,36.42215909090909,29.844318181818185,2,93.252,102.4927459773147,101.07086206896552,100.207,5.02556002796468,99.5453125,0.2314602941176471,1.1560269698572208,0.5456428750507673,86.90200000000004,16,14,1.16952760444414,2,0,2.5,2,19.0,2,-1.0,-0.8702897671926593
2023,15,Singapore,ALO,Aston Martin,7,15,0,62,62,36.42215909090909,29.844318181818185,2,91.615,100.69352853248922,101.59686206896552,100.3865,6.435709310675745,99.10526666666668,0.1935321428571429,1.6023301604089566,0.7648351755368503,87.54600000000028,6,15,4.288511086616395,-9,0,0.8333333333333334,2,20.0,3,0.0,-0.344289767192663
2023,15,Singapore,RUS,Mercedes,2,16,1,62,62,36.42215909090909,29.844318181818185,2,91.056,100.07913479293065,100.36354385964913,99.803,6.800063361233626,97.8085,0.2278747252747251,0.1329405202588648,0.1086694873450836,51.47799999999916,4,3,0.6954182607446034,1,1,3.0,2,20.0,2,0.0,-1.5776079765090714
2023,15,Singapore,BOT,Alfa Romeo,16,17,1,52,62,36.42215909090909,29.844318181818185,2,92.809,102.00584718192208,104.00810416666668,101.2955,9.156580926607605,103.05725,-3.104380952380952,1.3517968923418453,0.5950507233778464,125.10900000000038,17,15,1.5725587990503211,2,0,2.0,1,40.0,2,20.0,2.0669523305085
2023,15,Singapore,OCO,Alpine,8,18,1,43,62,36.42215909090909,29.844318181818185,2,91.673,100.75727600457223,102.072825,100.5685,6.82420489925759,100.613,-0.0517058823529411,0.5618918755662826,0.3904141442543903,75.66499999999905,7,6,1.0249500710198638,1,0,1.5,1,20.0,2,0.0,0.1316731638418105
2023,16,Japanese,VER,Red Bull Racing,1,1,0,53,53,42.070253164556966,27.28860759493671,2,88.877,100.0,98.20584782608698,97.599,4.797880346650273,96.15261538461536,0.1258461538461531,-0.0089726656990804,0.0123584412562487,0.0,1,1,0.6095514542075674,0,0,2.0,2,16.0,2,4.5,-1.820506340579669
2023,16,Japanese,NOR,McLaren,3,2,0,53,53,42.070253164556966,27.28860759493671,2,89.493,100.69309270114876,98.66380434782609,97.7665,5.452649262798019,96.3825,0.1177340659340656,0.3784394452507639,0.7556790661768552,19.48299999999836,2,2,0.7830756969602691,0,0,3.0,2,17.0,2,5.5,-1.362549818840563
2023,16,Japanese,PIA,McLaren,2,3,0,53,53,42.070253164556966,27.28860759493671,2,89.458,100.65371243403804,98.69515217391306,98.482,4.063672974415531,97.11946666666668,0.0150749999999998,0.6456547331075656,0.7538485956774948,36.52499999999964,3,3,1.2800807304004405,0,0,1.75,2,13.0,2,1.5,-1.3312019927535914
2023,16,Japanese,LEC,Ferrari,4,4,0,53,53,42.070253164556966,27.28860759493671,2,89.542,100.7482250751038,99.25645652173914,98.277,5.220964430730832,97.3840625,0.0777514705882356,0.7832288340590207,0.8587940163755865,44.07999999999993,4,4,0.987218755305675,0,0,1.6666666666666667,2,17.0,2,5.5,-0.7698976449275108
2023,16,Japanese,HAM,Mercedes,7,5,0,53,53,42.070253164556966,27.28860759493671,2,89.908,101.1600301540331,99.37006521739131,98.357,5.806053356061239,97.506875,0.0664235294117646,0.7949937913239727,0.8632400989932433,49.43999999999869,8,5,1.1695830574618833,3,1,2.5,2,16.0,2,4.5,-0.6562889492753357
2023,16,Japanese,SAI,Ferrari,6,6,0,53,53,42.070253164556966,27.28860759493671,2,89.85,101.09477142567818,99.39063043478264,98.6575,5.347629839922629,97.33375,0.1087307692307687,0.8882898726011857,0.8970224511209693,50.29599999999846,5,6,1.472535209067969,-1,0,5.0,2,18.0,2,6.5,-0.6357237318840134
2023,16,Japanese,RUS,Mercedes,8,7,0,53,53,42.070253164556966,27.28860759493671,2,90.219,101.50995195607412,100.02635416666664,99.049,5.833927294748179,98.4816923076923,0.0604451282051282,0.8158322851153008,0.6914040275443261,57.64599999999882,9,7,2.091866896280968,2,1,1.375,1,24.0,2,12.5,0.0
2023,16,Japanese,ALO,Aston Martin,10,8,0,53,53,42.070253164556966,27.28860759493671,2,90.465,101.7867389763381,99.84978260869566,98.675,5.004327615676669,98.32588,0.0688030769230772,1.1977926140944974,0.7945063791460963,74.77499999999964,6,8,1.567772309525139,-2,0,1.4,2,11.0,2,-0.5,-0.1765715579709876
2023,16,Japanese,OCO,Alpine,14,9,0,53,53,42.070253164556966,27.28860759493671,2,90.586,101.9228821854923,99.65680851063831,99.631,2.503149942861542,98.16872727272728,0.0456013551665726,1.24478366392517,0.7779057832198164,79.7549999999992,19,9,2.757099293948416,10,4,2.6,2,1.0,2,-10.5,-0.3695456560283361
2023,16,Japanese,GAS,Alpine,12,10,0,53,53,42.070253164556966,27.28860759493671,2,90.509,101.83624559784872,100.19904347826086,98.7555,7.010273597312644,98.0758125,0.2215691176470587,1.294580712788258,0.9087511577085688,83.23099999999977,14,10,1.9735184408270603,4,1,3.0,2,18.0,2,6.5,0.1726893115942118
2023,16,Japanese,LAW,AlphaTauri,11,11,1,52,53,42.070253164556966,27.28860759493671,2,90.425,101.74173295678295,100.56833333333336,98.832,5.992576813327997,98.67645833333334,0.0040856521739129,1.7767729019038712,0.8817321916399378,99.51499999999942,10,11,1.6857131900996734,-1,1,2.0,2,10.0,3,-1.5,0.5419791666667066
2023,16,Japanese,TSU,AlphaTauri,9,12,1,52,53,42.070253164556966,27.28860759493671,2,90.204,101.49307469874095,100.64033333333334,99.684,6.217125625677395,98.40242105263157,0.0732087719298243,1.7697420814479674,0.8883957151961976,100.35100000000055,11,12,1.4598704461208238,-1,1,2.25,2,9.0,3,-2.5,0.6139791666666952
2023,16,Japanese,ZHO,Alfa Romeo,19,13,1,52,53,42.070253164556966,27.28860759493671,2,91.379,102.81512652317248,99.75188636363636,99.1555,2.426290222252981,98.3661,0.0048932330827067,1.702593101681892,0.8707516678716345,102.69900000000052,18,13,1.7020748583800336,5,2,2.2,3,1.0,2,-10.5,-0.2744678030302765
2023,16,Japanese,HUL,Haas F1 Team,18,14,1,52,53,42.070253164556966,27.28860759493671,2,91.299,102.72511448406225,100.31644186046512,98.661,6.923789590976228,97.73958333333331,0.0334370629370633,1.8731297703406533,0.9400140465835304,105.96000000000096,13,14,1.6379501960210971,-1,1,1.6666666666666667,3,8.0,3,-3.5,0.2900876937984691
2023,16,Japanese,MAG,Haas F1 Team,15,15,1,52,53,42.070253164556966,27.28860759493671,2,90.665,102.01176907411369,100.37388888888889,99.285,6.656796746122863,98.73022222222222,0.0888875128998966,2.1416778365918177,0.8747212559034233,125.97099999999956,15,15,1.086736157083734,0,1,4.0,2,12.0,2,0.5,0.3475347222222353
2023,16,Japanese,ALB,Williams,13,16,1,26,53,42.070253164556966,27.28860759493671,2,90.537,101.8677498115373,100.48589473684213,100.339,0.7441685811649011,100.12033333333336,0.0152499999999998,2.8526047863248007,0.7950898635324036,86.15800000000036,17,16,1.768093279822602,1,0,1.5,3,1.0,2,-10.5,0.4595405701754629
2023,16,Japanese,SAR,Williams,20,17,1,22,53,42.070253164556966,27.28860759493671,2,,,102.093,100.6675,5.16099595337656,102.56108333333334,-0.1957727272727271,3.176281197063793,0.6541624211601776,115.82099999999993,16,17,0.9351250581921512,-1,-3,1.0,4,2.0,2,-9.5,2.0666458333333537
2023,16,Japanese,STR,Aston Martin,17,18,1,20,53,42.070253164556966,27.28860759493671,2,91.181,102.59234672637464,102.798,100.1115,10.572355665020558,100.188125,0.0872499999999989,1.3894135338346112,0.591554055375506,34.79700000000048,12,12,1.932410548076104,0,1,6.0,2,14.0,2,2.5,2.771645833333352
2023,16,Japanese,PER,Red Bull Racing,5,19,1,15,53,42.070253164556966,27.28860759493671,2,89.65,100.86974132790264,104.189,100.605,10.770280497740073,100.3888,0.2564000000000007,125.461275,0.371721201298091,2661.0330000000004,7,19,3.8705235280194814,-12,-11,1.6666666666666667,5,2.0,3,-9.5,4.162645833333343
2023,16,Japanese,BOT,Alfa Romeo,16,20,1,7,53,42.070253164556966,27.28860759493671,2,91.049,102.4438268618428,,,,,,,,,20,20,0.3779644730092272,0,0,1.0,3,1.0,2,-10.5,
2023,17,Qatar,VER,Red Bull Racing,1,1,0,57,57,36.93207547169812,31.46289308176101,2,83.778,100.0,90.0113,87.66499999999999,11.990236218758689,85.115,0.0240164835164837,0.0,,0.0,1,1,0.0,0,0,0.0,3,17.0,2,5.5,-1.2943566666666584
2023,17,Qatar,PIA,McLaren,6,2,0,57,57,36.93207547169812,31.46289308176101,2,84.228,100.53713385375632,90.0098,87.001,11.919598383865663,85.27790909090908,0.0282181818181814,0.2315014907959511,0.0703714453115961,4.843999999999141,2,2,2.128544515481404,0,0,3.0,3,12.0,2,0.5,-1.2958566666666655
2023,17,Qatar,NOR,McLaren,10,3,0,57,57,36.93207547169812,31.46289308176101,2,84.074,100.35331471269306,91.37133333333334,86.924,14.610195541014042,85.227,0.0133818181818184,0.1450834197562812,0.032443192652671,5.985999999998967,6,3,2.441932141041932,3,0,5.333333333333333,3,13.0,2,1.5,0.0656766666666754
2023,17,Qatar,RUS,Mercedes,2,4,0,57,57,36.93207547169812,31.46289308176101,2,84.219,100.5263911766812,89.95208163265306,87.228,10.373110912026211,86.19621428571429,-0.0288065934065931,0.21911816178377,0.1673566944492564,34.1359999999986,18,4,4.914111948317977,14,0,6.666666666666667,4,1.0,3,-10.5,-1.353575034013602
2023,17,Qatar,LEC,Ferrari,5,5,0,57,57,36.93207547169812,31.46289308176101,2,84.424,100.77108548783691,90.70078,87.56649999999999,11.886274515110756,86.26627272727272,0.0413090909090914,0.8152159061446731,0.514780364154083,38.94599999999991,4,5,2.815549377251152,-1,0,3.0,3,12.0,2,0.5,-0.6048766666666694
2023,17,Qatar,ALO,Aston Martin,4,6,0,57,57,36.93207547169812,31.46289308176101,2,84.369,100.7054357946,90.85652,87.7895,11.787380370964362,86.308,-0.0584484848484842,1.0374724526834285,0.656107772327546,49.01199999999881,3,6,2.596628815022956,-3,0,2.2,3,11.0,2,-0.5,-0.4491366666666607
2023,17,Qatar,OCO,Alpine,8,7,0,57,57,36.93207547169812,31.46289308176101,2,84.763,101.17572632433335,91.09056,88.0205,11.79266237471766,87.0479090909091,0.1486454545454547,1.1063896810993,0.6679309277551483,62.38799999999901,5,7,3.1450920511210896,-2,0,2.333333333333333,3,10.0,2,-1.5,-0.2150966666666534
2023,17,Qatar,BOT,Alfa Romeo,9,8,0,57,57,36.93207547169812,31.46289308176101,2,85.058,101.5278474062403,90.59323529411763,88.235,9.029427119343143,87.02826666666668,-0.0099964285714284,1.2693906533575363,0.7768485777213332,66.57999999999993,9,8,3.183407798732764,1,-3,1.7777777777777777,3,3.0,3,-8.5,-0.7124213725490165
2023,17,Qatar,ZHO,Alfa Romeo,19,9,0,57,57,36.93207547169812,31.46289308176101,2,87.432,104.3615268925016,92.62519607843136,88.561,14.03263573106579,86.86115384615385,-0.0530934065934065,1.1721155042779303,0.907382436903952,76.14399999999841,16,12,3.971941060674703,4,3,2.571428571428572,3,18.0,3,6.5,1.3195394117647083
2023,17,Qatar,PER,Red Bull Racing,20,10,0,57,57,36.93207547169812,31.46289308176101,2,85.275,101.78686528682948,91.62064000000002,88.031,12.876960667448683,86.96609090909091,0.1056909090909092,1.3430315659839194,0.7826676569670397,75.1979999999985,17,11,3.7175496551621854,6,3,3.5,3,17.0,2,5.5,0.3149833333333589
2023,17,Qatar,STR,Aston Martin,16,11,0,57,57,36.93207547169812,31.46289308176101,2,86.345,103.06405022798346,90.80445098039218,88.522,9.523511395097348,87.27033333333334,-0.0267857142857144,1.3085263806066876,0.802759974305834,71.66899999999987,13,9,3.204007515659257,4,-3,1.6,3,3.0,2,-8.5,-0.5012056862744885
2023,17,Qatar,GAS,Alpine,7,12,0,57,57,36.93207547169812,31.46289308176101,2,84.553,100.92506385924705,92.32811764705885,88.565,14.26049709883503,86.971,-0.0142303030303037,1.2975357791029345,0.7348811727756572,72.3169999999991,7,10,2.8122093277809435,-3,0,2.833333333333333,3,11.0,2,-0.5,1.022460980392168
2023,17,Qatar,ALB,Williams,13,13,0,57,57,36.93207547169812,31.46289308176101,2,85.707,102.30251378643555,92.59274509803925,88.358,14.105018761906186,87.21130000000001,-0.0558363636363635,1.5877779362198636,0.8598691371410574,81.03099999999904,11,13,3.741489926108037,-2,1,2.833333333333333,3,18.0,2,6.5,1.2870884313725668
2023,17,Qatar,MAG,Haas F1 Team,18,14,1,56,57,36.93207547169812,31.46289308176101,2,87.046,103.90078540905728,91.23998,88.761,9.694688993106546,87.65435714285715,0.1055670329670328,1.579089747095009,0.8418891374056635,87.06600000000071,14,14,2.01801947398993,0,-1,1.2222222222222223,3,3.0,3,-8.5,-0.0656766666666612
2023,17,Qatar,TSU,AlphaTauri,11,15,1,56,57,36.93207547169812,31.46289308176101,2,85.301,101.81789968726872,93.05358,88.979,14.16465292383308,87.81730769230768,0.117978021978022,1.7183469241285003,0.8425685550698272,94.77800000000023,8,15,2.733153832137861,-7,0,1.2857142857142858,3,9.0,2,-2.5,1.7479233333333326
2023,17,Qatar,HUL,Haas F1 Team,14,16,1,56,57,36.93207547169812,31.46289308176101,2,85.547,102.11153286065552,92.79254,88.8455,14.208033271256893,87.42264285714285,-0.0210527472527471,2.058899521531101,0.8601450149267044,100.90500000000064,10,16,3.952272073814573,-6,1,1.8,3,13.0,2,1.5,1.4868833333333384
2023,17,Qatar,LAW,AlphaTauri,17,17,1,56,57,36.93207547169812,31.46289308176101,2,86.635,103.4102031559598,91.7258,89.47,9.677273401624856,88.41671428571428,-0.08538021978022,2.110241831852357,0.8939436488517529,112.9280000000017,15,17,1.999675298317529,-2,-2,1.1428571428571428,3,3.0,3,-8.5,0.4201433333333284
2023,17,Qatar,SAR,Williams,15,18,1,40,57,36.93207547169812,31.46289308176101,2,86.21,102.90291007185655,95.42514285714284,89.532,16.376861017090828,88.71629999999999,0.145290909090909,1.879605534709192,0.7763224081601148,94.22500000000036,12,17,3.440985994651041,-5,1,2.0,3,13.0,2,1.5,4.119486190476181
2023,18,United States,VER,Red Bull Racing,6,1,0,56,56,40.62857142857143,29.96011904761904,2,94.718,100.0,101.42590384615386,101.166,1.119478384480134,100.3925,0.0200278637770898,-0.1652512303486014,0.2097731146715513,0.0,5,1,1.7782962808085896,4,0,5.0,2,16.0,2,-1.0,-1.0673819677996337
2023,18,United States,NOR,McLaren,2,2,0,56,56,40.62857142857143,29.96011904761904,2,94.853,100.14252834730462,101.63692307692308,101.482,0.8500342287492014,100.86473684210527,0.0504578947368419,0.162767737525634,0.2147275836825507,10.729999999999563,1,3,1.1950927801835107,-2,0,1.25,2,17.0,2,0.0,-0.8563627370304232
2023,18,United States,SAI,Ferrari,4,3,0,56,56,40.62857142857143,29.96011904761904,2,94.945,100.23965877657888,101.71775000000002,101.5145,1.1026851696351645,100.71855555555554,0.0067038183694529,0.128382604237871,0.1441903836942114,15.134000000000016,3,4,0.9893917848335432,-1,0,2.0,2,17.0,2,0.0,-0.7755358139534678
2023,18,United States,PER,Red Bull Racing,9,4,0,56,56,40.62857142857143,29.96011904761904,2,95.173,100.48037331869337,101.76817307692308,101.3775,1.4076488911761913,100.732125,-0.0083970588235297,0.0714804853041708,0.0553992906319553,18.459999999999127,9,5,1.5254337258458828,4,1,5.5,2,17.0,2,0.0,-0.7251127370304005
2023,18,United States,RUS,Mercedes,5,5,0,56,56,40.62857142857143,29.96011904761904,2,95.079,100.38113135834791,101.87367307692308,102.068,1.5703640357417548,99.98607142857144,0.0550527472527473,0.4095710184552289,0.7048389144441167,24.9989999999998,8,7,1.2011898862615946,1,1,4.0,2,21.0,2,4.0,-0.6196127370304083
2023,18,United States,GAS,Alpine,7,6,0,56,56,40.62857142857143,29.96011904761904,2,95.089,100.39168901370384,102.30186538461538,102.1895,1.390014318290567,100.983125,0.0073323529411766,0.7096562542720446,0.9099837676991122,47.99599999999919,10,8,0.9081163607574332,2,0,4.0,2,18.0,2,1.0,-0.191420429338109
2023,18,United States,STR,Aston Martin,20,7,0,56,56,40.62857142857143,29.96011904761904,2,96.589,101.97533731708862,102.0978039215686,101.631,1.5420358623535035,100.27946153846156,0.0475934065934067,0.5318785372522277,0.6759366567632191,48.69599999999991,20,9,3.5161501231192744,11,0,8.5,2,20.0,2,3.0,-0.3954818923848791
2023,18,United States,TSU,AlphaTauri,11,8,0,56,56,40.62857142857143,29.96011904761904,2,95.697,101.03359445934244,102.43706,102.449,1.531756859935409,101.395625,-0.0718470588235293,0.9191264183185244,0.8761754947516927,74.3849999999984,12,10,1.006472559480393,2,1,2.5,3,17.0,3,0.0,-0.056225813953489
2023,18,United States,ALB,Williams,15,9,0,56,56,40.62857142857143,29.96011904761904,2,96.315,101.686057560337,102.89375,102.882,1.4295936331287826,101.98191666666666,0.0332495652173913,1.0600173274094384,0.812744186048779,81.71399999999994,14,11,1.4823638545925886,3,0,5.0,2,10.0,2,-7.0,0.4004641860465199
2023,18,United States,SAR,Williams,16,10,0,56,56,40.62857142857143,29.96011904761904,2,96.827,102.226609514559,102.97125,102.735,1.678750969806854,101.86404761904762,0.044838961038961,1.194388790157213,0.8568626043416836,87.99799999999959,17,12,1.731207070825995,5,0,2.8,2,11.0,2,-6.0,0.4779641860465062
2023,18,United States,HUL,Haas F1 Team,18,11,0,56,56,40.62857142857143,29.96011904761904,2,96.235,101.60159631748982,102.8093725490196,102.65,1.1742926034133798,102.07942105263156,0.1015122807017546,1.2014592959671928,0.9313845545006838,89.90399999999863,19,13,2.492000187613342,6,0,3.25,2,19.0,2,2.0,0.3160867350661078
2023,18,United States,BOT,Alfa Romeo,13,12,0,56,56,40.62857142857143,29.96011904761904,2,95.858,101.20357271057244,103.17165384615384,102.91,1.3407161663127531,102.52568,-0.0105953846153845,1.4219544771018402,0.9084903432566078,98.60099999999876,15,14,1.2520113687712533,1,0,2.0,2,10.0,2,-7.0,0.6783680322003391
2023,18,United States,ZHO,Alfa Romeo,12,13,1,55,56,40.62857142857143,29.96011904761904,2,95.698,101.03465022487804,103.23596078431372,103.042,1.2068361605584128,102.65164,-0.0017753846153846,1.6158178210678218,0.91055582262165,103.91300000000048,11,15,2.466202522534368,-4,-1,1.5,2,9.0,2,-8.0,0.7426749703602411
2023,18,United States,MAG,Haas F1 Team,17,14,1,55,56,40.62857142857143,29.96011904761904,2,95.88,101.2267995523554,103.20641999999998,103.119,1.1802053105718682,102.45865217391308,0.0613181818181817,1.57787590187591,0.8924099709151909,108.40900000000148,16,16,1.2149462029630267,0,0,2.0,2,10.0,2,-7.0,0.7131341860464886
2023,18,United States,RIC,AlphaTauri,14,15,1,55,56,40.62857142857143,29.96011904761904,2,95.974,101.32604151270084,103.37378431372548,103.395,1.4521619512124055,101.7808,0.2706999999999994,1.735157431457431,0.9066738227100286,109.1890000000003,13,17,2.9234912941210114,-4,0,1.4285714285714286,2,22.0,3,5.0,0.8804984997719885
2023,18,United States,ALO,Aston Martin,19,16,1,49,56,40.62857142857143,29.96011904761904,2,96.268,101.63643658016429,102.549511627907,101.905,1.5876325047376898,101.71273684210529,-0.0194333333333331,0.4959574489796007,0.4747040764544071,60.108000000000175,18,11,3.1799756127931524,7,0,4.0,3,19.0,2,2.0,0.0562258139535032
2023,18,United States,PIA,McLaren,10,17,1,10,56,40.62857142857143,29.96011904761904,2,95.467,100.7907683861568,103.47488888888888,103.263,1.070014304161916,103.04371428571427,0.1012857142857157,1.9698848484848897,0.4316951828309872,35.913000000000466,6,18,3.794733192202056,-12,0,0.0,1,10.0,1,-7.0,0.9816030749353928
2023,18,United States,OCO,Alpine,8,18,1,6,56,40.62857142857143,29.96011904761904,2,95.154,100.46031377351716,107.4934,107.31,2.056244708199877,108.456,,,,,7,20,6.473020933072903,-13,-2,0.0,1,6.0,1,-11.0,5.000114186046503
2023,18,United States,HAM,Mercedes,3,19,1,56,56,40.62857142857143,29.96011904761904,2,94.862,100.15203023712492,101.42132692307692,101.398,1.1476997920163057,100.11653333333332,0.0004500000000002,0.0269845522898195,0.0223006968191865,2.224999999998545,4,2,0.947313357555248,2,0,4.5,2,20.0,2,3.0,-1.071958890876573
2023,18,United States,LEC,Ferrari,1,20,1,56,56,40.62857142857143,29.96011904761904,2,94.723,100.00527882767794,102.21407407407408,102.17,0.8323345402314711,101.6349,0.0241568409343715,0.2417929938482576,0.295011815867807,24.661999999998443,2,6,1.5871848802694173,-4,0,0.8571428571428571,1,23.0,2,6.0,-0.2792117398794147
2023,19,Mexico City,VER,Red Bull Racing,3,1,0,71,71,45.63947368421053,25.547368421052628,2,77.263,100.1257030298318,83.0964,82.43,2.831508966081514,82.23154545454545,0.0169141042780748,-0.0501814218645204,0.0571698208123305,0.0,1,1,1.3614408274914351,0,0,5.0,3,19.0,2,-7.0,-2.730405970149264
2023,19,Mexico City,HAM,Mercedes,6,2,0,71,71,45.63947368421053,25.547368421052628,2,77.454,100.37322136692326,83.82198484848483,83.2045,3.4828097034630146,82.57018181818181,0.0020183823529412,0.0603918846411841,0.0363911910373456,13.852999999999156,5,2,1.264115472401708,3,0,7.0,2,24.0,2,-2.0,-2.0048211216644347
2023,19,Mexico City,LEC,Ferrari,1,3,0,71,71,45.63947368421053,25.547368421052628,2,77.166,100.0,83.87539393939394,83.16499999999999,3.2108681542478053,82.86733333333335,-0.0084502005347591,0.3297983568075118,0.7325992965931254,23.11999999999898,2,3,0.7403300150521539,-1,0,0.5,2,31.0,2,5.0,-1.951412030755321
2023,19,Mexico City,SAI,Ferrari,2,4,0,71,71,45.63947368421053,25.547368421052628,2,77.233,100.08682580411065,84.08278787878788,83.28450000000001,3.420503622456119,82.91518181818181,-0.0123338903743315,0.3381084507042256,0.6909322175656817,27.172999999998865,3,4,0.7129161921165009,-1,0,0.5,2,30.0,2,4.0,-1.744018091361383
2023,19,Mexico City,NOR,McLaren,17,5,0,71,71,45.63947368421053,25.547368421052628,2,81.554,105.68644221548352,84.80909090909091,83.3825,7.37535651858429,82.88520588235295,-0.0294660045836516,0.006968075117369,0.0001678087767253,33.25299999999879,16,5,4.271424870290382,11,1,4.0,3,11.0,3,-15.0,-1.017715061058354
2023,19,Mexico City,RUS,Mercedes,8,6,0,71,71,45.63947368421053,25.547368421052628,2,77.673,100.6570251146878,85.34350746268656,83.464,8.015784018768816,83.303,0.0278349885408709,0.2995745808182439,0.318184250781096,41.0059999999994,7,6,1.1140225660488192,1,0,1.6666666666666667,2,26.0,2,0.0,-0.4832985074627061
2023,19,Mexico City,RIC,AlphaTauri,4,7,0,71,71,45.63947368421053,25.547368421052628,2,77.382,100.27991602519246,84.4499090909091,83.6035,3.950890270568132,83.29978787878787,0.0114555481283421,0.4345615358819556,0.5731926437144824,41.5630000000001,4,7,1.0510127337951705,-3,0,0.25,2,27.0,2,1.0,-1.3768968792401637
2023,19,Mexico City,PIA,McLaren,7,8,0,71,71,45.63947368421053,25.547368421052628,2,77.623,100.59222973848588,85.4217462686567,83.519,8.773201494605491,83.30594117647058,-0.0058719633307868,0.4426272635814915,0.5273520004935944,43.15200000000005,6,8,0.9549194873727236,-2,0,1.0,2,25.0,2,-1.0,-0.4050597014925614
2023,19,Mexico City,ALB,Williams,14,9,0,71,71,45.63947368421053,25.547368421052628,2,78.302,101.47215094730842,85.3334705882353,84.16749999999999,6.187030834848073,83.42520588235293,-0.0277535523300229,0.3846441314553988,0.3727413437354302,48.54500000000007,11,9,1.0121992312298074,2,0,1.6666666666666667,2,33.0,2,7.0,-0.4933353819139654
2023,19,Mexico City,OCO,Alpine,15,10,0,71,71,45.63947368421053,25.547368421052628,2,79.08,102.48036700101082,86.04172463768117,84.658,6.015076386694222,83.80676470588234,-0.0068846447669976,0.3718586854460113,0.2175831985440817,62.86399999999958,18,10,3.158585119916599,8,-1,2.333333333333333,1,34.0,2,8.0,0.2149186675319043
2023,19,Mexico City,GAS,Alpine,11,11,0,71,71,45.63947368421053,25.547368421052628,2,78.521,101.75595469507296,85.82680597014927,84.282,7.138837398426716,83.8849705882353,0.0017089381207026,0.624193226022806,0.5222546330222584,66.20700000000033,9,11,1.9853588842817256,-2,0,3.0,2,28.0,2,2.0,0.0
2023,19,Mexico City,TSU,AlphaTauri,18,12,0,71,71,45.63947368421053,25.547368421052628,2,78.89,102.2341445714434,85.94352238805969,83.963,8.25265145704463,84.33926470588234,0.0283482047364401,0.4564418846411796,0.2357517646375488,78.97799999999916,15,13,3.7892679118593713,2,1,3.6666666666666665,2,9.0,2,-17.0,0.1167164179104247
2023,19,Mexico City,HUL,Haas F1 Team,12,13,0,71,71,45.63947368421053,25.547368421052628,2,78.524,101.75984241764507,86.09307462686566,84.447,7.6788129474695,84.34461764705884,0.0712737967914439,0.6259596579476865,0.4310685683825203,80.31500000000051,8,14,2.2145485662122377,-6,0,0.8571428571428571,2,23.0,2,-3.0,0.2662686567163916
2023,19,Mexico City,ZHO,Alfa Romeo,10,14,0,71,71,45.63947368421053,25.547368421052628,2,78.05,101.14558225125054,86.06361194029849,84.404,6.83671388579476,84.22855882352941,-0.0071252864782275,0.785513413816231,0.5633114530049432,81.65999999999985,10,16,2.9579888757625183,-6,0,1.0,2,21.0,2,-5.0,0.23680597014922
2023,19,Mexico City,BOT,Alfa Romeo,9,15,0,71,71,45.63947368421053,25.547368421052628,2,78.016,101.10152139543322,86.00201492537313,84.581,5.785119038330383,84.29102941176471,0.0575882352941175,0.6281831321260861,0.456519018995307,80.58399999999892,12,15,1.5619984104362048,-3,0,1.0,2,31.0,2,5.0,0.1752089552238658
2023,19,Mexico City,SAR,Williams,19,16,1,71,71,45.63947368421053,25.547368421052628,2,79.965,103.6272451597854,86.00559090909091,84.41499999999999,6.289178253714312,84.00384848484849,0.0250243983957218,0.536274312541916,0.3502665433658203,78.84399999999914,17,12,1.68589843143849,5,0,4.333333333333333,3,22.0,2,-4.0,0.1787849389416465
2023,19,Mexico City,STR,Aston Martin,20,17,1,66,71,45.63947368421053,25.547368421052628,2,79.227,102.67086540704456,85.90126666666669,84.646,5.574838679330997,83.91321428571428,0.0185084838533115,0.4320025049577287,0.2330061425014651,86.20199999999932,19,17,1.9374844912530664,2,1,3.0,3,30.0,2,4.0,0.0744606965174199
2023,19,Mexico City,ALO,Aston Martin,13,18,1,47,71,45.63947368421053,25.547368421052628,2,78.738,102.03716662778946,87.20923809523808,85.268,6.362449853401592,84.12555555555555,-0.0083166666666672,0.4152024745605835,0.0921463387059698,44.05999999999949,14,18,1.3777671676221686,-4,-2,0.875,3,29.0,2,3.0,1.382432125088812
2023,19,Mexico City,MAG,Haas F1 Team,16,19,1,32,71,45.63947368421053,25.547368421052628,2,79.163,102.58792732550606,86.01082758620689,85.2,4.323043265612164,84.63980000000001,0.502800000000002,2.73050568181819,0.5351469081131308,203.0050000000001,13,16,2.393988887964797,-3,0,2.0,1,23.0,2,-3.0,0.1840216160576204
2023,20,São Paulo,VER,Red Bull Racing,1,1,0,71,71,46.77595628415301,20.460109289617485,2,70.162,100.20136816098028,76.20029687499999,75.4375,7.216923467727621,74.00824999999999,-0.0787377622377625,0.0183637156270957,0.0430179422522951,0.0,1,1,0.2025988096361771,0,0,1.0,4,1.0,2,0.0,-0.2986093750000123
2023,20,São Paulo,NOR,McLaren,6,2,0,71,71,46.77595628415301,20.460109289617485,2,70.021,100.0,76.2508125,75.60249999999999,7.005030536794866,73.59855555555556,0.0521499999999996,0.1091155264922896,0.5855263330019714,8.277000000000044,2,2,0.2025988096361771,0,0,1.0,4,1.0,2,0.0,-0.2480937500000095
2023,20,São Paulo,ALO,Aston Martin,4,3,0,71,71,46.77595628415301,20.460109289617485,2,70.237,100.30847888490597,76.49890625,75.9465,5.957021053541886,74.88238095238096,0.0157844155844154,0.5244814218645233,0.654247405250984,34.155000000000655,4,3,0.5242605216563654,1,0,1.6666666666666667,4,1.0,2,0.0,0.0
2023,20,São Paulo,PER,Red Bull Racing,9,4,0,71,71,46.77595628415301,20.460109289617485,2,70.219,100.28277231116378,76.362875,75.845,5.06519413282202,74.80322727272728,0.0186250705815921,0.3917039906103281,0.4043807010999489,34.20800000000054,7,4,1.3248894263113846,3,0,2.25,4,1.0,2,0.0,-0.136031250000002
2023,20,São Paulo,STR,Aston Martin,3,5,0,71,71,46.77595628415301,20.460109289617485,2,70.375,100.5055626169292,76.581609375,75.967,6.002936137721398,74.3889375,-0.0072014705882354,0.5555988598256218,0.6785519430484497,40.84499999999935,5,5,1.3718937842748582,0,0,2.25,4,1.0,2,0.0,0.0827031249999947
2023,20,São Paulo,SAI,Ferrari,7,6,0,71,71,46.77595628415301,20.460109289617485,2,70.254,100.33275731566243,76.56246875000001,75.987,4.62652321710083,74.81029411764706,0.0131176470588236,0.6628094232059024,0.8074224749102364,50.1880000000001,8,6,1.3925643297438175,2,0,5.5,4,1.0,2,0.0,0.0635625000000033
2023,20,São Paulo,GAS,Alpine,15,7,0,71,71,46.77595628415301,20.460109289617485,2,70.567,100.77976607017894,76.11475000000002,76.082,1.173486948818614,75.05204545454548,0.0155319028797289,0.7177222334004038,0.6805236564692299,56.09300000000076,12,7,1.607076904526468,5,1,4.333333333333333,4,1.0,2,0.0,-0.3841562499999895
2023,20,São Paulo,HAM,Mercedes,5,8,0,71,71,46.77595628415301,20.460109289617485,2,70.266,100.34989503149056,76.936375,76.27850000000001,6.208381944200871,75.36049999999999,0.0030643704121965,0.8829084507042296,0.7829337111281698,62.85900000000038,3,8,1.9434665868610843,-5,0,0.7142857142857143,4,1.0,2,0.0,0.4374687499999936
2023,20,São Paulo,TSU,AlphaTauri,16,9,0,71,71,46.77595628415301,20.460109289617485,2,70.837,101.16536467631138,76.27509375,76.142,1.3320012121490985,74.839,0.0388021978021977,0.8580953051643202,0.858741717812855,69.8799999999992,11,9,2.002613985934374,2,1,2.6666666666666665,4,1.0,2,0.0,-0.2238125000000081
2023,20,São Paulo,OCO,Alpine,14,10,1,70,71,46.77595628415301,20.460109289617485,2,70.562,100.77262535525055,76.27455737704918,76.252,1.1749030672725054,75.32575,0.0649882352941174,1.085865803516754,0.8343393547100482,83.77599999999984,9,10,1.6549693034751831,-1,0,1.3333333333333333,5,1.0,2,0.0,-0.2243488729508271
2023,20,São Paulo,SAR,Williams,19,11,1,70,71,46.77595628415301,20.460109289617485,2,71.035,101.4481369874752,76.77806349206348,76.658,0.9103779235271876,76.15408695652174,0.0126215415019759,1.2638682704925222,0.8321471791567345,100.14300000000004,15,11,1.5186896389525073,4,1,1.5714285714285714,4,1.0,2,0.0,0.2791572420634765
2023,20,São Paulo,HUL,Haas F1 Team,11,12,1,70,71,46.77595628415301,20.460109289617485,2,70.475,100.64837691549675,76.81331746031746,76.791,1.2034253910346897,75.66104761904764,-0.0634701298701299,1.4541140232700558,0.849887131391708,103.89499999999862,17,12,1.1956615847549836,5,2,2.0,4,1.0,2,0.0,0.3144112103174592
2023,20,São Paulo,RIC,AlphaTauri,17,13,1,70,71,46.77595628415301,20.460109289617485,2,70.843,101.17393353422544,76.13484126984126,76.139,1.02745691702078,74.77983333333333,0.0140559440559437,-0.8757744554282207,0.0104638975149284,143.92999999999847,16,13,1.261387057365269,3,-1,4.0,4,1.0,2,0.0,-0.3640649801587443
2023,20,São Paulo,PIA,McLaren,10,14,1,69,71,46.77595628415301,20.460109289617485,2,70.33,100.4412961825738,76.2728870967742,76.3615,1.0477758505260233,75.05385714285715,-0.0567560439560439,-0.7453075630252093,0.0073334834923293,151.1740000000009,10,14,1.208099971586364,-4,-6,1.5,4,1.0,2,0.0,-0.2260191532258062
2023,20,São Paulo,RUS,Mercedes,8,15,1,57,71,46.77595628415301,20.460109289617485,2,70.316,100.42130218077436,77.39532653061225,76.659,5.623331198333996,75.61362500000001,-0.2204642857142866,1.2804450998185106,0.7910331495538161,92.72799999999916,6,12,2.140433048260378,-6,0,0.7777777777777778,5,1.0,2,0.0,0.8964202806122472
2023,20,São Paulo,BOT,Alfa Romeo,18,16,1,39,71,46.77595628415301,20.460109289617485,2,70.955,101.33388554862113,77.17848484848486,77.022,0.9613224004337758,77.00182352941178,0.0709730392156863,0.817000809716604,0.4038644587839031,54.55400000000009,13,12,1.2111715700922516,1,1,1.1666666666666667,4,1.0,2,0.0,0.6795785984848521
2023,20,São Paulo,ZHO,Alfa Romeo,20,17,1,22,71,46.77595628415301,20.460109289617485,2,71.275,101.79089130403736,77.40481249999999,77.0745,1.2000846202803097,77.029,0.063766666666666,1.5054545454545392,0.3255732559523235,60.21500000000015,14,14,0.6644986392449888,0,1,1.3333333333333333,4,1.0,2,0.0,0.9059062499999868
2023,21,Las Vegas,VER,Red Bull Racing,2,1,0,50,50,17.99444444444444,18.05,2,93.104,100.40765265405604,99.0007857142857,97.934,6.012709358601199,96.34855,-0.0139481203007516,-0.0876146938775509,0.0213021760372525,0.0,1,1,2.5816463660198843,0,0,3.333333333333333,2,16.0,2,1.0,-1.7531190476190517
2023,21,Las Vegas,LEC,Ferrari,1,2,0,50,50,17.99444444444444,18.05,2,92.726,100.0,99.37732558139535,98.135,6.11664375260116,97.41633333333333,-0.2182144004282655,0.0350145018007167,0.025139151219048,2.1149999999997817,2,2,0.6824326235712107,0,0,1.25,1,21.0,2,6.0,-1.3765791805093954
2023,21,Las Vegas,PER,Red Bull Racing,11,3,0,50,50,17.99444444444444,18.05,2,93.855,101.21756573129434,99.57188372093024,98.041,8.285330361575388,96.6124,-0.0667022556390974,-0.4781793517406987,0.5792479884833329,2.188999999999396,11,3,5.802216325311759,8,-6,2.6,2,1.0,2,-14.0,-1.1820210409745044
2023,21,Las Vegas,OCO,Alpine,16,4,0,50,50,17.99444444444444,18.05,2,94.834,102.273364536376,100.2903023255814,98.063,6.248495664805226,98.20084,-0.2025731754658385,0.0867897719087609,0.0274141614192257,18.67999999999938,8,5,2.3348294523216406,3,1,2.0,1,20.0,2,5.0,-0.4636024363233559
2023,21,Las Vegas,STR,Aston Martin,19,5,0,50,50,17.99444444444444,18.05,2,94.199,101.58855121540884,100.8888409090909,98.8005,9.29969156513589,97.2271,-0.0555353383458648,-0.006293829531814,0.0003341122484519,20.07099999999992,9,6,4.00127530690312,3,-1,1.8333333333333333,2,3.0,2,-12.0,0.1349361471861527
2023,21,Las Vegas,SAI,Ferrari,12,6,0,50,50,17.99444444444444,18.05,2,92.77,100.04745163168909,101.09588636363635,99.016,9.8425264983391,97.20245,-0.1148488721804511,-0.0583516926770736,0.0197465344645229,20.80199999999968,18,7,4.392758419332008,11,2,3.5,2,3.0,2,-12.0,0.3419816017316179
2023,21,Las Vegas,HAM,Mercedes,10,7,0,50,50,17.99444444444444,18.05,2,93.837,101.19815370014884,100.14011904761904,98.4165,6.973419464958528,97.0754,-0.1079443609022554,0.0595382472989166,0.0035650894892759,21.78399999999965,15,8,3.4056375830288776,7,2,6.0,2,17.0,2,2.0,-0.6137857142856973
2023,21,Las Vegas,RUS,Mercedes,3,8,0,50,50,17.99444444444444,18.05,2,93.112,100.41628022345404,99.596,98.319,5.878680738015309,97.0945,-0.1219338345864662,0.3038521968787486,0.3267511264187336,18.13000000000011,3,4,2.6049403612586386,-1,0,2.75,2,15.0,2,0.0,-1.1579047619047458
2023,21,Las Vegas,ALO,Aston Martin,9,9,0,50,50,17.99444444444444,18.05,2,93.555,100.89403187886894,100.4736046511628,98.547,7.908854947340551,97.4171,-0.0711037593984963,-0.1374417767106862,0.0511109593633503,25.966999999999643,19,9,4.011463166313992,10,1,2.8,2,1.0,2,-14.0,-0.2803001107419476
2023,21,Las Vegas,PIA,McLaren,18,10,0,50,50,17.99444444444444,18.05,2,94.85,102.290619675172,100.2720975609756,98.041,7.003238935681397,95.80675,-0.1418033175355451,0.1117019927971178,0.0171094314531467,29.558,13,10,3.457260918881375,3,1,2.8,2,16.0,2,1.0,-0.4818072009291398
2023,21,Las Vegas,GAS,Alpine,4,11,0,50,50,17.99444444444444,18.05,2,93.239,100.55324288764749,100.49806976744183,98.772,6.030037986121167,98.922,-0.100585483106507,0.3863896278511428,0.2439144966826266,34.3119999999999,4,11,2.617133499671356,-7,0,0.4444444444444444,1,17.0,2,2.0,-0.2558349944629015
2023,21,Las Vegas,ALB,Williams,5,12,0,50,50,17.99444444444444,18.05,2,93.323,100.6438323663266,100.80486046511628,99.131,6.009491142317313,99.24489655172415,-0.0955694700225085,0.5435630732292913,0.3285046775004576,43.39300000000003,5,12,2.929372712680297,-7,0,0.7142857142857143,1,16.0,2,1.0,0.0509557032115424
2023,21,Las Vegas,MAG,Haas F1 Team,8,13,0,50,50,17.99444444444444,18.05,2,93.537,100.8746198477234,100.75390476190476,99.331,5.7785743106651495,98.26785,-0.0260112781954887,0.4728091236494566,0.2435260390490089,44.86399999999958,7,13,2.964345954637466,-6,-1,0.7142857142857143,2,14.0,2,-1.0,0.0
2023,21,Las Vegas,RIC,AlphaTauri,14,14,0,50,50,17.99444444444444,18.05,2,94.308,101.70610184845674,102.59068181818184,99.5905,9.201024649139915,100.963275862069,-0.327619184123484,0.3597628331332508,0.1102775732338682,48.55599999999959,16,14,1.7729256346847857,2,2,2.1666666666666665,1,17.0,2,2.0,1.836777056277085
2023,21,Las Vegas,ZHO,Alfa Romeo,17,15,0,50,50,17.99444444444444,18.05,2,94.849,102.28954122899728,101.36513636363637,99.737,6.926726108748901,98.5976,0.0714736842105261,0.3913198559423744,0.251437814967042,50.22900000000027,17,15,2.2337851101588413,2,2,1.0,1,26.0,2,11.0,0.6112316017316033
2023,21,Las Vegas,SAR,Williams,6,16,0,50,50,17.99444444444444,18.05,2,93.513,100.84873713952938,101.1099534883721,99.336,6.057836872119762,99.53556666666664,-0.0933391325344075,0.6379408403361321,0.3772516535848768,50.96299999999974,6,16,3.8407588535898176,-10,0,0.625,1,15.0,2,0.0,0.3560487264673497
2023,21,Las Vegas,BOT,Alfa Romeo,7,17,0,50,50,17.99444444444444,18.05,2,93.525,100.8616784936264,105.39888888888888,100.969,11.962629511452857,101.85600000000002,-0.5391630434782608,0.870519615846337,0.3053620555950154,85.40099999999984,20,17,1.7450805489859145,3,1,1.2857142857142858,2,1.0,2,-14.0,4.644984126984141
2023,21,Las Vegas,TSU,AlphaTauri,20,18,1,47,50,17.99444444444444,18.05,2,96.447,104.01289821625004,104.11002564102566,100.334,10.019364378639835,100.35585714285716,0.1775357142857149,0.7922493061979642,0.2012083088506748,111.817,12,17,3.098074826864296,-5,1,1.25,2,10.0,3,-5.0,3.3561208791209083
2023,21,Las Vegas,HUL,Haas F1 Team,13,19,1,46,50,17.99444444444444,18.05,2,93.979,101.35129305696351,101.21435135135134,99.472,6.211299135966361,98.36940000000004,-0.032289285714286,0.4034976256552559,0.1037975814601546,92.46099999999932,10,15,2.857384549661887,-5,1,0.7142857142857143,2,12.0,2,-3.0,0.4604465894465903
2023,22,Abu Dhabi,VER,Red Bull Racing,1,1,0,58,58,33.46089743589744,26.96282051282052,2,83.445,100.0,89.26512962962963,89.1525,1.0901689162226065,87.91241666666667,0.0125069930069932,-0.0297814143775571,0.0320151502846685,0.0,1,1,0.9470238668991976,0,0,4.0,2,16.0,2,1.0,-1.0906001984127016
2023,22,Abu Dhabi,LEC,Ferrari,2,2,0,58,58,33.46089743589744,26.96282051282052,2,83.584,100.1665767871053,89.58414814814815,89.56649999999999,1.04064202620047,88.6369,0.0562406015037596,0.3121422067735047,0.334118859089208,17.993000000000393,2,3,0.9354547664557034,-1,0,2.333333333333333,2,17.0,2,2.0,-0.771581679894183
2023,22,Abu Dhabi,RUS,Mercedes,4,3,0,58,58,33.46089743589744,26.96282051282052,2,83.788,100.41104919407992,89.64209259259258,89.5385,1.1590998340208294,88.69795238095239,0.0051896103896102,0.2777902734627359,0.2465014946309723,20.32800000000134,5,4,1.826073178897397,1,0,3.0,2,14.0,2,-1.0,-0.7136372354497524
2023,22,Abu Dhabi,PER,Red Bull Racing,9,4,0,58,58,33.46089743589744,26.96282051282052,2,83.868,100.50692072622688,89.58801851851851,89.315,1.657892473135934,88.00569230769231,-0.0021208791208792,0.1754536897474534,0.4018658112789268,16.45300000000134,10,2,2.8839732792413493,8,1,9.0,2,17.0,2,2.0,-0.7677113095238184
2023,22,Abu Dhabi,NOR,McLaren,5,5,0,58,58,33.46089743589744,26.96282051282052,2,83.816,100.44460423033136,89.66985185185185,89.6165,1.0745252467671025,88.79577272727273,-0.0312619988706945,0.4135611984373571,0.4082726664908156,24.28400000000147,4,5,2.1850977432623937,-1,0,3.0,2,14.0,2,-1.0,-0.6858779761904827
2023,22,Abu Dhabi,PIA,McLaren,3,6,0,58,58,33.46089743589744,26.96282051282052,2,83.782,100.40385882916893,89.8506111111111,89.903,1.1674638439986165,88.72089473684211,-0.0025087719298245,0.5139620105201683,0.5374817505549563,31.48700000000099,3,6,2.4490574998616417,-3,0,1.8333333333333333,2,13.0,2,-2.0,-0.5051187169312215
2023,22,Abu Dhabi,ALO,Aston Martin,7,7,0,58,58,33.46089743589744,26.96282051282052,2,84.084,100.76577386302355,89.93381481481482,90.0975,1.2537472297089205,88.80484210526315,0.0082175438596489,0.6199576424989963,0.6070654195797905,39.51200000000063,7,7,2.5423812380024056,0,0,4.0,2,12.0,2,-3.0,-0.4219150132275047
2023,22,Abu Dhabi,TSU,AlphaTauri,6,8,0,58,58,33.46089743589744,26.96282051282052,2,83.968,100.62676014141051,90.40608928571427,90.2085,0.9857769114540292,89.85412121212121,-0.0012623663101604,0.65163194807592,0.7427017202087937,43.08799999999974,6,8,2.413976745239642,-2,0,1.5714285714285714,1,22.0,2,7.0,0.0503594576719592
2023,22,Abu Dhabi,HAM,Mercedes,11,9,0,58,58,33.46089743589744,26.96282051282052,2,84.359,101.0953322547786,90.04550000000002,89.824,1.3991340684542828,89.00865,0.0215796992481203,0.6711119997539161,0.6892185438748627,44.42400000000089,9,9,1.8713136781503703,0,-1,3.25,2,15.0,2,0.0,-0.3102298280423099
2023,22,Abu Dhabi,STR,Aston Martin,13,10,0,58,58,33.46089743589744,26.96282051282052,2,84.405,101.15045838576307,90.30537037037035,90.248,1.5384663436118045,89.0543076923077,0.1107307692307695,0.8991521424836214,0.8905426733752625,55.63200000000143,12,10,3.001713565868411,2,0,2.8,2,22.0,2,7.0,-0.0503594576719592
2023,22,Abu Dhabi,RIC,AlphaTauri,15,11,0,58,58,33.46089743589744,26.96282051282052,2,84.442,101.19479896938104,90.24038888888892,90.283,1.7033106987505209,89.27170833333334,-0.0720117391304347,0.7980764096096484,0.6246058603482821,56.22900000000118,15,11,2.841071600697593,4,0,1.75,2,7.0,2,-8.0,-0.1153409391534125
2023,22,Abu Dhabi,OCO,Alpine,12,12,0,58,58,33.46089743589744,26.96282051282052,2,84.391,101.1336808676374,90.79848214285714,90.4905,1.129741112597708,90.4993,-0.0032121951219511,0.9165496324094858,0.8945396752579338,66.37300000000141,11,12,1.5700039110466426,-1,0,1.8333333333333333,1,15.0,2,0.0,0.4427523148148111
2023,22,Abu Dhabi,GAS,Alpine,10,13,0,58,58,33.46089743589744,26.96282051282052,2,84.078,100.75858349811251,90.42603703703703,90.2405,1.2101097402748384,89.638,-0.0219644268774703,1.281843397213077,0.8808473659502696,70.36000000000058,8,13,3.439785372952537,-5,0,2.5,2,17.0,2,2.0,0.0703072089947198
2023,22,Abu Dhabi,ALB,Williams,14,14,0,58,58,33.46089743589744,26.96282051282052,2,84.298,101.02223021151656,90.51972222222224,90.455,1.840676725602869,88.73608333333334,-0.0110594405594403,1.1319415238856938,0.9745216855704248,73.1840000000011,17,14,2.13609829138685,3,-1,3.0,2,16.0,2,1.0,0.1639923941798997
2023,22,Abu Dhabi,HUL,Haas F1 Team,8,15,0,58,58,33.46089743589744,26.96282051282052,2,84.108,100.79453532266764,90.7260185185185,90.4745,1.4658338793719925,89.79236363636363,-0.0047092038396385,1.3701605093973936,0.8775053983101629,83.69599999999991,13,15,1.388418956594897,-2,-1,1.8,2,13.0,2,-2.0,0.3702886904761726
2023,22,Abu Dhabi,SAR,Williams,20,16,0,58,58,33.46089743589744,26.96282051282052,2,84.532,101.30265444304632,90.758,90.6445,1.9506211202375985,89.10114285714285,0.0103164835164838,1.3956727367805852,0.939909873896952,87.79100000000108,20,16,1.7778124366454149,4,0,2.8,2,15.0,2,0.0,0.4022701719576673
2023,22,Abu Dhabi,ZHO,Alfa Romeo,19,17,0,58,58,33.46089743589744,26.96282051282052,2,85.114,102.0001198394152,90.77616666666664,90.772,1.6748488723711816,89.72183333333334,0.0910784313725491,1.3580330370051388,0.8892975948815579,89.42200000000048,18,17,1.3435783050596573,1,1,2.333333333333333,2,13.0,2,-2.0,0.420436838624326
2023,22,Abu Dhabi,SAI,Ferrari,16,18,1,57,58,33.46089743589744,26.96282051282052,2,84.738,101.54952363832466,90.67505660377358,90.228,1.4951494190200318,89.89844827586208,0.0071029556650246,0.8244883329012187,0.7623864451174165,76.84400000000096,14,15,3.1733539731010927,-1,1,1.625,3,23.0,2,8.0,0.3193267757312554
2023,22,Abu Dhabi,BOT,Alfa Romeo,18,19,1,57,58,33.46089743589744,26.96282051282052,2,84.788,101.60944334591647,91.41554545454544,91.308,1.5055012185952947,90.52716,0.0268615384615384,1.7447012574539764,0.8898521950160064,100.95600000000012,16,19,3.4160171153451246,-3,0,0.7272727272727273,1,29.0,2,14.0,1.0598156265031236
2023,22,Abu Dhabi,MAG,Haas F1 Team,17,20,1,57,58,33.46089743589744,26.96282051282052,2,84.764,101.5806818862724,91.0739245283019,90.631,1.6272397091754982,90.5561875,0.0034805718475072,1.436415478351043,0.9021708287649228,103.42100000000028,19,20,0.9810229431759452,-1,0,1.0,2,5.0,2,-10.0,0.7181947002595734
2024,1,Bahrain,VER,Red Bull Racing,1,1,0,57,57,23.652866242038225,18.22738853503185,2,89.179,100.01570122806034,95.68515094339624,95.581,1.0797944497454204,94.6949411764706,0.0379485294117647,0.0,,0.0,1,1,0.0,0,0,0.0,2,17.0,2,5.0,-1.515179245283008
2024,1,Bahrain,PER,Red Bull Racing,5,2,0,57,57,23.652866242038225,18.22738853503185,2,89.537,100.41720405988896,96.11556603773585,96.226,1.168256681316124,95.01850000000002,0.080036119711042,0.2197522686025468,0.2134852482253546,22.45700000000033,4,2,1.1039346353829087,2,0,2.5,2,12.0,2,0.0,-1.0847641509434285
2024,1,Bahrain,SAI,Ferrari,4,3,0,57,57,23.652866242038225,18.22738853503185,2,89.507,100.38355857118825,96.18830188679247,96.149,1.222482650260805,95.03594736842106,0.0391526315789471,0.3230587892144202,0.3897996929678562,25.110000000000586,5,3,0.9810229431759452,2,0,5.0,2,14.0,2,2.0,-1.0120283018867866
2024,1,Bahrain,LEC,Ferrari,2,4,0,57,57,23.652866242038225,18.22738853503185,2,89.165,100.0,96.4042075471698,96.76,1.142070561582886,95.295,0.054242105263158,0.5655824474980585,0.5322177377189227,39.66899999999987,2,4,1.5919991058044616,-2,-1,1.1666666666666667,2,11.0,2,-1.0,-0.7961226415094558
2024,1,Bahrain,RUS,Mercedes,3,5,0,57,57,23.652866242038225,18.22738853503185,2,89.485,100.3588852128077,96.52609433962265,96.635,0.9555236434733444,95.73573913043478,0.0509308300395257,0.6847757324345415,0.5722582505549048,46.78800000000047,3,5,1.7129537431920892,-2,1,1.0,2,11.0,2,-1.0,-0.6742358490566289
2024,1,Bahrain,NOR,McLaren,7,6,0,57,57,23.652866242038225,18.22738853503185,2,89.614,100.50356081422083,96.57115094339622,96.566,1.2676046368010336,95.56885714285713,0.0661415584415583,0.6665182784547617,0.6255545101627435,48.45800000000054,7,6,0.8010018789148143,1,1,4.5,2,13.0,2,1.0,-0.6291792452830407
2024,1,Bahrain,HAM,Mercedes,9,7,0,57,57,23.652866242038225,18.22738853503185,2,89.71,100.61122637806312,96.62003773584904,96.666,1.4455650340885369,95.41733333333332,0.0493779220779224,0.6438925330567844,0.5668356274723895,50.32400000000053,9,7,1.042336877124442,2,0,4.0,2,12.0,2,0.0,-0.5802924528302071
2024,1,Bahrain,PIA,McLaren,8,8,0,57,57,23.652866242038225,18.22738853503185,2,89.683,100.58094543823248,96.6506037735849,96.68,1.3175680005750483,95.5606,0.0588676691729323,0.8021945812807935,0.7098330913891849,56.082000000000335,8,8,1.0308523859428225,0,0,4.0,2,12.0,2,0.0,-0.549726415094355
2024,1,Bahrain,ALO,Aston Martin,6,9,0,57,57,23.652866242038225,18.22738853503185,2,89.542,100.42281164133908,97.02932075471696,97.202,1.5367923483870425,94.98446153846152,0.040697802197802,1.2909710915219157,0.908447387788354,74.88700000000063,6,9,1.727160301410068,-3,-1,1.25,2,15.0,2,3.0,-0.1710094339622969
2024,1,Bahrain,STR,Aston Martin,12,10,0,57,57,23.652866242038225,18.22738853503185,2,89.965,100.89721303201928,97.37133962264154,96.871,2.018234423978201,96.48288888888888,0.0328821733821733,1.2131895255379896,0.7750968786467965,93.21600000000036,19,10,3.4456030605871915,9,0,2.8,2,9.0,2,-3.0,0.1710094339622827
2024,1,Bahrain,ZHO,Kick Sauber,17,11,1,56,57,23.652866242038225,18.22738853503185,2,90.757,101.7854539337184,97.54948076923074,97.4055,1.342574502119183,96.93444,0.0292107692307691,1.472054716336301,0.8434822149786534,101.6820000000007,13,11,2.01157365548184,2,0,1.8333333333333333,2,9.0,2,-3.0,0.3491505805514805
2024,1,Bahrain,MAG,Haas F1 Team,15,12,1,56,57,23.652866242038225,18.22738853503185,2,90.529,101.52974821959288,97.59746153846154,97.7705,1.4220486666272758,96.58404761904762,0.0882155844155843,1.582099760765555,0.8748403814649598,103.2390000000014,12,12,1.256670513388764,0,0,2.6666666666666665,2,11.0,2,-1.0,0.3971313497822848
2024,1,Bahrain,RIC,RB,14,13,1,56,57,23.652866242038225,18.22738853503185,2,90.278,101.24824763079684,97.58709615384616,97.758,1.691624689052619,96.24194444444444,0.1344158926728587,1.6151315789473777,0.91359370658507,103.88100000000122,14,13,1.427808237697333,1,-1,3.6666666666666665,2,13.0,2,1.0,0.3867659651669015
2024,1,Bahrain,TSU,RB,11,14,1,56,57,23.652866242038225,18.22738853503185,2,90.129,101.08114170358324,97.6008846153846,97.575,1.230220921557224,96.66726315789474,0.0762087719298242,1.7337368079289164,0.9378797486809072,104.40500000000064,10,14,2.130102735160364,-4,0,2.6666666666666665,2,14.0,2,2.0,0.4005544267053409
2024,1,Bahrain,ALB,Williams,13,15,1,56,57,23.652866242038225,18.22738853503185,2,90.221,101.18432120226548,97.65675,97.874,1.3961195925373535,96.32170588235294,0.0777083333333333,1.8398454203691097,0.9674580462643876,106.8090000000011,11,15,2.660680510550032,-4,0,4.5,2,15.0,2,3.0,0.4564198113207425
2024,1,Bahrain,HUL,Haas F1 Team,10,16,1,56,57,23.652866242038225,18.22738853503185,2,89.851,100.76936017495652,96.85468,96.816,1.0670709564609318,95.46283333333336,0.0812377622377625,1.3056190704032866,0.8609570521941496,112.55500000000028,20,16,2.0331665533758505,4,0,2.5,3,1.0,2,-11.0,-0.345650188679258
2024,1,Bahrain,OCO,Alpine,19,17,1,56,57,23.652866242038225,18.22738853503185,2,90.793,101.82582852015923,97.98084615384616,97.8725,1.5366513807833404,97.11273913043478,0.0685760869565217,1.978414046479838,0.9067778138013404,126.3730000000014,16,17,0.929844282452922,-1,0,1.3333333333333333,2,10.0,2,-2.0,0.7805159651669129
2024,1,Bahrain,GAS,Alpine,20,18,1,56,57,23.652866242038225,18.22738853503185,2,90.948,101.99966354511298,97.50328000000002,97.6955,1.9428475949345216,95.5572,0.0760848484848486,2.2136454887218107,0.9275211576425774,127.34000000000016,17,18,1.279077386649831,-1,0,1.4,3,12.0,2,0.0,0.302949811320758
2024,1,Bahrain,BOT,Kick Sauber,16,19,1,56,57,23.652866242038225,18.22738853503185,2,90.756,101.78433241742836,97.92746153846154,97.7695,1.7830863577729543,97.08526086956525,0.0089150197628458,3.3843288106630234,0.8927956395410951,178.16100000000006,18,19,1.2746275238968148,-1,0,1.75,2,12.0,2,0.0,0.7271313497822831
2024,1,Bahrain,SAR,Williams,18,20,1,55,57,23.652866242038225,18.22738853503185,2,90.77,101.80003364548868,97.73518367346938,97.621,2.0491920834143134,96.16158333333333,0.1701153846153849,3.523721645021643,0.8150514817521297,210.38000000000105,15,20,2.248381385623635,-5,1,2.0,3,10.0,2,-2.0,0.5348534847901192
2024,2,Saudi Arabian,VER,Red Bull Racing,1,1,0,50,50,31.59315068493151,25.528082191780825,2,87.472,100.0,92.98459574468087,92.792,0.7134348835212478,92.7308717948718,-0.0217917004048582,-0.0053384393757491,0.105042295925184,0.0,1,1,0.3030457633656632,0,0,1.0,1,7.0,2,0.0,-2.411882516188697
2024,2,Saudi Arabian,PER,Red Bull Racing,3,2,0,50,50,31.59315068493151,25.528082191780825,2,87.807,100.38297969635998,93.21353191489362,92.832,0.9520325133985664,92.9078717948718,-0.0342463562753036,0.1409183673469373,0.7697678715946782,8.6299999999992,3,2,0.662709343128183,1,0,3.0,1,7.0,2,0.0,-2.182946345975949
2024,2,Saudi Arabian,LEC,Ferrari,2,3,0,50,50,31.59315068493151,25.528082191780825,2,87.791,100.36468812877264,93.44738297872338,93.305,1.0184749586725763,93.13471794871796,-0.0563724696356274,0.4529525570228118,0.9004918920378321,18.64300000000003,2,3,0.813408048313529,-1,0,1.0,1,7.0,2,0.0,-1.9490952821461889
2024,2,Saudi Arabian,PIA,McLaren,5,4,0,50,50,31.59315068493151,25.528082191780825,2,88.089,100.7053685750869,93.78274468085104,93.715,1.1757277758734044,93.4577435897436,-0.0602823886639676,0.7293495798319376,0.9218699975245797,31.98999999999978,5,4,0.962352559605674,1,1,3.0,1,7.0,2,0.0,-1.6137335800185184
2024,2,Saudi Arabian,ALO,Aston Martin,4,5,0,50,50,31.59315068493151,25.528082191780825,2,87.846,100.42756539235414,93.86997872340424,93.841,1.2352905570783872,93.5296153846154,-0.071405870445344,0.8099223529411783,0.9204081811905532,35.751000000000204,4,5,1.0173996465579915,-1,-1,1.0,1,7.0,2,0.0,-1.5264995374653267
2024,2,Saudi Arabian,RUS,Mercedes,7,6,0,50,50,31.59315068493151,25.528082191780825,2,88.316,100.96488019023232,94.02802127659577,93.775,1.4634853795167224,93.5963846153846,-0.0595807692307692,0.7929601920768333,0.9103166888480148,39.95999999999913,7,6,1.0133798771981828,1,0,3.0,1,7.0,2,0.0,-1.3684569842738057
2024,2,Saudi Arabian,BEA,Ferrari,11,7,0,50,50,31.59315068493151,25.528082191780825,2,88.642,101.3375708798244,95.31658333333333,93.798,7.858770516783205,93.668525,-0.0857768292682926,0.8378061464585851,0.8662387124472487,42.70199999999932,11,7,1.5286381827880495,4,0,3.5,1,7.0,2,0.0,-0.0798949275362446
2024,2,Saudi Arabian,NOR,McLaren,6,8,0,50,50,31.59315068493151,25.528082191780825,2,88.132,100.75452716297788,94.47089130434784,93.686,5.086975033153073,92.3305,0.049509090909091,1.0783807442977191,0.8260253656805381,45.68899999999849,6,8,2.4307553205889376,-2,0,0.25,1,37.0,2,30.0,-0.9255869565217408
2024,2,Saudi Arabian,HAM,Mercedes,8,9,0,50,50,31.59315068493151,25.528082191780825,2,88.46,101.12950429851838,94.61717391304347,93.83,5.273756061035087,92.38781818181818,0.0761090909090903,1.074085138055226,0.8549240589651352,47.32699999999932,8,9,2.1327380121738884,-1,0,0.25,1,36.0,2,29.0,-0.7793043478260842
2024,2,Saudi Arabian,HUL,Haas F1 Team,15,10,0,50,50,31.59315068493151,25.528082191780825,2,89.055,101.80972196817268,95.39647826086956,94.699,5.548176131703625,92.74764285714286,-0.0481032967032969,1.7625815126050417,0.890976901697401,76.9429999999993,14,10,1.634325673837153,4,0,1.0,1,33.0,2,26.0,0.0
2024,2,Saudi Arabian,ALB,Williams,12,11,0,50,50,31.59315068493151,25.528082191780825,2,88.98,101.72398024510704,96.25064583333332,95.402,7.515667412753919,94.750025,-0.0965588180112569,1.998544969987997,0.9371338069217008,88.35399999999936,13,12,1.1851117229689223,1,0,2.0,1,7.0,2,0.0,0.8541675724637372
2024,2,Saudi Arabian,MAG,Haas F1 Team,13,12,0,50,50,31.59315068493151,25.528082191780825,2,89.02,101.76970916407538,96.19622916666668,95.46,7.561973026449395,94.712875,-0.0909370544090055,1.9066322689075617,0.9255400156768924,85.71199999999953,12,11,0.637597531554897,1,0,3.0,1,7.0,2,0.0,0.7997509057970973
2024,2,Saudi Arabian,OCO,Alpine,17,13,1,49,50,31.59315068493151,25.528082191780825,2,89.475,102.2898756173404,96.55753191489362,95.432,7.273375183416702,95.02989743589744,-0.0649103238866397,2.0383174489795945,0.933270556453314,95.73400000000038,16,13,0.9863007227241894,3,0,4.0,1,7.0,2,0.0,1.1610536540240446
2024,2,Saudi Arabian,SAR,Williams,19,14,1,49,50,31.59315068493151,25.528082191780825,2,89.526,102.34817998902506,96.56212765957444,95.601,6.936100438120588,95.06148717948716,-0.0686702429149797,2.092748367346948,0.9368861534423568,98.54800000000068,18,15,0.8546590997998841,3,0,3.0,1,7.0,2,0.0,1.165649398704872
2024,2,Saudi Arabian,TSU,RB,9,15,1,49,50,31.59315068493151,25.528082191780825,2,88.547,101.22896469727456,96.56021276595746,95.575,7.816670891326544,95.09905128205128,-0.0687091093117408,2.2066496938775586,0.9501066431280486,97.34400000000096,10,14,1.7058323321998068,-4,0,0.4,1,7.0,2,0.0,1.1637345050878878
2024,2,Saudi Arabian,RIC,RB,14,16,1,49,50,31.59315068493151,25.528082191780825,2,89.025,101.77542527894644,96.54897872340426,95.649,5.427484970797534,95.40684615384616,-0.0333010121457489,2.190983469387757,0.9517766878882414,112.47299999999996,15,16,1.1244802276220445,-1,0,3.0,1,7.0,2,0.0,1.1525004625346895
2024,2,Saudi Arabian,BOT,Kick Sauber,16,17,1,49,50,31.59315068493151,25.528082191780825,2,89.179,101.95148161697458,96.51917777777778,95.619,7.24587644579155,93.18345454545457,-0.0346272727272725,2.6197246938775627,0.930259279640148,114.90800000000128,17,17,0.7457361792078965,0,0,1.0,2,7.0,2,0.0,1.122699516908213
2024,2,Saudi Arabian,ZHO,Kick Sauber,20,18,1,49,50,31.59315068493151,25.528082191780825,2,121.101,138.44544539967077,97.22947826086956,95.0615,9.851006082266432,92.7814,-0.1411000000000001,2.3882504081632687,0.8453451732379583,121.33799999999974,19,18,3.639821330742471,1,0,1.5,1,41.0,2,34.0,1.8329999999999984
2024,2,Saudi Arabian,STR,Aston Martin,10,19,1,6,50,31.59315068493151,25.528082191780825,2,88.25,100.88942747393452,97.1216,95.79,2.9731662079338927,95.695,,,,,9,9,0.0,0,0,0.0,0,,1,,1.7251217391304294
2024,3,Australian,SAI,Ferrari,2,1,0,58,58,38.40208333333333,20.62222222222222,2,76.185,100.3556609365738,82.29709259259259,81.513,4.356647076133415,81.53052380952381,0.0069714285714286,-0.0016078316773815,0.0508474576271185,0.0,2,1,0.1313064328597225,1,1,1.0,2,16.0,2,7.0,-1.808868191721146
2024,3,Australian,LEC,Ferrari,4,2,0,58,58,38.40208333333333,20.62222222222222,2,76.304,100.51241520121188,82.61850000000001,81.8665,4.708792849953541,81.9191904761905,0.356964935064935,-0.0207386569872961,0.0014524499365584,2.365999999999985,4,2,1.128736987492148,2,0,2.333333333333333,2,9.0,2,0.0,-1.4874607843137255
2024,3,Australian,NOR,McLaren,3,3,0,58,58,38.40208333333333,20.62222222222222,2,76.315,100.52690509122044,82.66377777777778,81.747,4.781405397195165,82.01281818181819,-0.0789215132693392,0.0898466578485972,0.0936020090580056,5.904000000000451,3,3,0.8054938402488042,0,0,1.3333333333333333,2,14.0,2,5.0,-1.4421830065359558
2024,3,Australian,PIA,McLaren,5,4,0,58,58,38.40208333333333,20.62222222222222,2,76.572,100.86544161232958,83.23337037037037,82.031,6.3362008535449705,82.72583333333334,0.0797428571428578,0.279618536405309,0.2653854169432874,35.77000000000044,5,4,1.0172439426998166,1,0,1.6,2,9.0,2,0.0,-0.8725904139433709
2024,3,Australian,PER,Red Bull Racing,6,5,0,58,58,38.40208333333333,20.62222222222222,2,76.274,100.47289731937036,83.50811111111112,81.96000000000001,6.385254241083157,82.18823529411765,0.0096397058823529,0.618935833153898,0.627262822433657,56.30900000000111,7,5,1.421147853680457,2,0,2.5,2,14.0,2,5.0,-0.5978496732026173
2024,3,Australian,STR,Aston Martin,9,6,0,58,58,38.40208333333333,20.62222222222222,2,76.78,101.1394322597642,84.24787037037038,83.023,6.495828101075964,83.2066,-0.0780999999999977,1.137953766649231,0.8393934865364465,93.22199999999977,8,7,0.9634895742609874,1,0,2.333333333333333,2,8.0,2,-1.0,0.1419095860566415
2024,3,Australian,TSU,RB,8,7,0,58,58,38.40208333333333,20.62222222222222,2,76.788,101.1499703615886,84.22300000000001,83.0135,6.004736111902412,83.27283333333332,-0.0195714285714286,1.2318574548586574,0.8408170320220995,95.60100000000055,9,8,1.128736987492148,1,0,2.0,2,9.0,2,0.0,0.117039215686276
2024,3,Australian,ALO,Aston Martin,10,8,0,58,58,38.40208333333333,20.62222222222222,2,76.71,101.0472238688006,83.74385185185186,82.711,6.708387915920503,82.7524,0.0305052631578948,0.9508730505398544,0.8891996897360737,80.99200000000019,11,6,1.98611331449231,5,0,2.6666666666666665,2,17.0,2,8.0,-0.3621089324618793
2024,3,Australian,HUL,Haas F1 Team,16,9,0,58,58,38.40208333333333,20.62222222222222,2,77.976,102.71487848251331,84.15425925925926,82.901,5.677359013263005,82.96700000000001,0.0543956043956043,1.308617921191054,0.8890690356330463,104.55299999999988,16,9,2.3391380566684963,7,0,2.2,2,17.0,2,8.0,0.0482984749455255
2024,3,Australian,MAG,Haas F1 Team,14,10,1,57,58,38.40208333333333,20.62222222222222,2,77.427,101.99170124481329,84.08790566037737,83.198,5.293576224154035,83.60104761904762,0.4473207792207792,1.263164765361682,0.7991374181152484,115.4439999999995,13,10,1.467270324621126,3,0,2.25,2,7.0,2,-2.0,-0.0180551239363637
2024,3,Australian,ALB,Williams,12,11,1,57,58,38.40208333333333,20.62222222222222,2,77.13,101.60047421458208,84.13009433962264,83.027,5.055598759578529,83.63018518518518,0.2070470085470084,1.3044904070521144,0.8081805238948755,116.3719999999994,14,11,1.5622023526023092,3,0,3.333333333333333,2,6.0,2,-3.0,0.0241335553089072
2024,3,Australian,RIC,RB,18,12,1,57,58,38.40208333333333,20.62222222222222,2,77.466,102.04307449120726,84.17030188679247,83.058,5.603116143941366,83.56972,0.2904123076923077,1.273624773139744,0.7669116554090621,122.8709999999992,18,12,1.909611620553609,6,0,3.6666666666666665,2,5.0,2,-4.0,0.0643411024787354
2024,3,Australian,GAS,Alpine,17,13,1,57,58,38.40208333333333,20.62222222222222,2,77.982,102.72278205888163,84.19537735849057,83.225,5.624035391569949,83.20995,0.057200751879699,1.8713257065076447,0.9636747347389802,147.3159999999989,17,13,2.824880506266896,4,0,2.333333333333333,2,17.0,2,8.0,0.0894165741768375
2024,3,Australian,BOT,Kick Sauber,13,14,1,57,58,38.40208333333333,20.62222222222222,2,77.34,101.87709938747282,84.2627924528302,82.934,6.049312422335193,83.4794,0.0348999999999989,1.6660818641431163,0.7974472069913181,153.6890000000003,12,14,1.85130178408042,-2,0,4.0,2,8.0,2,-1.0,0.1568316685164603
2024,3,Australian,ZHO,Kick Sauber,19,15,1,57,58,38.40208333333333,20.62222222222222,2,78.188,102.99413818086016,84.17636538461537,83.1525,5.834385748299024,84.14724,-0.1098623076923078,1.8764509333679016,0.8613392841569152,155.65599999999904,19,15,1.9617265169534448,4,0,5.0,2,6.0,2,-3.0,0.0704046003016287
2024,3,Australian,OCO,Alpine,15,16,1,57,58,38.40208333333333,20.62222222222222,2,77.617,102.24198116314298,84.10392156862746,82.921,6.141850525185833,83.05533333333334,-0.1158857142857142,1.9668412626393583,0.9421798610660764,165.34200000000055,15,16,1.7791609072353702,-1,0,1.2857142857142858,3,9.0,2,0.0,-0.0020392156862811
2024,3,Australian,RUS,Mercedes,7,17,1,57,58,38.40208333333333,20.62222222222222,2,76.724,101.06566554699334,83.01357692307693,82.663,3.1362677415852094,80.74225,-0.0092142857142858,0.8437072206377981,0.6018554505895326,119.253999999999,6,7,1.2751368655850346,-1,0,2.0,2,8.0,2,-1.0,-1.0923838612368115
2024,3,Australian,HAM,Mercedes,11,18,1,16,58,38.40208333333333,20.62222222222222,2,76.96,101.37653955081338,84.108,83.246,2.937534425330196,83.1168,0.3065000000000012,3.73809411764708,0.7103845386067167,90.59900000000016,10,11,1.4242792663559447,-1,0,4.0,1,7.0,2,-2.0,0.0020392156862669
2024,4,Japanese,VER,Red Bull Racing,1,1,0,53,53,37.50110497237569,21.69116022099448,2,88.197,100.0,96.02823913043478,96.393,1.1820288243295478,94.718125,0.0273058823529412,-0.003475326560232,0.0040892397446948,0.0,1,1,0.2950978288503027,0,0,1.0,3,1.0,2,0.0,-1.433106280193229
2024,4,Japanese,PER,Red Bull Racing,2,2,0,53,53,37.50110497237569,21.69116022099448,2,88.263,100.07483247729512,96.30945652173912,96.5705,1.288117570660928,95.00323529411764,-0.0026691176470591,0.2167546363489582,0.4166933269440564,12.534999999999854,2,2,0.9528050406947344,0,0,3.5,3,1.0,2,0.0,-1.151888888888891
2024,4,Japanese,SAI,Ferrari,4,3,0,53,53,37.50110497237569,21.69116022099448,2,88.682,100.54990532557795,96.4414782608696,96.901,1.370300725131052,94.80014285714284,0.0288615384615383,0.3194797613288104,0.5668776579047027,20.865999999999985,4,3,1.3371980757386208,1,0,3.0,3,1.0,2,0.0,-1.0198671497584255
2024,4,Japanese,LEC,Ferrari,8,4,0,53,53,37.50110497237569,21.69116022099448,2,88.786,100.66782316858848,96.91825,96.519,1.216036314897272,95.86108333333333,-0.043042608695652,0.2932023060796515,0.2110770483730589,26.521999999999025,8,4,1.979759701593163,4,1,1.6,2,1.0,2,0.0,-0.5430954106280268
2024,4,Japanese,NOR,McLaren,3,5,0,53,53,37.50110497237569,21.69116022099448,2,88.489,100.33107702076036,96.57910869565217,96.3575,0.9371971742799168,95.93716666666668,-0.039542608695652,0.4507044831478641,0.3992411380385041,29.69999999999891,3,5,1.5661513939205385,-2,0,1.2857142857142858,3,1.0,2,0.0,-0.8822367149758605
2024,4,Japanese,ALO,Aston Martin,5,6,0,53,53,37.50110497237569,21.69116022099448,2,88.686,100.55444062723222,96.91047826086955,97.2905,1.1028984991906146,95.80423529411765,-0.0150416666666667,0.69269367843895,0.7840549657391158,44.27199999999903,5,6,1.343964630815275,-1,0,1.6666666666666667,3,1.0,3,0.0,-0.5508671497584601
2024,4,Japanese,RUS,Mercedes,9,7,0,53,53,37.50110497237569,21.69116022099448,2,89.008,100.91953241039944,96.93771739130436,96.7015,1.637215341338164,95.31892307692308,0.0712142857142855,0.6665928076116592,0.6423175583268593,45.95099999999911,9,7,1.6127215591309991,2,-1,1.7142857142857142,3,1.0,2,0.0,-0.5236280193236666
2024,4,Japanese,PIA,McLaren,6,8,0,53,53,37.50110497237569,21.69116022099448,2,88.76,100.63834370783586,96.90947826086958,97.021,1.1745053188305925,95.88861111111112,0.0387461300309597,0.6632335107240723,0.671459060607466,47.52499999999964,6,8,1.4229102008797951,-2,0,1.25,3,1.0,2,0.0,-0.5518671497584364
2024,4,Japanese,HAM,Mercedes,7,9,0,53,53,37.50110497237569,21.69116022099448,2,88.766,100.64514666031724,97.00691304347824,96.6115,1.8527322745500543,94.95890909090907,0.1430363636363637,0.7917909208192128,0.6878816075204438,48.62599999999839,7,9,1.2131356532587552,-2,-1,1.0,3,1.0,2,0.0,-0.4544323671497636
2024,4,Japanese,TSU,RB,10,10,1,52,53,37.50110497237569,21.69116022099448,2,89.413,101.37873170289238,97.91577777777776,97.498,1.0358520184082298,97.38274074074072,-0.026419413919414,1.1301315632203408,0.3583609063198557,96.86499999999978,12,10,2.2251645930275243,2,3,1.25,3,1.0,3,0.0,0.4544323671497494
2024,4,Japanese,HUL,Haas F1 Team,12,11,1,52,53,37.50110497237569,21.69116022099448,2,89.494,101.47057156139095,97.91604444444444,98.352,1.6141445518736652,96.22062499999998,-0.0037882352941175,1.642879236745494,0.9147112951546356,102.4310000000005,10,11,2.6162273506956355,-1,-7,2.0,3,1.0,2,0.0,0.4546990338164249
2024,4,Japanese,STR,Aston Martin,16,12,1,52,53,37.50110497237569,21.69116022099448,2,90.024,102.07149903057926,98.55540909090912,97.681,5.714430449628059,96.7122,0.1100178571428572,1.7360283445743896,0.8883280435028551,106.4959999999992,15,12,1.60269381073878,3,2,2.75,4,1.0,3,0.0,1.0940636802810957
2024,4,Japanese,MAG,Haas F1 Team,18,13,1,52,53,37.50110497237569,21.69116022099448,2,90.131,102.19281834983047,99.31275,98.415,5.083444989123696,97.89940740740742,0.0078504273504273,1.694287842568078,0.8449531742193191,113.1820000000007,16,13,1.6480483452909656,3,1,1.75,2,1.0,2,0.0,1.851404589371996
2024,4,Japanese,BOT,Kick Sauber,13,14,1,52,53,37.50110497237569,21.69116022099448,2,89.593,101.5828202773337,99.27065217391304,98.0325,7.555374205652533,97.87022222222222,0.0126172161172161,1.729155382907867,0.8798317061070559,114.15600000000086,11,14,1.447289034895208,-3,-1,1.3333333333333333,3,1.0,2,0.0,1.8093067632850224
2024,4,Japanese,OCO,Alpine,15,15,1,52,53,37.50110497237569,21.69116022099448,2,89.811,101.8299942174904,99.64541304347829,98.7325,6.302421596589632,97.46075,-0.1002500000000001,2.498195808076489,0.958816937481673,136.41500000000087,13,15,1.9591414686330453,-2,2,0.7,3,1.0,3,0.0,2.184067632850258
2024,4,Japanese,GAS,Alpine,17,16,1,52,53,37.50110497237569,21.69116022099448,2,90.119,102.17921244486774,99.82421739130434,98.827,6.015247769582611,97.7310588235294,0.0157867647058822,2.621077691453933,0.9659894799388066,150.32899999999972,14,16,1.4060577839137245,-2,0,0.75,3,1.0,3,0.0,2.3628719806763314
2024,4,Japanese,SAR,Williams,19,17,1,52,53,37.50110497237569,21.69116022099448,2,90.139,102.201888953139,98.727,98.13,5.54310094559203,95.840375,0.1545119047619054,3.05046935029454,0.8425425667642956,168.02800000000025,17,17,2.009780009422552,0,-1,1.8,4,1.0,3,0.0,1.2656545893719908
2024,4,Japanese,ZHO,Kick Sauber,20,18,1,12,53,37.50110497237569,21.69116022099448,2,90.143,102.20642425479323,103.96083333333333,99.794,12.475947986692898,,,2.31354895104892,0.1405722850708524,79.8760000000002,18,18,0.996204919895622,0,2,2.0,4,1.0,3,0.0,6.499487922705313
2024,5,Chinese,VER,Red Bull Racing,1,1,0,56,56,29.79272727272728,18.63939393939394,2,93.66,100.0,104.27882,99.789,13.197292671790605,101.0659,0.0954727272727275,-0.0261880724538614,0.0511594223032938,0.0,1,1,0.4290581651605165,0,0,2.0,2,13.0,2,2.0,-2.767837307692332
2024,5,Chinese,NOR,McLaren,4,2,0,56,56,29.79272727272728,18.63939393939394,2,94.165,100.5391842835789,106.07786792452828,101.282,14.592967866588944,101.9956842105263,0.0438456140350879,0.0855629870129813,0.084903555528062,13.786999999998445,4,2,0.7687061147858074,2,0,2.0,1,22.0,2,11.0,-0.9687893831640366
2024,5,Chinese,PER,Red Bull Racing,2,3,0,56,56,29.79272727272728,18.63939393939394,2,93.982,100.34379671150973,105.00122,100.2705,12.766073080214907,101.6795,0.0867818181818183,0.1509555707450396,0.1964624380344477,19.16899999999987,3,3,0.8966025339558794,0,0,2.0,2,13.0,2,2.0,-2.045437307692339
2024,5,Chinese,LEC,Ferrari,6,4,0,56,56,29.79272727272728,18.63939393939394,2,94.289,100.67157804825966,105.9065576923077,101.812,13.195298786137048,102.18294444444444,-0.0161661506707946,0.1311216678058767,0.0752513449227521,23.64399999999841,7,4,1.4048847990854263,3,0,1.25,1,21.0,2,10.0,-1.140099615384628
2024,5,Chinese,SAI,Ferrari,7,5,0,56,56,29.79272727272728,18.63939393939394,2,94.297,100.68011958146488,106.84463461538462,100.8155,13.086846295495166,102.67064285714284,0.0545296703296706,0.232864217361584,0.0977876236803846,34.01599999999962,9,5,1.3683576277430536,4,1,2.6666666666666665,1,17.0,2,6.0,-0.2020226923077075
2024,5,Chinese,RUS,Mercedes,8,6,0,56,56,29.79272727272728,18.63939393939394,2,94.433,100.82532564595346,106.3994117647059,101.308,13.136655868487184,102.735125,0.2479880952380957,0.2557139439507759,0.1268601086354794,38.75099999999839,6,6,0.8510879210461452,0,0,1.2,2,11.0,2,0.0,-0.6472455429864254
2024,5,Chinese,ALO,Aston Martin,3,7,0,56,56,29.79272727272728,18.63939393939394,2,94.148,100.52103352551782,105.35745833333333,100.9635,12.392502093035391,99.7499,0.0608181818181812,0.4910585440874919,0.2709102914567867,43.41899999999987,2,7,2.0975403034686426,-5,0,1.375,3,11.0,3,0.0,-1.6891989743590017
2024,5,Chinese,PIA,McLaren,5,8,0,56,56,29.79272727272728,18.63939393939394,2,94.273,100.65449498184924,106.82554901960783,101.61,13.08046836518284,102.65838461538462,0.0861208791208783,0.6496288448393676,0.4565599375741364,56.237999999999374,5,8,1.3890807948227686,-3,0,1.25,2,16.0,2,5.0,-0.2211082880844799
2024,5,Chinese,HAM,Mercedes,18,9,0,56,56,29.79272727272728,18.63939393939394,2,95.573,102.04249412769592,107.91371153846156,101.912,13.84786521005829,102.406,0.1717619047619037,0.1751249145591189,0.0230297231727577,57.99799999999959,19,9,3.533099518523673,10,1,3.2,2,9.0,3,-2.0,0.8670542307692273
2024,5,Chinese,HUL,Haas F1 Team,9,10,0,56,56,29.79272727272728,18.63939393939394,2,94.604,101.00790091821484,107.61501923076922,101.9295,13.658410870574468,103.1894,0.3988000000000028,0.3635528708133881,0.1188158151785549,60.539999999999054,8,10,1.7001718782477304,-2,-2,1.125,2,8.0,2,-3.0,0.5683619230768926
2024,5,Chinese,OCO,Alpine,13,11,0,56,56,29.79272727272728,18.63939393939394,2,95.223,101.66880204996798,107.69530769230768,101.993,13.540038102791208,103.28666666666663,0.2268000000000009,0.3912785030758685,0.1278757139161277,62.82399999999871,12,11,1.2719501337934374,1,0,1.8333333333333333,2,9.0,2,-2.0,0.6486503846153511
2024,5,Chinese,ALB,Williams,14,12,0,56,56,29.79272727272728,18.63939393939394,2,95.241,101.68802049967968,107.72703846153848,102.516,13.125360403584423,103.34766666666668,0.1715428571428585,0.3583927887901516,0.0895495714887011,65.51800000000003,13,12,2.00874710580126,1,0,2.0,2,9.0,2,-2.0,0.6803811538461417
2024,5,Chinese,GAS,Alpine,15,13,0,56,56,29.79272727272728,18.63939393939394,2,95.287,101.73713431560968,107.24868000000002,101.8895,13.081830564409492,100.52466666666668,0.0726535714285715,0.5253608339029403,0.1319509411444708,69.23499999999876,14,13,2.621588692515909,1,0,3.0,3,11.0,2,0.0,0.2020226923076933
2024,5,Chinese,ZHO,Kick Sauber,16,14,0,56,56,29.79272727272728,18.63939393939394,2,95.505,101.96989109545164,107.56734,102.107,13.260149062802997,100.48838461538465,0.1301978021978019,0.5133947368420995,0.149552074361703,71.66599999999926,17,14,1.874989177457944,3,-2,1.375,3,8.0,3,-3.0,0.5206826923076591
2024,5,Chinese,STR,Aston Martin,11,15,0,56,56,29.79272727272728,18.63939393939394,2,94.838,101.25774076446724,104.6854375,101.646,9.299803500340571,100.6005,0.0965851393188853,1.1403378332194132,0.4488899697868967,82.78299999999945,10,16,3.866229076597411,-6,1,2.0,4,9.0,3,-2.0,-2.3612198076923363
2024,5,Chinese,MAG,Haas F1 Team,17,16,0,56,56,29.79272727272728,18.63939393939394,2,95.516,101.9816357036088,107.71667307692309,103.2295,11.801399130613508,103.308,-0.2851391452991452,0.5714508885850986,0.1922009249265743,77.55299999999988,18,15,2.812252875145874,3,1,2.2857142857142856,2,17.0,2,6.0,0.6700157692307442
2024,5,Chinese,SAR,Williams,20,17,0,56,56,29.79272727272728,18.63939393939394,2,96.358,102.8806320734572,108.51241176470587,102.645,13.47230972205801,103.7825,-0.0602142857142857,0.6124514695830419,0.1977524536886496,85.12199999999939,20,17,2.5440917038115187,3,0,1.7142857142857142,2,12.0,3,1.0,1.4657544570135457
2024,5,Chinese,RIC,RB,12,18,1,33,56,29.79272727272728,18.63939393939394,2,94.934,101.36023916292976,113.83572413793102,103.613,16.091879790965894,103.38945454545454,-0.0037818181818178,-0.0440030080213846,0.00054116590536,27.36499999999978,15,18,3.2186718510665986,-3,0,3.0,2,14.0,1,3.0,6.789066830238696
2024,5,Chinese,TSU,RB,19,19,1,27,56,29.79272727272728,18.63939393939394,2,95.746,102.2272047832586,107.8093181818182,103.199,11.067051112311304,103.50159999999998,0.2203999999999993,1.268763125763117,0.2878531131127797,51.37099999999919,16,14,1.606237840420901,2,0,2.25,2,8.0,3,-3.0,0.7626608741258707
2024,5,Chinese,BOT,Kick Sauber,10,20,1,20,56,29.79272727272728,18.63939393939394,2,94.665,101.07303010890456,102.91335294117648,102.606,1.452130415164926,102.39071428571428,0.0484642857142846,2.755915789473688,0.6791160030950847,91.24499999999988,11,11,1.5121341566151922,0,0,2.5,1,9.0,2,-2.0,-4.133304366515858
2024,6,Miami,NOR,McLaren,5,1,0,57,57,44.664,28.521999999999995,2,87.594,100.40462626517348,92.99735185185185,92.0975,4.166107590877856,91.2045,0.0010139130434784,-0.197350790770032,0.6253129225505992,0.0,6,1,2.250870062909063,5,0,4.0,1,29.0,2,7.0,-2.124019331681609
2024,6,Miami,VER,Red Bull Racing,1,2,0,57,57,44.664,28.521999999999995,2,87.241,100.0,94.1375925925926,92.4625,8.631601092253579,92.9938,-0.0210225563909771,0.1231083095670148,0.1097651114386207,7.641999999999825,1,2,0.7856003562877877,-1,0,0.5,1,23.0,2,1.0,-0.983778590940844
2024,6,Miami,LEC,Ferrari,2,3,0,57,57,44.664,28.521999999999995,2,87.382,100.1616212560608,94.50146296296296,92.3355,8.780786533113751,93.19075,-0.042323529411765,0.0666141431164044,0.0242201217367527,9.935999999999694,2,3,0.8134212533111893,-1,0,0.6666666666666666,1,19.0,2,-3.0,-0.6199082205704798
2024,6,Miami,PER,Red Bull Racing,4,4,0,57,57,44.664,28.521999999999995,2,87.46,100.25102875941356,94.60162264150942,92.645,8.788539077918063,93.46099999999998,0.019125274725275,0.0798385403163034,0.0187003099919606,14.64600000000064,5,5,1.2958387225991777,0,0,2.0,2,17.0,2,-5.0,-0.5197485420240184
2024,6,Miami,SAI,Ferrari,3,5,0,57,57,44.664,28.521999999999995,2,87.455,100.24529750919866,95.4021818181818,92.64,11.007655661016797,93.66654166666667,0.0729465217391303,0.1664163209748451,0.2064127174635326,11.403000000000247,4,4,0.7194052124144797,0,0,1.5,1,27.0,2,5.0,0.2808106346483612
2024,6,Miami,HAM,Mercedes,8,6,0,57,57,44.664,28.521999999999995,2,87.697,100.52269001960089,95.66269090909093,93.306,9.263169129872322,94.39743478260868,0.0864575098814229,-0.0183216230230831,0.0010047702909113,16.58100000000013,7,6,0.8951974341536554,1,-1,1.5,1,26.0,2,4.0,0.5413197255574715
2024,6,Miami,TSU,RB,10,7,0,57,57,44.664,28.521999999999995,2,88.167,101.06142753980352,95.09432727272728,93.337,8.113351296553075,94.14738461538462,-0.4764170940170942,0.0679849624060127,0.0166864227214926,26.18100000000049,9,7,1.0605124783763649,2,0,2.0,1,28.0,2,6.0,-0.0270439108061708
2024,6,Miami,RUS,Mercedes,7,8,0,57,57,44.664,28.521999999999995,2,88.067,100.9468025355051,95.98467272727272,93.423,8.724530298414129,94.60266666666666,0.1607961038961038,0.1979652579725119,0.0822583149930207,34.784999999999854,10,8,0.9832558059578772,2,0,3.5,1,24.0,2,2.0,0.8633015437392828
2024,6,Miami,ALO,Aston Martin,15,9,0,57,57,44.664,28.521999999999995,2,88.427,101.35945255097948,95.91394545454548,93.648,8.165690092218469,94.32963157894736,0.0093842105263156,0.1651705340938492,0.0449128756999381,37.103000000000975,12,9,1.447710144211933,3,-1,2.333333333333333,1,22.0,2,0.0,0.7925742710120289
2024,6,Miami,OCO,Alpine,13,10,0,57,57,44.664,28.521999999999995,2,88.209,101.10957004160888,95.9152181818182,93.585,8.361159200358369,94.12842105263158,-0.0197508771929823,0.1888821623023014,0.0624684651720222,39.74200000000019,14,10,1.9987464743362728,4,-1,1.8,1,22.0,2,0.0,0.7938469982847494
2024,6,Miami,HUL,Haas F1 Team,9,11,0,57,57,44.664,28.521999999999995,2,88.146,101.03735628890088,94.87237735849055,93.304,5.512936283891438,93.77746153846154,-0.3160485470085469,0.2440530204822368,0.0632579879618384,40.784999999999854,8,11,3.036432909192969,-3,1,0.8571428571428571,2,12.0,2,-10.0,-0.2489938250428736
2024,6,Miami,GAS,Alpine,12,12,0,57,57,44.664,28.521999999999995,2,87.976,100.84249378159352,96.13825454545454,93.554,8.113441728067531,94.18444444444444,0.081166666666666,0.2228744490536625,0.0593197531270374,44.95399999999972,13,12,1.7202538135279322,1,1,2.0,1,12.0,2,-10.0,1.0168833619211028
2024,6,Miami,PIA,McLaren,6,13,0,57,57,44.664,28.521999999999995,2,87.675,100.4974725186552,94.646,92.776,8.603088866169855,92.00242857142858,0.0968000000000003,0.9180875032408554,0.6904016334985794,49.75300000000061,3,14,6.806721210251322,-11,0,1.4,2,27.0,2,5.0,-0.4753711835334542
2024,6,Miami,ZHO,Kick Sauber,19,14,0,57,57,44.664,28.521999999999995,2,88.824,101.81451381804428,95.4072909090909,93.703,6.09219902727076,94.28784615384616,-0.326237264957265,0.3351853772361873,0.186385950563549,49.97500000000037,18,15,2.220179721326061,3,1,2.2,1,28.0,2,6.0,0.2859197255574628
2024,6,Miami,RIC,RB,20,15,0,57,57,44.664,28.521999999999995,2,88.617,101.5772400591465,95.45161818181816,93.98,5.916931425972699,94.22523076923078,-0.3139227350427353,0.2703786621726666,0.1147330843410083,50.952000000001135,20,16,2.565800719723442,4,0,1.3333333333333333,1,28.0,2,6.0,0.3302469982847071
2024,6,Miami,BOT,Kick Sauber,16,16,0,57,57,44.664,28.521999999999995,2,88.463,101.40071755252691,95.1484150943396,93.561,5.644842170696669,92.88552,-0.0308115384615385,0.1970695488721781,0.0337822623437817,52.35200000000077,19,17,1.1280764118522486,2,1,1.6666666666666667,2,11.0,3,-11.0,0.0270439108061708
2024,6,Miami,STR,Aston Martin,11,17,0,57,57,44.664,28.521999999999995,2,88.177,101.0728900402334,94.92154716981132,93.635,5.549391777365675,93.90565384615384,-0.3254512820512821,0.2616237360642922,0.0691853108306123,45.16899999999987,11,13,2.29128784747792,-2,0,1.6666666666666667,2,11.0,2,-11.0,-0.1998240137221216
2024,6,Miami,ALB,Williams,14,18,0,57,57,44.664,28.521999999999995,2,88.343,101.2631675473688,96.3180754716981,93.683,8.02935587714773,94.191,0.0108928571428563,0.405633393829398,0.1203682785670781,76.08699999999953,15,19,2.419894568841952,-4,1,1.25,2,10.0,3,-12.0,1.1967042881646537
2024,6,Miami,MAG,Haas F1 Team,18,19,0,57,57,44.664,28.521999999999995,2,88.619,101.57953255923246,93.813,93.148,2.391216594121077,92.4695217391304,0.0359130434782608,0.4066920534093756,0.1215020052360336,54.67900000000009,17,18,2.232001248640968,-1,-2,1.25,3,22.0,2,0.0,-1.3083711835334526
2024,6,Miami,SAR,Williams,17,20,1,28,57,44.664,28.521999999999995,2,88.487,101.42822755355854,95.012,94.022,2.855631599722437,94.402375,0.0179880952380953,2.315732895457024,0.7847018235455032,109.26099999999953,16,18,1.4500221041639685,-2,0,1.0,1,11.0,2,-11.0,-0.1093711835334545
2024,7,Emilia Romagna,VER,Red Bull Racing,1,1,0,63,63,42.023776223776224,25.11398601398601,2,74.746,100.0,80.90881967213114,80.8,0.4347846021574641,80.72355555555556,0.0005629343629344,-0.0103212845622117,0.0054439663916857,0.0,1,1,0.4653921590993471,0,0,3.0,1,24.0,2,0.5,-1.3787221883339529
2024,7,Emilia Romagna,NOR,McLaren,2,2,0,63,63,42.023776223776224,25.11398601398601,2,74.837,100.12174564525192,80.90454098360655,80.816,0.6008381804826338,80.60565789473682,-0.0172068059962796,-0.0244504128264198,0.0060250082518751,0.7249999999985448,2,2,0.8793005645664638,0,0,1.5,1,22.0,2,-1.5,-1.3830008768585458
2024,7,Emilia Romagna,LEC,Ferrari,3,3,0,63,63,42.023776223776224,25.11398601398601,2,74.97,100.2996815883124,81.01867213114755,80.928,0.6824806644711987,80.67237142857141,0.006590756302521,0.063836501536097,0.1227982470908759,7.915999999999258,3,3,0.5233904202429082,0,0,3.0,1,25.0,2,1.5,-1.2688697293175435
2024,7,Emilia Romagna,PIA,McLaren,5,4,0,63,63,42.023776223776224,25.11398601398601,2,74.82,100.0990019532818,81.14590163934427,80.979,0.7896439852853109,80.80840540540541,-0.000614983404457,0.1254807027649725,0.2064588345040245,14.131999999999609,5,4,0.819626130847254,1,0,4.0,1,23.0,2,-0.5,-1.1416402211208236
2024,7,Emilia Romagna,SAI,Ferrari,4,5,0,63,63,42.023776223776224,25.11398601398601,2,75.233,100.65153988173282,81.26391803278689,81.16,0.708844841863201,80.89727272727272,0.0105638368983957,0.3186538498463909,0.7880196432112377,22.32499999999891,4,5,0.9790430764895484,-1,0,3.0,1,27.0,2,3.5,-1.0236238276782077
2024,7,Emilia Romagna,HAM,Mercedes,8,6,0,63,63,42.023776223776224,25.11398601398601,2,75.504,101.0141010890215,81.48745901639346,81.415,1.1379488941918048,81.0160909090909,-0.0125447860962566,0.5207010368663618,0.8763653962589226,35.10399999999936,7,6,1.2420767835778608,1,0,4.0,1,27.0,2,3.5,-0.800082844071639
2024,7,Emilia Romagna,RUS,Mercedes,6,7,0,63,63,42.023776223776224,25.11398601398601,2,75.234,100.65287774596634,81.2118813559322,81.209,1.0077568310403435,80.122,0.2101190476190483,0.6465072004608275,0.6871145885042856,47.15399999999863,6,7,0.9302340466056988,-1,0,1.3333333333333333,2,21.0,2,-2.5,-1.075660504532891
2024,7,Emilia Romagna,PER,Red Bull Racing,11,8,0,63,63,42.023776223776224,25.11398601398601,2,75.706,101.28434966419609,81.7812786885246,81.94,1.5342866434834097,80.48691304347827,-0.0029703557312252,0.883564228110596,0.7584329092691784,54.77599999999984,10,8,1.3356354933210428,2,0,1.8,1,37.0,2,13.5,-0.5062631719405033
2024,7,Emilia Romagna,STR,Aston Martin,13,9,0,63,63,42.023776223776224,25.11398601398601,2,75.992,101.66697883498784,82.19804918032787,82.392,1.4074108192733386,81.22839130434784,0.0279535573122529,1.1907687211981532,0.8615793329936215,79.55599999999868,13,9,1.7317551600788736,4,0,2.75,1,37.0,2,13.5,-0.0894926801372264
2024,7,Emilia Romagna,TSU,RB,7,10,1,62,63,42.023776223776224,25.11398601398601,2,75.358,100.818772910925,82.54576666666667,82.31049999999999,1.0309278750794446,82.24677777777777,0.0680166666666676,1.3088083906222423,0.8865627943312481,98.89100000000144,9,10,2.0338879415164985,-1,0,1.25,1,12.0,2,-11.5,0.2582248062015679
2024,7,Emilia Romagna,HUL,Haas F1 Team,10,11,1,62,63,42.023776223776224,25.11398601398601,2,75.569,101.10106226420145,82.65323333333332,82.434,0.8661511271950432,82.271,0.0687999999999999,1.4657612248495382,0.9034438153347358,106.31200000000172,8,11,2.3774010935914083,-3,0,1.0,1,13.0,2,-10.5,0.365691472868221
2024,7,Emilia Romagna,MAG,Haas F1 Team,18,12,1,62,63,42.023776223776224,25.11398601398601,2,76.854,102.82021780429722,82.63360000000002,82.8055,1.4900837219113183,81.70727272727272,-0.023315640880858,1.7107217395683847,0.9101020406379998,107.46900000000096,16,12,2.367593659306773,4,0,5.0,1,37.0,2,13.5,0.346058139534918
2024,7,Emilia Romagna,RIC,RB,9,13,1,62,63,42.023776223776224,25.11398601398601,2,75.674,101.24153800872288,82.68411666666667,82.28999999999999,1.1475818805640274,82.33525,0.0537142857142855,1.40075805192516,0.8864670205246938,108.69600000000172,11,13,1.9491147022908653,-2,0,0.8,1,11.0,2,-12.5,0.3965748062015706
2024,7,Emilia Romagna,OCO,Alpine,12,14,1,62,63,42.023776223776224,25.11398601398601,2,75.906,101.5519225109036,82.92921666666668,82.759,1.17882460982729,82.79214705882353,0.0159145912910619,1.9115817783485696,0.9883670617576568,124.94200000000092,12,14,2.6254359261313245,-2,0,2.0,1,25.0,2,1.5,0.6416748062015785
2024,7,Emilia Romagna,ZHO,Kick Sauber,17,15,1,62,63,42.023776223776224,25.11398601398601,2,76.834,102.79346051962648,82.92645,82.9565,1.517208201359058,82.43176923076923,0.0491897435897435,1.872950970763772,0.9439585279313036,125.96800000000076,18,15,2.2632768277306154,3,0,3.0,1,33.0,2,9.5,0.6389081395349052
2024,7,Emilia Romagna,GAS,Alpine,15,16,1,62,63,42.023776223776224,25.11398601398601,2,76.015,101.69774971235918,82.58770689655172,82.39500000000001,1.3510269779095174,82.43033333333332,0.0734200206398348,1.7779504671249748,0.9313515644672552,130.75,15,16,0.877475345835378,-1,0,1.6666666666666667,2,8.0,3,-15.5,0.300165036086625
2024,7,Emilia Romagna,SAR,Williams,19,17,1,62,63,42.023776223776224,25.11398601398601,2,76.731,102.6556605035721,82.99793333333332,82.98849999999999,1.5934327709320606,82.44410714285712,0.0262022441160373,1.985896779229937,0.9635400943654816,132.08600000000115,19,17,2.416725170550752,2,0,2.0,1,31.0,2,7.5,0.7103914728682241
2024,7,Emilia Romagna,BOT,Kick Sauber,16,18,1,62,63,42.023776223776224,25.11398601398601,2,76.626,102.51518475905064,83.14156666666665,82.737,1.5514733988517595,82.66499999999999,-0.0759,1.5784676789806336,0.8529318591810863,137.3780000000006,17,18,2.1206970307781208,-1,0,1.0,1,8.0,2,-15.5,0.8540248062015507
2024,7,Emilia Romagna,ALO,Aston Martin,20,19,1,62,63,42.023776223776224,25.11398601398601,2,76.917,102.9045032510101,82.28919999999998,82.686,1.0890052103402206,81.63266666666668,0.1568428571428574,1.808978142076504,0.8703780321837011,156.15900000000147,20,19,1.4169219811202391,1,0,2.333333333333333,3,7.0,3,-16.5,0.0016581395348822
2024,7,Emilia Romagna,ALB,Williams,14,20,1,51,63,42.023776223776224,25.11398601398601,2,76.2,101.94525459556364,82.28588372093022,81.839,1.5555494697449903,81.80236842105263,0.0227736842105264,4.133122443438919,0.7992282467442307,230.48700000000008,14,20,2.16188008228858,-6,0,0.0,5,8.0,2,-15.5,-0.0016581395348822
2024,8,Monaco,LEC,Ferrari,1,1,0,78,78,46.318000000000005,21.596499999999995,2,70.27,100.0,78.43903947368422,78.5,1.698523574094391,78.29889189189191,-0.0615096334690855,0.0,,0.0,1,1,0.0,0,0,0.0,1,1.0,2,0.0,-1.519881954887197
2024,8,Monaco,PIA,McLaren,2,2,0,78,78,46.318000000000005,21.596499999999995,2,70.424,100.21915468905652,78.52414473684212,78.48599999999999,1.5892239926366358,78.38605405405407,-0.0577056793780081,0.0665516761719366,0.450858458441658,7.152000000000044,2,2,0.0,0,0,0.0,1,1.0,2,0.0,-1.4347766917292972
2024,8,Monaco,SAI,Ferrari,3,3,0,78,78,46.318000000000005,21.596499999999995,2,70.518,100.35292443432476,78.52307894736842,78.5565,1.7594298604048435,78.38356756756755,-0.0605893520918178,0.0789010736099368,0.6469015585348814,7.585000000000946,3,3,0.0,0,0,0.0,1,1.0,2,0.0,-1.4358424812029966
2024,8,Monaco,NOR,McLaren,4,4,0,78,78,46.318000000000005,21.596499999999995,2,70.542,100.38707841184004,78.53284210526316,78.3995,1.6915917793812367,78.38420270270271,-0.0606980377637912,0.068614221221821,0.4849785354994949,8.649999999999636,4,4,0.0,0,0,0.0,1,1.0,2,0.0,-1.426079323308258
2024,8,Monaco,RUS,Mercedes,5,5,0,78,78,46.318000000000005,21.596499999999995,2,70.543,100.38850149423652,78.58964473684209,78.63749999999999,2.107820072675069,78.44089189189188,-0.0827803924472418,0.1879853564157441,0.5518843165219294,13.309000000001106,5,5,0.0,0,0,0.0,1,1.0,2,0.0,-1.3692766917293255
2024,8,Monaco,VER,Red Bull Racing,6,6,0,78,78,46.318000000000005,21.596499999999995,2,70.567,100.42265547175182,78.38366216216215,78.5505,2.3801971788760503,75.68769565217391,0.0084575098814231,0.1947942437309567,0.3706461551531023,13.853000000000977,6,6,0.0,0,0,0.0,2,1.0,2,0.0,-1.5752592664092615
2024,8,Monaco,HAM,Mercedes,7,7,0,78,78,46.318000000000005,21.596499999999995,2,70.621,100.49950192116124,78.36398648648648,78.51,2.529302624625644,75.61070833333333,-0.0129978260869564,0.2026583290127637,0.3087099833264679,14.908000000001266,7,7,0.0,0,0,0.0,2,1.0,2,0.0,-1.594934942084933
2024,8,Monaco,TSU,RB,8,8,1,77,78,46.318000000000005,21.596499999999995,2,70.858,100.8367724491248,79.9754,80.144,2.0882227022169,79.82554794520549,-0.0596918116746883,1.6453387927861645,0.9663543965517796,118.1230000000014,8,8,0.0,0,0,0.0,1,1.0,2,0.0,0.0164785714285784
2024,8,Monaco,ALB,Williams,9,9,1,77,78,46.318000000000005,21.596499999999995,2,70.948,100.96484986480716,80.16712000000001,80.222,1.736434105955169,80.01936986301371,-0.0467195174626681,1.6850417477259616,0.963091200114242,132.6880000000001,9,9,0.0,0,0,0.0,1,1.0,2,0.0,0.2081985714285963
2024,8,Monaco,GAS,Alpine,10,10,1,77,78,46.318000000000005,21.596499999999995,2,70.896,100.8908495801907,80.24642666666665,80.229,1.7689709191484166,80.09512328767123,-0.0519925336295199,1.8344272043745744,0.9689933782912882,138.8770000000004,10,10,0.0,0,0,0.0,1,1.0,2,0.0,0.2875052380952354
2024,8,Monaco,ALO,Aston Martin,14,11,1,76,78,46.318000000000005,21.596499999999995,2,72.019,102.48897111142736,80.56287837837837,80.639,1.7626152887792708,80.39901388888889,-0.0512554344330825,2.0491010936432064,0.9730811143697744,159.42300000000068,13,11,0.5342645379315645,2,1,2.0,1,1.0,2,0.0,0.6039569498069568
2024,8,Monaco,RIC,RB,12,12,1,76,78,46.318000000000005,21.596499999999995,2,71.482,101.72477586452256,80.56895945945946,80.84450000000001,1.875903409313412,80.40170833333332,-0.0520931731944176,2.0571448667122376,0.9777371926413304,159.83300000000054,12,12,0.4947088457924148,0,-1,1.0,1,1.0,2,0.0,0.6100380308880489
2024,8,Monaco,BOT,Kick Sauber,17,13,1,76,78,46.318000000000005,21.596499999999995,2,72.512,103.19055073288744,80.33368055555555,80.49350000000001,2.0263697007514763,79.9462931034483,-0.049025531391307,2.0214977853725227,0.967938876027836,160.0570000000007,15,13,1.349203793795801,2,1,4.0,2,1.0,2,0.0,0.3747591269841308
2024,8,Monaco,STR,Aston Martin,13,14,1,76,78,46.318000000000005,21.596499999999995,2,71.563,101.8400455386367,79.94244285714285,79.828,1.9524321186271207,78.54332000000001,0.0027807692307694,2.198014586466169,0.9556934862825308,161.53600000000006,11,14,1.8003898213364598,-3,0,2.0,3,1.0,3,0.0,-0.0164785714285642
2024,8,Monaco,SAR,Williams,15,15,1,76,78,46.318000000000005,21.596499999999995,2,72.02,102.49039419382382,80.40183333333333,80.851,2.4846782261137847,77.31937500000001,-0.0262235294117649,2.3346106220095697,0.9598208842735674,164.59499999999937,14,15,0.7906248916510569,-1,-1,0.75,2,1.0,2,0.0,0.4429119047619139
2024,8,Monaco,ZHO,Kick Sauber,18,16,1,76,78,46.318000000000005,21.596499999999995,2,73.028,103.92486124946636,80.91995833333333,80.95400000000001,2.013326827351285,77.45466666666667,-0.0271737762237762,2.570253998632948,0.9315615564842344,210.82899999999967,16,16,0.5169071313651422,0,0,1.0,2,1.0,3,0.0,0.9610369047619116
2024,9,Canadian,VER,Red Bull Racing,2,1,0,70,70,24.569911504424784,17.797345132743363,2,72.0,100.3596219787572,89.89010606060607,86.584,14.965751694738826,86.9755909090909,-0.9576685488424618,-0.0374394891085634,0.0266392204959896,0.0,2,1,0.5245524563884011,1,0,1.5,2,25.0,2,0.0,-0.1233712121211993
2024,9,Canadian,NOR,McLaren,3,2,0,70,70,24.569911504424784,17.797345132743363,2,72.021,100.38889353516768,89.25233333333331,86.203,13.77387113379011,86.09894117647059,-0.4141862745098036,-0.0479979704312842,0.146214015997418,3.8789999999999054,3,2,0.6944023451697336,1,0,1.0,2,26.0,2,1.0,-0.7611439393939605
2024,9,Canadian,RUS,Mercedes,1,3,0,70,70,24.569911504424784,17.797345132743363,2,71.742,100.0,89.1565,86.827,13.812951270226458,78.8818,-0.2024999999999977,0.1070213454640883,0.13298667744035,4.317000000000007,1,3,1.1831284632965795,-2,0,0.8,3,25.0,3,0.0,-0.8569772727272778
2024,9,Canadian,HAM,Mercedes,7,4,0,70,70,24.569911504424784,17.797345132743363,2,71.979,100.33035042234673,89.01528125,86.6325,13.20627951461181,79.38071428571428,-0.7278928571428561,-0.2425710086606586,0.2222625811663127,4.914999999999964,6,4,0.886988997903388,2,-1,1.6666666666666667,3,25.0,3,0.0,-0.9981960227272708
2024,9,Canadian,PIA,McLaren,4,5,0,70,70,24.569911504424784,17.797345132743363,2,72.103,100.50319199353235,90.01007575757576,86.1245,14.533290757970509,86.9553043478261,-0.7267598814229248,-0.0973704487796329,0.108926495191349,10.198999999999614,4,5,0.5376122348997199,-1,-1,0.6666666666666666,2,25.0,2,0.0,-0.0034015151515092
2024,9,Canadian,ALO,Aston Martin,6,6,0,70,70,24.569911504424784,17.797345132743363,2,72.228,100.6774274483566,89.8962121212121,87.008,12.318513634757114,86.34691304347825,-0.697296442687747,-0.0416071909719177,0.0059019727875596,17.51000000000022,5,6,0.45501575519329,-1,-1,0.6666666666666666,2,25.0,2,0.0,-0.1172651515151699
2024,9,Canadian,STR,Aston Martin,9,7,0,70,70,24.569911504424784,17.797345132743363,2,72.659,101.27819129659056,90.01687878787878,87.2655,11.678941149996502,86.43160869565217,-0.6511067193675889,-0.2747098066660833,0.1092893462118756,23.625,9,7,0.7882417470293199,2,-1,2.0,2,25.0,2,0.0,0.0034015151515092
2024,9,Canadian,RIC,RB,5,8,0,70,70,24.569911504424784,17.797345132743363,2,72.178,100.60773326642692,90.05757575757576,87.373,11.260245357431478,86.40770833333333,-0.5577595652173916,-0.1454358148893347,0.0361273972081381,28.67199999999957,7,8,1.749297404064699,-1,-2,1.0,2,26.0,2,1.0,0.0440984848484902
2024,9,Canadian,GAS,Alpine,15,9,0,70,70,24.569911504424784,17.797345132743363,2,72.94,101.6698725990354,89.89180303030304,87.869,10.979509927720535,85.89092592592594,-0.2949993894993894,-0.384287638876739,0.1363387679431881,30.02099999999973,18,9,2.577333913857432,9,0,6.5,2,25.0,2,0.0,-0.121674242424234
2024,9,Canadian,OCO,Alpine,18,10,0,70,70,24.569911504424784,17.797345132743363,2,73.435,102.3598450001394,90.93426470588234,88.0575,11.99558026769592,86.66739130434782,-0.6264604743083003,-0.39781193246435,0.1824537904140342,30.313000000000105,16,10,2.701276440858634,6,0,2.0,1,44.0,2,19.0,0.9207874331550698
2024,9,Canadian,HUL,Haas F1 Team,17,11,0,70,70,24.569911504424784,17.797345132743363,2,73.978,103.11672381589582,89.75651562500002,87.6055,10.522478193519117,86.40026086956522,-0.6323409090909089,-0.3494517714985567,0.0808321291969297,30.82399999999961,13,11,3.785145861462486,2,5,2.1666666666666665,3,12.0,3,-13.0,-0.2569616477272518
2024,9,Canadian,MAG,Haas F1 Team,14,12,0,70,70,24.569911504424784,17.797345132743363,2,72.916,101.63641939170918,88.7597580645161,87.71950000000001,9.634487658858898,81.83723076923077,-1.889357142857143,-0.0569720059487359,0.0027303133737763,31.2529999999997,8,12,3.127252811163104,-4,4,1.2857142857142858,4,7.0,3,-18.0,-1.253719208211166
2024,9,Canadian,BOT,Kick Sauber,19,13,0,70,70,24.569911504424784,17.797345132743363,2,73.366,102.26366702907642,90.52237313432836,88.408,10.5454024663283,86.39904,-0.3874553846153846,-0.3386135246260198,0.1009576454310555,40.48700000000008,19,13,2.417542855371325,6,0,3.5,1,42.0,2,17.0,0.5088958616010899
2024,9,Canadian,TSU,RB,8,14,0,70,70,24.569911504424784,17.797345132743363,2,72.303,100.78196872125112,91.25466176470589,88.3065,11.894184615181018,87.77343478260869,-0.4888013833992096,-0.1637429096317041,0.0329440479681109,52.69399999999951,11,14,2.1927794174287034,-3,-1,1.0,1,44.0,2,19.0,1.2411844919786148
2024,9,Canadian,ZHO,Kick Sauber,20,15,1,69,70,24.569911504424784,17.797345132743363,2,74.292,103.55440327841433,89.6665,88.82,8.358336534930114,80.01271428571428,-0.4834021978021982,1.6611935696017552,0.3586310303180121,129.09700000000066,20,15,1.7570949829757745,5,0,3.333333333333333,3,24.0,2,-1.0,-0.3469772727272726
2024,9,Canadian,SAI,Ferrari,12,16,1,53,70,24.569911504424784,17.797345132743363,2,72.728,101.37436926765352,90.64695833333332,88.5745,8.179094243039678,80.64483333333332,-0.2614000000000004,-0.0146636026447354,0.000142248396424,74.01900000000023,14,15,1.0629667932176006,-1,0,2.25,3,25.0,2,0.0,0.6334810606060586
2024,9,Canadian,ALB,Williams,10,17,1,53,70,24.569911504424784,17.797345132743363,2,72.485,101.03565554347524,90.76639583333332,88.744,8.586002155263824,80.68820000000001,0.0520999999999986,0.0155853088211541,0.0001348188259222,113.3139999999994,12,11,1.363580372724998,1,-1,1.25,2,25.0,2,0.0,0.7529185606060622
2024,9,Canadian,PER,Red Bull Racing,16,18,1,52,70,24.569911504424784,17.797345132743363,2,73.326,102.20791168353264,90.76997872340426,88.718,7.939633212121057,80.45179999999999,-0.6171999999999997,-0.1049959873644674,0.0056388789524001,68.48700000000008,17,17,1.2816138016780183,0,0,2.0,3,25.0,2,0.0,0.7565014506769927
2024,9,Canadian,LEC,Ferrari,11,19,1,41,70,24.569911504424784,17.797345132743363,2,72.691,101.32279557302556,92.35579411764706,89.7035,6.545152153609857,88.17033333333335,-1.0646857142857158,1.95102787456446,0.7628120343460121,97.93899999999984,10,19,4.276566892993012,-9,-1,0.4,4,25.0,2,0.0,2.342316844919793
2024,9,Canadian,SAR,Williams,13,20,1,24,70,24.569911504424784,17.797345132743363,2,72.736,101.3855203367623,94.10952173913044,90.075,8.733487629232691,92.63271428571429,-0.7937779220779224,3.460697391304339,0.7468483031387306,152.77999999999977,15,20,2.2013290990607333,-5,0,0.5,0,,1,,4.096044466403171
2024,10,Spanish,VER,Red Bull Racing,2,1,0,66,66,41.09610389610391,24.132467532467533,2,71.403,100.02801787540452,79.63248387096775,79.7975,1.1515560070793385,78.3702105263158,0.0637508771929826,-0.0235282329610695,0.0084040470383027,0.0,2,1,0.8101914936669333,1,1,2.5,2,17.0,2,2.0,-1.064508064516133
2024,10,Spanish,NOR,McLaren,1,2,0,66,66,41.09610389610391,24.132467532467533,2,71.383,100.0,79.66896774193549,79.701,1.3744099773457723,78.114,0.0860470588235297,0.029159273562255,0.031991479475674,2.218999999999141,3,2,1.0237278193048425,1,0,3.5,2,23.0,2,8.0,-1.02802419354839
2024,10,Spanish,HAM,Mercedes,3,3,0,66,66,41.09610389610391,24.132467532467533,2,71.701,100.44548421893168,79.90929032258065,79.9435,1.1953996983943087,78.76045,0.0496969924812027,0.1884755453501696,0.3176592114492204,17.789999999999054,4,3,1.1165214044612162,1,0,1.8,2,16.0,2,1.0,-0.7877016129032341
2024,10,Spanish,RUS,Mercedes,4,4,0,66,66,41.09610389610391,24.132467532467533,2,71.703,100.44828600647212,79.89064516129032,79.864,1.0044852053480366,79.09970370370371,0.0118583638583638,0.2932950005218641,0.3428451252235379,22.31999999999971,1,4,1.4909204616088083,-3,-1,1.1428571428571428,2,15.0,3,0.0,-0.8063467741935568
2024,10,Spanish,LEC,Ferrari,5,5,0,66,66,41.09610389610391,24.132467532467533,2,71.731,100.48751103203844,79.96548387096773,79.72800000000001,1.3669217750404927,78.5125,0.0774735294117644,0.3240069512576932,0.7632684259439773,22.708999999998923,5,5,1.473701079525584,0,-1,2.25,2,24.0,2,9.0,-0.7315080645161487
2024,10,Spanish,SAI,Ferrari,6,6,0,66,66,41.09610389610391,24.132467532467533,2,71.736,100.49451550088958,80.08772580645162,80.01599999999999,1.1661618025878369,79.3064074074074,0.010180708180708,0.3794204571547794,0.5228457122863633,31.02799999999843,6,6,0.9074927677635364,0,1,1.1428571428571428,2,15.0,3,0.0,-0.6092661290322638
2024,10,Spanish,PIA,McLaren,9,7,0,66,66,41.09610389610391,24.132467532467533,2,72.011,100.87976128770156,80.09554838709676,79.864,1.5686775539007711,78.39676470588236,0.0490343137254901,0.4830360505166474,0.7963989397260477,33.76000000000022,8,7,1.7051273288113142,1,0,2.5,2,21.0,2,6.0,-0.6014435483871239
2024,10,Spanish,PER,Red Bull Racing,11,8,0,66,66,41.09610389610391,24.132467532467533,2,72.054,100.93999971982126,80.21488333333333,79.74950000000001,1.6289481694334418,78.95057142857142,0.0707956043956036,0.7410863166684041,0.7923475933855453,59.52399999999943,11,8,1.7198281477545534,3,0,2.333333333333333,3,13.0,2,-2.0,-0.4821086021505465
2024,10,Spanish,GAS,Alpine,7,9,0,66,66,41.09610389610391,24.132467532467533,2,71.857,100.66402364708684,80.49908064516131,80.4255,1.185191971700443,79.61108,0.0322192307692308,0.8563886859409184,0.8226294245655783,62.02499999999964,7,9,1.167648604419696,-2,0,1.2857142857142858,2,14.0,3,-1.0,-0.1979112903225655
2024,10,Spanish,OCO,Alpine,8,10,0,66,66,41.09610389610391,24.132467532467533,2,72.109,101.01704887718364,80.70730645161291,80.6625,1.3199510247833228,79.6505,0.0099353846153845,1.0239374178060678,0.8600267594588973,71.88899999999921,9,10,1.2221727757180216,-1,0,1.5714285714285714,2,13.0,3,-2.0,0.0103145161290285
2024,10,Spanish,HUL,Haas F1 Team,13,11,0,66,66,41.09610389610391,24.132467532467533,2,72.31,101.29862852499896,80.68667741935484,80.9755,1.3752323651551694,79.52152,0.0370384615384616,0.9700285773927538,0.8321825325661898,74.21500000000015,10,11,1.4708512036923598,-1,0,2.0,2,12.0,3,-3.0,-0.0103145161290427
2024,10,Spanish,ALO,Aston Martin,10,12,1,65,66,41.09610389610391,24.132467532467533,2,72.128,101.04366585881792,81.03863934426231,81.093,1.6612321233829912,79.46523529411765,0.0699313725490196,1.2460191870629338,0.9680716247915144,89.27100000000064,12,12,1.829512335190825,0,0,1.8571428571428568,2,19.0,3,4.0,0.341647408778428
2024,10,Spanish,ZHO,Kick Sauber,15,13,1,65,66,41.09610389610391,24.132467532467533,2,72.738,101.89821105865542,81.04845901639345,81.23,1.722404961807478,79.79361904761903,0.0539870129870129,1.1818260926573432,0.8909823864297123,95.25,17,13,2.354721116918421,4,0,1.75,2,9.0,3,-6.0,0.3514670809095719
2024,10,Spanish,STR,Aston Martin,14,14,1,65,66,41.09610389610391,24.132467532467533,2,72.372,101.38548393875293,81.20167213114756,81.262,1.4854278364757574,80.34024000000001,0.0034376923076921,1.4903541520978985,0.9420616803095382,105.02599999999984,13,14,1.8883499105344284,-1,0,2.0,2,17.0,3,2.0,0.5046801956636813
2024,10,Spanish,RIC,RB,18,15,1,65,66,41.09610389610391,24.132467532467533,2,73.075,102.3703122592214,81.5040655737705,81.337,1.6825003602659596,80.46005,-0.0993751879699248,1.7795189248251704,0.9638893473064828,123.82400000000052,19,15,1.9960297130515403,4,1,3.75,2,16.0,3,1.0,0.8070736382866244
2024,10,Spanish,BOT,Kick Sauber,12,16,1,65,66,41.09610389610391,24.132467532467533,2,72.227,101.18235434207024,81.70144262295081,81.587,1.4630607019144282,81.36738235294118,0.0005611917494271,1.8299248688811167,0.962446184121124,133.08700000000135,14,16,1.6884790607116034,-2,0,1.2222222222222223,2,11.0,2,-4.0,1.004450687466928
2024,10,Spanish,MAG,Haas F1 Team,16,17,1,65,66,41.09610389610391,24.132467532467533,2,72.937,102.17698891893028,81.56609836065573,81.287,1.446318679785774,81.10612121212121,0.0297068850267379,1.787875874125873,0.9430564461917254,134.5619999999999,16,17,1.5499689823199192,-1,0,1.6666666666666667,2,10.0,3,-5.0,0.8691064251718501
2024,10,Spanish,ALB,Williams,20,18,1,65,66,41.09610389610391,24.132467532467533,2,73.153,102.47958197329898,81.56755000000001,81.4535,1.5684166087091078,80.8586842105263,0.0026578947368418,1.910344143356644,0.9683595564331736,137.92300000000068,20,18,2.1044823957083016,2,0,2.8,2,18.0,2,3.0,0.8705580645161319
2024,10,Spanish,TSU,RB,17,19,1,65,66,41.09610389610391,24.132467532467533,2,72.985,102.2442318199011,81.46559322033899,81.475,1.7559296203656296,80.41205555555557,-0.008595459236326,2.0381587849650304,0.9720232964221596,143.67799999999988,15,19,1.415572729974039,-4,0,0.875,3,9.0,3,-6.0,0.7686012848551087
2024,10,Spanish,SAR,Williams,19,20,1,64,66,41.09610389610391,24.132467532467533,2,73.509,102.97830015549924,82.21125000000002,82.189,1.6114292279773454,81.72581481481481,0.0700732600732602,2.2486430402930377,0.9698635241510604,164.10699999999997,18,20,1.2018504251546631,-2,-1,1.25,2,14.0,3,-1.0,1.5142580645161416
2024,11,Austrian,RUS,Mercedes,3,1,0,71,71,46.42097902097903,29.42587412587413,2,64.84,100.8178623627826,70.73314925373136,70.372,2.1676094796281173,70.50595000000001,0.0721511278195488,0.0774426559356135,0.0327131435031925,0.0,3,1,0.9411239481143202,2,0,1.6666666666666667,2,22.0,2,2.0,-0.8807462686566936
2024,11,Austrian,PIA,McLaren,7,2,0,71,71,46.42097902097903,29.42587412587413,2,64.786,100.73389930652736,70.8063582089552,70.57,2.312110590973908,70.44204545454546,0.0484839073969508,0.0548340375586918,0.0191552035670029,1.9060000000008583,7,2,1.557741748858527,5,0,2.25,2,25.0,2,5.0,-0.8075373134328458
2024,11,Austrian,SAI,Ferrari,4,3,0,71,71,46.42097902097903,29.42587412587413,2,64.851,100.8349659483161,70.81364179104477,70.473,2.246260209848418,70.55004761904762,0.0557714285714285,0.1087744466800834,0.0664049867119787,4.533000000001266,5,3,0.7354216956430746,2,0,1.5,2,22.0,2,2.0,-0.8002537313432754
2024,11,Austrian,HAM,Mercedes,5,4,0,71,71,46.42097902097903,29.42587412587413,2,64.903,100.91581926174706,70.97173134328358,70.645,1.559560462380633,70.71332142857143,0.0453604269293922,0.3623701877934323,0.5471147765914889,23.142000000001644,4,4,0.7774487503084282,0,0,1.0,2,21.0,2,1.0,-0.6421641791044692
2024,11,Austrian,VER,Red Bull Racing,1,5,0,71,71,46.42097902097903,29.42587412587413,2,64.314,100.0,70.3205076923077,70.22,1.9109417763490733,68.1575,0.1630500000000009,0.2432583501006038,0.2826990416886702,27.25300000000061,1,5,1.239685817275216,-4,0,0.3333333333333333,3,23.0,3,3.0,-1.2933878300803483
2024,11,Austrian,HUL,Haas F1 Team,9,6,0,71,71,46.42097902097903,29.42587412587413,2,65.262,101.47401809870324,71.48986567164181,71.177,1.930104636004204,71.307625,0.1682976190476199,0.7239470824949764,0.5982327645091079,54.08800000000156,9,6,2.3654113862406563,3,1,3.25,2,11.0,2,-9.0,-0.1240298507462398
2024,11,Austrian,PER,Red Bull Racing,8,7,0,71,71,46.42097902097903,29.42587412587413,2,65.144,101.2905432720714,71.39013432835822,71.009,1.9067281185439449,71.08857692307693,0.0402123076923074,0.7964651911468861,0.9185902160422372,54.67200000000048,6,7,0.7738170045554925,-1,0,1.6666666666666667,2,21.0,2,1.0,-0.2237611940298336
2024,11,Austrian,MAG,Haas F1 Team,12,8,0,71,71,46.42097902097903,29.42587412587413,2,65.347,101.60618216873463,71.61117910447761,71.243,2.1018000432917026,71.27814285714285,0.1206428571428576,0.7668640174379651,0.6494757314010844,60.35500000000138,10,8,2.358255331649975,2,0,2.0,2,10.0,2,-10.0,-0.0027164179104346
2024,11,Austrian,RIC,RB,11,9,0,71,71,46.42097902097903,29.42587412587413,2,65.289,101.51599962683086,71.61907462686568,71.37,2.176085088531298,71.32128571428571,0.059357142857142,0.7728024144869253,0.6344344997845399,61.16900000000169,12,9,2.48342594545506,3,0,2.2,2,10.0,2,-10.0,0.0051791044776337
2024,11,Austrian,GAS,Alpine,13,10,0,71,71,46.42097902097903,29.42587412587413,2,65.335,101.58752371178905,71.6166119402985,71.213,2.1972620011444817,71.40750000000001,0.1060023931623933,0.9041851106639878,0.7360539202134829,61.76600000000144,11,10,1.6727187233857912,1,0,4.333333333333333,2,20.0,2,0.0,0.0027164179104488
2024,11,Austrian,LEC,Ferrari,6,11,0,71,71,46.42097902097903,29.42587412587413,2,65.044,101.13505613085798,70.8253492063492,70.543,2.125605038409976,70.52264285714287,0.0692989010989012,0.5849357478202576,0.5627831089072025,67.0560000000005,18,11,2.951792416621628,7,-1,2.6,4,1.0,2,-19.0,-0.7885463160388468
2024,11,Austrian,OCO,Alpine,10,12,0,71,71,46.42097902097903,29.42587412587413,2,65.274,101.49267655564888,71.70808955223879,71.411,2.277155793311122,71.63400000000001,0.1236046153846155,1.0017422535211316,0.7966149836731682,68.32500000000073,8,12,1.9283962957965484,-4,-1,1.8333333333333333,2,19.0,2,-1.0,0.0941940298507404
2024,11,Austrian,STR,Aston Martin,17,13,1,70,71,46.42097902097903,29.42587412587413,2,65.819,102.340081475262,71.9122575757576,71.482,2.386074280297152,71.65610526315788,0.0473350877192982,1.1064020645612835,0.8436423894055243,80.42699999999968,17,13,1.977565686784804,4,1,4.0,2,20.0,2,0.0,0.2983620533695443
2024,11,Austrian,TSU,RB,14,14,1,70,71,46.42097902097903,29.42587412587413,2,65.412,101.7072488105234,71.88995454545454,71.5275,2.314726688845996,71.56478947368421,0.0409596491228066,1.2501277578514576,0.8927919003953573,83.33799999999974,14,15,2.5173929134613333,-1,1,5.0,2,21.0,2,1.0,0.2760590230664945
2024,11,Austrian,ALB,Williams,16,15,1,70,71,46.42097902097903,29.42587412587413,2,65.736,102.21102714805488,71.89216666666667,71.48750000000001,2.3587803927084097,71.61599999999999,0.0576499999999998,1.093122386492872,0.796426312883691,81.05899999999929,15,14,1.543301829941984,1,0,1.5,2,12.0,2,-8.0,0.2782711442786194
2024,11,Austrian,BOT,Kick Sauber,18,16,1,70,71,46.42097902097903,29.42587412587413,2,65.847,102.38361787480174,72.01448484848486,71.62,2.3526238788109586,71.65894736842107,0.0388859649122807,1.272889301023535,0.878803131615563,89.5679999999993,16,16,1.89916621129817,0,-1,2.0,2,19.0,2,-1.0,0.4005893260968065
2024,11,Austrian,ZHO,Kick Sauber,20,17,1,70,71,46.42097902097903,29.42587412587413,2,66.061,102.71636035699848,72.19153846153844,71.793,1.7533783201733295,71.90042105263157,0.0121228070175437,1.7467711836234854,0.9415663736282116,115.07500000000071,19,17,1.878063405002374,2,1,1.4,2,28.0,2,8.0,0.5776429391503939
2024,11,Austrian,ALO,Aston Martin,15,18,1,70,71,46.42097902097903,29.42587412587413,2,65.639,102.06020462107784,71.9115625,71.503,2.473794398528397,71.563875,0.0440119047619042,1.434673134458932,0.8455145318744004,117.85300000000096,13,18,2.674006462035238,-5,-1,1.2857142857142858,3,11.0,3,-9.0,0.2976669776119536
2024,11,Austrian,SAR,Williams,19,19,1,69,71,46.42097902097903,29.42587412587413,2,65.856,102.39761171751096,72.28007936507935,71.968,2.157906253020597,72.07912,0.0037707692307692,1.7483493240774626,0.9455652619431176,146.1290000000008,20,19,0.2611535822478539,1,0,1.0,3,1.0,2,-19.0,0.6661838426912965
2024,11,Austrian,NOR,McLaren,2,20,1,64,71,46.42097902097903,29.42587412587413,2,64.718,100.62816805050224,70.29093220338983,70.388,0.8747310495903722,69.53244444444445,0.1421333333333332,0.0230931776556821,0.0090813587435244,34.030000000000655,2,6,0.5261042808091513,-4,0,0.5,3,23.0,2,3.0,-1.3229633189982195
2024,12,British,HAM,Mercedes,2,1,0,52,52,27.670068027210885,15.77074829931973,2,85.99,100.19925657488432,93.88335416666666,91.676,4.719438293702693,89.68554545454545,0.0254181818181811,-0.0015882352941169,6.007749630710036e-05,0.0,2,1,0.6760277913374816,1,0,1.3333333333333333,2,27.0,3,1.0,-1.2716874999999987
2024,12,British,VER,Red Bull Racing,4,2,0,52,52,27.670068027210885,15.77074829931973,2,86.203,100.4474533611438,94.033125,91.934,4.787232628498609,89.30636363636363,-0.0051454545454545,0.0531956800136659,0.0252460062094627,1.4650000000001455,3,2,0.9343051394027162,1,0,1.3333333333333333,2,26.0,3,0.0,-1.1219166666666638
2024,12,British,NOR,McLaren,3,3,0,52,52,27.670068027210885,15.77074829931973,2,86.03,100.2458663000035,94.11039583333331,91.863,4.579101973371577,90.1744,0.1751878787878789,-0.0213379578246343,0.019870025661625,7.54700000000048,4,3,1.2348631008448077,1,0,1.3333333333333333,2,27.0,3,1.0,-1.044645833333334
2024,12,British,PIA,McLaren,5,4,0,52,52,27.670068027210885,15.77074829931973,2,86.237,100.48707162749506,94.03258333333332,91.9075,5.2720142859447625,89.33027272727273,0.0164272727272724,0.3363715956629421,0.3965978892977014,12.429000000000087,5,4,1.21872643265298,1,0,2.0,2,28.0,2,2.0,-1.1224583333333271
2024,12,British,SAI,Ferrari,7,5,0,52,52,27.670068027210885,15.77074829931973,2,86.509,100.80401775830528,94.66732608695652,92.367,4.913351474658268,89.5992857142857,-0.0708214285714292,0.589086228976347,0.7892537700989026,47.3179999999993,6,5,0.7985186133505404,1,0,1.5,3,26.0,4,0.0,-0.4877155797101409
2024,12,British,HUL,Haas F1 Team,6,6,0,52,52,27.670068027210885,15.77074829931973,2,86.338,100.60476118342092,95.11035416666664,92.6845,5.018676889675306,90.3074,0.0872484848484844,1.0307288056006187,0.9746055930607656,55.72199999999975,9,6,1.4472890348952083,3,0,4.0,2,26.0,3,0.0,-0.044687500000009
2024,12,British,STR,Aston Martin,8,7,0,52,52,27.670068027210885,15.77074829931973,2,86.585,100.89257623603164,95.15504166666666,92.752,5.246715754735805,90.0388,-0.0046181818181824,1.1436888499957334,0.9730485607322592,56.56899999999951,7,7,1.0484132951301846,0,0,1.0,2,26.0,2,0.0,0.0
2024,12,British,ALO,Aston Martin,10,8,0,52,52,27.670068027210885,15.77074829931973,2,86.73,101.06153648958856,94.995375,92.673,5.151052326384284,90.28109090909092,0.1154636363636367,1.267668786818068,0.9388348199655582,63.57699999999932,10,8,0.9576240079348222,2,0,1.5,2,27.0,2,1.0,-0.1596666666666522
2024,12,British,ALB,Williams,9,9,0,52,52,27.670068027210885,15.77074829931973,2,86.64,100.95666460807048,95.07733333333331,93.0365,5.167284217497347,90.14563636363636,-0.0757636363636364,1.4069824553914476,0.9359106643491572,68.38700000000063,12,9,1.12089707663561,3,0,4.0,2,27.0,2,1.0,-0.0777083333333337
2024,12,British,TSU,RB,13,10,0,52,52,27.670068027210885,15.77074829931973,2,87.269,101.68960253556904,95.3641875,93.0465,4.952314398366279,91.1828181818182,0.132663636363636,1.4903317254332795,0.9666192897178184,79.30299999999988,11,10,0.8081410805256606,1,0,1.5,2,27.0,3,1.0,0.2091458333333378
2024,12,British,SAR,Williams,12,11,0,52,52,27.670068027210885,15.77074829931973,2,87.175,101.58006968153906,95.4734375,93.075,5.196567586095816,90.92736363636364,0.1983363636363634,1.7580437548023593,0.9484304412811054,88.96000000000095,13,11,0.8171890163151507,2,0,1.25,2,27.0,3,1.0,0.3183958333333407
2024,12,British,MAG,Haas F1 Team,17,12,0,52,52,27.670068027210885,15.77074829931973,2,92.905,108.25691280485674,95.3045625,93.208,5.126677825641624,91.0615,0.095111888111888,1.707094040809357,0.9304020541673188,90.15300000000023,17,12,2.0064000163579108,5,0,2.6666666666666665,2,27.0,3,1.0,0.1495208333333266
2024,12,British,RIC,RB,15,13,1,51,52,27.670068027210885,15.77074829931973,2,87.949,102.48196786259452,95.86348936170216,93.429,4.91800657686646,91.80636363636364,0.3289727272727272,1.8632464253393697,0.9530847447594664,100.08300000000054,15,13,0.8865000580604474,2,0,1.3333333333333333,2,26.0,3,0.0,0.7084476950354883
2024,12,British,LEC,Ferrari,11,14,1,51,52,27.670068027210885,15.77074829931973,2,87.097,101.4891807175567,95.91504444444446,92.705,6.236358570933245,90.28127272727272,0.138927272727273,3.3523759276018112,0.8029470552382998,130.6190000000006,8,14,3.828172143567255,-6,0,1.3333333333333333,3,19.0,3,-7.0,0.7600027777777996
2024,12,British,BOT,Kick Sauber,16,15,1,51,52,27.670068027210885,15.77074829931973,2,92.431,107.70458756219486,96.32691489361702,93.967,4.779245614610465,92.08345454545454,-0.0559,2.563972307692308,0.9710105950820918,131.96700000000055,18,15,1.818855490168927,3,0,2.5,2,26.0,3,0.0,1.1718732269503531
2024,12,British,OCO,Alpine,18,16,1,50,52,27.670068027210885,15.77074829931973,2,94.557,110.18189445227746,96.64345238095238,94.6875,4.954347818084149,91.91377777777775,0.2377500000000005,4.385231260504208,0.9208420917180232,190.5709999999999,16,16,0.7637180802642092,0,0,1.3333333333333333,4,19.0,3,-7.0,1.4884107142857204
2024,12,British,PER,Red Bull Racing,20,17,1,50,52,27.670068027210885,15.77074829931973,2,98.348,114.59933115044454,96.80021951219511,93.219,6.494350504523895,90.4465,-0.0687714285714284,4.113078511404567,0.9015907965026596,197.89400000000023,19,17,0.9258200997725512,2,0,1.75,4,19.0,4,-7.0,1.6451778455284511
2024,12,British,ZHO,Kick Sauber,14,18,1,50,52,27.670068027210885,15.77074829931973,2,87.867,102.38641792610028,97.66709523809524,95.107,6.273229777743441,91.4546,0.1064121212121216,5.5921992316926845,0.907348556671131,234.36499999999972,14,18,1.621412838186726,-4,0,0.3333333333333333,4,12.0,3,-14.0,2.5120535714285808
2024,12,British,RUS,Mercedes,1,19,1,33,52,27.670068027210885,15.77074829931973,2,85.819,100.0,94.4472,91.7235,4.235380236970953,93.33991666666664,0.2295130434782609,0.436361296791445,0.7428270045835325,16.278000000000247,1,4,1.5194446752718973,-3,0,0.25,2,27.0,2,1.0,-0.7078416666666527
2024,13,Hungarian,PIA,McLaren,2,1,0,70,70,44.91612903225806,28.82387096774194,2,75.249,100.02924481901442,83.41481818181819,83.4355,0.9951457861360492,82.39674999999998,0.0517556390977443,0.0526653136208533,0.13476224299131,0.0,1,1,0.7159814240508767,0,0,2.5,2,18.0,2,2.0,-1.3318602941176465
2024,13,Hungarian,NOR,McLaren,1,2,0,70,70,44.91612903225806,28.82387096774194,2,75.227,100.0,83.49331818181817,83.5705,1.2591602960103816,82.62299999999999,0.1198114059853189,-0.0686823200069982,0.1063206483059056,2.1409999999996217,3,2,0.9626567791971142,1,0,2.0,2,17.0,2,1.0,-1.2533602941176696
2024,13,Hungarian,HAM,Mercedes,5,3,0,70,70,44.91612903225806,28.82387096774194,2,75.854,100.83347734191182,83.64478787878787,83.338,1.1293907617710943,82.91003703703703,0.0046758241758242,0.1749426646837508,0.2584048767087983,14.8799999999992,4,3,0.973350917337408,1,0,1.25,2,16.0,2,0.0,-1.101890597147971
2024,13,Hungarian,LEC,Ferrari,6,4,0,70,70,44.91612903225806,28.82387096774194,2,75.891,100.88266181025428,83.70665151515153,83.2515,1.2542313550835,83.043,0.00571978021978,0.2461094742367219,0.4371808942006622,19.68599999999969,5,4,1.0424727729785832,1,0,2.333333333333333,2,23.0,2,7.0,-1.040026960784303
2024,13,Hungarian,VER,Red Bull Racing,3,5,0,70,70,44.91612903225806,28.82387096774194,2,75.273,100.06114825793932,83.76916666666666,83.7405,1.325451453811212,83.10283333333332,0.0747523219814242,0.2564392966494623,0.6393138831459497,21.34900000000016,2,5,1.1618504552356397,-3,0,1.75,2,21.0,2,5.0,-0.977511809269174
2024,13,Hungarian,SAI,Ferrari,4,6,0,70,70,44.91612903225806,28.82387096774194,2,75.696,100.62344636898986,83.75750000000001,83.704,1.4754849033453374,82.68795000000001,0.0942669172932329,0.2068891085644287,0.5170328557268832,23.0729999999985,7,6,1.0887149337817217,1,1,2.25,2,21.0,2,5.0,-0.9891784759358302
2024,13,Hungarian,PER,Red Bull Racing,16,7,0,70,70,44.91612903225806,28.82387096774194,2,77.886,103.5346351708828,84.02395454545454,83.485,2.296545234321918,82.529,0.1201729323308272,0.3298830373545634,0.3351461124267315,39.79199999999946,17,7,2.9411410301116487,10,0,3.5,2,28.0,2,12.0,-0.722723930481294
2024,13,Hungarian,RUS,Mercedes,17,8,0,70,70,44.91612903225806,28.82387096774194,2,77.968,103.64363858720938,84.12209090909091,83.8215,2.2424127714946325,82.57385714285715,0.1623120879120876,0.4047768349225769,0.4574238146292312,42.367999999998574,16,8,2.2217166436610447,8,1,3.6666666666666665,2,33.0,2,17.0,-0.624587566844923
2024,13,Hungarian,TSU,RB,10,9,0,70,70,44.91612903225806,28.82387096774194,2,76.121,101.1884030999508,84.8442205882353,84.57900000000001,1.5119488545166722,84.17871052631578,-0.0170422365685523,0.965234240223954,0.8676422766899656,77.25900000000001,12,9,1.5124740129177603,3,0,1.5,1,29.0,2,13.0,0.0975421122994646
2024,13,Hungarian,STR,Aston Martin,8,10,0,70,70,44.91612903225806,28.82387096774194,2,76.075,101.12725484201152,84.51284848484849,84.454,1.5029280165210248,83.26813636363636,0.0723664596273292,0.9825845682792368,0.9033785075714582,77.97599999999875,8,10,2.200366993669988,-2,0,2.4,2,14.0,3,-2.0,-0.2338299910873473
2024,13,Hungarian,ALO,Aston Martin,7,11,0,70,70,44.91612903225806,28.82387096774194,2,76.043,101.08471692344506,84.64913636363637,84.4915,1.30372201952556,83.86413333333333,0.0365713014460511,0.8608918029918615,0.8241469056298185,82.45999999999913,6,11,2.1381383516428603,-5,-1,1.8333333333333333,2,7.0,3,-9.0,-0.0975421122994646
2024,13,Hungarian,RIC,RB,9,12,1,69,70,44.91612903225806,28.82387096774194,2,76.202,101.2960772063222,84.96107692307692,84.905,1.6522268146702443,84.41152631578947,0.0426626545573913,0.9838858969674836,0.799383400068011,100.85100000000055,11,12,2.599019422933256,-1,0,1.6666666666666667,2,7.0,2,-9.0,0.2143984471410789
2024,13,Hungarian,HUL,Haas F1 Team,11,13,1,69,70,44.91612903225806,28.82387096774194,2,76.317,101.44894785117044,85.14507692307693,84.978,1.777275735744284,84.75591891891891,0.0513864390706495,1.2286268542199512,0.8827884010697293,116.1110000000008,14,13,2.362862713871371,1,-6,1.8333333333333333,2,2.0,2,-14.0,0.3983984471410906
2024,13,Hungarian,ALB,Williams,13,14,1,69,70,44.91612903225806,28.82387096774194,2,76.429,101.5978305661531,85.18150769230769,84.892,1.4049722319662243,84.78289189189191,0.0429834044570887,1.360978041651445,0.8931223673391422,119.69599999999993,9,14,2.060880716226248,-5,0,1.5,2,6.0,2,-10.0,0.4348292163718525
2024,13,Hungarian,MAG,Haas F1 Team,15,15,1,69,70,44.91612903225806,28.82387096774194,2,76.548,101.75601845082218,85.31209230769232,85.336,1.546458663397168,84.84881250000001,0.0938878299120234,1.4375091340884136,0.9074883391899182,128.22900000000118,10,15,1.8140307570112413,-5,0,1.3333333333333333,2,6.0,2,-10.0,0.5654138317564872
2024,13,Hungarian,BOT,Kick Sauber,12,16,1,69,70,44.91612903225806,28.82387096774194,2,76.384,101.538011618169,85.31536923076922,85.243,1.6393446915729664,84.66309523809524,0.0652324675324674,1.707708512970406,0.9800102594714124,128.33600000000115,13,16,3.2158760054646773,-3,0,1.8333333333333333,2,16.0,2,0.0,0.5686907548333835
2024,13,Hungarian,SAR,Williams,14,17,1,69,70,44.91612903225806,28.82387096774194,2,76.543,101.74937190104616,85.15363492063491,85.083,2.0216589507022267,81.94033333333334,0.0750875213675215,1.6519491413956855,0.919007331524788,135.51800000000003,18,17,1.614353773934598,1,2,2.5,3,8.0,3,-8.0,0.4069564446990767
2024,13,Hungarian,OCO,Alpine,19,18,1,69,70,44.91612903225806,28.82387096774194,2,78.049,103.75131269358076,85.2235238095238,85.038,1.8418266516549653,84.78230000000002,0.0522342602892102,1.6265449762513706,0.8958475457137531,143.8560000000016,15,18,1.4376795265782876,-3,1,1.6666666666666667,3,6.0,3,-10.0,0.4768453335879599
2024,13,Hungarian,ZHO,Kick Sauber,18,19,1,69,70,44.91612903225806,28.82387096774194,2,78.037,103.73536097411832,85.56847692307693,85.483,1.90199269770296,84.90703333333333,0.0316949944382646,1.8433263792473515,0.9571831685142989,146.52500000000146,19,19,1.3356225020681145,0,1,1.5,2,7.0,2,-9.0,0.8217984471410915
2024,13,Hungarian,GAS,Alpine,20,20,1,33,70,44.91612903225806,28.82387096774194,2,78.166,103.9068419583394,85.61596551724139,85.703,0.8739339417157105,85.80066666666669,-0.0062808695652173,1.5001219919786042,0.790611312621351,71.69300000000021,20,15,3.639534602282567,5,1,4.5,2,28.0,2,12.0,0.8692870413055545
2024,14,Belgian,HAM,Mercedes,3,1,0,44,44,42.26715328467153,21.32846715328467,2,113.835,100.59738951386986,108.127475,107.965,1.2430952474491923,107.05226666666668,0.0297357142857143,0.0339061310782229,0.0096021471245834,0.5259999999998399,2,2,1.1511094014569694,0,1,2.6666666666666665,2,11.0,2,0.0,-1.255199999999988
2024,14,Belgian,PIA,McLaren,5,2,0,44,44,42.26715328467153,21.32846715328467,2,114.027,100.76706227520567,108.191925,108.158,1.652343128633877,106.778,-0.0976909090909093,-0.0263896405919673,0.0062783787739272,1.1729999999997744,4,3,1.2102015277810354,1,0,2.0,2,11.0,2,0.0,-1.1907499999999942
2024,14,Belgian,LEC,Ferrari,1,3,0,44,44,42.26715328467153,21.32846715328467,2,113.754,100.52580881768132,108.362525,108.124,1.2461194943627083,107.4375,-0.0065823529411765,0.2451126145172621,0.4003095542377401,8.548999999999978,1,4,1.4177595999668269,-3,-1,1.4,2,12.0,2,1.0,-1.0201499999999868
2024,14,Belgian,VER,Red Bull Racing,11,4,0,44,44,42.26715328467153,21.32846715328467,2,113.159,100.0,108.407675,108.1915,1.8960796990105668,106.99461538461536,0.0675824175824177,0.057565116279072,0.0271059191431289,9.226000000000568,9,5,1.9447984509452787,4,1,3.0,2,10.0,2,-1.0,-0.97499999999998
2024,14,Belgian,NOR,McLaren,4,5,0,44,44,42.26715328467153,21.32846715328467,2,113.981,100.72641150946896,108.47894999999998,108.115,1.8327426267475293,107.03791666666666,0.0487937062937067,0.1833286821705436,0.2752283162492993,9.850000000000364,7,6,1.6223856836627693,1,0,4.5,2,15.0,2,4.0,-0.9037250000000084
2024,14,Belgian,SAI,Ferrari,7,6,0,44,44,42.26715328467153,21.32846715328467,2,114.112,100.84217782058872,108.657825,108.393,1.7000913533146933,107.18453846153844,-0.0403846153846154,0.6117235377026079,0.6624749369973777,19.79500000000008,6,7,2.4662628471615995,-1,0,2.0,2,20.0,2,9.0,-0.7248499999999893
2024,14,Belgian,PER,Red Bull Racing,2,7,0,44,44,42.26715328467153,21.32846715328467,2,113.765,100.53552965296618,108.65223684210524,108.3645,1.368835951204043,108.01711764705884,0.0235049019607844,0.716355743481332,0.748737225659708,43.19500000000062,3,8,1.9168773055809187,-5,0,0.4285714285714285,3,11.0,3,0.0,-0.7304381578947385
2024,14,Belgian,ALO,Aston Martin,8,8,0,44,44,42.26715328467153,21.32846715328467,2,114.258,100.97119981618783,109.7227619047619,109.411,1.465783729589052,109.0737142857143,-0.08380021893815,1.083173854827343,0.9258816103287444,49.96299999999974,8,9,1.5319017737431675,-1,-1,1.75,1,13.0,1,2.0,0.3400869047619039
2024,14,Belgian,OCO,Alpine,9,9,0,44,44,42.26715328467153,21.32846715328467,2,114.46,101.14970970050987,109.382675,109.429,1.925412901271988,107.87836363636364,-0.205418181818182,1.1759436927413698,0.9295377772344564,52.55200000000059,11,10,1.94683567185122,1,0,6.5,2,12.0,2,1.0,0.0
2024,14,Belgian,RIC,RB,13,10,0,44,44,42.26715328467153,21.32846715328467,2,114.682,101.34589383080444,109.3625,109.0115,1.9735046270076264,108.2083,-0.031121804511278,1.0990676532769543,0.8358482538421237,54.92600000000039,14,11,2.1810252258836447,3,0,3.25,2,8.0,2,-3.0,-0.0201749999999947
2024,14,Belgian,STR,Aston Martin,15,11,0,44,44,42.26715328467153,21.32846715328467,2,115.716,102.25965234758172,110.00602380952378,109.5995,1.7798056140515797,109.31558620689655,-0.0471029556650246,1.2099675123326308,0.950018711528542,63.01100000000042,15,12,2.3547666560040144,3,0,3.0,1,12.0,1,1.0,0.6233488095237902
2024,14,Belgian,ALB,Williams,10,12,0,44,44,42.26715328467153,21.32846715328467,2,114.473,101.161197960392,109.616925,109.437,1.5556659450834256,108.59844444444444,0.0086026831785341,1.3605067653276954,0.9198469859960628,63.65099999999984,10,13,2.2800726964412963,-3,0,2.0,2,8.0,2,-3.0,0.2342500000000029
2024,14,Belgian,GAS,Alpine,12,13,0,44,44,42.26715328467153,21.32846715328467,2,114.635,101.30435935276913,109.60785,109.659,1.8393702176114244,108.15838461538462,0.0007087912087915,1.376888372093022,0.931837758703804,64.36499999999978,12,14,1.9978847164890543,-2,0,2.5,2,9.0,2,-2.0,0.2251750000000214
2024,14,Belgian,MAG,Haas F1 Team,17,14,0,44,44,42.26715328467153,21.32846715328467,2,116.5,102.95248278970296,110.11269047619048,109.777,2.0691530196994803,109.00624999999998,-0.0600226086956522,1.3819980972515875,0.9315030840938237,66.63100000000031,17,15,2.294745353364174,2,0,2.2,1,17.0,2,6.0,0.7300154761904736
2024,14,Belgian,BOT,Kick Sauber,14,15,0,44,44,42.26715328467153,21.32846715328467,2,114.764,101.41835823929162,109.85012499999998,109.674,1.8659669685083125,108.074,-0.0700571428571424,1.4564915433403829,0.9470707633290376,70.63799999999992,13,16,2.304857449972437,-3,0,2.75,2,11.0,2,0.0,0.4674499999999852
2024,14,Belgian,TSU,RB,20,16,0,44,44,42.26715328467153,21.32846715328467,2,116.593,103.03466803347504,110.29830952380954,109.627,2.1671830934175573,109.34442307692308,-0.0765876923076924,1.619588442565184,0.9514146561225189,76.73700000000008,19,17,1.9322565104010687,2,1,3.0,1,15.0,2,4.0,0.915634523809544
2024,14,Belgian,SAR,Williams,18,17,0,44,44,42.26715328467153,21.32846715328467,2,117.23,103.59759276769856,110.100525,109.815,2.403410728020515,108.52123529411766,-0.0317083333333336,1.86619309372798,0.9315984689928296,86.05699999999979,20,18,0.8995535655735863,2,1,1.75,2,8.0,2,-3.0,0.7178499999999985
2024,14,Belgian,HUL,Haas F1 Team,16,18,0,44,44,42.26715328467153,21.32846715328467,2,116.308,102.78281002836717,110.17204999999998,109.6805,1.781405293005699,109.47876190476192,-0.0184844155844155,1.8330675828047869,0.9541066441634308,88.83299999999963,16,19,1.6366572440376417,-3,0,1.0,2,7.0,2,-4.0,0.7893749999999926
2024,14,Belgian,ZHO,Kick Sauber,19,19,1,5,44,42.26715328467153,21.32846715328467,2,117.775,104.07921597044869,,,,,,,,,18,20,1.0954451150103324,-2,-2,0.0,1,5.0,1,-6.0,
2024,14,Belgian,RUS,Mercedes,6,20,1,44,44,42.26715328467153,21.32846715328467,2,114.095,100.82715471151212,108.56980952380954,108.1285,1.409569182377043,107.91899999999995,-0.0438758064516127,-0.2512427061310752,0.3071478944454704,0.0,5,1,2.526811827715904,4,0,4.0,1,10.0,2,-1.0,-0.8128654761904528
2024,15,Dutch,NOR,McLaren,1,1,0,72,72,30.80588235294118,19.00588235294118,2,69.673,100.0,75.30182857142859,74.9015,0.9886334437638477,74.70668292682927,0.0019484320557491,-0.0227784744999665,0.0758536129244318,0.0,2,1,0.5522397134356254,1,0,3.0,1,28.0,2,0.5,-1.288446790890248
2024,15,Dutch,VER,Red Bull Racing,2,2,0,72,72,30.80588235294118,19.00588235294118,2,70.029,100.51095833393136,75.62787142857142,75.2415,0.8217261069383252,75.12038095238096,0.0050626367393241,0.3241608142002641,0.8495065123716171,22.89600000000064,1,2,0.7645306025618079,-1,0,1.5,1,27.0,2,-0.5,-0.9624039337474102
2024,15,Dutch,LEC,Ferrari,6,3,0,72,72,30.80588235294118,19.00588235294118,2,70.582,101.30466608298764,75.68245714285716,75.28200000000001,1.1648375975093817,75.11435555555555,-0.0129457180500658,0.2996052640041148,0.6429648194852424,25.439000000000306,5,3,1.2218665010871168,2,0,5.0,1,24.0,2,-3.5,-0.9078182194616744
2024,15,Dutch,PIA,McLaren,3,4,0,72,72,30.80588235294118,19.00588235294118,2,70.172,100.71620283323526,75.69701428571429,75.315,1.1775602448400435,74.91536111111112,0.013044144144144,0.3782978648144579,0.8007575880032965,27.33700000000136,4,4,0.8446415839400838,0,0,2.0,1,33.0,2,5.5,-0.8932610766045457
2024,15,Dutch,SAI,Ferrari,10,5,0,72,72,30.80588235294118,19.00588235294118,2,70.914,101.78117778766524,75.75807142857144,75.146,1.4869603887537044,74.88215384615384,0.0011572874493926,0.3861973760370419,0.8630852437858588,32.137000000000626,9,5,1.450203698389699,4,0,4.5,1,30.0,2,2.5,-0.8322039337473939
2024,15,Dutch,PER,Red Bull Racing,5,6,0,72,72,30.80588235294118,19.00588235294118,2,70.416,101.06641023064888,75.83344285714286,75.382,1.263910639793423,75.128875,-0.0015453095684802,0.5565823043282512,0.951610791384385,39.54200000000128,6,6,0.7959944715562062,0,0,3.0,1,29.0,2,1.5,-0.7568325051759786
2024,15,Dutch,RUS,Mercedes,4,7,0,72,72,30.80588235294118,19.00588235294118,2,70.244,100.81954272099664,75.62995588235296,75.49549999999999,1.195289578775394,74.41986666666666,0.0084464285714284,0.7252824940510625,0.8662425485984178,44.61700000000019,3,7,1.7095423982070774,-4,0,0.8,2,25.0,3,-2.5,-0.9603194799658752
2024,15,Dutch,HAM,Mercedes,14,8,0,72,72,30.80588235294118,19.00588235294118,2,70.948,101.82997717910813,75.7104411764706,75.27000000000001,1.849578260781848,74.44957142857143,0.0455727272727271,0.6219273425943781,0.7425587123529791,49.59900000000016,13,8,2.1022381693837096,5,1,10.0,2,23.0,2,-4.5,-0.8798341858482388
2024,15,Dutch,GAS,Alpine,9,9,1,71,72,30.80588235294118,19.00588235294118,2,70.815,101.63908544199332,76.46601449275362,76.394,1.3936691574312416,75.67708333333331,-0.028820205920206,1.2788569081153585,0.9572842010387486,82.42100000000028,7,9,1.5764871934866342,-2,0,1.4,1,32.0,2,4.5,-0.1242608695652194
2024,15,Dutch,ALO,Aston Martin,7,10,1,71,72,30.80588235294118,19.00588235294118,2,70.633,101.377865170152,76.5401304347826,76.357,1.3695533719497486,75.77664864864866,-0.022242057847321,1.2966326961770611,0.9725199298420868,87.35000000000036,8,10,1.428933555712035,-2,0,1.5,1,31.0,2,3.5,-0.0501449275362375
2024,15,Dutch,HUL,Haas F1 Team,12,11,1,71,72,30.80588235294118,19.00588235294118,2,71.215,102.21319592955663,76.64042028985506,76.32,1.3449289223051362,76.32442592592594,-0.0058689918048409,1.1117257880616989,0.9238251377806364,93.03099999999904,11,11,2.3981884511194056,0,0,2.0,1,14.0,2,-13.5,0.0501449275362233
2024,15,Dutch,RIC,RB,13,12,1,71,72,30.80588235294118,19.00588235294118,2,71.943,103.25807701692187,76.65276811594204,76.259,1.654318156548524,75.8143076923077,-0.0139961538461539,1.289241784037557,0.9825242948393073,94.884,15,13,1.522203211037923,2,0,3.5,1,29.0,2,1.5,0.0624927536232036
2024,15,Dutch,STR,Aston Martin,8,13,1,71,72,30.80588235294118,19.00588235294118,2,70.661,101.41805290428142,76.67434782608696,76.322,1.4210222276078237,75.9115,-0.0109168399168399,1.356098960429242,0.9850946966975248,94.52900000000044,10,12,1.423714076148628,-2,0,1.3333333333333333,1,30.0,2,2.5,0.0840724637681233
2024,15,Dutch,ALB,Williams,19,14,1,71,72,30.80588235294118,19.00588235294118,2,70.653,101.40657069453016,76.6581641791045,76.456,1.8387171878457111,74.99028571428572,-0.0417538461538465,1.5464453386988586,0.9223420989732912,114.52800000000023,17,14,2.4953881002007967,3,0,1.5714285714285714,2,12.0,2,-15.5,0.0678888167856683
2024,15,Dutch,OCO,Alpine,15,15,1,71,72,30.80588235294118,19.00588235294118,2,71.995,103.33271138030516,77.03814492753621,77.218,1.712744222820434,76.24471052631579,0.0106417551154393,1.6316237424547262,0.9934132403337268,120.69499999999972,16,15,1.548413870087216,1,0,1.0,1,30.0,2,2.5,0.4478695652173741
2024,15,Dutch,SAR,Williams,18,16,1,71,72,30.80588235294118,19.00588235294118,2,,,77.25342028985509,76.931,1.689203096187816,76.77745652173913,0.0066361393771199,1.8123349094567351,0.9717360697567872,138.35599999999977,18,16,1.2868316182321964,2,0,1.5,1,22.0,2,-5.5,0.6631449275362513
2024,15,Dutch,TSU,RB,11,17,1,71,72,30.80588235294118,19.00588235294118,2,70.955,101.84002411264048,76.98314925373136,76.816,1.4237638152545606,76.74386111111112,0.0072745173745172,1.918501844399732,0.9835018669963956,138.96299999999974,12,17,2.0022120563797112,-5,-1,1.8,2,14.0,3,-13.5,0.3928738914125205
2024,15,Dutch,MAG,Haas F1 Team,20,18,1,71,72,30.80588235294118,19.00588235294118,2,71.295,102.3280180270693,77.07835294117646,76.97,1.1640001636752448,76.61721428571427,0.0222156540777231,1.8994642857142792,0.9399234702509144,139.52399999999943,20,18,3.2204077625266097,2,0,2.0,1,40.0,2,12.5,0.4880775788576272
2024,15,Dutch,BOT,Kick Sauber,16,19,1,70,72,30.80588235294118,19.00588235294118,2,72.168,103.58101416617627,77.17040909090908,76.887,1.459415362157292,76.62241666666667,-0.0167260869565217,2.1842107777097333,0.9587427831038552,152.07200000000012,14,19,2.136200841977898,-5,0,1.0,2,15.0,3,-12.5,0.5801337285902406
2024,15,Dutch,ZHO,Kick Sauber,17,20,1,70,72,30.80588235294118,19.00588235294118,2,73.261,105.14977107344308,77.60549999999999,77.555,1.8523732656742304,76.46618749999999,0.0032573529411764,2.648502948123518,0.9633043590300272,184.8429999999989,19,20,0.8011379070857729,-1,0,1.0,2,18.0,3,-9.5,1.0152246376811576
2024,16,Italian,LEC,Ferrari,4,1,0,53,53,49.31127819548872,33.1015037593985,2,79.461,100.16892104831898,84.03229411764706,83.718,0.859673875236828,83.59937142857143,-0.0051366946778711,-0.0824095307208488,0.0606527326339059,0.0,2,1,1.4979424688745744,1,0,2.5,1,15.0,2,0.0,-1.1747947303921509
2024,16,Italian,PIA,McLaren,2,2,0,53,53,49.31127819548872,33.1015037593985,2,79.436,100.13740592736396,83.62528571428572,83.48,1.107343141638279,82.50725,-0.0375559440559444,0.1762815674891163,0.2167551713120189,2.66399999999976,1,2,0.956226254720977,-1,0,1.5,2,16.0,2,1.0,-1.581803133753482
2024,16,Italian,NOR,McLaren,1,3,0,53,53,49.31127819548872,33.1015037593985,2,79.327,100.0,83.71706122448981,83.601,1.2865298676440189,82.6685,-0.0659205366357066,0.2738115626511868,0.2143668736222366,6.152999999999338,3,3,1.3669858147423557,0,0,1.75,2,14.0,2,-1.0,-1.4900276235493948
2024,16,Italian,SAI,Ferrari,5,4,0,53,53,49.31127819548872,33.1015037593985,2,79.467,100.17648467734818,84.33625490196079,83.931,1.0548300307279317,83.7291935483871,0.0127314516129031,0.2634938719561359,0.4609214949719268,15.621000000000096,4,4,1.1028397175793667,0,0,1.75,1,19.0,2,4.0,-0.8708339460784202
2024,16,Italian,HAM,Mercedes,6,5,0,53,53,49.31127819548872,33.1015037593985,2,79.513,100.23447249990546,84.01516326530613,83.673,1.4326043351611255,82.6436923076923,0.0556978021978019,0.4934059022738303,0.62217580808985,22.81999999999971,5,5,1.2482207947293522,0,0,2.0,2,15.0,2,0.0,-1.1919255827330772
2024,16,Italian,VER,Red Bull Racing,7,6,0,53,53,49.31127819548872,33.1015037593985,2,79.662,100.42230262079748,84.25151020408164,83.621,1.422337162947675,82.86311111111111,0.0241999999999999,0.8370832123851036,0.7937492750624414,37.93199999999979,6,6,1.5486779792161909,0,0,1.75,2,22.0,2,7.0,-0.9555786439575656
2024,16,Italian,RUS,Mercedes,3,7,0,53,53,49.31127819548872,33.1015037593985,2,79.44,100.14244834671676,84.13730612244898,84.521,1.5840302922724472,82.842,-0.1052524509803917,0.8076393323657464,0.569099132511267,39.71500000000015,7,7,2.420881582038358,0,0,4.333333333333333,2,11.0,2,-4.0,-1.0697827255902297
2024,16,Italian,PER,Red Bull Racing,8,8,0,53,53,49.31127819548872,33.1015037593985,2,80.062,100.926544556078,84.64612244897958,84.537,1.4365165278178589,83.58286666666665,0.0175821428571428,1.22875979680697,0.8293663792621865,54.14800000000014,8,8,1.9903613896824013,0,0,2.25,2,23.0,2,8.0,-0.5609663990596232
2024,16,Italian,ALB,Williams,9,9,0,53,53,49.31127819548872,33.1015037593985,2,80.299,101.22530790273174,85.30811764705882,85.065,1.217429696484504,84.77254545454547,-0.034129344919786,1.276581115949043,0.9601070101557933,67.45600000000013,9,10,1.4811343865826494,-1,0,2.0,1,17.0,2,2.0,0.1010287990196161
2024,16,Italian,MAG,Haas F1 Team,13,10,0,53,53,49.31127819548872,33.1015037593985,2,80.698,101.72828923317408,85.13849019607844,84.799,1.541043339722138,84.54633333333332,-0.0474813384813384,0.9609879858087452,0.8371961494516608,58.30199999999968,12,9,2.549794379711797,3,0,3.0,1,14.0,2,-1.0,-0.0685986519607695
2024,16,Italian,ALO,Aston Martin,11,11,0,53,53,49.31127819548872,33.1015037593985,2,80.421,101.37910169299232,84.89667346938775,84.891,1.5005464891686835,83.53113333333333,-0.0131892857142855,1.3089643605870047,0.8497452604532669,68.49499999999989,10,11,1.780396394277049,-1,0,2.2,2,12.0,2,-3.0,-0.3104153786514558
2024,16,Italian,COL,Williams,18,12,0,53,53,49.31127819548872,33.1015037593985,2,81.061,102.1858887894412,85.57829411764705,85.128,1.7313054646031436,84.88514705882353,-0.0159423987776929,1.3599891952910856,0.9505247316549392,81.30799999999999,18,13,1.90522922596818,5,1,2.5,1,16.0,2,1.0,0.3712052696078416
2024,16,Italian,RIC,RB,12,13,0,53,53,49.31127819548872,33.1015037593985,2,80.479,101.452216773608,85.39272549019607,85.047,1.257290293900838,84.97284615384618,-0.0116864372469636,1.223961699725854,0.8178158436532521,78.45199999999932,11,12,2.27372190928326,-1,0,2.0,1,11.0,2,-4.0,0.1856366421568651
2024,16,Italian,OCO,Alpine,15,14,1,52,53,49.31127819548872,33.1015037593985,2,80.764,101.81148915249535,85.95837999999999,86.019,1.5931168640275517,84.95927777777777,-0.0110536635706911,1.9383909331512048,0.9059385107613888,95.92699999999968,15,14,2.806478177123902,1,1,2.0,1,31.0,2,16.0,0.7512911519607854
2024,16,Italian,GAS,Alpine,14,15,1,52,53,49.31127819548872,33.1015037593985,2,80.738,101.77871342670213,85.522875,85.316,1.6395177368892566,84.69705263157896,-0.0629684210526314,1.9819489883036017,0.9017278110032828,101.61200000000008,13,15,1.7380273487079287,-2,0,1.25,2,10.0,2,-5.0,0.3157861519607934
2024,16,Italian,BOT,Kick Sauber,19,16,1,52,53,49.31127819548872,33.1015037593985,2,81.101,102.23631298296922,86.23104000000001,86.31700000000001,1.827361999144769,84.87025,-0.1440999999999998,2.2474475796124005,0.9192712141123012,110.47899999999936,19,16,3.005462598313985,3,0,1.4285714285714286,1,33.0,2,18.0,1.0239511519608016
2024,16,Italian,HUL,Haas F1 Team,10,17,1,52,53,49.31127819548872,33.1015037593985,2,80.339,101.2757320962598,85.27568749999999,85.25800000000001,1.86739083142422,84.2745882352941,-0.019762254901961,1.901123836762575,0.8155477314612207,114.13799999999992,16,17,0.9607689228305228,-1,0,1.6666666666666667,2,5.0,2,-10.0,0.0685986519607837
2024,16,Italian,ZHO,Kick Sauber,20,18,1,52,53,49.31127819548872,33.1015037593985,2,81.445,102.6699610473105,86.39211999999999,85.94399999999999,1.713480675736511,85.98323529411765,0.0289937356760886,2.0849620080252724,0.9788550870272312,123.3229999999994,20,18,1.7549756887703494,2,0,2.0,1,15.0,2,0.0,1.1850311519607857
2024,16,Italian,STR,Aston Martin,17,19,1,52,53,49.31127819548872,33.1015037593985,2,81.013,102.12537975720753,85.49943478260869,85.2305,1.9780275658361617,84.3281,0.0691696969696967,2.025209510799968,0.9511441560890328,126.77599999999984,17,19,2.5628598044126223,-2,-1,2.6,3,19.0,3,4.0,0.2923459345694823
2024,16,Italian,TSU,RB,16,20,1,7,53,49.31127819548872,33.1015037593985,2,80.945,102.0396586282098,89.39166666666665,88.0055,3.58266636273414,88.39425,,,,,14,19,2.299068134204441,-5,-1,0.0,1,7.0,1,-8.0,4.184577818627446
2024,17,Azerbaijan,PIA,McLaren,2,1,0,51,51,44.34934210526316,26.70592105263158,2,101.686,100.31667735411634,108.0814375,107.8375,0.9210485908186044,107.67659375,-0.0102157258064516,-0.0829333031674191,0.1380891969487555,0.0,2,1,0.6727176373545166,1,0,1.5,1,15.0,2,0.5,-1.7773437500000142
2024,17,Azerbaijan,LEC,Ferrari,1,2,0,51,51,44.34934210526316,26.70592105263158,2,101.365,100.0,108.20785416666666,107.91,1.07204953818501,107.99200000000002,0.0327858870967741,0.0626137556561084,0.1721722145793583,10.9479999999985,1,2,0.4826397999239062,-1,0,0.5,1,16.0,2,1.5,-1.6509270833333431
2024,17,Azerbaijan,RUS,Mercedes,5,3,0,51,51,44.34934210526316,26.70592105263158,2,101.874,100.50214571104424,108.70097916666664,108.3095,2.6653578937329216,108.22511428571428,0.0168708683473389,0.2145929411764729,0.1529011529429225,31.344999999999345,6,3,1.6775332029676264,3,0,7.0,1,12.0,2,-2.5,-1.157802083333365
2024,17,Azerbaijan,NOR,McLaren,15,4,0,51,51,44.34934210526316,26.70592105263158,2,103.609,102.21378187737383,108.92589583333331,108.915,3.53612019772352,107.6195,1.0352424242424247,0.2990973755656145,0.2868774932095045,36.11599999999999,12,4,2.1894578073568987,8,1,2.5,1,37.0,2,22.5,-0.9328854166666928
2024,17,Azerbaijan,VER,Red Bull Racing,6,5,0,51,51,44.34934210526316,26.70592105263158,2,102.023,100.64913924924775,108.50158695652176,108.374,1.360909917438197,108.12457575757576,-0.0486577540106952,0.5795394570135824,0.3615031259312999,77.23099999999977,5,5,0.9505416412576072,0,0,1.6666666666666667,2,12.0,3,-2.5,-1.3571942934782584
2024,17,Azerbaijan,ALO,Aston Martin,7,6,0,51,51,44.34934210526316,26.70592105263158,2,102.369,100.99047994870024,109.836625,109.078,5.993245838956569,109.684875,-0.1683452380952376,0.9220484162895984,0.6926669817688689,85.47799999999916,7,6,1.4842968890696906,1,0,2.0,1,11.0,2,-3.5,-0.0221562499999947
2024,17,Azerbaijan,ALB,Williams,9,7,0,51,51,44.34934210526316,26.70592105263158,2,102.84,101.45513737483354,109.8809375,109.18,6.036443667006824,109.39707142857144,-0.0199354132457581,1.090963529411763,0.6698306839147948,87.40899999999965,9,7,2.439864991443295,2,0,1.8,1,31.0,2,16.5,0.0221562499999947
2024,17,Azerbaijan,COL,Williams,8,8,0,51,51,44.34934210526316,26.70592105263158,2,102.473,101.09307946529869,109.89383333333332,109.167,4.801133294108948,109.70902702702702,0.0944881460407776,1.0738333031674252,0.7636677294028192,89.55899999999929,8,8,1.7388298973058598,0,0,1.75,1,10.0,2,-4.5,0.0350520833333121
2024,17,Azerbaijan,HAM,Mercedes,19,9,0,51,51,44.34934210526316,26.70592105263158,2,102.289,100.91155724362451,109.5507021276596,108.576,4.915519393649384,109.35317142857144,0.1264946778711485,0.8349235294117641,0.6466691745513212,92.43399999999929,17,9,1.8894962499119632,8,1,10.0,1,12.0,2,-2.5,-0.3080791223404162
2024,17,Azerbaijan,BEA,Haas F1 Team,10,10,0,51,51,44.34934210526316,26.70592105263158,2,102.968,101.58141370295468,109.92635416666668,108.7415,5.111481787445447,109.42457575757574,0.1544057486631016,1.056555384615388,0.7922078024458833,93.18399999999929,10,10,1.5494464539717046,0,0,1.6,1,14.0,2,-0.5,0.0675729166666627
2024,17,Azerbaijan,HUL,Haas F1 Team,12,11,0,51,51,44.34934210526316,26.70592105263158,2,103.101,101.71262270014306,109.963375,108.747,5.710064968237169,109.588875,0.2116158357771259,0.9308660633484174,0.7623151011485475,93.51999999999862,13,11,1.4562912873891305,2,1,2.25,1,15.0,2,0.5,0.1045937499999922
2024,17,Azerbaijan,GAS,Alpine,18,12,0,51,51,44.34934210526316,26.70592105263158,2,103.088,101.69979776056825,109.89279591836736,109.647,2.349358006097905,109.51995744680848,-0.0526492830712303,1.2340987330316804,0.8003874616206184,117.21999999999936,15,12,1.5906590075913103,3,0,1.5,1,50.0,2,35.5,0.0340146683673481
2024,17,Azerbaijan,RIC,RB,14,13,0,51,51,44.34934210526316,26.70592105263158,2,103.547,102.15261678094016,110.2016875,109.5585,2.4009852955875552,109.84469565217393,-0.0555805118717236,1.6641246153846143,0.8097309446118055,146.95299999999952,14,13,1.3949488710849498,1,1,1.25,1,49.0,2,34.5,0.3429062499999986
2024,17,Azerbaijan,ZHO,Kick Sauber,17,14,0,51,51,44.34934210526316,26.70592105263158,2,104.246,102.84220391653923,110.2726595744681,110.276,2.7443785015649693,108.10083333333334,0.0157202797202797,2.022076561085975,0.9027848511621048,148.8769999999986,18,14,1.5280385992455534,4,0,2.0,1,34.0,2,19.5,0.4138783244680866
2024,17,Azerbaijan,OCO,Alpine,20,15,1,50,51,44.34934210526316,26.70592105263158,2,104.504,103.09672964040844,110.44857446808508,110.349,1.38593968663363,110.34526666666665,-0.0494997364953886,1.89106084033614,0.8697201902125838,174.70799999999872,19,15,1.1337134216586569,4,0,2.0,1,49.0,2,34.5,0.5897932180850773
2024,17,Azerbaijan,BOT,Kick Sauber,16,16,1,50,51,44.34934210526316,26.70592105263158,2,103.618,102.22266068169486,110.77404255319144,109.692,3.594617824261389,110.0608,0.0838893557422969,1.8981236974789908,0.8231321875351143,178.79399999999987,16,16,0.8769148144698746,0,-1,1.0,1,11.0,2,-3.5,0.9152613031914428
2024,17,Azerbaijan,PER,Red Bull Racing,4,17,1,50,51,44.34934210526316,26.70592105263158,2,101.813,100.441967148424,108.14757446808512,107.927,1.0571270900659688,107.8192121212121,-0.0099358288770053,-0.0039230252100768,4.879356015964949e-05,46.52499999999964,3,3,0.7225709954996914,0,0,1.5,1,13.0,2,-1.5,-1.711206781914882
2024,17,Azerbaijan,SAI,Ferrari,3,18,1,50,51,44.34934210526316,26.70592105263158,2,101.805,100.43407487791644,108.13751063829788,107.939,1.2587142486152187,107.53200000000002,-0.0229704433497537,0.0809490996398604,0.0343911373199495,47.09499999999935,4,4,0.911938952485979,0,0,5.0,1,17.0,2,2.5,-1.721270611702124
2024,17,Azerbaijan,STR,Aston Martin,13,19,1,45,51,44.34934210526316,26.70592105263158,2,103.37,101.97800029596016,109.4663,109.422,0.8449321684199089,108.8097894736842,0.0274894736842105,1.5632299077733862,0.8920552576853179,113.02900000000044,20,19,1.119162746219357,1,0,1.6666666666666667,3,1.0,2,-13.5,-0.392481250000003
2024,17,Azerbaijan,TSU,RB,11,20,1,14,51,44.34934210526316,26.70592105263158,2,103.035,101.6475114684556,113.0461818181818,111.648,3.682293628112288,112.02344444444444,-0.2836166666666666,5.803127472527461,0.8588601332631359,102.66700000000036,11,20,2.7174648819470297,-9,-3,0.0,2,12.0,2,-2.5,3.1874005681818005
2024,18,Singapore,NOR,McLaren,1,1,0,62,62,36.445625,30.786250000000003,2,89.525,100.0,97.11816666666668,96.8595,1.0175467368047144,96.70989655172414,0.0280650246305418,0.0,,0.0,1,1,0.0,0,0,0.0,1,30.0,2,1.0,-1.7057655367231632
2024,18,Singapore,VER,Red Bull Racing,2,2,0,62,62,36.445625,30.786250000000003,2,89.68,100.17313599553196,97.44423333333332,97.116,0.9645348464708242,96.71746666666668,-0.0253041156840932,0.4378754501271709,0.6924658884163355,20.94499999999971,2,2,0.3551390488960159,0,0,1.0,1,29.0,2,0.0,-1.3796988700565151
2024,18,Singapore,PIA,McLaren,5,3,0,62,62,36.445625,30.786250000000003,2,89.64,100.12845573862047,97.8408,98.15,1.374325113881016,96.6947619047619,0.019381818181818,0.6480730276245895,0.6120299372761034,41.82300000000032,5,3,1.041700598777494,2,0,5.0,1,38.0,2,9.0,-0.9831322033898432
2024,18,Singapore,RUS,Mercedes,4,4,0,62,62,36.445625,30.786250000000003,2,89.867,100.38201619659311,98.16078333333331,98.1735,0.9661387080059184,97.7966875,-0.0029050586510263,0.9318450555261782,0.861395691957518,61.039999999999054,4,4,0.7176847433229435,0,0,1.3333333333333333,1,27.0,2,-2.0,-0.6631488700565029
2024,18,Singapore,LEC,Ferrari,9,5,0,62,62,36.445625,30.786250000000003,2,89.747,100.24797542585868,98.17915,98.6135,1.7730640320824311,96.72265217391303,0.0899001976284585,0.9310842587696178,0.775866725084477,62.43000000000029,8,5,1.446014234204107,3,0,3.0,1,36.0,2,7.0,-0.6447822033898376
2024,18,Singapore,HAM,Mercedes,3,6,0,62,62,36.445625,30.786250000000003,2,89.841,100.35297402960066,98.53748333333333,98.32,0.8746653111317352,98.38257142857142,-0.0357626373626371,1.1782090100979588,0.735302671778163,85.24799999999959,3,6,2.7091028954525016,-3,0,2.25,1,17.0,2,-12.0,-0.2864488700565033
2024,18,Singapore,SAI,Ferrari,10,7,0,62,62,36.445625,30.786250000000003,2,90.108,100.65121474448478,98.74285,98.4615,1.5651399658534906,98.47695652173913,-0.0073356768424298,1.1682531540379315,0.7441775771134309,96.03900000000068,12,7,3.7770004523048097,5,0,3.0,1,13.0,2,-16.0,-0.0810822033898261
2024,18,Singapore,ALO,Aston Martin,7,8,1,61,62,36.445625,30.786250000000003,2,90.214,100.7696174253002,98.74659322033898,98.562,1.1763291985671016,98.34466666666664,0.0029328208556149,1.5246219989423575,0.9017721778766176,98.79500000000009,7,8,1.6816268469726026,-1,0,2.333333333333333,1,25.0,2,-4.0,-0.0773389830508506
2024,18,Singapore,HUL,Haas F1 Team,6,9,1,61,62,36.445625,30.786250000000003,2,90.115,100.65903378944428,98.73762711864408,98.607,1.175071133551953,98.13775862068964,0.0324684729064039,1.6342249074563706,0.979806172266054,101.0619999999999,6,9,1.8126754672932428,-3,0,1.0,1,29.0,2,0.0,-0.08630508474576
2024,18,Singapore,PER,Red Bull Racing,13,10,1,61,62,36.445625,30.786250000000003,2,90.579,101.1773247696174,98.85662711864408,98.681,1.4394828441361314,98.16076666666666,0.0284892102335928,1.546735113696457,0.9484410032365328,102.54600000000028,10,10,0.8019784279562038,0,0,2.0,1,28.0,2,-1.0,0.0326949152542397
2024,18,Singapore,COL,Williams,12,11,1,61,62,36.445625,30.786250000000003,2,90.481,101.06785814018428,98.79537288135592,98.823,1.4346327284217355,98.1196551724138,0.035218226600985,1.6321882072977252,0.9805020608280498,104.20600000000012,9,11,1.52573551196104,-2,0,2.5,1,29.0,2,0.0,-0.0285593220338995
2024,18,Singapore,TSU,RB,8,12,1,61,62,36.445625,30.786250000000003,2,90.289,100.8533929070092,98.85249152542372,98.95,1.804343345765905,97.49956,-0.0340838461538461,1.8451612374405144,0.942003884200492,106.71399999999994,11,12,1.5037294257253695,-1,0,2.0,1,33.0,2,4.0,0.0285593220338853
2024,18,Singapore,OCO,Alpine,15,13,1,61,62,36.445625,30.786250000000003,2,90.769,101.38955598994694,99.42213559322036,99.221,1.6302618835278266,98.79779310344826,0.0114522167487685,2.2917945531464907,0.9889173273116172,141.92699999999968,13,13,1.3748323295683111,0,0,2.333333333333333,1,29.0,2,0.0,0.5982033898305161
2024,18,Singapore,STR,Aston Martin,17,14,1,61,62,36.445625,30.786250000000003,2,91.094,101.75258307735268,99.50698305084748,99.494,1.978454713010108,98.7051875,0.0146433284457476,2.187347117927026,0.9405887705881384,145.4930000000004,18,14,1.7079051175959346,4,0,4.0,1,26.0,2,-3.0,0.6830508474576362
2024,18,Singapore,ZHO,Kick Sauber,20,15,1,61,62,36.445625,30.786250000000003,2,92.054,102.82490924322812,99.68393220338984,99.727,2.1962718400335537,98.38458333333332,0.0103930434782609,2.471113537810681,0.974645275187114,155.14199999999985,20,15,1.5781984610668147,5,0,2.5,1,34.0,2,5.0,0.8599999999999994
2024,18,Singapore,BOT,Kick Sauber,19,16,1,61,62,36.445625,30.786250000000003,2,91.572,102.28651214744484,99.69806779661016,99.848,2.1490187886440326,98.362,0.0081653846153843,2.444930936012692,0.9750226156344756,155.7510000000002,19,16,1.2633981412792954,3,0,2.0,1,33.0,2,4.0,0.8741355932203305
2024,18,Singapore,GAS,Alpine,18,17,1,61,62,36.445625,30.786250000000003,2,91.312,101.99609047752024,99.622406779661,99.491,2.211273514474253,98.0352380952381,0.0728233766233763,2.640525013220516,0.9645012953987854,156.98099999999977,17,17,2.115774735703316,0,0,1.5,1,37.0,2,8.0,0.7984745762711754
2024,18,Singapore,RIC,RB,16,18,1,61,62,36.445625,30.786250000000003,2,91.085,101.7425300195476,99.27892727272724,99.045,2.191712250092467,97.609125,0.0126547619047624,2.55875859333686,0.8938333584163554,187.7180000000008,16,18,2.4841574530142245,-2,0,1.3333333333333333,3,10.0,2,-19.0,0.4549950693374143
2024,18,Singapore,MAG,Haas F1 Team,14,19,1,57,62,36.445625,30.786250000000003,2,90.653,101.25998324490368,99.39553846153844,99.3295,1.9474492664895096,98.295,0.008051470588235,3.731609605911325,0.8261909584908569,245.4979999999996,14,19,2.188200299647737,-5,0,1.5,3,28.0,3,-1.0,0.5716062581486057
2024,18,Singapore,ALB,Williams,11,20,1,15,62,36.445625,30.786250000000003,2,90.474,101.06003909522478,100.22775,99.3005,3.4423536906916152,99.448,0.0394285714285717,4.9665321428571465,0.7758300071081257,97.51199999999972,15,20,1.944467120049188,-5,0,0.0,2,11.0,2,-18.0,1.40381779661017
2024,19,United States,LEC,Ferrari,4,1,0,56,56,46.60193548387097,28.12129032258064,2,92.74,100.4440593523232,99.42148076923078,99.033,3.376303597133274,98.47929629629633,-0.0190134310134311,0.0003124060150376,8.50190074745459e-06,0.0,1,1,0.5317821055584776,0,0,2.0,1,26.0,2,0.0,-2.157872171945684
2024,19,United States,SAI,Ferrari,3,2,0,56,56,46.60193548387097,28.12129032258064,2,92.652,100.34874905231236,99.64017307692308,99.017,3.5180547416911296,98.64015625,-0.0122641129032259,-0.002258646616544,2.8980847413888085e-05,8.570999999999913,3,2,0.8966025339558793,1,0,3.0,1,21.0,2,-5.0,-1.93917986425339
2024,19,United States,VER,Red Bull Racing,2,3,0,56,56,46.60193548387097,28.12129032258064,2,92.361,100.03357521932202,99.79990384615384,99.1055,3.3514850688976288,98.80539285714283,0.0037840722495895,0.2954113465481845,0.6161832200328354,19.40099999999984,2,4,0.9920135629571348,-2,0,1.0,1,25.0,2,-1.0,-1.7794490950226134
2024,19,United States,NOR,McLaren,1,4,0,56,56,46.60193548387097,28.12129032258064,2,92.33,100.0,99.75923076923078,99.5005,3.6517768579434255,98.32704545454544,0.0165889328063241,0.2131641490088865,0.3913682813817978,15.332000000000336,4,3,0.932633472916984,1,0,5.0,1,31.0,2,5.0,-1.820122171945684
2024,19,United States,PIA,McLaren,5,5,0,56,56,46.60193548387097,28.12129032258064,2,92.95,100.67150438643996,100.8840566037736,99.55,7.77867212421022,98.32638095238094,0.0029090909090908,0.3206738892686215,0.5223253002617575,21.907999999999447,5,5,0.929844282452922,0,0,2.0,1,32.0,2,6.0,-0.6952963374028798
2024,19,United States,RUS,Mercedes,20,6,0,56,56,46.60193548387097,28.12129032258064,2,92.974,100.69749810462471,101.5252307692308,99.907,8.366407685114591,98.21230769230768,0.0720494505494512,0.7382512645249545,0.6544302080724338,56.27300000000105,19,6,4.115065762994102,13,1,7.0,1,40.0,2,14.0,-0.0541221719456785
2024,19,United States,PER,Red Bull Racing,9,7,0,56,56,46.60193548387097,28.12129032258064,2,93.02,100.7473193978122,100.80653846153844,100.046,4.626140933831154,99.24848148148148,-0.0266214896214896,0.9500909432672584,0.936132725988804,59.01699999999983,9,7,1.4743477536528815,2,0,3.0,1,26.0,2,0.0,-0.7728144796380292
2024,19,United States,HUL,Haas F1 Team,11,8,0,56,56,46.60193548387097,28.12129032258064,2,93.544,101.31484891151304,101.80254716981132,100.329,8.296398918914798,99.0575,-0.0360502564102563,1.0806210184552352,0.9277967411346612,62.96100000000115,11,8,1.697878737658319,3,0,4.5,1,27.0,2,1.0,0.2231942286348527
2024,19,United States,LAW,RB,19,9,0,56,56,46.60193548387097,28.12129032258064,2,93.339,101.09281923535146,101.11665384615388,100.568,5.143013875245263,98.6644705882353,-0.0373848039215686,1.2166346206425191,0.8966192985953658,70.59300000000076,14,9,1.8725633517970777,5,1,5.0,1,36.0,2,10.0,-0.4626990950226002
2024,19,United States,COL,Williams,15,10,0,56,56,46.60193548387097,28.12129032258064,2,94.062,101.87587999566772,102.0940754716981,100.542,8.409270477023137,98.23242857142858,-0.0309846153846156,1.2164165413533872,0.8761334390466387,71.91300000000047,16,10,2.377860546630264,6,1,5.0,1,39.0,2,13.0,0.5147225305216381
2024,19,United States,MAG,Haas F1 Team,8,11,0,56,56,46.60193548387097,28.12129032258064,2,93.474,101.2390339001408,100.78352,100.3735,4.228305571951478,98.69666666666669,-0.0464714285714288,1.512940806561857,0.902173289110279,79.76499999999942,7,11,2.5425598104293217,-4,0,4.0,2,17.0,2,-9.0,-0.7958329411764566
2024,19,United States,GAS,Alpine,6,12,0,56,56,46.60193548387097,28.12129032258064,2,93.018,100.74515325463014,102.04018867924528,100.712,7.818618897459803,100.12494285714288,-0.0755778711484593,1.615223239917973,0.909438545897116,85.53900000000067,6,12,3.521363372331802,-6,0,1.5,1,18.0,2,-8.0,0.4608357380688233
2024,19,United States,ALO,Aston Martin,7,13,1,55,56,46.60193548387097,28.12129032258064,2,93.309,101.0603270876205,102.57301923076923,101.133,8.15056661927925,100.06765384615385,-0.0272324786324783,1.801225901875899,0.98044919136623,101.246000000001,10,13,2.07323816729205,-3,0,1.2,1,26.0,2,0.0,0.9936662895927668
2024,19,United States,TSU,RB,10,14,1,55,56,46.60193548387097,28.12129032258064,2,93.506,101.27369219105384,101.57935294117648,100.953,4.74554619753524,100.56479411764708,-0.0451775401069517,1.857203391053392,0.932884580619914,102.72400000000016,8,14,3.243537994310953,-6,0,1.6666666666666667,1,18.0,2,-8.0,0.0
2024,19,United States,STR,Aston Martin,13,15,1,55,56,46.60193548387097,28.12129032258064,2,93.759,101.54770930358497,101.93482352941176,101.416,4.890650798026301,100.192,-0.0134399999999998,2.0490020202020145,0.9820990949829804,116.47099999999956,13,15,1.8861536940492831,-2,1,2.5,1,27.0,2,1.0,0.3554705882353062
2024,19,United States,ALB,Williams,14,16,1,55,56,46.60193548387097,28.12129032258064,2,94.051,101.86396620816636,102.18907843137256,101.524,6.020406420975705,99.79289473684211,0.010117543859649,2.04750339105339,0.9680029743019646,117.61299999999936,18,16,1.5876204585916374,2,1,2.5,2,3.0,2,-23.0,0.6097254901960838
2024,19,United States,BOT,Kick Sauber,16,17,1,55,56,46.60193548387097,28.12129032258064,2,94.152,101.9733564388606,103.25507692307691,101.151,8.144013251284902,101.31416216216216,0.022082740635372,2.11376738816739,0.9291104475014176,133.8050000000003,17,17,1.3804795926502882,0,1,1.75,1,15.0,2,-11.0,1.675723981900461
2024,19,United States,OCO,Alpine,12,18,1,55,56,46.60193548387097,28.12129032258064,2,93.597,101.37225170583774,102.90616,101.398,8.164085965210491,100.109375,-0.0106411764705884,2.129903102453101,0.931957160834854,141.65300000000025,20,18,2.254363520409892,2,1,2.75,2,31.0,3,5.0,1.3268070588235474
2024,19,United States,ZHO,Kick Sauber,18,19,1,55,56,46.60193548387097,28.12129032258064,2,94.228,102.05566987977906,104.03413725490196,101.42,10.733633511573997,100.02164705882352,-0.0715661764705879,2.718718903318907,0.9529141833867856,148.78100000000086,15,19,2.002523660309913,-4,1,1.3333333333333333,2,13.0,2,-13.0,2.454784313725497
2024,20,Mexico City,SAI,Ferrari,1,1,0,71,71,35.60251572327045,19.88867924528302,2,75.946,100.0,85.08520289855073,81.037,13.405747837247793,80.61227777777779,-0.0169148005148005,-0.0115713950368877,0.2760404574574893,0.0,2,1,0.3184469354605651,1,0,1.0,1,32.0,2,1.5,-1.1494492085607677
2024,20,Mexico City,NOR,McLaren,3,2,0,71,71,35.60251572327045,19.88867924528302,2,76.26,100.41345166302374,85.13847826086956,80.845,13.428421241803315,80.40765789473683,-0.0235484188642082,0.048355063715627,0.0318014886125174,4.704999999999927,3,2,0.5987915395587035,1,0,1.5,1,30.0,2,-0.5,-1.096173846241939
2024,20,Mexico City,LEC,Ferrari,4,3,0,71,71,35.60251572327045,19.88867924528302,2,76.265,100.42003528823112,85.36768656716418,81.15,13.58766902903863,80.78608823529412,0.0145877769289534,0.169846881287727,0.3058397079270326,34.387000000000626,4,3,0.7043983690882918,1,0,1.0,2,31.0,3,0.5,-0.8669655399473157
2024,20,Mexico City,HAM,Mercedes,6,4,0,71,71,35.60251572327045,19.88867924528302,2,76.651,100.92829115424118,85.6786086956522,81.474,13.289344629546802,81.13895,-0.0203911819887429,0.5935692488262911,0.7646898298379741,44.780000000000655,5,4,0.9649803742752588,1,0,3.0,1,28.0,2,-2.5,-0.5560434114592994
2024,20,Mexico City,RUS,Mercedes,5,5,0,71,71,35.60251572327045,19.88867924528302,2,76.356,100.53985726700547,85.74204347826085,81.69,13.26003805494804,81.23872972972973,0.001269084874348,0.6100458752515067,0.9304900540971588,48.53600000000006,6,5,0.8271061768398299,1,0,2.0,1,31.0,2,0.5,-0.4926086288506468
2024,20,Mexico City,VER,Red Bull Racing,2,6,0,71,71,35.60251572327045,19.88867924528302,2,76.171,100.2962631343323,85.62171014492752,81.57,13.270381196153298,81.36054761904762,-0.0168515517381087,0.944336418511068,0.790535767585113,59.5580000000009,1,6,3.011781026186697,-5,0,1.75,1,26.0,2,-4.5,-0.6129419621839816
2024,20,Mexico City,MAG,Haas F1 Team,7,7,0,71,71,35.60251572327045,19.88867924528302,2,76.886,101.23772153898824,85.94369565217391,81.905,13.22551286040417,81.28144736842107,-0.0298000875369296,0.922459758551309,0.8973730901664518,63.64199999999983,7,7,1.356109953223332,0,0,6.0,1,30.0,2,-0.5,-0.2909564549375858
2024,20,Mexico City,PIA,McLaren,17,8,0,71,71,35.60251572327045,19.88867924528302,2,77.597,102.17391304347824,86.02813043478261,82.664,13.75856021762991,80.74510344827588,-0.0327561576354679,0.7951529845741089,0.8220871902573714,64.92799999999988,17,8,3.6486540061148616,9,0,4.5,1,39.0,2,8.5,-0.2065216723288898
2024,20,Mexico City,HUL,Haas F1 Team,10,9,1,70,71,35.60251572327045,19.88867924528302,2,76.995,101.3812445685092,86.32761764705883,82.2345,13.21617563626631,81.77207894736841,-0.0045841995841996,1.1370878838246858,0.9345191991704496,83.30499999999847,8,9,1.5473212008341135,-1,0,3.5,1,29.0,2,-1.5,0.092965539947329
2024,20,Mexico City,GAS,Alpine,8,10,1,70,71,35.60251572327045,19.88867924528302,2,76.892,101.24562188923709,86.54107352941178,82.527,13.165879131034895,82.12707692307691,-0.020094939271255,1.4076052838771738,0.9495321395606768,99.17199999999866,9,10,1.784682931980318,-1,0,2.0,1,28.0,2,-2.5,0.306421422300275
2024,20,Mexico City,STR,Aston Martin,14,11,1,70,71,35.60251572327045,19.88867924528302,2,77.294,101.7749453559108,86.64632352941177,82.85849999999999,13.249654037095524,82.16151219512194,-0.0368519163763066,1.4734793806316189,0.9385739459383382,105.65699999999924,11,11,2.331528435323167,0,0,1.25,1,26.0,2,-4.5,0.4116714223002731
2024,20,Mexico City,COL,Williams,16,12,1,70,71,35.60251572327045,19.88867924528302,2,77.558,102.12256076686069,86.6680588235294,83.0155,13.388864403911889,81.48485,0.0368849624060148,1.4762226576852386,0.9112253744615249,108.08199999999852,14,12,2.188810240553333,2,0,2.0,1,47.0,2,16.5,0.433406716417906
2024,20,Mexico City,OCO,Alpine,20,13,1,70,71,35.60251572327045,19.88867924528302,2,77.617,102.2002475443078,86.14168656716417,83.225,12.501187540206846,81.3182105263158,-0.0002228070175438,1.6587691015659174,0.917013465398338,120.2479999999996,18,13,2.03265270487448,5,0,1.5,1,48.0,2,17.5,-0.092965539947329
2024,20,Mexico City,BOT,Kick Sauber,15,14,1,70,71,35.60251572327045,19.88867924528302,2,77.393,101.90530113501698,86.91569117647059,83.2685,13.441388102688098,81.58377777777778,0.0863797729618161,1.6709610007873354,0.9177576179814896,122.8119999999999,15,14,1.7604464895730585,1,0,1.25,1,49.0,2,18.5,0.6810390693590875
2024,20,Mexico City,ZHO,Kick Sauber,19,15,1,70,71,35.60251572327045,19.88867924528302,2,78.072,102.79935743817975,87.16370588235293,83.52000000000001,13.439568968588889,82.13179166666667,0.0332317391304345,1.9973624529787424,0.9437040030681568,142.30699999999888,16,15,1.089095204465263,1,0,1.0,1,43.0,2,12.5,0.929053775241428
2024,20,Mexico City,LAW,RB,12,16,1,70,71,35.60251572327045,19.88867924528302,2,77.162,101.60113765043586,86.81954545454546,83.0095,13.380463727944006,81.88095454545454,-0.0043269339356296,1.8075552620068267,0.9126137505088352,145.05099999999948,10,16,3.003965632927501,-6,0,1.5714285714285714,2,39.0,3,8.5,0.5848933474339617
2024,20,Mexico City,PER,Red Bull Racing,18,17,1,70,71,35.60251572327045,19.88867924528302,2,77.611,102.19234719405894,86.869890625,82.74600000000001,13.7370865249585,81.85238095238094,0.0800766233766235,1.9733239436619752,0.9331951580223928,153.86899999999878,13,17,1.9510044129785296,-4,0,1.25,3,20.0,3,-10.5,0.6352385178884958
2024,20,Mexico City,ALO,Aston Martin,13,18,1,15,71,35.60251572327045,19.88867924528302,2,77.168,101.6090380006847,102.70128571428572,84.26599999999999,23.66750412055956,97.86658333333332,-4.994716783216784,-0.0428214285714489,0.0009826531559229,27.391999999999825,12,17,1.2983506020002016,-5,0,0.0,1,15.0,1,-15.5,16.466633607174217
2024,21,São Paulo,VER,Red Bull Racing,17,1,0,69,69,25.769651741293536,21.66268656716417,2,87.771,105.23469815958276,88.0506119402985,84.269,12.761295774611918,86.87291176470589,-0.6449300229182583,-0.2415259773474606,0.7294426983958396,0.0,11,1,2.9628993196726454,10,1,9.0,1,32.0,1,5.0,-0.3093239954075955
2024,21,São Paulo,OCO,Alpine,4,2,0,69,69,25.769651741293536,21.66268656716417,2,84.475,101.2828967088304,88.32616417910448,84.504,12.954261076896453,87.52288235294118,-0.627585026737968,0.0692317500913365,0.0682316503360485,19.406999999999243,4,2,1.1931889685831445,2,0,2.0,1,32.0,1,5.0,-0.0337717566016095
2024,21,São Paulo,GAS,Alpine,13,3,0,69,69,25.769651741293536,21.66268656716417,2,89.42,107.2117978538457,88.44259701492538,84.41,12.013281042069588,87.40441176470588,-0.6156653934300993,-0.0325415052977772,0.0108350408261387,22.52999999999884,9,3,3.079993467735901,6,0,4.0,1,32.0,1,5.0,0.0826610792192923
2024,21,São Paulo,RUS,Mercedes,2,4,0,69,69,25.769651741293536,21.66268656716417,2,83.578,100.20742161740904,87.57841538461538,84.338,11.614533606774083,84.59036,-0.0108384615384615,0.3281732919254639,0.7567773022473995,23.214999999998327,1,4,1.5953630592149195,-3,0,0.6666666666666666,2,28.0,1,1.0,-0.7815205510907077
2024,21,São Paulo,LEC,Ferrari,6,5,0,69,69,25.769651741293536,21.66268656716417,2,84.525,101.34284515316828,88.39370769230769,84.652,11.08573298450969,84.83680952380952,-0.0709571428571429,0.2356113628059866,0.2507414619676626,30.152000000000044,5,5,1.5185693451156514,0,0,2.0,2,24.0,1,-3.0,0.0337717566015953
2024,21,São Paulo,NOR,McLaren,1,6,0,69,69,25.769651741293536,21.66268656716417,2,83.405,100.0,87.66895384615385,84.437,11.331079152643031,84.55232,-0.008196923076923,0.4724936061381065,0.8287583480878172,31.302999999999884,2,6,1.891336194379652,-4,0,0.6666666666666666,2,28.0,1,1.0,-0.6909820895522358
2024,21,São Paulo,TSU,RB,3,7,0,69,69,25.769651741293536,21.66268656716417,2,84.111,100.84647203405072,87.95773846153847,84.724,10.394811977130892,85.01335999999999,0.0040007692307693,0.5055403361344538,0.7599987702745806,42.01800000000003,3,8,2.369618010158282,-5,0,0.0,2,28.0,2,1.0,-0.4021974741676217
2024,21,São Paulo,PIA,McLaren,8,8,0,69,69,25.769651741293536,21.66268656716417,2,84.686,101.53587914393624,88.14160000000001,84.83,10.685806976721503,85.121125,-0.0243430434782608,0.2667961271465089,0.3703781129104719,34.90799999999945,7,7,0.5657909084535218,0,0,1.3333333333333333,2,27.0,1,0.0,-0.2183359357060794
2024,21,São Paulo,LAW,RB,5,9,0,69,69,25.769651741293536,21.66268656716417,2,84.484,101.29368742881124,88.20518461538462,84.814,9.51061456658478,85.81156000000001,0.1309884615384616,0.4754080014614462,0.5111253542258345,50.40499999999884,6,9,1.6312955954372874,-3,0,1.0,2,28.0,2,1.0,-0.1547513203214663
2024,21,São Paulo,HAM,Mercedes,14,10,0,69,69,25.769651741293536,21.66268656716417,2,91.15,109.286014027936,88.48947692307692,84.794,9.901943736124002,85.58791666666667,-0.0849173913043478,0.2767801242236,0.1886423331094549,50.66599999999926,10,10,1.5091367088962178,0,-1,0.875,2,27.0,1,0.0,0.1295409873708308
2024,21,São Paulo,PER,Red Bull Racing,12,11,0,69,69,25.769651741293536,21.66268656716417,2,88.158,105.69869911875789,88.70464615384616,85.233,10.394510121680172,85.48408333333332,-0.0214208695652174,0.1393997442455213,0.0438563210747883,51.461999999999534,18,11,2.758231886055793,7,0,3.5,2,27.0,2,0.0,0.3447102181400652
2024,21,São Paulo,BEA,Haas F1 Team,15,12,0,69,69,25.769651741293536,21.66268656716417,2,91.229,109.38073256998982,88.5838923076923,84.941,9.487996889364805,85.46616666666665,-0.1321556521739131,0.2885377785896894,0.1490435652416847,57.09099999999853,13,12,1.7534523248190894,1,0,1.8333333333333333,2,27.0,1,0.0,0.2239563719862047
2024,21,São Paulo,BOT,Kick Sauber,11,13,0,69,69,25.769651741293536,21.66268656716417,2,86.472,103.6772375756849,89.53307462686567,85.203,10.2074749471834,88.03441176470588,-0.5691893048128344,0.3270931677018581,0.2027388464444885,63.52399999999943,15,13,1.6967447897372263,2,0,1.5,1,32.0,1,5.0,1.1731386911595791
2024,21,São Paulo,ALO,Aston Martin,9,14,0,69,69,25.769651741293536,21.66268656716417,2,85.035,101.95431928541454,88.86593846153846,84.692,10.511681594000736,85.174375,-0.0651108695652172,0.8071671538180437,0.7578673886157941,77.93099999999868,8,14,2.672441530513876,-6,0,0.8,2,27.0,1,0.0,0.5060025258323719
2024,21,São Paulo,ZHO,Kick Sauber,19,15,0,69,69,25.769651741293536,21.66268656716417,2,92.263,110.62046639889697,88.7940158730159,86.01,8.570574064207516,86.57537500000001,-0.049874347826087,0.1777610157106318,0.000467827348281,79.58999999999833,16,15,1.642622816921181,1,0,1.6666666666666667,4,27.0,2,0.0,0.4340799373098036
2024,21,São Paulo,SAI,Ferrari,20,16,1,39,69,25.769651741293536,21.66268656716417,2,89.406,107.19501228943108,89.03845454545456,85.792,8.993445384316392,85.50691304347825,-0.0203853754940713,0.7726937246963528,0.2784075492214682,96.06999999999972,17,13,1.1974368073260144,4,0,2.5,2,27.0,1,0.0,0.6785186097484655
2024,21,São Paulo,COL,Williams,16,17,1,30,69,25.769651741293536,21.66268656716417,2,91.27,109.42989029434686,87.60596296296298,85.655,5.341624403475619,85.7026956521739,-0.0615978260869566,1.7961530589543968,0.7854505288369908,74.59999999999945,12,16,1.4259499757471623,-4,0,0.25,2,26.0,1,-1.0,-0.7539729727431137
2024,21,São Paulo,HUL,Haas F1 Team,18,20,1,30,69,25.769651741293536,21.66268656716417,2,91.623,109.85312631137222,85.821625,84.8775,3.517497761965852,85.0255,-0.0978740824392998,6.104990656284768,0.4069788411005743,324.3189999999995,14,18,2.534588315887707,-4,0,2.0,4,25.0,2,-2.0,-2.538310935706093
2024,22,Las Vegas,RUS,Mercedes,1,1,0,50,50,17.723776223776223,17.825174825174823,2,92.312,100.0,97.64697826086952,97.6725,1.221739533781975,96.50486666666666,0.0227749999999999,-0.0004501800720288,0.0153122473479187,0.0,1,1,0.1414213562373094,0,0,1.0,2,12.0,2,1.0,-1.2063321256038932
2024,22,Las Vegas,HAM,Mercedes,10,2,0,50,50,17.723776223776223,17.825174825174823,2,92.567,100.27623710893492,97.79200000000002,97.284,2.209672192882917,96.45875,0.0277766917293231,-0.0646222809123641,0.0133496405805208,7.313000000000102,10,2,2.7571058472719585,8,0,6.5,2,13.0,2,2.0,-1.0613103864734086
2024,22,Las Vegas,SAI,Ferrari,2,3,0,50,50,17.723776223776223,17.825174825174823,2,92.41,100.1061617124534,97.82415217391303,97.535,1.7291390017692654,96.45300000000002,-0.0519561403508774,0.2365042496998853,0.1492099248617347,11.90600000000086,3,3,1.5200698157972743,0,0,2.25,2,10.0,2,-1.0,-1.029158212560375
2024,22,Las Vegas,LEC,Ferrari,4,4,0,50,50,17.723776223776223,17.825174825174823,2,92.783,100.5102261894445,97.8353260869565,97.6905,1.633653289129038,96.313125,0.0237088235294119,0.1968195438175337,0.1576082785684847,14.283000000001266,2,4,2.5250580918756977,-2,0,1.6,2,9.0,2,-2.0,-1.0179842995169253
2024,22,Las Vegas,VER,Red Bull Racing,5,5,0,50,50,17.723776223776223,17.825174825174823,2,92.797,100.5253921483664,97.94191304347824,97.6785,1.5431551491968505,96.96500000000002,-0.0455458646616538,0.2758356782713122,0.2602509064604268,16.582000000000335,5,5,1.1228607778930622,0,0,1.3333333333333333,2,11.0,2,0.0,-0.9113973429951728
2024,22,Las Vegas,NOR,McLaren,6,6,0,50,50,17.723776223776223,17.825174825174823,2,93.008,100.75396481497528,98.15336363636362,98.199,1.984021744663625,96.32771428571428,-0.0994901098901101,0.5566704921968806,0.5660961068887531,43.38500000000022,6,6,2.224263235045598,0,0,2.0,3,9.0,3,-2.0,-0.6999467501098025
2024,22,Las Vegas,PIA,McLaren,8,7,0,50,50,17.723776223776223,17.825174825174823,2,93.024,100.77129733945748,98.53936956521738,98.2045,1.844920779493988,97.5495,-0.032435347261434,0.8843084753901576,0.6604951157804134,51.36499999999978,8,7,2.7947472595742817,1,-1,2.333333333333333,2,10.0,2,-1.0,-0.3139408212560397
2024,22,Las Vegas,HUL,Haas F1 Team,9,8,0,50,50,17.723776223776223,17.825174825174823,2,93.062,100.81246208510272,98.8091304347826,98.51,1.956426454405476,97.29764285714286,-0.0656813186813186,1.1802676590636272,0.9428944570362546,59.8080000000009,9,8,2.260666327633948,1,1,2.0,2,14.0,2,3.0,-0.0441799516908361
2024,22,Las Vegas,TSU,RB,7,9,0,50,50,17.723776223776223,17.825174825174823,2,93.029,100.77671375335817,98.84806521739132,98.502,1.6767687099785966,97.747,-0.0531393188854489,1.2346795198079286,0.8879651687888118,62.8080000000009,7,9,2.0618992631621387,-2,0,1.6,2,10.0,2,-1.0,-0.0052451690821158
2024,22,Las Vegas,PER,Red Bull Racing,15,10,0,50,50,17.723776223776223,17.825174825174823,2,94.155,101.99649016379236,98.82806521739133,98.2835,2.611135252483733,97.21366666666668,-0.0531178571428575,1.2089642737094854,0.8656095971082779,63.1140000000014,17,10,3.724381882697217,7,1,3.4,2,17.0,2,6.0,-0.0252451690820976
2024,22,Las Vegas,ALO,Aston Martin,16,11,0,50,50,17.723776223776223,17.825174825174823,2,94.258,102.10806829014643,99.02969565217391,98.52,2.379670601570872,97.92134782608694,0.0044812252964426,0.9610600720288118,0.656616581659325,69.19499999999971,15,11,3.2000637748746987,4,1,2.0,2,4.0,2,-7.0,0.1763852657004889
2024,22,Las Vegas,MAG,Haas F1 Team,12,12,0,50,50,17.723776223776223,17.825174825174823,2,93.297,101.06703353843488,99.38997916666666,98.9765,2.537563033402896,98.14536666666665,-0.0728042269187985,1.2663158223289357,0.729724078582972,69.80299999999988,14,12,2.972252632984908,2,-1,1.5,1,17.0,2,6.0,0.5366687801932386
2024,22,Las Vegas,ZHO,Kick Sauber,13,13,0,50,50,17.723776223776223,17.825174825174823,2,93.566,101.35843660629172,99.01721739130436,99.2595,2.1907029507346474,96.98923076923074,-0.0046868131868133,1.467483313325334,0.9514498343882244,74.08500000000095,12,13,2.5197991497542103,-1,0,2.4,2,11.0,2,0.0,0.1639070048309321
2024,22,Las Vegas,COL,Williams,20,14,0,50,50,17.723776223776223,17.825174825174823,2,93.746,101.55342750671636,98.85855555555554,98.333,1.6082081863698716,97.83552380952382,-0.0100272727272726,1.2734475870348176,0.789879156766276,75.17200000000048,20,14,2.793870842704488,6,0,2.6,2,16.0,2,5.0,0.0052451690821158
2024,22,Las Vegas,STR,Aston Martin,18,15,0,50,50,17.723776223776223,17.825174825174823,2,94.484,102.3528901984574,98.9975652173913,98.602,2.47036343392064,97.82873684210529,-0.0441842105263158,1.3952621368547489,0.8324958160751041,84.10200000000077,18,15,1.7686614332048187,3,0,2.25,2,9.0,2,-2.0,0.1442548309178732
2024,22,Las Vegas,LAW,RB,14,16,0,50,50,17.723776223776223,17.825174825174823,2,94.087,101.92282693474306,99.41460869565218,99.341,2.287343305897437,97.20222222222222,0.0204333333333337,1.6999713805522243,0.9217555827890188,91.00500000000102,13,16,2.338323138926872,-3,0,1.25,2,11.0,2,0.0,0.5612983091787527
2024,22,Las Vegas,OCO,Alpine,11,17,1,49,50,17.723776223776223,17.825174825174823,2,93.221,100.98470404714448,99.39411363636364,99.21,1.8753123425539835,99.12496551724136,0.0361812807881772,1.571247653061232,0.8555382958020712,99.9270000000015,11,17,3.185185734500472,-6,0,0.9166666666666666,3,11.0,3,0.0,0.5408032498902173
2024,22,Las Vegas,BOT,Kick Sauber,19,18,1,49,50,17.723776223776223,17.825174825174823,2,94.43,102.29439292833004,99.75946666666668,99.498,2.826854319814614,97.632,-0.0407636363636364,2.2099983673469423,0.9424296769296489,109.15200000000004,19,18,3.029475381717992,1,0,1.3333333333333333,2,17.0,2,6.0,0.906156280193244
2024,22,Las Vegas,ALB,Williams,17,19,1,25,50,17.723776223776223,17.825174825174823,2,94.425,102.28897651442932,100.05727272727272,99.3585,3.102524949929504,99.04358333333334,0.0455909090909094,1.0527453846153765,0.5306120545591699,50.29699999999957,16,14,3.431714828867146,2,-1,1.4,2,9.0,2,-2.0,1.2039623407993076
2024,22,Las Vegas,GAS,Alpine,3,20,1,15,50,17.723776223776223,17.825174825174823,2,92.664,100.3813155386082,100.23116666666664,99.6515,1.8921656103443207,100.04357142857144,0.412785714285714,2.3117500000000013,0.6957401242983626,32.676000000000386,4,18,4.949266419908924,-14,0,0.4,2,10.0,2,-1.0,1.377856280193228
2024,23,Qatar,VER,Red Bull Racing,2,1,0,57,57,22.77350993377484,18.926490066225167,2,80.52,100.0,90.98155769230767,84.8785,17.41357083518198,86.99932258064516,-0.3983920863309353,0.0,,0.0,1,1,0.0,0,0,0.0,3,35.0,2,0.0,-1.8309521116138685
2024,23,Qatar,LEC,Ferrari,5,2,0,57,57,22.77350993377484,18.926490066225167,2,80.852,100.41231992051664,92.44907547169808,85.189,18.69108310629703,89.27665625,-0.7085749633431084,-0.0599268861809666,0.0628943097672468,6.012000000000626,4,2,1.1547005383792517,2,0,3.0,3,35.0,2,0.0,-0.363434332223477
2024,23,Qatar,PIA,McLaren,4,3,0,57,57,22.77350993377484,18.926490066225167,2,80.829,100.38375558867362,92.5618846153846,85.43,18.72359201298667,89.31277419354836,-0.721087903225806,0.0250064817215482,0.0038153080651584,6.825000000000728,5,3,0.6362090102803517,2,0,2.0,3,34.0,2,-1.0,-0.2506251885369437
2024,23,Qatar,RUS,Mercedes,1,4,0,57,57,22.77350993377484,18.926490066225167,2,80.575,100.06830601092898,92.81250980392156,85.916,18.4976912249854,85.868375,-0.0530833333333337,0.1375441405237223,0.0142016043944153,9.08599999999933,3,4,2.732887059356459,-1,0,3.0,4,23.0,2,-12.0,0.0
2024,23,Qatar,GAS,Alpine,11,5,0,57,57,22.77350993377484,18.926490066225167,2,81.437,101.1388474913065,93.21803773584908,86.369,17.9292016296173,89.8655,-0.6511466275659822,-0.1675957350272281,0.0351919934268625,16.763999999999214,12,5,2.490583770684494,7,0,8.0,3,35.0,2,0.0,0.4055279319275229
2024,23,Qatar,SAI,Ferrari,7,6,0,57,57,22.77350993377484,18.926490066225167,2,81.041,100.64704421261798,92.75573076923077,85.37100000000001,18.072027335208546,89.47338709677419,-0.7302931451612904,0.1524169691470078,0.0345892733274846,17.45800000000054,6,6,0.8878178593486651,0,0,2.0,3,34.0,2,-1.0,-0.0567790346907912
2024,23,Qatar,ALO,Aston Martin,8,7,0,57,57,22.77350993377484,18.926490066225167,2,81.208,100.85444610034774,93.27771698113212,86.481,17.49555382571126,90.36375,-0.6802082111436952,-0.052684923515688,0.0028880794451638,19.84900000000016,8,7,1.770334774282136,1,0,1.75,3,35.0,2,0.0,0.4652071772105586
2024,23,Qatar,ZHO,Kick Sauber,12,8,0,57,57,22.77350993377484,18.926490066225167,2,81.501,101.2183308494784,93.43971698113208,86.428,17.545084454470825,89.96465624999999,-0.6224034090909089,-0.0734438682914167,0.0054573192011009,25.34200000000056,15,8,2.1967736652511225,7,0,4.0,3,35.0,2,0.0,0.6272071772105079
2024,23,Qatar,MAG,Haas F1 Team,10,9,0,57,57,22.77350993377484,18.926490066225167,2,81.387,101.07675111773472,94.15809615384616,86.52,17.748958751298034,91.2339411764706,-1.9967303921568624,0.1586704692766397,0.0147287532913489,32.15899999999965,11,9,2.1360376030407355,2,0,3.333333333333333,3,27.0,2,-8.0,1.345586349924602
2024,23,Qatar,NOR,McLaren,3,10,0,57,57,22.77350993377484,18.926490066225167,2,80.772,100.3129657228018,91.38342,85.007,17.629230905805397,83.53866666666666,-0.1665166666666664,0.592075706507644,0.5090340283286675,35.66899999999987,2,10,4.337283720854329,-8,0,2.5,4,35.0,2,0.0,-1.4290898039215705
2024,23,Qatar,BOT,Kick Sauber,13,11,0,57,57,22.77350993377484,18.926490066225167,2,81.731,101.5039741679086,93.69821153846154,87.60300000000001,16.01417630595766,89.10114285714285,1.056249999999999,0.3803580502981621,0.0268953784834011,50.2450000000008,13,11,2.158360790798921,2,0,1.75,3,24.0,2,-11.0,0.8857017345399782
2024,23,Qatar,HAM,Mercedes,6,12,0,57,57,22.77350993377484,18.926490066225167,2,81.011,100.6097863884749,92.62133333333335,86.47,16.661012136922135,84.74257142857142,0.1132857142857146,0.8078326419497022,0.1557854432582959,56.07699999999932,9,12,3.311614708861808,-3,0,1.6,4,34.0,2,-1.0,-0.1911764705882035
2024,23,Qatar,TSU,RB,14,13,0,57,57,22.77350993377484,18.926490066225167,2,81.771,101.55365126676602,92.96709803921568,87.433,15.51580975812078,86.99957142857143,0.0828087912087912,0.3937833808659597,0.0910481592645307,61.082000000000335,10,13,1.4819295827469507,-3,0,0.8181818181818182,4,35.0,3,0.0,0.1545882352941276
2024,23,Qatar,LAW,RB,17,14,0,57,57,22.77350993377484,18.926490066225167,2,82.411,102.34848484848484,92.91643137254904,87.514,15.299687503024236,87.03735714285713,0.0401956043956049,0.2804927404718715,0.0449558953401175,62.63299999999981,14,14,1.4800257398019097,0,0,1.5,4,35.0,3,0.0,0.1039215686274701
2024,23,Qatar,ALB,Williams,16,15,1,56,57,22.77350993377484,18.926490066225167,2,82.39,102.32240437158472,94.65932,87.469,17.220955697057,90.4261875,-0.5885223607038124,0.2471605946684871,0.0310775417375255,96.72699999999897,16,15,2.125601519142715,1,0,1.6,4,35.0,2,0.0,1.8468101960784509
2024,23,Qatar,HUL,Haas F1 Team,18,16,1,40,57,22.77350993377484,18.926490066225167,2,82.442,102.38698460009934,92.61946875,87.4615,13.085235644418471,87.64911538461538,-0.1304413675213676,1.3041408067542275,0.3189692527389038,55.03900000000067,18,13,1.1506027288669678,5,0,3.0,4,1.0,2,-34.0,-0.1930410539215472
2024,23,Qatar,PER,Red Bull Racing,9,17,1,39,57,22.77350993377484,18.926490066225167,2,81.425,101.1239443616493,92.19252941176472,86.384,16.760319204372035,89.7073125,-0.671142961876833,0.512695951417009,0.4160310838516238,10.171000000000276,7,5,0.7951667654786408,2,0,3.0,3,35.0,2,0.0,-0.6199803921568474
2024,23,Qatar,STR,Aston Martin,15,18,1,8,57,22.77350993377484,18.926490066225167,2,81.911,101.72752111276702,,,,,,,,,17,18,0.4629100498862757,-1,0,0.0,3,1.0,2,-34.0,
2024,24,Abu Dhabi,NOR,McLaren,1,1,0,58,58,31.80540540540541,26.76824324324324,2,82.595,100.0,89.18233928571428,88.3925,3.3421366126084173,88.05799999999999,0.00085960591133,0.0,,0.0,1,1,0.0,0,0,0.0,1,26.0,2,12.0,-1.2945535714285796
2024,24,Abu Dhabi,SAI,Ferrari,3,2,0,58,58,31.80540540540541,26.76824324324324,2,82.824,100.27725649252378,89.29864285714287,88.44,3.4533960804274515,88.1901,-0.0111601779755283,0.0631390076594123,0.1493055168497447,5.831999999998516,2,2,0.0,0,0,0.0,1,25.0,2,11.0,-1.1782499999999914
2024,24,Abu Dhabi,LEC,Ferrari,19,3,0,58,58,31.80540540540541,26.76824324324324,2,82.98,100.46612991101156,89.72085714285716,88.59,3.722845834371001,88.4982,-0.0076218487394958,0.3608475499092582,0.4134849367049645,31.927999999999884,8,3,1.8442861517558435,5,0,9.0,1,20.0,2,6.0,-0.7560357142857015
2024,24,Abu Dhabi,HAM,Mercedes,16,4,0,58,58,31.80540540540541,26.76824324324324,2,83.887,101.56425933773232,89.80821428571429,89.646,4.2593648383267215,87.69252380952382,-0.0177506493506494,0.5370218401058108,0.6179134784226105,36.483000000000175,12,4,2.913607850724595,8,0,5.0,1,34.0,2,20.0,-0.6686785714285719
2024,24,Abu Dhabi,RUS,Mercedes,6,5,0,58,58,31.80540540540541,26.76824324324324,2,83.132,100.650160421333,89.81998214285714,88.77250000000001,3.4347807154622974,88.51958620689658,0.0017999999999999,0.6027669568427205,0.9819368008927328,37.53799999999865,4,5,0.7372632967834687,-1,0,1.5,1,26.0,2,12.0,-0.6569107142857149
2024,24,Abu Dhabi,VER,Red Bull Racing,4,6,0,58,58,31.80540540540541,26.76824324324324,2,82.945,100.42375446455596,89.85332142857143,89.26150000000001,3.969812892806928,88.23738461538461,-0.0198222222222222,0.8820534928788955,0.8321703349395414,49.84699999999975,11,6,2.166748102150552,5,1,13.0,1,29.0,2,15.0,-0.6235714285714238
2024,24,Abu Dhabi,GAS,Alpine,5,7,0,58,58,31.80540540540541,26.76824324324324,2,82.984,100.47097281917792,90.42546428571428,89.64850000000001,3.226607415984027,89.72312195121951,-0.0037780487804878,1.086525023839553,0.8454862836804713,72.55999999999949,3,7,1.7845203856091327,-4,0,1.0,1,14.0,2,0.0,-0.0514285714285733
2024,24,Abu Dhabi,HUL,Haas F1 Team,7,8,0,58,58,31.80540540540541,26.76824324324324,2,82.886,100.35232156910224,90.47689285714286,89.785,3.2612241019066963,89.70278571428572,0.0023548334818896,1.0760057214925107,0.8220637914120569,75.55400000000009,5,8,1.6080747545474825,-3,0,1.0,1,13.0,2,-1.0,0.0
2024,24,Abu Dhabi,ALO,Aston Martin,8,9,0,58,58,31.80540540540541,26.76824324324324,2,83.196,100.72764695199469,90.16666666666669,89.7365,3.5050501624811923,88.41616666666667,-0.004841073271414,1.4568002091728394,0.8591746719092586,82.37299999999959,6,9,1.9478997329511016,-3,0,1.4,2,13.0,2,-1.0,-0.310226190476186
2024,24,Abu Dhabi,PIA,McLaren,2,10,0,58,58,31.80540540540541,26.76824324324324,2,82.804,100.253041951692,90.03609259259257,89.5175,4.980176386466794,88.32786956521738,-0.0162539525691697,1.124009966470824,0.8093654731163887,83.82099999999991,19,10,2.8988284343146367,9,1,13.0,2,4.0,2,-10.0,-0.4408002645502904
2024,24,Abu Dhabi,ALB,Williams,18,11,1,57,58,31.80540540540541,26.76824324324324,2,83.821,101.48435135298747,90.95214545454547,90.058,4.379255244555825,90.02569047619048,0.014552224293007,1.2471928312159737,0.8495423381392728,101.10900000000038,15,11,2.6319799193267697,4,0,2.333333333333333,1,12.0,2,-2.0,0.4752525974026156
2024,24,Abu Dhabi,TSU,RB,11,12,1,57,58,31.80540540540541,26.76824324324324,2,83.419,100.9976390822689,91.0019818181818,89.905,4.58706629997911,89.7336875,0.0120146627565983,1.552005250194449,0.9453318565852542,104.59599999999956,17,13,2.3984382972393017,4,1,1.8333333333333333,1,22.0,2,8.0,0.5250889610389464
2024,24,Abu Dhabi,ZHO,Kick Sauber,15,13,1,57,58,31.80540540540541,26.76824324324324,2,83.88,101.5557842484412,90.51239622641508,89.984,4.52984042569859,88.6232,-0.0524892857142854,1.7536295696136897,0.884953131911857,107.16200000000026,14,14,1.846218108257566,0,0,4.0,2,12.0,2,-2.0,0.0355033692722202
2024,24,Abu Dhabi,STR,Aston Martin,13,14,1,57,58,31.80540540540541,26.76824324324324,2,83.729,101.37296446516132,90.56509433962266,89.963,3.7056006066916463,89.23545454545454,0.0265815923207227,1.6834464609800357,0.9196461139939576,103.33100000000012,9,12,1.7761649430055488,-3,0,0.75,2,11.0,2,-3.0,0.0882014824798034
2024,24,Abu Dhabi,DOO,Alpine,17,15,1,57,58,31.80540540540541,26.76824324324324,2,84.105,101.8281978327986,91.19663636363636,90.38,4.472916416917185,90.0183125,-0.0156209677419355,1.8291439590355207,0.967307089841454,116.41300000000048,16,15,2.002973979337915,1,-1,1.1666666666666667,1,22.0,2,8.0,0.7197435064935007
2024,24,Abu Dhabi,MAG,Haas F1 Team,14,16,1,57,58,31.80540540540541,26.76824324324324,2,83.632,101.25552394212724,90.66601999999996,90.042,3.6005549429985124,89.74080952380952,0.0994727272727272,2.7924561187451404,0.9479529013453628,167.45499999999993,7,16,3.281393584995425,-9,0,0.4,4,12.0,3,-2.0,0.1891271428571173
2024,24,Abu Dhabi,LAW,RB,12,17,1,56,58,31.80540540540541,26.76824324324324,2,83.472,101.06180761547309,90.79436,89.624,3.970546051790327,89.37713043478263,-0.0141304347826086,3.240904682159945,0.9341729685234442,211.4449999999997,10,17,4.179716936591959,-7,-1,1.2,3,23.0,2,9.0,0.3174671428571542
2024,24,Abu Dhabi,BOT,Kick Sauber,9,18,1,30,58,31.80540540540541,26.76824324324324,2,83.204,100.73733276832738,91.85948148148144,90.046,5.6932990055811725,90.223,0.0806481203007519,2.1785870967742054,0.6148497473724903,119.4360000000006,13,18,1.833281085984876,-5,0,0.3333333333333333,2,6.0,2,-8.0,1.3825886243385952
2024,24,Abu Dhabi,COL,Williams,20,19,1,26,58,31.80540540540541,26.76824324324324,2,83.912,101.59452751377202,92.35043478260869,90.27,6.983785798197052,90.53968421052632,-0.0044298245614035,2.592542564102555,0.7008536304384304,115.09799999999996,18,19,0.271746488194703,-1,-1,0.0,2,3.0,2,-11.0,1.8735419254658296
2025,1,Australian,NOR,McLaren,1,1,0,57,57,18.942134831460677,15.707865168539326,2,75.096,100.0,101.88202083333331,90.5165,20.69780769199665,90.2925,-0.2330929914529916,0.0387914182006756,0.0409710184544878,0.0,1,1,0.9587350688959008,0,0,2.0,5,2.0,2,0.0,0.0154166666666668
2025,1,Australian,VER,Red Bull Racing,3,2,0,57,57,18.942134831460677,15.707865168539326,2,75.481,100.51267710663684,100.84472916666668,91.224,19.066725203582244,90.98419230769233,-0.2200707692307692,0.0202926497277608,0.0023382275824701,0.9020000000000435,2,2,0.6579949798316924,0,0,1.0,5,2.0,2,0.0,-1.02187499999998
2025,1,Australian,RUS,Mercedes,4,3,0,57,57,18.942134831460677,15.707865168539326,2,75.546,100.59923298178332,101.86660416666666,91.798,18.77886284792716,91.51203846153844,-0.2183374358974359,0.0220548353642668,0.0011110092646355,8.496999999999389,4,3,0.9159543826401478,1,0,2.0,5,2.0,2,0.0,0.0
2025,1,Australian,ANT,Mercedes,16,4,0,57,57,18.942134831460677,15.707865168539326,2,76.525,101.90289762437416,103.04128571428568,92.312,18.718339303786184,92.45656,-0.3113061538461539,-0.2787151283380995,0.0417985011215577,10.184000000001106,13,4,2.885448758224767,9,0,3.5,5,2.0,2,0.0,1.1746815476190309
2025,1,Australian,ALB,Williams,6,5,0,57,57,18.942134831460677,15.707865168539326,2,75.737,100.85357409182912,103.0748163265306,92.981,18.45308651088108,92.40964,-0.2495623076923078,-0.0703884495722139,0.0030808412536511,12.822000000000116,7,5,1.2262786789699316,2,0,1.0,5,2.0,2,0.0,1.2082121598639477
2025,1,Australian,STR,Aston Martin,13,6,0,57,57,18.942134831460677,15.707865168539326,2,76.369,101.69516352402258,103.37275510204084,93.388,18.304653478840898,92.97628,-0.2254153846153847,-0.1411004018667427,0.0087646534732264,17.461999999999534,11,6,2.113923290755366,5,0,3.0,5,2.0,2,0.0,1.5061509353741656
2025,1,Australian,HUL,Kick Sauber,17,7,0,57,57,18.942134831460677,15.707865168539326,2,76.579,101.97480558218813,103.32424489795918,93.867,18.08660110243977,93.26532,-0.2744976923076924,-0.1805811511537541,0.0111507514635057,18.471999999999756,12,7,2.191633670430213,5,0,1.5,5,2.0,2,0.0,1.457640731292514
2025,1,Australian,LEC,Ferrari,7,8,0,57,57,18.942134831460677,15.707865168539326,2,75.755,100.87754341110043,101.81753061224492,92.448,18.797966807279582,91.85492307692309,-0.2030529914529913,0.1112599170339533,0.0222661251666085,19.89999999999964,5,8,1.7452046723438852,-3,0,2.0,5,2.0,2,0.0,-0.0490735544217528
2025,1,Australian,PIA,McLaren,2,9,0,57,57,18.942134831460677,15.707865168539326,2,75.18,100.11185682326622,100.33847916666669,90.769,17.449461819402647,90.38465384615384,-0.2275552136752137,0.777100596318371,0.1933634233082076,20.47099999999955,3,9,4.38641100488308,-6,0,7.0,5,2.0,2,0.0,-1.5281249999999886
2025,1,Australian,HAM,Ferrari,8,10,0,57,57,18.942134831460677,15.707865168539326,2,75.919,101.09593054223926,101.87563265306122,92.914,17.75950380159625,92.4408,-0.247576153846154,-0.0184261083743966,0.000216526639281,22.52000000000044,8,10,1.5219776739821942,-2,0,1.3333333333333333,5,2.0,2,0.0,0.0090284863945555
2025,1,Australian,GAS,Alpine,9,11,0,57,57,18.942134831460677,15.707865168539326,2,75.98,101.17715990199213,102.52034693877552,92.859,17.89862949193669,92.5026,-0.2690784615384615,-0.019082123411991,0.000222581036138,26.55099999999948,9,11,1.1407797535524935,-2,0,0.6666666666666666,5,2.0,2,0.0,0.6537427721088562
2025,1,Australian,TSU,Racing Bulls,5,12,0,57,57,18.942134831460677,15.707865168539326,2,75.67,100.76435495898583,102.0684285714286,92.762,17.779004771546315,92.38496,-0.2231423076923076,0.139010694840542,0.0133896987082723,29.96900000000096,6,12,2.3759973502765748,-6,0,0.5,5,2.0,2,0.0,0.2018244047619362
2025,1,Australian,OCO,Haas F1 Team,19,13,0,57,57,18.942134831460677,15.707865168539326,2,77.147,102.73117076808352,101.63012499999998,94.1715,15.751030204233652,92.77933333333334,0.8509094287242809,0.5494546927663874,0.0530116174554474,33.211999999999534,15,13,1.2064467598950035,2,0,1.3333333333333333,5,2.0,2,0.0,-0.2364791666666832
2025,1,Australian,BEA,Haas F1 Team,20,14,0,57,57,18.942134831460677,15.707865168539326,2,,,101.30325531914892,94.065,15.76840747034355,99.3577,-4.058769696969697,1.1313235027223214,0.1976979884891085,40.40300000000025,17,14,1.2080038008869811,3,0,4.0,5,2.0,2,0.0,-0.5633488475177444
2025,1,Australian,LAW,Red Bull Racing,18,15,1,47,57,18.942134831460677,15.707865168539326,2,77.094,102.66059443911792,98.44476315789473,93.6885,14.441794457705248,93.62088,-0.2603884615384615,1.2384042553191452,0.1779711048557823,50.1880000000001,16,9,2.0637192633853165,7,0,1.5,4,2.0,2,0.0,-3.421841008771935
2025,1,Australian,BOR,Kick Sauber,15,16,1,46,57,18.942134831460677,15.707865168539326,2,76.516,101.89091296473846,100.19016666666668,93.792,16.877719438868002,93.35004,-0.2744176923076924,1.7497859389454211,0.3624981584132207,93.51699999999984,14,13,0.4583677673015523,1,0,1.0,5,2.0,2,0.0,-1.6764374999999916
2025,1,Australian,ALO,Aston Martin,12,17,1,33,57,18.942134831460677,15.707865168539326,2,76.288,101.58730158730158,96.95796428571428,92.5775,13.42523889981835,92.50232,-0.2830976923076922,1.9400518048128292,0.7083597550616434,120.91600000000015,10,10,0.0,0,0,0.0,3,2.0,1,0.0,-4.908639880952393
2025,2,Chinese,PIA,McLaren,1,1,0,56,56,35.81688311688312,27.21558441558442,2,90.641,100.0,96.94203703703704,96.8505,0.7777872814633499,96.59197435897435,-0.0426631578947369,-0.0177897812713603,0.0182628711653098,0.0,1,1,0.4380446517001626,0,0,1.0,1,14.0,2,0.0,-0.9803507180649972
2025,2,Chinese,NOR,McLaren,3,2,0,56,56,35.81688311688312,27.21558441558442,2,90.787,100.16107501020512,97.14533333333333,96.9615,0.9769812381118904,96.75065789473686,-0.0206529160739687,0.0643365686944651,0.4288762027599195,9.747999999999593,2,2,0.443934592116814,0,0,3.0,1,15.0,2,1.0,-0.7770544217687245
2025,2,Chinese,RUS,Mercedes,2,3,0,56,56,35.81688311688312,27.21558441558442,2,90.723,100.09046678655352,97.20075925925924,97.02,0.9409329560297248,96.80979487179488,-0.0528615384615384,0.1629526657552983,0.6455988023400553,11.096999999999753,3,3,0.4544155658574059,0,0,0.6666666666666666,1,14.0,2,0.0,-0.7216284958427934
2025,2,Chinese,VER,Red Bull Racing,4,4,0,56,56,35.81688311688312,27.21558441558442,2,90.817,100.19417261504177,97.29296296296296,97.151,1.246777627098178,96.762025,-0.0587353658536585,0.178717224880381,0.352930536861565,16.65599999999904,6,4,1.507449036419672,2,0,6.0,1,13.0,2,-1.0,-0.6294247921390905
2025,2,Chinese,OCO,Haas F1 Team,11,5,0,56,56,35.81688311688312,27.21558441558442,2,91.625,101.08560143864256,97.885462962963,97.8425,1.3857442072894766,97.4429523809524,-0.0664889393079977,0.7508954545454518,0.8536375626738631,49.96899999999914,10,7,2.356532782128599,3,0,4.5,1,11.0,2,-3.0,-0.0369247921390467
2025,2,Chinese,ANT,Mercedes,8,6,0,56,56,35.81688311688312,27.21558441558442,2,91.103,100.5097031144846,97.9165925925926,97.837,1.2389240237189156,97.49563414634147,-0.0691761324041812,0.8889182501708808,0.9101564873874224,53.74799999999959,7,8,2.317634261791228,-1,0,2.0,1,12.0,2,-2.0,-0.0057951625094432
2025,2,Chinese,ALB,Williams,10,7,0,56,56,35.81688311688312,27.21558441558442,2,91.503,100.95100451230678,97.935,97.773,1.4253536998974392,97.1821515151515,-0.0636814839572192,1.0201761449077242,0.8618386078161201,56.32099999999991,11,9,2.916533701360029,2,0,2.5,1,20.0,2,6.0,0.0126122448979657
2025,2,Chinese,BEA,Haas F1 Team,17,8,0,56,56,35.81688311688312,27.21558441558442,2,92.018,101.51918006200285,98.10462962962966,97.6465,1.7954167256456548,96.88944444444444,-0.0347973137973138,1.03710874914559,0.8396900455104175,61.30299999999989,16,10,2.956832281827487,6,0,3.5,1,26.0,2,12.0,0.1822418745276195
2025,2,Chinese,STR,Aston Martin,14,9,0,56,56,35.81688311688312,27.21558441558442,2,91.773,101.24888295583676,98.30187037037038,98.3785,1.6075813433017745,96.8454705882353,0.0186225490196078,1.2453502050580951,0.8496394798400739,70.20399999999972,14,12,2.996751487948155,2,0,2.0,1,36.0,2,22.0,0.3794826152683441
2025,2,Chinese,SAI,Williams,15,10,0,56,56,35.81688311688312,27.21558441558442,2,91.628,101.08891119912622,98.3317962962963,98.072,1.497696374242785,97.71027777777778,-0.0346615186615185,1.253688926862612,0.967776828526706,76.3869999999988,15,13,2.2133009959563337,2,0,3.5,1,17.0,2,3.0,0.4094085411942672
2025,2,Chinese,HAD,Racing Bulls,7,11,0,56,56,35.81688311688312,27.21558441558442,2,91.079,100.48322503061526,98.01503846153842,97.921,1.3450390614859764,97.0361,9.473684210530948e-05,1.3869564935064913,0.9309230948307838,78.875,9,15,2.7923829603767816,-6,0,1.75,2,12.0,2,-2.0,0.0926507064363875
2025,2,Chinese,LAW,Red Bull Racing,20,12,0,56,56,35.81688311688312,27.21558441558442,2,92.174,101.6912876071535,97.82366666666664,97.626,1.2740452529901232,96.77539130434782,0.0281798418972331,1.3959395762132614,0.9154153674092746,81.14699999999903,18,16,2.1991733984303368,2,0,2.0,2,18.0,2,4.0,-0.0987210884353828
2025,2,Chinese,DOO,Alpine,18,13,0,56,56,35.81688311688312,27.21558441558442,2,92.092,101.60082082059994,98.41033333333333,98.3195,1.5952576653531323,97.97019047619048,-0.0515907949112714,1.1795791182501714,0.9318259470642531,78.40099999999984,17,14,1.3498436657916806,3,0,1.5,1,11.0,2,-3.0,0.487945578231276
2025,2,Chinese,BOR,Kick Sauber,19,14,1,55,56,35.81688311688312,27.21558441558442,2,92.141,101.65488024183315,98.13323529411768,97.965,1.157747581957921,97.32492307692308,0.0555049572649573,1.2793064213564198,0.8563525874380836,107.69000000000052,20,17,0.832019165798416,3,0,4.0,2,1.0,2,-13.0,0.2108475390156314
2025,2,Chinese,HUL,Kick Sauber,12,15,1,55,56,35.81688311688312,27.21558441558442,2,91.632,101.09332421310444,99.09720754716984,98.62,1.9288200693537856,98.19021875,0.0313300953079178,1.8513262626262603,0.9606720445575188,117.15999999999984,19,18,1.864609255787302,1,0,1.0,1,20.0,2,6.0,1.174819792067794
2025,2,Chinese,TSU,Racing Bulls,9,16,1,55,56,35.81688311688312,27.21558441558442,2,91.238,100.6586423362496,97.92238775510204,97.844,1.2797248372261945,96.80416666666667,0.2768857142857143,1.997418831168828,0.800998250592103,120.44499999999972,8,19,4.120491618539126,-11,0,1.1666666666666667,3,11.0,2,-3.0,0.0
2025,2,Chinese,LEC,Ferrari,6,18,1,56,56,35.81688311688312,27.21558441558442,2,91.021,100.41923632793106,97.41185185185184,97.182,0.93647777290625,96.95773684210523,-0.0118940803151329,0.2758356117566594,0.8544893337658419,23.21099999999933,5,5,0.933503385868831,0,0,3.5,1,15.0,2,1.0,-0.5105359032501866
2025,2,Chinese,HAM,Ferrari,5,19,1,56,56,35.81688311688312,27.21558441558442,2,90.927,100.31553049944286,97.02573076923076,97.323,1.3362377256412303,95.4104375,-0.0070985294117646,0.5837881408065567,0.6800916042912268,25.380999999999403,4,6,1.1485450988776384,-2,0,1.25,2,13.0,2,-1.0,-0.8966569858712745
2025,2,Chinese,GAS,Alpine,16,20,1,56,56,35.81688311688312,27.21558441558442,2,91.992,101.4904954711444,98.1972962962963,98.041,1.4801291456864678,97.84600000000002,-0.0673654485049833,1.009814730006838,0.9123784047900384,67.19499999999971,13,11,2.1037999016004414,2,0,2.0,1,10.0,2,-4.0,0.2749085411942644
2025,3,Japanese,VER,Red Bull Racing,1,1,0,53,53,20.51428571428572,14.429999999999998,2,86.983,100.0,92.5036274509804,92.346,0.9718420645513196,91.75227586206898,-0.0447133004926106,-0.008853088211579,0.001864000195325,0.0,1,1,1.0097492827099392,0,0,4.0,1,21.0,2,-2.5,-1.034588235294109
2025,3,Japanese,NOR,McLaren,2,2,0,53,53,20.51428571428572,14.429999999999998,2,86.995,100.01379579917916,92.52107843137254,92.176,1.0480399199102528,91.71475862068962,-0.0385231527093595,-0.0188182551201426,0.0073088204402003,1.423000000000684,2,2,1.048185937260712,0,0,4.0,1,21.0,2,-2.5,-1.017137254901968
2025,3,Japanese,PIA,McLaren,3,3,0,53,53,20.51428571428572,14.429999999999998,2,87.027,100.0505845969902,92.56309803921567,92.181,1.168793313719787,91.7015,-0.0403659621802002,-0.0366024028382542,0.0153372848179344,2.129000000000815,3,3,1.3072867124778675,0,0,5.0,1,20.0,2,-3.5,-0.9751176470588234
2025,3,Japanese,LEC,Ferrari,4,4,0,53,53,20.51428571428572,14.429999999999998,2,87.299,100.36328937838428,92.82443137254904,92.312,1.117884435080871,91.99141379310343,-0.0252177339901478,0.2193059184002584,0.4921658432291382,16.096999999999753,4,4,1.408300090068343,0,0,6.0,1,21.0,2,-2.5,-0.7137843137254833
2025,3,Japanese,RUS,Mercedes,5,5,0,53,53,20.51428571428572,14.429999999999998,2,87.318,100.3851327270846,92.85641176470588,92.411,1.2424697529754285,92.07025806451612,-0.0558931451612903,0.2444683921948076,0.3545162907523105,17.36200000000099,5,5,1.925499200158577,0,0,7.0,1,19.0,2,-4.5,-0.6818039215686298
2025,3,Japanese,ANT,Mercedes,6,6,0,53,53,20.51428571428572,14.429999999999998,2,87.555,100.6575997608728,92.8366862745098,93.126,1.470422258947356,91.39005263157895,-0.0329842105263158,0.3407050475729701,0.4392373700619821,18.67100000000028,6,6,1.9709427654336855,0,0,3.0,1,31.0,2,7.5,-0.7015294117647244
2025,3,Japanese,HAM,Ferrari,8,7,0,53,53,20.51428571428572,14.429999999999998,2,87.61,100.72083050711058,93.09052941176468,93.204,1.4641868917995573,91.875,-0.0196436090225564,0.4719329946782777,0.6785563217313034,29.1820000000007,8,7,1.897787268555372,1,0,2.0,1,30.0,2,6.5,-0.4476862745098202
2025,3,Japanese,HAD,Racing Bulls,7,8,0,53,53,20.51428571428572,14.429999999999998,2,87.569,100.67369485991516,93.18260784313723,93.239,1.4700658091178294,92.0732,-0.0726515384615384,0.6972826963392994,0.8215462752598982,37.134000000000015,7,8,1.46685687291956,-1,0,1.6666666666666667,1,25.0,2,1.5,-0.3556078431372782
2025,3,Japanese,ALB,Williams,9,9,0,53,53,20.51428571428572,14.429999999999998,2,87.615,100.72657875676856,93.22876470588234,93.229,1.5939687021800053,92.08338461538462,-0.0822447863247861,0.7703134978229282,0.8519761868643789,40.36700000000019,9,9,1.5298197053621607,0,0,3.5,1,24.0,2,0.5,-0.309450980392171
2025,3,Japanese,BEA,Haas F1 Team,10,10,0,53,53,20.51428571428572,14.429999999999998,2,87.711,100.83694515020176,93.54245098039216,93.375,1.554969933004822,92.52874074074072,-0.0444670329670328,0.948757781003062,0.9277551034291492,54.52900000000045,10,10,1.6350656769008978,0,0,3.5,1,23.0,2,-0.5,0.0042352941176488
2025,3,Japanese,ALO,Aston Martin,12,11,0,53,53,20.51428571428572,14.429999999999998,2,87.897,101.0507800374786,93.53398039215686,92.984,1.6423590044834422,92.39326923076922,-0.0398594871794871,1.0089716981132046,0.9121167999578296,57.33300000000054,11,11,1.5763123175615836,0,0,3.0,1,24.0,2,0.5,-0.0042352941176488
2025,3,Japanese,TSU,Red Bull Racing,14,12,0,53,53,20.51428571428572,14.429999999999998,2,87.967,101.13125553269028,93.61586274509804,93.036,1.7806090870217168,92.40507407407412,-0.0418614163614164,0.9782146427995432,0.9171621754002112,58.40099999999984,13,12,1.4147266092110764,1,0,2.5,1,23.0,2,-0.5,0.0776470588235156
2025,3,Japanese,GAS,Alpine,11,13,0,53,53,20.51428571428572,14.429999999999998,2,87.822,100.9645562926089,93.57054901960782,92.944,1.7633491578666505,92.30884615384616,-0.0232642735042735,1.0927949524270304,0.8877272836045774,62.12200000000121,12,13,2.076896199363797,-1,0,2.5,1,24.0,2,0.5,0.0323333333333124
2025,3,Japanese,SAI,Williams,15,14,0,53,53,20.51428571428572,14.429999999999998,2,87.836,100.98065139165124,93.95878431372547,94.413,2.0232953250944408,92.21564705882354,-0.0485392156862744,1.3163993710691848,0.9189037590462684,74.12900000000081,16,14,2.123371911102532,2,1,2.333333333333333,1,33.0,2,9.5,0.4205686274509759
2025,3,Japanese,DOO,Alpine,19,15,0,53,53,20.51428571428572,14.429999999999998,2,88.877,102.17743697044249,94.04849019607842,93.454,1.886486674986591,93.28374285714288,-0.0230456582633053,1.1233713110788603,0.8477250256388577,81.3140000000003,18,15,1.947608410228713,3,0,2.0,1,15.0,2,-8.5,0.5102745098039065
2025,3,Japanese,HUL,Kick Sauber,16,16,0,53,53,20.51428571428572,14.429999999999998,2,88.57,101.82449444144255,94.07319607843137,93.44,1.7822907845759384,93.05307142857144,-0.0042999452654623,1.3060561199806486,0.9685852093527422,81.95700000000033,15,16,1.3669858147423557,-1,-1,0.75,1,22.0,2,-1.5,0.5349803921568395
2025,3,Japanese,LAW,Racing Bulls,13,17,0,53,53,20.51428571428572,14.429999999999998,2,87.906,101.06112688686297,94.09854901960784,94.188,1.7349454897918306,92.60958823529413,0.0483553921568623,1.4171383647798743,0.9043739429728508,82.73400000000038,14,17,2.891607394453381,-3,0,0.75,1,33.0,2,9.5,0.5603333333333325
2025,3,Japanese,OCO,Haas F1 Team,18,18,0,53,53,20.51428571428572,14.429999999999998,2,88.696,101.96935033282364,94.10690196078431,94.118,1.9476101073356755,92.53155555555556,0.0019772961816306,1.4118743751007876,0.9218022915127764,83.4380000000001,17,18,2.206830667839445,-1,0,1.0,1,32.0,2,8.5,0.5686862745098011
2025,3,Japanese,BOR,Kick Sauber,17,19,0,53,53,20.51428571428572,14.429999999999998,2,88.622,101.88427623788556,94.09239215686272,94.124,2.208635588578898,92.50347368421052,-0.0069105263157895,1.3789076761812609,0.9263017051812488,83.89700000000084,20,19,2.27372190928326,1,0,1.6666666666666667,1,31.0,2,7.5,0.5541764705882173
2025,3,Japanese,STR,Aston Martin,20,20,1,52,53,20.51428571428572,14.429999999999998,2,89.271,102.63039904349124,94.11285416666664,94.036,2.2133119112718864,92.88405263157895,-0.0196543859649123,1.6784614103986997,0.9156806810063776,104.47699999999897,19,20,0.3643213074786544,-1,0,0.0,2,9.0,3,-14.5,0.5746384803921387
2025,4,Bahrain,PIA,McLaren,1,1,0,57,57,31.870253164556964,27.052531645569623,2,89.841,100.0,98.95301886792453,97.556,8.960465620393425,96.14563636363636,0.0289779785431958,-0.0359936479128851,0.0345080819528956,0.0,1,1,0.4505635568895829,0,0,1.0,2,14.0,2,1.5,-0.9539150943396209
2025,4,Bahrain,RUS,Mercedes,3,2,0,57,57,31.870253164556964,27.052531645569623,2,90.009,100.18699702808296,99.37607547169812,97.841,8.786359861147226,96.8285,0.0905223037831733,0.0588058076225063,0.0404373666371239,15.538000000000466,2,2,0.6927841472541911,0,0,1.0,2,13.0,2,0.5,-0.5308584905660325
2025,4,Bahrain,NOR,McLaren,6,3,0,57,57,31.870253164556964,27.052531645569623,2,90.267,100.47417103549606,99.30216981132077,97.861,8.61912584523478,96.81727272727272,0.0563433088650482,-0.0087883717915444,0.0004237795228887,16.259000000000015,3,3,2.0566841942035525,0,0,2.0,2,10.0,2,-2.5,-0.6047641509433817
2025,4,Bahrain,LEC,Ferrari,2,4,0,57,57,31.870253164556964,27.052531645569623,2,90.175,100.37176790106967,99.44435849056605,97.666,8.717203265546768,96.97572727272728,0.0989486166007904,0.131577262120819,0.2755265831184316,19.67600000000129,4,4,0.7625310708982377,0,0,2.0,2,17.0,2,4.5,-0.4625754716981021
2025,4,Bahrain,HAM,Ferrari,9,5,0,57,57,31.870253164556964,27.052531645569623,2,90.772,101.036275197293,99.62264150943396,98.01,7.842474393902287,97.33581818181818,0.0795708639186901,0.098213248638843,0.0667305368426128,27.9940000000006,9,5,2.1627108673466613,4,0,5.5,2,17.0,2,4.5,-0.2842924528301864
2025,4,Bahrain,VER,Red Bull Racing,7,6,0,57,57,31.870253164556964,27.052531645569623,2,90.423,100.64781113300164,100.52992452830188,98.398,8.557445552196628,98.90871428571428,0.1937857142857148,0.1536905626134324,0.0336158348703166,34.387000000000626,8,6,3.06518570538904,2,0,2.8,2,10.0,3,-2.5,0.6229905660377426
2025,4,Bahrain,GAS,Alpine,4,7,0,57,57,31.870253164556964,27.052531645569623,2,90.216,100.4174040805423,100.64175471698113,98.204,8.933812832555919,98.55414285714284,0.002830769230769,0.2036851179673409,0.0820164670834999,35.9940000000006,5,7,2.0610968683572053,-2,0,1.8,2,10.0,3,-2.5,0.7348207547169778
2025,4,Bahrain,OCO,Haas F1 Team,14,8,0,57,57,31.870253164556964,27.052531645569623,2,91.594,101.9512249418417,100.81169811320754,98.4,8.665795914409053,98.66546666666666,0.0946821428571434,0.2221862846772119,0.0802946424195513,44.23600000000079,13,8,2.9912152080805936,5,1,2.6,2,8.0,3,-4.5,0.904764150943393
2025,4,Bahrain,TSU,Red Bull Racing,10,9,0,57,57,31.870253164556964,27.052531645569623,2,91.228,101.5438385592324,99.74222641509434,98.565,5.6682059115246215,97.98477272727273,0.0444014680971203,0.2793295955405798,0.1576534014426552,45.07999999999993,10,9,2.2574021931534785,1,0,3.0,2,11.0,2,-1.5,-0.1647075471698116
2025,4,Bahrain,BEA,Haas F1 Team,20,10,0,57,57,31.870253164556964,27.052531645569623,2,92.373,102.81831235182158,99.81983018867923,98.643,5.507924870080903,98.08427272727272,0.0581479390175041,0.2523312807881874,0.1364944074856414,47.58600000000115,15,10,2.262531241562781,5,0,4.333333333333333,2,14.0,2,1.5,-0.0871037735849142
2025,4,Bahrain,ANT,Mercedes,5,11,0,57,57,31.870253164556964,27.052531645569623,2,90.213,100.41406484789796,99.39217647058824,98.52,5.247009448079476,98.07572727272726,0.0535177865612648,0.4710362976406603,0.3040798266104915,48.00700000000143,7,11,2.9424300733988744,-4,0,3.5,3,12.0,2,-0.5,-0.5147574916759226
2025,4,Bahrain,ALB,Williams,15,12,0,57,57,31.870253164556964,27.052531645569623,2,92.04,102.4476575283,99.76566037735849,98.698,5.3976817956465055,98.13231818181818,0.0440581592320724,0.3316344957220721,0.227109637544545,48.83500000000095,14,12,2.67835003262141,2,1,2.333333333333333,2,16.0,3,3.5,-0.1412735849056758
2025,4,Bahrain,HAD,Racing Bulls,12,13,0,57,57,31.870253164556964,27.052531645569623,2,91.271,101.59170089380127,101.02507547169807,98.849,7.691385935550178,99.39816666666668,0.0524365325077396,0.3011553020482272,0.1021310731572839,56.306000000000495,16,16,1.7902198798039064,0,0,1.2857142857142858,2,6.0,3,-6.5,1.11814150943394
2025,4,Bahrain,DOO,Alpine,11,14,0,57,57,31.870253164556964,27.052531645569623,2,91.245,101.56276087755036,100.95671698113206,98.714,8.268825259271111,98.96153333333334,0.1002642857142855,0.3682603059372611,0.1656603588638235,52.79800000000069,11,14,2.690137934244852,-3,0,1.25,2,9.0,3,-3.5,1.0497830188679131
2025,4,Bahrain,ALO,Aston Martin,13,15,0,57,57,31.870253164556964,27.052531645569623,2,91.634,101.9957480437662,99.99718867924528,98.702,4.748503444635533,98.57568181818182,-0.0116888763410504,0.5042825382421633,0.3411733634020222,60.36800000000039,12,17,2.917194724843825,-5,-2,1.4444444444444444,2,16.0,2,3.5,0.0902547169811356
2025,4,Bahrain,LAW,Racing Bulls,17,16,0,57,57,31.870253164556964,27.052531645569623,2,92.165,102.58679222181412,99.6728679245283,99.035,3.6537072007953353,98.0536818181818,0.0149333709768491,0.2297617319159964,0.066476223090489,49.41600000000108,17,13,2.505257629361436,4,0,2.8,2,14.0,3,1.5,-0.2340660377358432
2025,4,Bahrain,STR,Aston Martin,19,17,0,57,57,31.870253164556964,27.052531645569623,2,92.283,102.71813537249142,100.01830188679246,99.226,3.4278332110090157,98.74854545454544,0.0048977978543198,0.4584538501426046,0.2242128767673136,65.51400000000103,18,18,1.377859296373002,0,0,1.6666666666666667,2,12.0,3,-0.5,0.1113679245283094
2025,4,Bahrain,BOR,Kick Sauber,18,18,0,57,57,31.870253164556964,27.052531645569623,2,92.186,102.61016685032448,99.99403773584906,99.265,2.9776641979027287,98.80981818181816,0.0036928289102204,0.4496293751620456,0.1898514147114091,66.90800000000127,19,19,1.6082494102015188,0,0,2.6666666666666665,2,13.0,2,0.5,0.0871037735849142
2025,4,Bahrain,SAI,Williams,8,19,1,45,57,31.870253164556964,27.052531645569623,2,90.68,100.93387206286664,100.62428205128204,99.068,6.577008870414533,98.8972857142857,0.1291164835164835,0.5014897233201605,0.2362830826336411,72.33100000000013,6,20,3.863582887330454,-14,0,1.0,4,14.0,3,1.5,0.7173480890178894
2025,4,Bahrain,HUL,Kick Sauber,16,20,1,57,57,31.870253164556964,27.052531645569623,2,91.693,102.06141961910488,100.98211320754716,99.119,7.464369865362887,99.50572222222222,0.0380526315789473,0.1402522686025484,0.0197535365933545,53.46399999999994,20,15,2.1452576362326594,5,0,1.3333333333333333,2,5.0,2,-7.5,1.0751792452830102
2025,5,Saudi Arabian,PIA,McLaren,2,1,0,50,50,37.81971830985916,29.4838028169014,2,87.304,100.0114555410452,93.92241304347826,92.9625,4.720550992209311,92.80146428571427,-0.009068691844554,-0.0548439855942418,0.0287413796708001,0.0,2,1,0.9680613912055666,1,-1,2.5,1,19.0,2,-1.5,-1.6121121541501964
2025,5,Saudi Arabian,VER,Red Bull Racing,1,2,0,50,50,37.81971830985916,29.4838028169014,2,87.294,100.0,93.84380434782608,93.0435,4.464418352656506,92.73107692307693,-0.0205777777777776,0.1146168067226828,0.1405805408752675,2.692999999999301,1,2,1.1337134216586569,-1,0,3.0,1,21.0,2,0.5,-1.690720849802375
2025,5,Saudi Arabian,LEC,Ferrari,4,3,0,50,50,37.81971830985916,29.4838028169014,2,87.67,100.43072834329966,94.16750000000002,93.499,5.165457758568505,92.47638888888888,-0.0061248710010321,0.1328549339735854,0.171534149890064,7.941000000000713,4,3,1.2128563015309215,1,0,4.0,1,29.0,2,8.5,-1.3670251976284362
2025,5,Saudi Arabian,NOR,McLaren,10,4,0,50,50,37.81971830985916,29.4838028169014,2,87.481,100.21421861754531,94.35458695652171,93.3925,6.3871195544925925,92.1417692307692,0.0131153846153843,0.0221172629051585,0.0033217659481684,9.179000000000087,8,4,2.1946130708196026,4,0,3.0,1,34.0,2,13.5,-1.1799382411067256
2025,5,Saudi Arabian,RUS,Mercedes,3,5,0,50,50,37.81971830985916,29.4838028169014,2,87.407,100.1294476138108,94.55767391304347,93.8735,4.947957877546152,93.55992592592592,0.0294865689865688,0.4378172388955498,0.7578309705456727,27.111000000000782,3,5,1.0184021097498068,-2,1,1.0,1,20.0,2,-0.5,-0.9768512845849672
2025,5,Saudi Arabian,ANT,Mercedes,5,6,0,50,50,37.81971830985916,29.4838028169014,2,87.798,100.57735926867824,94.67771739130436,93.7945,5.26383986442953,93.47021428571428,-0.0530010946907498,0.7250363025210034,0.8303179343121142,34.574000000000524,5,6,1.2682946931101733,-1,0,2.5,1,19.0,2,-1.5,-0.8568078063240989
2025,5,Saudi Arabian,HAM,Ferrari,7,7,0,50,50,37.81971830985916,29.4838028169014,2,88.102,100.92560771645245,94.85656521739128,93.843,5.752176089300363,93.26045833333332,-0.0424891304347824,0.8060659783913483,0.8602854505606023,39.03700000000026,6,7,0.8873257230439734,-1,0,1.25,1,23.0,2,2.5,-0.6779599802371621
2025,5,Saudi Arabian,SAI,Williams,6,8,0,50,50,37.81971830985916,29.4838028169014,2,88.024,100.83625449629989,95.34434782608696,94.5435,5.796027698029792,93.9843846153846,-0.042177094017094,1.340497815126044,0.959871208818313,64.61599999999999,7,8,1.5676578135575898,-1,0,3.5,1,21.0,2,0.5,-0.1901773715414947
2025,5,Saudi Arabian,ALB,Williams,11,9,0,50,50,37.81971830985916,29.4838028169014,2,88.109,100.93362659518408,95.49539130434783,94.3455,6.356491011305812,93.92792,-0.0251715384615383,1.3266042737094854,0.9492788213118036,66.50300000000061,9,9,1.5238244046892446,0,0,7.0,1,22.0,2,1.5,-0.0391338932806206
2025,5,Saudi Arabian,HAD,Racing Bulls,14,10,0,50,50,37.81971830985916,29.4838028169014,2,88.418,101.28760281348087,95.66434782608697,94.747,6.8994310368235485,93.6986153846154,-0.0006923076923081,1.2465012244897935,0.8971606351544096,66.98300000000017,11,10,1.578038048220845,1,0,1.3333333333333333,1,34.0,2,13.5,0.1298226284585126
2025,5,Saudi Arabian,ALO,Aston Martin,13,11,0,50,50,37.81971830985916,29.4838028169014,2,88.303,101.15586409146104,95.72658695652171,94.7085,6.477435516471645,94.25564285714286,-0.083865900383142,1.5435261944777854,0.94713769298213,75.84799999999996,10,12,2.1536869194334574,-2,0,1.6666666666666667,1,19.0,2,-1.5,0.1920617588932742
2025,5,Saudi Arabian,LAW,Racing Bulls,12,12,0,50,50,37.81971830985916,29.4838028169014,2,88.191,101.02756203175475,95.68410869565216,94.74,7.222958215850533,94.02333333333334,-0.0912319902319899,1.3407765666266491,0.9315720997003308,68.35000000000036,12,11,1.6389394280996452,1,0,6.0,1,20.0,2,-0.5,0.1495834980237163
2025,5,Saudi Arabian,BEA,Haas F1 Team,15,13,0,50,50,37.81971830985916,29.4838028169014,2,88.536,101.4227781978143,95.8901086956522,94.739,7.344586651188176,94.28831034482758,-0.0753123152709359,1.5533033373349276,0.9269163016959068,79.09799999999996,13,13,1.991922463862692,0,0,2.5,1,18.0,2,-2.5,0.3555834980237335
2025,5,Saudi Arabian,OCO,Haas F1 Team,19,14,0,50,50,37.81971830985916,29.4838028169014,2,89.092,102.0597062799276,95.68212765957448,95.602,1.13577006278677,95.59911111111111,-0.0145915678524374,1.616383289315724,0.9655837231851396,99.57300000000032,17,14,1.9737046901909192,3,0,1.5,1,1.0,2,-19.5,0.1476024619460219
2025,5,Saudi Arabian,HUL,Kick Sauber,18,15,1,49,50,37.81971830985916,29.4838028169014,2,88.782,101.70458450752628,96.49664444444444,95.524,7.807992933106071,94.27769230769232,0.1834890109890112,1.826276938775501,0.9536752479829588,96.65299999999934,15,15,2.0669080394486383,0,0,1.75,1,33.0,2,12.5,0.9621192468159876
2025,5,Saudi Arabian,STR,Aston Martin,16,16,1,49,50,37.81971830985916,29.4838028169014,2,88.645,101.547643595207,96.44075555555555,95.586,7.599101586119348,93.766,0.1438214285714265,1.8493651020408168,0.921671305453004,97.75900000000092,14,16,2.57258571847695,-2,0,1.5,1,39.0,2,18.5,0.9062303579271004
2025,5,Saudi Arabian,DOO,Alpine,17,17,1,49,50,37.81971830985916,29.4838028169014,2,88.739,101.65532568103193,95.57365909090908,95.824,1.2017646123113324,94.56992857142858,0.0354527472527473,2.253105918367343,0.9579054531788126,111.34199999999964,16,17,1.5942605391424158,-1,0,0.8333333333333334,2,1.0,2,-19.5,0.0391338932806348
2025,5,Saudi Arabian,BOR,Kick Sauber,20,18,1,49,50,37.81971830985916,29.4838028169014,2,89.462,102.48356129860016,96.00304347826088,95.988,1.0355986343178347,95.93177272727274,-0.0088205778717407,1.8799876530612236,0.9676105154259436,111.38400000000092,18,18,1.1635039736067254,0,0,1.0,1,1.0,2,-19.5,0.4685182806324235
2025,6,Miami,PIA,McLaren,4,1,0,57,57,38.69060402684564,26.573154362416112,2,86.269,100.07540253352514,92.70378181818182,91.432,6.008817815852612,90.3162608695652,0.018054347826086944,-0.02073729582577035,0.37720014024070875,0.0,3,1,0.5591570813322586,2,0,2.0,1,29.0,3,1.5,-1.6409589225589372
2025,6,Miami,NOR,McLaren,2,2,0,57,57,38.69060402684564,26.573154362416112,2,86.269,100.07540253352514,92.81894545454544,91.453,6.1402759209874755,90.19882608695652,0.03324999999999992,-0.003066178376975744,0.0004989124444499922,4.630000000001019,6,2,1.1316809419557992,4,0,4.0,1,29.0,3,1.5,-1.5257952861953186
2025,6,Miami,RUS,Mercedes,5,3,0,57,57,38.69060402684564,26.573154362416112,2,86.385,100.20996705489307,93.36372727272727,92.164,6.333940904934731,90.84395652173913,-0.011777667984189593,0.6922201192636734,0.9656387257317208,37.64400000000023,4,3,0.9118407942646639,1,0,2.0,1,29.0,3,1.5,-0.9810134680134865
2025,6,Miami,VER,Red Bull Racing,1,4,0,57,57,38.69060402684564,26.573154362416112,2,86.204,100.0,93.98358181818182,92.083,7.701518377689266,90.79952173913044,0.005541501976284462,0.8746805807622466,0.8502984751373246,39.95600000000013,1,4,1.3131301447085724,-3,0,0.25,1,26.0,3,-1.5,-0.36115892255894266
2025,6,Miami,ALB,Williams,7,5,0,57,57,38.69060402684564,26.573154362416112,2,86.682,100.55449863115402,94.12920000000003,92.076,7.617780707246942,90.96321739130433,-0.03056422924901195,0.9149812678247329,0.8963904204506777,48.06700000000092,5,5,0.9442478541278571,0,0,2.0,1,26.0,3,-1.5,-0.21554074074073526
2025,6,Miami,ANT,Mercedes,3,6,0,57,57,38.69060402684564,26.573154362416112,2,86.271,100.07772261147976,94.21243636363637,92.4,7.661198815299213,91.16965217391302,-0.01527569169960476,1.1236586077262125,0.9183385838198493,55.50200000000041,2,6,1.4689774459950384,-4,0,0.8,1,25.0,3,-2.5,-0.13230437710438991
2025,6,Miami,LEC,Ferrari,8,7,0,57,57,38.69060402684564,26.573154362416112,2,86.754,100.63802143752032,93.65143636363639,92.452,6.482467087984431,90.96708695652174,-0.024989130434782722,1.0899130801140764,0.9679850112018725,57.03600000000006,8,7,0.9649236727511605,1,0,1.6666666666666667,1,29.0,3,1.5,-0.6933043771043685
2025,6,Miami,HAM,Ferrari,12,8,0,57,57,38.69060402684564,26.573154362416112,2,87.006,100.93035125980234,93.76074545454544,92.412,6.637350216537446,91.0833043478261,0.01916106719367591,0.9797124060150395,0.931225855137376,60.18600000000151,12,8,1.8095402980385829,4,0,4.0,1,28.0,3,0.5,-0.5839952861953179
2025,6,Miami,SAI,Williams,6,9,0,57,57,38.69060402684564,26.573154362416112,2,86.569,100.42341422671804,94.34734545454546,92.332,7.7750308233715115,91.07291304347825,-0.011291501976284675,1.1729124967591438,0.9225480460696256,60.577000000001135,7,9,1.2856446653386715,-2,0,1.25,1,25.0,3,-2.5,0.002604713804700509
2025,6,Miami,TSU,Red Bull Racing,10,10,0,57,57,38.69060402684564,26.573154362416112,2,86.943,100.85726880423182,94.33700000000002,92.634,7.425003783513189,91.28321739130435,-0.009034584980237336,1.2738644672024884,0.9374042995298633,69.4340000000011,9,10,0.982299486257503,-1,0,5.0,1,27.0,3,-0.5,-0.00774074074074349
2025,6,Miami,HAD,Racing Bulls,11,11,0,57,57,38.69060402684564,26.573154362416112,2,86.987,100.90831051923345,94.57910909090909,91.853,7.342978466920392,93.61690625,-0.30146902492668626,1.2558427534353103,0.9126459294434637,74.60200000000077,11,11,1.2080038008869811,0,0,1.3333333333333333,1,22.0,2,-5.5,0.23436835016832447
2025,6,Miami,OCO,Haas F1 Team,9,12,0,57,57,38.69060402684564,26.573154362416112,2,86.824,100.71922416593198,94.69094545454546,91.96,7.150851732274255,93.89864516129032,-0.32109193548387094,1.4406620430386292,0.9287019690634114,82.00600000000122,10,12,1.7374685587029204,-2,0,1.5,1,23.0,2,-4.5,0.34620471380469553
2025,6,Miami,GAS,Alpine,20,13,0,57,57,38.69060402684564,26.573154362416112,2,87.71,101.74701869982832,94.34474074074076,92.842,6.873117869807788,91.695,0.0195832862789384,1.3848030204822417,0.9785641616024079,90.44500000000153,18,13,2.188200299647737,5,0,2.3333333333333335,1,32.0,3,4.5,0.0
2025,6,Miami,HUL,Kick Sauber,16,14,1,56,57,38.69060402684564,26.573154362416112,2,87.473,101.47208946220594,95.01066666666667,93.259,7.7918616420632505,91.37276470588235,0.04694362745098041,1.6007204716336254,0.9614814406841949,91.59599999999955,14,14,1.53572183628467,0,0,1.2,1,36.0,3,8.5,0.6659259259259045
2025,6,Miami,ALO,Aston Martin,17,15,1,56,57,38.69060402684564,26.573154362416112,2,87.604,101.62405456823349,94.72564814814814,93.14850000000001,6.152258834010228,92.35495454545455,0.02318633540372668,1.8194118933697911,0.9796223279454179,111.42000000000007,17,15,1.32201636628571,2,0,1.3333333333333333,1,28.0,3,0.5,0.3809074074073777
2025,6,Miami,STR,Aston Martin,18,16,1,56,57,38.69060402684564,26.573154362416112,2,87.83,101.88622337710547,95.40553703703702,93.0015,7.068414368674322,94.73338709677421,-0.3063576612903225,1.9878924812030063,0.9680379752198304,115.60299999999916,15,16,0.9801603367379675,-1,0,1.5,1,20.0,2,-7.5,1.0607962962962603
2025,6,Miami,LAW,Racing Bulls,15,17,1,36,57,38.69060402684564,26.573154362416112,2,87.363,101.34448517470187,97.03800000000001,94.401,7.6758024539783465,93.15374999999999,,2.5449315315315397,0.9358137139862683,112.17500000000018,19,17,0.7699721701835351,2,0,2.0,2,28.0,3,0.5,2.69325925925925
2025,6,Miami,BOR,Kick Sauber,13,18,1,31,57,38.69060402684564,26.573154362416112,2,87.151,101.09855691151223,97.80325000000002,93.493,9.548729504882175,105.72460000000001,7.7631000000000006,2.73470725806452,0.7805726197763412,137.98599999999988,13,17,1.925330244847397,-4,0,1.0,1,19.0,2,-8.5,3.458509259259259
2025,6,Miami,BEA,Haas F1 Team,19,19,1,28,57,38.69060402684564,26.573154362416112,2,87.999,102.08226996427081,95.95455555555554,93.626,7.443157174072619,,,1.8830054734537602,0.6703785253461757,108.34900000000016,16,13,1.46565621758588,3,0,4.0,0,,2,,1.6098148148147828
2025,7,Emilia Romagna,VER,Red Bull Racing,2,1,0,63,63,42.664,23.964666666666666,2,74.704,100.04553368153206,85.38662711864406,81.131,14.419035404509321,79.86630769230769,-0.04045604395604357,0.0,,0.0,1,1,0.0,0,0,0.0,2,29.0,2,11.0,-0.7492966101695089
2025,7,Emilia Romagna,NOR,McLaren,4,2,0,63,63,42.664,23.964666666666666,2,74.962,100.39105397080488,85.60286440677966,81.122,13.597784247059273,79.7907857142857,-0.004868131868132313,0.01986621543778762,0.0020219806934868817,6.109000000000378,4,2,0.7753234628812766,2,0,2.5,2,28.0,2,10.0,-0.5330593220339068
2025,7,Emilia Romagna,PIA,McLaren,1,3,0,63,63,42.664,23.964666666666666,2,74.67,100.0,86.33316949152544,81.096,14.155656390038798,81.3963,0.05290303030303056,-0.00864040898617605,0.00011704215848903988,12.956000000000131,2,3,2.7208399052620797,-1,0,4.0,2,13.0,2,-5.0,0.19724576271187289
2025,7,Emilia Romagna,HAM,Ferrari,12,4,0,63,63,42.664,23.964666666666666,2,75.765,101.46645239051828,85.11976271186442,81.95,11.778962938571494,80.25892307692308,-0.01843406593406588,0.062009216589859945,0.0059619593369218,14.355999999999767,13,4,2.401036642478691,9,1,3.3333333333333335,2,29.0,2,11.0,-1.016161016949141
2025,7,Emilia Romagna,ALB,Williams,7,5,0,63,63,42.664,23.964666666666666,2,75.473,101.07539841971341,85.38316949152541,81.774,12.09052013534534,82.01934615384614,0.00900547008547017,0.09654363479262537,0.02630731621201177,17.94499999999971,7,5,1.4748271788156304,2,0,1.5,2,29.0,2,11.0,-0.7527542372881584
2025,7,Emilia Romagna,LEC,Ferrari,11,6,0,63,63,42.664,23.964666666666666,2,75.604,101.25083701620463,86.14618644067797,81.056,13.433174108789567,81.4864,0.022471428571428725,-0.1040163690476222,0.012633685298729921,20.773999999999432,10,6,3.144334708298163,4,1,2.8,2,10.0,2,-8.0,0.01026271186439942
2025,7,Emilia Romagna,RUS,Mercedes,3,7,0,63,63,42.664,23.964666666666666,2,74.807,100.1834739520557,86.12566101694915,81.534,12.886597956136805,81.75607142857143,0.01996263736263773,0.07802203341012967,0.004738488809754726,22.03399999999965,3,7,3.5090403325267636,-4,0,2.25,2,11.0,2,-7.0,-0.010262711864413632
2025,7,Emilia Romagna,SAI,Williams,6,8,0,63,63,42.664,23.964666666666666,2,75.198,100.70711128967456,86.15167796610169,81.568,12.303641348356546,81.870625,0.13479761904761897,0.0968657834101361,0.006218512889574529,22.898000000001048,6,8,3.161144024118268,-2,0,3.6666666666666665,2,11.0,2,-7.0,0.015754237288120976
2025,7,Emilia Romagna,HAD,Racing Bulls,9,9,0,63,63,42.664,23.964666666666666,2,75.51,101.12494977902773,85.28232203389831,82.087,11.286596813738209,80.97453846153846,0.010620879120878769,0.20722503840245354,0.0606786496953127,23.58600000000115,11,9,2.314052443156252,2,1,1.25,2,29.0,2,11.0,-0.8536016949152554
2025,7,Emilia Romagna,TSU,Red Bull Racing,20,10,0,63,63,42.664,23.964666666666666,2,,,86.39481666666666,82.3895,11.772798798165644,82.65096,0.02670384615384621,0.13500456029185842,0.013315922842362623,26.445999999999913,19,10,2.992138530407817,9,0,2.4,1,29.0,2,11.0,0.25889293785309064
2025,7,Emilia Romagna,ALO,Aston Martin,5,11,0,63,63,42.664,23.964666666666666,2,75.431,101.01915093076201,86.31483050847459,82.179,11.52975014107439,82.09322222222221,0.2445333333333345,0.2812423195084434,0.045221369970615904,27.25,5,11,3.5501671278891505,-6,0,0.8888888888888888,2,12.0,2,-6.0,0.17890677966101975
2025,7,Emilia Romagna,HUL,Kick Sauber,17,12,0,63,63,42.664,23.964666666666666,2,76.518,102.47488951386099,86.60491803278687,82.371,11.743974516456063,82.49207692307694,0.02238564102564093,0.21934634216589205,0.0394007191152367,30.296000000000276,16,12,2.6347941659604093,4,0,1.4285714285714286,1,29.0,2,11.0,0.46899430397330377
2025,7,Emilia Romagna,GAS,Alpine,10,13,0,63,63,42.664,23.964666666666666,2,75.505,101.11825364939064,86.27994915254239,81.805,11.70189326329914,82.27687499999999,0.053388235294117695,0.0812496639784924,0.0035508267628382413,31.424000000000888,9,13,2.303518091207052,-4,-5,1.6666666666666667,2,9.0,2,-9.0,0.1440254237288201
2025,7,Emilia Romagna,LAW,Racing Bulls,15,14,0,63,63,42.664,23.964666666666666,2,76.379,102.28873710995046,86.30420338983048,82.064,11.569678143199564,82.12342857142856,-0.06003571428571419,0.11638335253456145,0.006718969678246905,32.51100000000042,15,14,1.9341435878266056,1,0,2.0,2,10.0,2,-8.0,0.1682796610169106
2025,7,Emilia Romagna,STR,Aston Martin,8,15,0,63,63,42.664,23.964666666666666,2,75.497,101.10753984197135,86.35652542372881,82.223,11.30080720851381,82.14409090909092,0.11759090909090923,0.3396634504608299,0.061385771978956165,32.99300000000039,8,15,3.3717448886993275,-7,0,0.6666666666666666,2,14.0,2,-4.0,0.22060169491524562
2025,7,Emilia Romagna,COL,Alpine,16,16,0,63,63,42.664,23.964666666666666,2,76.256,102.12401232087853,86.39337288135594,82.435,11.183442961773977,82.5851052631579,0.04971578947368407,0.3084685099846337,0.046934311748451835,33.41100000000006,17,16,3.1352022402960875,1,0,2.2,2,22.0,2,4.0,0.2574491525423781
2025,7,Emilia Romagna,BEA,Haas F1 Team,19,17,0,63,63,42.664,23.964666666666666,2,76.077,101.88429087987143,85.86022033898305,82.096,11.914171430041067,82.4873076923077,0.0009962393162392196,0.8557110215053757,0.14702444279468088,33.8080000000009,18,17,3.795326848688642,1,0,1.8,2,29.0,2,11.0,-0.275703389830511
2025,7,Emilia Romagna,BOR,Kick Sauber,14,18,0,63,63,42.664,23.964666666666666,2,76.26,102.1293692245882,85.31166666666665,82.079,10.24205067589587,82.11844444444445,0.11423333333333405,0.2931776593701966,0.03714725966003335,38.572000000000116,14,18,2.142515760483963,-4,1,1.5,3,12.0,2,-6.0,-0.8242570621469127
2025,7,Emilia Romagna,ANT,Mercedes,13,19,1,45,63,42.664,23.964666666666666,2,75.772,101.47582697201018,82.17111904761904,82.22,1.4238334412454392,81.09291666666667,-0.03606643356643336,1.2805679841897153,0.7261821646525045,121.83100000000013,12,8,2.3236990267715454,4,1,1.6666666666666667,1,29.0,2,11.0,-3.964804681194522
2025,7,Emilia Romagna,OCO,Haas F1 Team,18,20,1,28,63,42.664,23.964666666666666,2,76.613,102.60211597696531,82.45404,82.432,0.7180443626034998,82.54413043478262,0.03303853754940697,2.0029020251779,0.6393774177351795,135.5659999999998,20,19,0.8439494725697223,1,0,1.3333333333333333,1,1.0,2,-17.0,-3.6818837288135597
2025,8,Monaco,NOR,McLaren,1,1,0,78,78,43.317499999999995,22.209375,2,69.954,100.0,76.95170270270269,75.307,6.105934747709007,74.90722222222222,-0.018990842490842506,-0.012743446426989132,0.005821606913064899,0.0,1,1,0.6188298497570903,0,0,2.0,2,19.0,2,1.5,-2.024728804146619
2025,8,Monaco,LEC,Ferrari,2,2,0,78,78,43.317499999999995,22.209375,2,70.063,100.15581667953228,76.96467567567565,75.4,6.090576586305012,74.75139130434785,-0.037941699604743286,-0.0034632835518895017,0.0003388100735673686,3.1309999999994034,2,2,0.5661385170722979,0,0,1.5,2,22.0,2,4.5,-2.0117558311736587
2025,8,Monaco,PIA,McLaren,3,3,0,78,78,43.317499999999995,22.209375,2,70.129,100.25016439374448,76.97672972972974,75.20849999999999,6.177944059528679,75.05270833333333,-0.03929956521739134,-0.01660879626702166,0.003389457275927053,3.657999999999447,3,3,0.5269936220888044,0,0,1.5,2,20.0,2,2.5,-1.9997017771195686
2025,8,Monaco,VER,Red Bull Racing,4,4,0,78,78,43.317499999999995,22.209375,2,70.669,101.0221002372988,77.19041891891892,75.371,6.1375744104671135,75.34864444444445,0.028057312252964407,-0.06320231667067087,0.04847376488369758,20.572000000000116,4,4,1.4603768803636386,0,0,3.0,2,28.0,3,10.5,-1.7860125879303865
2025,8,Monaco,HAM,Ferrari,7,5,0,78,78,43.317499999999995,22.209375,2,70.382,100.6118306315579,77.57151351351352,75.8725,6.3003942021554975,75.67805263157895,0.043977192982456274,0.5921965123484119,0.7803762381037852,51.38699999999881,7,5,0.7554882995537194,2,0,2.0,2,18.0,2,0.5,-1.4049179933357863
2025,8,Monaco,HAD,Racing Bulls,5,6,1,77,78,43.317499999999995,22.209375,2,70.923,101.38519598593363,78.80250684931507,77.376,5.819085407144913,77.36458181818182,0.009240331890331858,1.9044797570850212,0.9770322445480907,138.3030000000017,5,6,0.9054781254564405,-1,0,2.0,2,14.0,3,-3.5,-0.17392465753424347
2025,8,Monaco,OCO,Haas F1 Team,8,7,1,77,78,43.317499999999995,22.209375,2,70.942,101.41235669154017,78.8032602739726,77.401,6.044452610606865,77.27334782608695,0.016627073697193948,1.9165671170934349,0.9872433980833191,139.25,8,7,0.7136018599266487,1,0,2.5,2,16.0,2,-1.5,-0.17317123287671166
2025,8,Monaco,LAW,Racing Bulls,9,8,1,77,78,43.317499999999995,22.209375,2,71.129,101.67967521514139,78.82886301369864,76.955,6.229650559388162,76.46876470588234,0.05365744843391908,1.8847617645512404,0.919516642609896,139.96700000000055,9,8,0.5512057249305128,1,0,3.0,2,31.0,3,13.5,-0.147568493150672
2025,8,Monaco,ALB,Williams,10,9,1,76,78,43.317499999999995,22.209375,2,70.732,101.1121594190468,79.124,77.3265,6.303240302404721,75.7925,-0.4847758620689656,2.581189131920707,0.9416789978240402,162.39899999999943,10,9,0.7181848464596079,1,0,1.25,2,32.0,2,14.5,0.1475684931506862
2025,8,Monaco,SAI,Williams,11,10,1,76,78,43.317499999999995,22.209375,2,71.362,102.01275123652687,79.237375,77.90899999999999,6.344801168789994,76.14349999999999,-0.10688270676691712,2.50573300068353,0.9662456536866895,165.76200000000063,11,10,0.8596204792936547,1,0,2.0,2,48.0,2,30.5,0.2609434931506911
2025,8,Monaco,RUS,Mercedes,14,11,1,76,78,43.317499999999995,22.209375,2,71.507,102.22003030562942,79.3991,78.913,6.491734932907415,73.8258,0.14269999999999924,2.7820308817498307,0.9802146157422286,184.3739999999998,13,11,0.9568772309380755,2,0,3.0,3,53.0,2,35.5,0.4226684931506952
2025,8,Monaco,BEA,Haas F1 Team,20,12,1,76,78,43.317499999999995,22.209375,2,71.979,102.89475941332877,78.6341388888889,78.395,4.118016927728431,78.09416666666667,0.4691538461538463,2.71073063568011,0.9600451047314822,205.22299999999996,19,12,2.0353024690082004,7,0,9.0,2,1.0,2,-16.5,-0.34229261796041044
2025,8,Monaco,COL,Alpine,18,13,1,76,78,43.317499999999995,22.209375,2,72.597,103.77819710095207,79.71068055555556,78.46600000000001,6.166531633704294,78.015,-0.14406666666666582,2.9638540943267304,0.9892750796678724,207.64400000000023,15,13,1.6621165960748263,2,0,4.0,2,13.0,2,-4.5,0.7342490487062463
2025,8,Monaco,BOR,Kick Sauber,16,14,1,76,78,43.317499999999995,22.209375,2,71.902,102.78468708008121,78.52455714285716,78.24000000000001,4.091580108777346,78.05342857142857,0.08975324675324654,2.7993854818865316,0.9582986400458319,218.95399999999972,20,14,1.6377134252236851,6,0,4.5,3,1.0,3,-16.5,-0.45187436399214675
2025,8,Monaco,STR,Aston Martin,19,15,1,76,78,43.317499999999995,22.209375,2,72.563,103.72959373302457,79.88512499999999,78.768,6.1588264977368326,76.26955555555554,0.2227833333333341,3.0971880656185924,0.9869710871753019,220.9250000000011,16,15,1.445804577801918,1,0,4.0,2,17.0,2,-0.5,0.9086934931506789
2025,8,Monaco,HUL,Kick Sauber,13,16,1,76,78,43.317499999999995,22.209375,2,71.596,102.34725676873376,79.93986111111111,78.7,6.040784067441267,78.24513793103448,-0.06756847290640394,3.1331351469583044,0.9873367583061496,222.07400000000052,12,16,2.080485773234602,-4,0,2.3333333333333335,2,12.0,3,-5.5,0.9634296042618047
2025,8,Monaco,TSU,Red Bull Racing,12,17,1,76,78,43.317499999999995,22.209375,2,71.415,102.08851531006091,79.37426388888889,78.9045,4.152568589093782,78.8603823529412,-0.03463293506890102,2.9894716609706085,0.9873560186061836,222.37900000000081,17,17,1.5891628602793448,0,0,5.0,2,1.0,3,-16.5,0.3978323820395815
2025,8,Monaco,ANT,Mercedes,15,18,1,75,78,43.317499999999995,22.209375,2,71.88,102.75323784201046,80.2550281690141,79.074,6.074795060556907,79.84810606060609,-0.09838148418745431,3.215761678520626,0.9907653406042727,235.40699999999924,14,18,1.7060570420213477,-4,0,2.0,2,69.0,2,51.5,1.2785966621647873
2025,8,Monaco,ALO,Aston Martin,6,19,1,37,78,43.317499999999995,22.209375,2,70.924,101.38662549675503,80.3720882352941,77.333,8.335385189942087,76.951,-0.12668382352941213,1.8153885727832961,0.7110493564439557,127.18299999999999,6,6,0.3380617018914066,0,0,1.0,1,16.0,1,-1.5,1.3956567284447914
2025,8,Monaco,GAS,Alpine,17,20,1,8,78,43.317499999999995,22.209375,2,71.994,102.91620207564974,87.2824,79.262,13.209117279364278,78.72666666666667,,,,,18,19,0.3535533905932738,-1,0,0.0,2,1.0,1,-16.5,8.305968493150687
2025,9,Spanish,PIA,McLaren,1,1,0,66,66,48.54322580645161,29.12,2,71.546,100.0,82.87635,80.135,11.804386303153068,79.89739130434783,-0.02052766798418957,-0.01017718401001993,0.01828861870753396,0.0,1,1,0.2896827297511605,0,0,1.0,3,22.0,2,6.0,-0.3006500000000045
2025,9,Spanish,NOR,McLaren,2,2,0,66,66,48.54322580645161,29.12,2,71.755,100.29211975512256,82.91415000000002,80.04650000000001,11.604978177598714,78.49766666666667,0.0060652173913040295,-0.03723772048846592,0.031965511614964116,2.471000000001368,3,2,0.46308985569996514,1,0,2.0,3,21.0,2,5.0,-0.26284999999998604
2025,9,Spanish,LEC,Ferrari,7,3,0,66,66,48.54322580645161,29.12,2,72.131,100.81765577390769,83.15678333333334,80.0975,11.019338731108322,79.64245454545454,0.043363636363636715,0.07769308005427303,0.017503142304936787,10.454999999999927,5,3,0.8860482972623925,2,0,3.0,3,17.0,2,1.0,-0.02021666666666988
2025,9,Spanish,RUS,Mercedes,4,4,0,66,66,48.54322580645161,29.12,2,71.848,100.42210605764123,83.26511666666666,80.52850000000001,10.77927721876748,79.3259,0.0311818181818185,0.10180766099572369,0.026889016449077565,11.359000000000378,6,4,0.8084633903975204,2,0,2.6666666666666665,3,20.0,2,4.0,0.08811666666665019
2025,9,Spanish,HUL,Kick Sauber,15,5,0,66,66,48.54322580645161,29.12,2,73.19,102.29782238000726,83.63151666666666,81.637,8.408729740405215,81.72649999999999,-0.030087976539589386,0.3161312389103456,0.05487632268502381,13.648000000001048,11,6,2.108535213346162,5,1,3.0,3,9.0,2,-7.0,0.4545166666666489
2025,9,Spanish,HAM,Ferrari,5,6,0,66,66,48.54322580645161,29.12,2,72.045,100.69745338663236,83.12608333333333,80.64349999999999,9.950627968075159,78.8256,0.22640000000000243,0.15898699509445752,0.05406224805740772,15.50800000000163,4,7,1.1227671444275793,-3,0,1.4,3,16.0,2,0.0,-0.050916666666680044
2025,9,Spanish,HAD,Racing Bulls,9,7,0,66,66,48.54322580645161,29.12,2,72.252,100.9867777373997,83.43875000000001,81.1225,8.816140297772034,81.037,-0.0020930769230769588,0.3081135372090616,0.08101364405955519,16.022000000000844,9,8,0.7790975593550572,1,0,1.75,3,19.0,2,3.0,0.26175000000000637
2025,9,Spanish,GAS,Alpine,8,8,0,66,66,48.54322580645161,29.12,2,72.199,100.91269952198584,83.45336666666667,81.8335,7.61525638186804,81.89635,0.140306015037594,0.5477983091535359,0.10637547561029166,17.882000000001426,8,9,2.7666427948530607,-1,0,2.0,3,10.0,2,-6.0,0.2763666666666609
2025,9,Spanish,ALO,Aston Martin,10,9,0,66,66,48.54322580645161,29.12,2,72.284,101.03150420708356,83.177,81.648,7.683203719141547,80.60849999999999,0.1483809523809522,0.7624008349859122,0.18375935250303527,21.564000000000306,10,10,2.1416069168921235,0,-1,2.5714285714285716,3,15.0,2,-1.0,0.0
2025,9,Spanish,VER,Red Bull Racing,3,10,0,66,66,48.54322580645161,29.12,2,71.848,100.42210605764123,82.86103448275863,79.94,11.684036120663336,78.73525000000001,0.12078681318681286,0.003439348710989972,7.705836684494635e-05,11.826000000000931,2,5,1.3622448222367944,-3,0,1.1666666666666667,4,13.0,3,-3.0,-0.31596551724138067
2025,9,Spanish,LAW,Racing Bulls,13,11,0,66,66,48.54322580645161,29.12,2,72.763,101.70100355016353,84.37241935483871,81.60499999999999,10.269927647594814,81.56281818181817,-0.036929418407679326,0.7507753052917281,0.20104045048129823,25.532000000001062,13,11,1.650104185451277,2,0,3.25,2,18.0,2,2.0,1.1954193548387053
2025,9,Spanish,BOR,Kick Sauber,12,12,0,66,66,48.54322580645161,29.12,2,72.756,101.69121963492019,84.38067741935485,81.81299999999999,9.422019044655046,81.64750000000001,0.038327863247863296,0.7925324287652662,0.19736854093219489,25.996000000001004,12,12,2.486326242032244,0,0,2.8,2,19.0,2,3.0,1.2036774193548467
2025,9,Spanish,TSU,Red Bull Racing,19,13,0,66,66,48.54322580645161,29.12,2,73.385,102.57037430464318,82.84836842105261,81.36,7.738754568569569,79.61683333333333,0.13282857142857146,0.6742260724350299,0.15101842870314267,28.822000000000116,19,14,2.034263610800832,5,0,3.0,4,8.0,2,-8.0,-0.3286315789473946
2025,9,Spanish,SAI,Williams,17,14,0,66,66,48.54322580645161,29.12,2,73.203,102.31599250831633,82.63261666666668,81.623,5.047636023609087,81.70382352941176,0.30606372549019634,0.6572320634589338,0.1364397185205768,29.309000000001106,17,15,1.6680879720558754,2,0,2.6666666666666665,3,9.0,2,-7.0,-0.5443833333333288
2025,9,Spanish,COL,Alpine,18,15,0,66,66,48.54322580645161,29.12,2,73.334,102.49909149358454,83.39129999999999,82.5775,5.588744543230754,80.58927272727273,-0.10617272727272768,1.0317123891034439,0.20504580456282334,31.381000000001222,18,16,1.3045554039077072,2,0,1.8333333333333333,3,14.0,2,-2.0,0.21429999999998017
2025,9,Spanish,OCO,Haas F1 Team,16,16,0,66,66,48.54322580645161,29.12,2,73.201,102.31319710396107,84.48051612903225,81.904,9.660370667534544,81.72784210526316,0.05045964912280691,0.8188551925686275,0.20084391277529365,32.197000000000116,16,17,2.315449278499825,-1,0,1.6,2,20.0,2,4.0,1.3035161290322463
2025,9,Spanish,BEA,Haas F1 Team,14,17,0,66,66,48.54322580645161,29.12,2,73.074,102.13568892740335,83.33350000000002,81.9065,7.509096130355189,80.98773333333334,0.11542499999999979,0.7198741049994829,0.172598653144462,27.06500000000051,15,13,1.9998251671835465,2,0,2.3333333333333335,3,8.0,2,-8.0,0.1565000000000083
2025,9,Spanish,ANT,Mercedes,6,18,1,54,66,48.54322580645161,29.12,2,72.111,100.78970173035529,81.20395918367348,80.924,1.2977867531426932,80.70316666666666,0.010959999999999942,1.035217571945874,0.7214086465617235,126.63400000000001,7,7,0.7172961648431517,0,0,2.0,2,21.0,2,5.0,-1.973040816326531
2025,9,Spanish,ALB,Williams,11,19,1,27,66,48.54322580645161,29.12,2,72.641,101.53048388449389,82.48421739130434,81.963,1.943259631662077,82.171875,0.14092647058823524,2.134689255189248,0.6638670431678692,106.0619999999999,14,19,2.2245714078711765,-5,0,1.4,3,6.0,1,-10.0,-0.6927826086956657
2025,10,Canadian,RUS,Mercedes,1,1,0,70,70,49.25329341317366,24.036526946107788,2,70.899,100.0,75.63111290322578,75.57149999999999,1.0336504166134721,74.82790476190476,-0.06277532467532465,-0.03650459277403648,0.046161020209294204,0.0,1,1,1.2580177644422095,0,0,4.0,5,13.0,2,-8.0,-1.594753997632921
2025,10,Canadian,VER,Red Bull Racing,2,2,0,70,70,49.25329341317366,24.036526946107788,2,71.059,100.22567314066488,75.66020967741937,75.71549999999999,1.12092156373047,74.88146153846154,-0.04110974358974345,-0.0255309946636368,0.006326161084750294,0.22800000000097498,2,2,1.6646364446189512,0,0,4.5,5,12.0,2,-9.0,-1.565657223439331
2025,10,Canadian,ANT,Mercedes,4,3,0,70,70,49.25329341317366,24.036526946107788,2,71.391,100.69394490754455,75.69535483870968,75.4915,1.2216329315986727,74.90428,-0.03994461538461548,-0.018193106464877734,0.0038017758156184155,1.0140000000010332,3,3,1.3846989941311527,0,0,3.6666666666666665,5,14.0,2,-7.0,-1.530512062149029
2025,10,Canadian,PIA,McLaren,3,4,0,70,70,49.25329341317366,24.036526946107788,2,71.12,100.31171102554339,75.73570967741936,75.576,1.3362084527068143,74.70116666666668,-0.006535603715170365,-0.02271962208030699,0.010902265566116802,2.1090000000003783,4,4,1.4031169089001134,0,0,3.6666666666666665,5,16.0,3,-5.0,-1.4901572234393399
2025,10,Canadian,LEC,Ferrari,8,5,0,70,70,49.25329341317366,24.036526946107788,2,71.626,101.02540233289609,76.02817741935482,75.695,1.5942388751241658,74.98649999999999,0.09863636363636402,0.13966813052226162,0.1284724967321653,3.4420000000009168,8,5,2.264543519099706,3,0,3.6666666666666665,5,28.0,2,7.0,-1.197689481503886
2025,10,Canadian,HAM,Ferrari,5,6,0,70,70,49.25329341317366,24.036526946107788,2,71.526,100.88435661998052,76.41382258064516,76.21600000000001,1.5093685741383738,75.71594444444445,0.09686996904024776,0.5674248797130568,0.7204885312252894,10.712999999999738,5,6,1.3409461756396985,-1,0,3.0,5,15.0,2,-6.0,-0.8120443202135448
2025,10,Canadian,ALO,Aston Martin,6,7,0,70,70,49.25329341317366,24.036526946107788,2,71.586,100.96898404772988,76.73808196721313,76.58,1.4280965337945706,75.42958333333333,-0.017527972027972245,0.9691860029743642,0.760269420187894,10.971999999999753,6,7,2.974146710275791,-1,0,3.5,6,15.0,2,-6.0,-0.4877849336455711
2025,10,Canadian,HUL,Kick Sauber,11,8,0,70,70,49.25329341317366,24.036526946107788,2,72.183,101.81102695383575,77.05741269841272,77.067,1.59303139343872,76.56162790697675,-0.04467366354575659,0.9505092292887711,0.7097072715397904,15.363999999999578,9,8,3.0499295718712487,1,0,3.5,5,19.0,2,-2.0,-0.16845420244598586
2025,10,Canadian,OCO,Haas F1 Team,14,9,1,69,70,49.25329341317366,24.036526946107788,2,72.378,102.08606609402106,77.25261904761905,77.239,1.9012517135668847,74.8582,0.03199999999999932,1.2899304713189594,0.8178537507473419,129.00900000000001,14,9,2.15491270446238,5,0,2.3333333333333335,4,57.0,2,36.0,0.02675214676034443
2025,10,Canadian,SAI,Williams,16,10,1,69,70,49.25329341317366,24.036526946107788,2,72.398,102.11427523660417,77.31146031746032,77.263,2.0216443309393592,74.8906,-0.2390000000000015,1.2986900621117978,0.8337595864035953,129.42200000000048,16,10,2.504556801927947,6,0,3.0,4,57.0,2,36.0,0.08559341660161124
2025,10,Canadian,BEA,Haas F1 Team,13,11,1,69,70,49.25329341317366,24.036526946107788,2,72.306,101.98451318072186,77.40173015873015,77.123,1.891382053201456,76.90954545454544,-0.01899365750528543,1.4625061746437684,0.8817809870253507,131.2530000000006,13,11,2.793473699745166,2,0,5.5,4,18.0,3,-3.0,0.1758632578714412
2025,10,Canadian,TSU,Red Bull Racing,18,12,1,69,70,49.25329341317366,24.036526946107788,2,72.102,101.69677992637413,77.54580952380952,77.362,1.9351947376972327,76.34250000000002,-0.1447714285714304,1.496477420533427,0.8421593162496913,132.9920000000002,17,12,2.431149097341386,5,0,2.75,4,56.0,2,35.0,0.3199426229508191
2025,10,Canadian,COL,Alpine,10,13,1,69,70,49.25329341317366,24.036526946107788,2,72.142,101.75319821154037,77.53223809523811,77.397,1.5686273917056333,77.26266666666668,-0.004019539730785941,1.5157620021921787,0.8790778131370369,134.5540000000001,10,13,2.6275639043820136,-3,0,2.6666666666666665,4,14.0,2,-7.0,0.30637119437940896
2025,10,Canadian,BOR,Kick Sauber,15,14,1,69,70,49.25329341317366,24.036526946107788,2,72.385,102.09593929392517,77.58604761904762,77.562,1.9256360359260891,76.077,0.08246153846153906,1.683539166971136,0.9236716384132924,135.41500000000087,15,14,1.7318046902237532,1,0,2.5,4,49.0,2,28.0,0.3601807181889143
2025,10,Canadian,GAS,Alpine,20,15,1,69,70,49.25329341317366,24.036526946107788,2,72.667,102.49368820434704,77.36058064516132,77.6825,1.0408524178214817,75.6421111111111,0.16243333333333326,1.598551552795031,0.9035511081935743,135.4860000000008,20,15,1.9468644867897904,5,0,1.7142857142857142,4,53.0,2,32.0,0.13471374430261562
2025,10,Canadian,HAD,Racing Bulls,12,16,1,69,70,49.25329341317366,24.036526946107788,2,71.867,101.36532250102259,77.57661904761903,77.344,1.667446081041221,77.29328571428572,0.002362857142857113,1.5476891121666085,0.864520559177643,136.27300000000105,11,16,2.5982812864754967,-5,0,1.3333333333333333,4,13.0,3,-8.0,0.3507521467603283
2025,10,Canadian,STR,Aston Martin,17,17,1,69,70,49.25329341317366,24.036526946107788,2,72.517,102.2821196349737,77.19911475409837,77.22,2.2396956273741058,75.16409090909092,0.09310909090909082,1.7312085860431095,0.9025394708341489,136.59900000000016,18,17,1.5869244061261198,1,0,3.6666666666666665,5,24.0,3,3.0,-0.02675214676033022
2025,10,Canadian,NOR,McLaren,7,18,1,67,70,49.25329341317366,24.036526946107788,2,71.599,100.98731999040889,75.76601612903227,75.401,1.6191105784687347,74.4473125,0.008439705882352948,0.09125660467715123,0.052735912044872386,52.90400000000045,7,5,2.1331548585017566,2,0,5.5,2,29.0,2,8.0,-1.4598507718264386
2025,10,Canadian,LAW,Racing Bulls,19,19,1,54,70,49.25329341317366,24.036526946107788,2,72.525,102.29340329200696,77.76426000000001,77.7065,0.5892521309910984,77.29341666666666,-0.06610139860139856,1.7239475890985312,0.9341428051998077,108.91899999999987,19,19,2.704656026341353,0,0,1.8,2,38.0,2,17.0,0.5383930991413024
2025,10,Canadian,ALB,Williams,9,20,1,47,70,49.25329341317366,24.036526946107788,2,71.892,101.40058392925147,77.84118181818181,77.3595,2.1419038181424854,77.0666,0.13497443609022566,1.8374266882516204,0.8248769423350266,145.3150000000005,12,19,4.610898662238193,-7,0,1.0,1,23.0,2,2.0,0.6153149173231043
2025,11,Austrian,NOR,McLaren,1,1,0,70,70,49.166459627329196,30.347826086956523,2,63.971,100.0,71.30028787878787,69.643,7.948479196125221,68.82933333333334,0.08735357142857102,-0.02590396290788217,0.015184347623690352,0.0,1,1,0.7505691422294687,0,0,1.0,2,20.0,2,1.0,-1.1815582750582792
2025,11,Austrian,PIA,McLaren,3,2,0,70,70,49.166459627329196,30.347826086956523,2,64.554,100.91135045567523,71.33312121212123,69.57849999999999,7.9162146305787635,68.8165,0.14266593406593392,0.024728475199018,0.05250525301234465,2.694999999999709,2,2,0.41303802982131677,0,0,2.0,2,24.0,2,5.0,-1.1487249417249217
2025,11,Austrian,LEC,Ferrari,2,3,0,70,70,49.166459627329196,30.347826086956523,2,64.492,100.81443153929126,71.57381818181818,69.8505,7.7612529379239765,69.10627777777779,0.023613003095974996,0.31924312833523144,0.6046569827865937,19.81999999999971,3,3,0.4815434123430768,0,0,2.0,2,25.0,2,6.0,-0.9080279720279663
2025,11,Austrian,HAM,Ferrari,4,4,0,70,70,49.166459627329196,30.347826086956523,2,64.582,100.95512028888089,71.74992424242424,70.17150000000001,7.687186183834871,69.20970588235295,0.04256127450980366,0.424987157728982,0.7478271151325506,29.019999999998618,4,4,0.6077484496515232,0,0,1.3333333333333333,2,26.0,2,7.0,-0.7319219114219067
2025,11,Austrian,RUS,Mercedes,5,5,0,70,70,49.166459627329196,30.347826086956523,2,64.763,101.23806099638901,72.21062121212121,70.5885,7.579619312066458,69.99545454545455,0.02036250705815915,0.8558951622780129,0.8483715557902332,62.39599999999882,5,5,1.632739571798506,0,0,3.0,2,18.0,2,-1.0,-0.27122494172493816
2025,11,Austrian,LAW,Racing Bulls,6,6,0,70,70,49.166459627329196,30.347826086956523,2,64.926,101.49286395397917,72.51425000000002,70.977,7.416958219854998,70.37057142857144,-0.000498319327730964,0.9216136820925521,0.8025757135523931,67.753999999999,9,6,1.9699607462116868,3,0,2.4,1,32.0,2,13.0,0.032403846153869154
2025,11,Austrian,ALO,Aston Martin,11,7,1,69,70,49.166459627329196,30.347826086956523,2,65.128,101.8086320363915,72.61664179104478,71.085,7.482862055150347,70.41969696969699,0.022113970588235252,0.9413373401534558,0.8056207905926946,70.8680000000004,10,7,1.9135181151879905,3,0,2.75,1,33.0,2,14.0,0.13479563719863563
2025,11,Austrian,BOR,Kick Sauber,8,8,1,69,70,49.166459627329196,30.347826086956523,2,64.846,101.36780728767725,72.33573846153847,70.853,7.623168475273509,69.87270588235296,0.07210539215686246,0.9864480818414336,0.9261286081826071,71.38299999999981,8,8,1.7856107630448046,0,0,4.0,2,21.0,2,2.0,-0.14610769230768028
2025,11,Austrian,HUL,Kick Sauber,20,9,1,69,70,49.166459627329196,30.347826086956523,2,65.606,102.55584561754544,72.48184615384615,70.861,8.015395703797882,70.26254166666666,-0.020419565217391324,0.9206080014614537,0.8081054261285452,77.15099999999984,17,9,3.186715819658229,8,1,4.0,2,12.0,2,-7.0,0.0
2025,11,Austrian,OCO,Haas F1 Team,17,10,1,69,70,49.166459627329196,30.347826086956523,2,65.364,102.17754920198216,72.4732,70.802,7.787952374902533,70.0620625,0.031701470588235754,1.0063633175009137,0.926471416697554,79.41699999999946,14,10,2.7175976051271844,4,0,4.666666666666667,2,19.0,2,0.0,-0.008646153846143534
2025,11,Austrian,BEA,Haas F1 Team,15,11,1,69,70,49.166459627329196,30.347826086956523,2,65.218,101.94932078598116,72.73118461538462,71.19,7.625168526605469,70.6627037037037,0.028997557997558068,1.203399086591161,0.8882843295787469,94.28499999999985,12,11,1.386052802021436,1,0,2.0,2,11.0,3,-8.0,0.24933846153847128
2025,11,Austrian,HAD,Racing Bulls,13,12,1,69,70,49.166459627329196,30.347826086956523,2,65.063,101.70702349502119,72.09578461538462,71.315,5.72457765224952,71.06218421052631,0.048098588467009505,1.1276140299598099,0.9065295434196072,97.38799999999901,16,12,2.8981723964520625,4,-1,2.0,2,2.0,3,-17.0,-0.3860615384615329
2025,11,Austrian,GAS,Alpine,10,13,1,69,70,49.166459627329196,30.347826086956523,2,64.846,101.36780728767725,72.79241538461538,71.146,7.495225336198013,70.82578571428571,0.038106185002736964,1.4088473145780096,0.9048181983402914,102.48600000000079,6,13,2.7563767808895014,-7,0,1.4285714285714286,2,12.0,3,-7.0,0.31056923076923226
2025,11,Austrian,STR,Aston Martin,16,14,1,69,70,49.166459627329196,30.347826086956523,2,65.329,102.12283691047506,72.79515384615385,71.08,7.708434530659357,69.86046153846155,-0.005489010989010884,1.5249265984654765,0.9769917407353699,103.89300000000003,13,14,2.40186770179958,-1,0,1.5,2,26.0,3,7.0,0.3133076923077027
2025,11,Austrian,COL,Alpine,14,15,1,69,70,49.166459627329196,30.347826086956523,2,65.278,102.0431132857076,72.86198461538463,71.068,7.606496424710565,70.67066666666666,0.036383394383394226,1.474832078918522,0.9073320457255386,107.12299999999959,11,15,1.6478046052400444,-4,0,1.1428571428571428,2,13.0,3,-6.0,0.3801384615384791
2025,11,Austrian,TSU,Red Bull Racing,18,16,1,68,70,49.166459627329196,30.347826086956523,2,65.369,102.18536524362602,72.8508387096774,70.881,7.9943743625732715,70.80203846153846,0.05880923076923099,1.8096516967591731,0.9037568128884425,142.25400000000081,15,16,1.4396706042144354,-1,0,1.6,3,18.0,3,-1.0,0.36899255583125523
2025,11,Austrian,ALB,Williams,12,17,1,15,70,49.166459627329196,30.347826086956523,2,65.143,101.8320801613231,79.97816666666665,71.35849999999999,15.970607353586285,74.79589999999999,-1.9728545454545448,1.856575000000014,0.5733596142128499,42.4320000000007,7,16,2.840187787218772,-9,0,0.3333333333333333,2,13.0,1,-6.0,7.496320512820503
2025,12,British,NOR,McLaren,3,1,0,52,52,23.578709677419354,17.91741935483871,2,85.01,100.13900014135608,104.76730952380952,102.01050000000001,12.865535637637548,90.1698,0.19460000000000122,-0.1182004183386032,0.306937465005205,0.0,3,1,0.749811439343343,2,0,4.0,2,11.0,2,0.0,-2.553713732004468
2025,12,British,PIA,McLaren,2,2,0,52,52,23.578709677419354,17.91741935483871,2,84.995,100.12133063186167,104.44042857142858,101.994,12.562274730207603,90.49966666666667,0.10548571428571653,0.11883940920343909,0.17929965813872029,6.770999999998821,2,2,0.46604138242837034,0,0,1.0,2,11.0,2,0.0,-2.8805946843854002
2025,12,British,HUL,Kick Sauber,19,3,0,52,52,23.578709677419354,17.91741935483871,2,86.574,101.98134099797389,105.98723809523807,103.67949999999999,12.795165435714141,91.54214285714286,-0.19460714285714226,0.5216124818577536,0.45276113339407686,34.74799999999959,11,3,3.1255768698323143,8,1,4.0,2,9.0,2,-2.0,-1.3337851605759141
2025,12,British,HAM,Ferrari,5,4,0,52,52,23.578709677419354,17.91741935483871,2,85.084,100.22616972152854,106.82827906976742,103.59,14.199311318520548,91.53450000000001,-0.32166666666666627,0.8358921284043338,0.6810367276644058,39.81999999999971,4,4,1.508647771863105,0,0,1.4,2,11.0,2,0.0,-0.4927441860465649
2025,12,British,VER,Red Bull Racing,1,5,0,52,52,23.578709677419354,17.91741935483871,2,84.892,100.0,105.67440476190475,104.305,12.526401268305708,91.515375,-0.38074999999999937,1.49146234952616,0.8598344812707767,56.72199999999975,1,5,3.5186960254413866,-4,0,1.75,2,11.0,2,0.0,-1.64661849390923
2025,12,British,GAS,Alpine,8,6,0,52,52,23.578709677419354,17.91741935483871,2,85.711,100.96475521839514,107.29186046511629,104.368,14.056632121497454,91.768,-0.2589999999999992,1.2917170238196727,0.7779835982300595,59.862999999999374,5,6,1.0368402516254123,-1,0,0.8888888888888888,2,11.0,2,0.0,-0.029162790697697005
2025,12,British,STR,Aston Martin,17,7,0,52,52,23.578709677419354,17.91741935483871,2,86.504,101.89888328699996,105.17772500000001,103.6615,11.461429078094033,92.957125,-0.02455952380952316,1.0166123964825406,0.6366072078931135,60.58599999999933,12,7,2.9382791158935073,5,1,1.1428571428571428,3,6.0,2,-5.0,-2.143298255813974
2025,12,British,ALB,Williams,13,8,0,52,52,23.578709677419354,17.91741935483871,2,85.889,101.17443339772888,107.39927906976745,104.591,13.804741696287481,90.72628571428572,-0.33374999999999944,1.3708318961837174,0.7979576857191072,64.0619999999999,9,8,1.8560568982800856,1,1,1.25,2,12.0,2,1.0,0.07825581395346148
2025,12,British,ALO,Aston Martin,7,9,0,52,52,23.578709677419354,17.91741935483871,2,85.593,100.82575507703908,107.32102325581398,104.331,14.08257533686555,93.58883333333335,-0.8215104895104898,1.5436235806368879,0.7044144886356798,65.8159999999989,6,9,2.3693620069036885,-3,0,1.3333333333333333,2,11.0,2,0.0,0.0
2025,12,British,RUS,Mercedes,4,10,0,52,52,23.578709677419354,17.91741935483871,2,85.029,100.161381520049,107.03588095238092,104.1045,14.013656769689085,93.55218181818182,-0.860854545454545,1.1852822931785072,0.5032976606618602,70.64799999999923,14,10,2.6593271923813293,4,0,2.0,2,10.0,2,-1.0,-0.28514230343306224
2025,12,British,BEA,Haas F1 Team,18,11,0,52,52,23.578709677419354,17.91741935483871,2,85.471,100.6820430664845,107.42011904761905,103.963,13.779972383423745,91.8595,-0.19350000000000073,0.8655297105779798,0.4265076430801423,72.02799999999843,18,11,2.470642102407802,7,0,2.75,2,10.0,3,-1.0,0.09909579180506967
2025,12,British,SAI,Williams,9,12,0,52,52,23.578709677419354,17.91741935483871,2,85.746,101.0059840738821,107.92002325581397,104.712,13.818250301836633,91.8835,-0.417952380952381,1.573718219072812,0.8012036153991124,76.5739999999987,7,12,1.725070221754731,-5,0,0.8571428571428571,2,11.0,2,0.0,0.5989999999999895
2025,12,British,OCO,Haas F1 Team,14,13,0,52,52,23.578709677419354,17.91741935483871,2,85.95,101.24628940300617,107.61195454545455,104.3725,13.729543741389335,91.25942857142857,-0.20067857142857193,1.529012806283608,0.806244597755276,77.33799999999974,13,13,2.4687335924574576,0,1,2.5,2,18.0,2,7.0,0.290931289640568
2025,12,British,LEC,Ferrari,6,14,0,52,52,23.578709677419354,17.91741935483871,2,85.121,100.26975451161475,107.36747619047617,104.1905,13.966655919460107,91.37857142857145,-0.07446428571428548,1.16684961154272,0.5349399547419168,84.43799999999828,15,14,2.1771991361451923,1,0,2.6666666666666665,2,10.0,3,-1.0,0.046452934662184475
2025,12,British,TSU,Red Bull Racing,11,15,1,51,52,23.578709677419354,17.91741935483871,2,85.826,101.10022145785234,108.94478571428573,105.35300000000001,13.502642094728257,92.69357142857143,-0.7143214285714282,2.49958579185519,0.8106885580582768,122.88500000000022,10,15,2.1339459904590083,-5,1,0.7777777777777778,2,11.0,2,0.0,1.6237624584717452
2025,12,British,ANT,Mercedes,10,16,1,23,52,23.578709677419354,17.91741935483871,2,85.374,100.5677802384206,120.48499999999999,115.536,12.22087830313354,118.95800000000001,,-0.29346541501976914,0.016249867968353947,36.387000000000626,8,16,3.2534566597934194,-8,-5,0.8,4,2.0,2,-9.0,13.163976744186002
2025,12,British,HAD,Racing Bulls,12,17,1,18,52,23.578709677419354,17.91741935483871,2,85.864,101.14498421523818,122.05291666666666,118.532,14.698421890915139,114.72766666666666,-3.8131999999999993,-0.38928586171309676,0.02635990427730917,41.70399999999972,16,16,0.48507125007266594,0,0,1.0,1,10.0,2,-1.0,14.731893410852678
2025,13,Belgian,PIA,McLaren,2,1,0,44,44,24.09013452914799,17.030044843049332,2,100.626,100.06364233010481,109.28060526315788,106.4845,5.509252598249866,106.51810344827588,-0.019905911330049306,-0.031267371388300165,0.053357606780255466,0.0,2,1,0.3471417571787741,1,0,2.0,1,12.0,2,0.0,-1.3785087719298446
2025,13,Belgian,NOR,McLaren,1,2,0,44,44,24.09013452914799,17.030044843049332,2,100.562,100.0,109.44455263157893,106.4145,6.005882106363178,106.27189285714284,-0.028116310892172754,0.12916173361522099,0.2353051651025193,3.389999999999418,1,2,0.3471417571787741,-1,0,0.5,1,13.0,2,1.0,-1.214561403508796
2025,13,Belgian,LEC,Ferrari,3,3,0,44,44,24.09013452914799,17.030044843049332,2,100.9,100.33611105586604,109.633,106.7755,5.984309727856581,106.70744827586209,-0.024265517241379406,0.4116487667371334,0.6861768471885717,20.193999999999505,3,3,0.30151134457776363,0,0,1.0,1,12.0,2,0.0,-1.0261140350877298
2025,13,Belgian,VER,Red Bull Racing,4,4,0,44,44,24.09013452914799,17.030044843049332,2,100.903,100.33909429008972,109.66271052631579,106.768,6.003709960709181,106.72093103448275,-0.03227635467980294,0.43590366455251517,0.6884734930482257,21.621000000001004,4,4,0.3015113445777636,0,0,1.0,1,12.0,2,0.0,-0.9964035087719338
2025,13,Belgian,RUS,Mercedes,6,5,0,44,44,24.09013452914799,17.030044843049332,2,101.254,100.68813269425827,110.04471052631578,107.234,5.950085695080796,107.14096551724138,-0.0347817733990147,0.7391334038054941,0.9132188992842918,34.78900000000067,6,5,0.4282567051393694,1,0,2.0,1,12.0,2,0.0,-0.614403508771943
2025,13,Belgian,ALB,Williams,5,6,0,44,44,24.09013452914799,17.030044843049332,2,101.201,100.63542888964021,110.19897368421054,107.37299999999999,6.005150260229747,107.26606896551725,-0.030918226600985182,0.8575374207188272,0.9345616809741685,39.90600000000086,5,6,0.48004580472077996,-1,0,0.3333333333333333,1,12.0,2,0.0,-0.4601403508771824
2025,13,Belgian,HAM,Ferrari,18,7,0,44,44,24.09013452914799,17.030044843049332,2,101.664,101.09584137149221,109.93302631578948,107.3475,5.780720068711361,107.30523333333333,-0.042801557285873225,0.4727799859055539,0.5537957496985587,40.59599999999955,18,7,4.245131523174355,11,0,3.0,1,11.0,2,-1.0,-0.7260877192982491
2025,13,Belgian,LAW,Racing Bulls,9,8,0,44,44,24.09013452914799,17.030044843049332,2,101.297,100.73089238479744,110.41873684210528,107.549,6.159665736298546,107.41531034482756,-0.051362068965517316,1.066478012684989,0.9281300816427696,51.88199999999961,9,8,0.6078242485494765,1,0,1.0,1,12.0,2,0.0,-0.24037719298245008
2025,13,Belgian,BOR,Kick Sauber,10,9,0,44,44,24.09013452914799,17.030044843049332,2,101.336,100.76967442970506,110.5353947368421,107.539,6.178441579677279,107.50696551724135,-0.04705812807881759,1.146125229034525,0.947734172546699,56.34599999999955,10,9,0.628347273395124,1,0,2.0,1,12.0,2,0.0,-0.1237192982456321
2025,13,Belgian,GAS,Alpine,13,10,0,44,44,24.09013452914799,17.030044843049332,2,101.633,101.0650146178477,110.78418421052633,108.0275,5.966454032497536,108.05566666666668,-0.07693882091212459,1.450362861169851,0.9357594561318728,72.69300000000112,13,10,1.9658823581508627,3,0,1.0,1,11.0,2,-1.0,0.12507017543860854
2025,13,Belgian,BEA,Haas F1 Team,12,11,0,44,44,24.09013452914799,17.030044843049332,2,101.617,101.0491040353215,110.93323684210526,107.9905,6.120338801937183,107.82972413793105,-0.05645960591133,1.568066102889367,0.9689770306199943,73.1190000000006,12,11,0.8212299340934686,1,0,2.5,1,12.0,2,0.0,0.2741228070175339
2025,13,Belgian,HUL,Kick Sauber,14,12,0,44,44,24.09013452914799,17.030044843049332,2,101.707,101.13860106203138,110.51883333333333,108.12,6.426441225792969,106.2881111111111,,1.5736391120507385,0.8922555755159298,73.55400000000009,14,12,2.543802317900929,2,0,1.5,2,11.0,3,-1.0,-0.1402807017543921
2025,13,Belgian,TSU,Red Bull Racing,7,13,0,44,44,24.09013452914799,17.030044843049332,2,101.245,100.6791829915873,111.13878947368421,108.084,6.185525825527251,107.88382142857144,-0.030135467980295424,1.7598673713883004,0.968917620683421,75.32200000000012,7,13,2.4644405512091327,-6,0,1.0,1,13.0,2,1.0,0.4796754385964874
2025,13,Belgian,STR,Aston Martin,16,14,0,44,44,24.09013452914799,17.030044843049332,2,102.502,101.92915813130207,111.10594736842104,108.0485,6.549510557110019,107.94155172413794,-0.062241379310344944,1.54281289640592,0.9529550615297552,79.76800000000003,16,14,1.962653422451254,2,0,1.3333333333333333,1,12.0,2,0.0,0.4468333333333163
2025,13,Belgian,OCO,Haas F1 Team,11,15,0,44,44,24.09013452914799,17.030044843049332,2,101.525,100.95761818579582,111.26807894736842,108.03399999999999,6.645197552150905,107.75082142857146,-0.07033360700602075,1.9815798449612418,0.934296979830919,86.0689999999995,11,15,3.3947478398853015,-4,0,2.6666666666666665,1,13.0,2,1.0,0.6089649122806975
2025,13,Belgian,ANT,Mercedes,19,16,0,44,44,24.09013452914799,17.030044843049332,2,102.139,101.56818679023884,110.93077777777778,107.9765,6.675471707724849,107.27736363636363,,1.745826004228332,0.9310753420204216,86.70700000000033,19,16,1.4932901370476555,3,0,3.5,2,12.0,3,0.0,0.2716637426900519
2025,13,Belgian,ALO,Aston Martin,20,17,0,44,44,24.09013452914799,17.030044843049332,2,102.385,101.81281199657923,110.78283333333334,108.01599999999999,6.195099346603387,107.15766666666667,,1.7603731501057056,0.9057208473440368,87.90500000000065,20,17,2.397474887271009,3,0,0.6,2,11.0,3,-1.0,0.12371929824561789
2025,13,Belgian,SAI,Williams,17,18,0,44,44,24.09013452914799,17.030044843049332,2,101.691,101.1226904795052,110.89802777777777,108.5135,6.713560577501164,106.78666666666666,,2.0767229034531303,0.9246094976781386,92.00500000000102,17,18,1.0753828169353603,-1,0,2.0,2,12.0,3,0.0,0.23891374269004473
2025,13,Belgian,COL,Alpine,15,19,0,44,44,24.09013452914799,17.030044843049332,2,102.022,101.45184065551601,111.21666666666667,108.70400000000001,6.6242823913236055,106.99453846153845,,2.2031923185341817,0.9500356844899654,95.26599999999962,15,19,1.887423604995298,-4,0,0.3333333333333333,2,12.0,3,0.0,0.5575526315789432
2025,13,Belgian,HAD,Racing Bulls,8,20,1,43,44,24.09013452914799,17.030044843049332,2,101.281,100.71498180227125,112.0015142857143,108.684,6.2466048066196755,108.3717,0.025996992481203015,3.088739051646018,0.961412468145204,120.70100000000093,8,20,5.567466007158354,-12,0,0.2,2,13.0,3,1.0,1.342400250626568
2025,14,Hungarian,NOR,McLaren,3,1,0,70,70,32.72993630573249,22.082165605095543,2,74.89,100.0,81.40742647058823,80.94200000000001,1.4475908170533578,80.47772222222221,-0.004228056628056676,-0.08295888373720471,0.08535552336296226,0.0,5,1,1.4699192242704755,4,1,3.0,1,31.0,2,10.5,-1.2410978692510355
2025,14,Hungarian,PIA,McLaren,2,2,0,70,70,32.72993630573249,22.082165605095543,2,74.941,100.06809987982375,81.15851515151513,81.128,1.3241103863166066,79.97027272727273,0.05227442123094278,-0.02728492695301351,0.016233014100732683,0.6980000000003201,2,2,0.7054945551085314,0,0,2.5,2,18.0,2,-2.5,-1.4900091883241373
2025,14,Hungarian,RUS,Mercedes,4,3,0,70,70,32.72993630573249,22.082165605095543,2,75.201,100.41527573774869,81.4519090909091,81.43100000000001,1.2793366277071123,80.56479166666666,0.03166652173913038,0.2665893097716832,0.6410337261000524,21.916000000001077,3,3,0.7372097807744856,0,0,1.6666666666666667,2,19.0,2,-1.5,-1.196615248930172
2025,14,Hungarian,LEC,Ferrari,1,4,0,70,70,32.72993630573249,22.082165605095543,2,75.372,100.64361062892242,81.71443939393939,81.622,0.9459468862758699,81.33252941176471,0.029227941176470543,0.41810613244686123,0.6676865167634837,37.56000000000131,1,4,1.1329800935318963,-3,0,0.8,2,19.0,2,-1.5,-0.9340849458998832
2025,14,Hungarian,ALO,Aston Martin,5,5,0,70,70,32.72993630573249,22.082165605095543,2,75.281,100.52209907864868,82.23723529411764,82.50649999999999,1.499316711214405,80.87253571428572,-0.030074712643678166,0.9274920479398207,0.8773687766501105,59.04000000000087,4,5,0.7321371761633859,-1,-1,0.8,1,39.0,2,18.5,-0.41128904572163094
2025,14,Hungarian,BOR,Kick Sauber,7,6,0,70,70,32.72993630573249,22.082165605095543,2,75.586,100.92936306582989,82.38182352941176,82.8725,1.5202188956796279,81.03070370370371,-0.005526251526251574,0.9471783396028403,0.9401790931824091,66.16900000000169,6,6,0.4222095090890509,0,0,2.0,1,40.0,2,19.5,-0.2667008104275084
2025,14,Hungarian,STR,Aston Martin,6,7,0,70,70,32.72993630573249,22.082165605095543,2,75.129,100.31913473093871,82.40186764705881,82.8885,1.6133225187126807,81.11616129032258,-0.02346733870967743,0.9616372670807554,0.9063555688082979,68.17400000000089,7,7,1.0954451150103321,0,-1,1.6666666666666667,1,36.0,2,15.5,-0.2466566927804621
2025,14,Hungarian,LAW,Racing Bulls,9,8,0,70,70,32.72993630573249,22.082165605095543,2,75.63,100.98811590332485,82.41723529411763,83.0275,1.707699142624604,80.8788888888889,0.0016721611721612442,0.9762141719884574,0.9273680910827212,69.45100000000093,8,8,0.7964725544679515,0,-1,2.5,1,40.0,2,19.5,-0.23128904572163833
2025,14,Hungarian,VER,Red Bull Racing,8,9,0,70,70,32.72993630573249,22.082165605095543,2,75.547,100.87728668714114,82.22140909090908,81.951,1.73647360587948,80.89863157894736,0.0797192982456139,0.9128586475373995,0.921680387551786,72.64500000000044,9,9,2.539175458348945,0,2,3.3333333333333335,2,17.0,2,-3.5,-0.4271152489301926
2025,14,Hungarian,ANT,Mercedes,15,10,1,69,70,32.72993630573249,22.082165605095543,2,75.693,101.07223928428361,82.67641791044777,82.478,1.859546076488412,82.01773333333333,-0.035376943346508566,1.0786421994884947,0.9057436911288972,88.3630000000012,13,10,3.121440854697982,3,0,5.5,1,21.0,2,0.5,0.027893570608497953
2025,14,Hungarian,HAD,Racing Bulls,10,11,1,69,70,32.72993630573249,22.082165605095543,2,75.469,100.77313392976363,82.75431343283583,83.116,1.8501180487230446,81.51839393939393,0.004803475935828919,1.1822769820971892,0.9259704573698866,89.21399999999994,11,11,2.124131636426085,0,0,4.0,1,33.0,2,12.5,0.10578909299655948
2025,14,Hungarian,HAM,Ferrari,12,12,1,69,70,32.72993630573249,22.082165605095543,2,75.702,101.08425691013485,82.73958208955223,83.085,2.0668893781459463,81.095375,0.0829943478260868,1.1904145049324106,0.9571341083589604,90.57500000000073,14,12,1.8680925622066662,2,0,3.6666666666666665,1,42.0,2,21.5,0.09105774971295943
2025,14,Hungarian,HUL,Kick Sauber,18,13,1,69,70,32.72993630573249,22.082165605095543,2,76.081,101.59033248764855,82.62063076923077,82.379,2.079840961236811,81.56708,-0.009620000000000089,1.4819450858604344,0.9426483442600344,111.98199999999997,17,13,2.963402804333755,4,0,4.0,2,5.0,2,-15.5,-0.027893570608497953
2025,14,Hungarian,SAI,Williams,13,14,1,69,70,32.72993630573249,22.082165605095543,2,75.652,101.01749232207237,82.83519999999999,82.741,1.8334783132068941,81.42126666666667,0.00010357142857156783,1.5717298136645999,0.966544422199607,114.04000000000087,12,14,2.1781289044261536,-2,0,1.5,2,15.0,3,-5.5,0.18667566016071646
2025,14,Hungarian,ALB,Williams,19,15,1,69,70,32.72993630573249,22.082165605095543,2,76.223,101.77994391774602,82.86016923076922,82.646,1.9685294604192394,81.99971428571428,0.01688888888888893,1.5677239313116627,0.9643419642903276,118.82500000000073,16,15,1.2425395439699578,1,0,1.6666666666666667,2,14.0,3,-6.5,0.21164489092994643
2025,14,Hungarian,OCO,Haas F1 Team,17,16,1,69,70,32.72993630573249,22.082165605095543,2,76.023,101.51288556549605,83.25223880597014,83.007,1.7068439250651728,82.92682692307692,0.0025286007000768183,1.502578589696756,0.9581165997598018,125.97200000000157,15,16,1.939406048943051,-1,0,1.125,1,14.0,2,-6.5,0.6037144661308673
2025,14,Hungarian,TSU,Red Bull Racing,20,17,1,69,70,32.72993630573249,22.082165605095543,2,75.899,101.34730938710108,82.743578125,82.644,1.1094624725183744,82.21406896551723,0.014593103448275621,1.6716022287175765,0.980809472187384,127.65700000000106,20,18,1.4335226584453469,2,0,2.4,2,20.0,3,-0.5,0.09505378516072938
2025,14,Hungarian,COL,Alpine,14,18,1,69,70,32.72993630573249,22.082165605095543,2,75.875,101.31526238483109,82.79175384615382,82.185,2.0879121227224915,82.08422580645161,-0.005070564516128959,1.6626614176105228,0.9425282928283657,128.08400000000074,18,19,1.051325635803612,-1,0,1.5,2,13.0,2,-7.5,0.14322950631455456
2025,14,Hungarian,GAS,Alpine,16,19,1,69,70,32.72993630573249,22.082165605095543,2,75.966,101.43677393510482,83.30208955223878,83.437,1.9387184515249054,82.54785294117647,0.04214438502673779,1.6103423821702634,0.9716511794942982,127.0580000000009,19,17,2.186917624340746,2,0,2.1666666666666665,1,32.0,2,11.5,0.6535652123995135
2025,14,Hungarian,BEA,Haas F1 Team,11,20,1,48,70,32.72993630573249,22.082165605095543,2,75.694,101.07357457604486,83.62806666666667,83.625,1.5898795751994446,82.79085714285713,0.07939340659340632,1.744821537125492,0.9638739841202502,87.72199999999975,10,19,3.6898845817925467,-9,0,1.4,2,30.0,2,9.5,0.9795423268273993
2025,15,Dutch,PIA,McLaren,1,1,0,72,72,27.96352201257861,20.077358490566034,2,68.662,100.0,80.69292647058823,74.9915,15.763513437366527,75.32760000000002,0.007233082706767092,0.0,,0.0,1,1,0.0,0,0,0.0,2,23.0,2,0.0,-0.11411764705881922
2025,15,Dutch,VER,Red Bull Racing,3,2,0,72,72,27.96352201257861,20.077358490566034,2,68.925,100.38303574029301,80.81938235294119,75.4735,14.362669259908992,75.8901923076923,-0.1420372649572648,-0.04730733487684188,0.03608951746297448,1.2710000000006403,2,2,0.41865721708183945,0,0,1.0,2,23.0,2,0.0,0.01233823529413769
2025,15,Dutch,HAD,Racing Bulls,4,3,0,72,72,27.96352201257861,20.077358490566034,2,69.208,100.79519967376423,80.8153382352941,75.53200000000001,14.020943565465876,75.9741923076923,-0.13999282051282066,-0.05823858447488349,0.04560635326181075,3.2330000000001746,4,3,0.3164751088516942,1,0,1.0,2,23.0,3,0.0,0.008294117647054122
2025,15,Dutch,RUS,Mercedes,5,4,0,72,72,27.96352201257861,20.077358490566034,2,69.255,100.86365092773293,80.79875000000001,75.95949999999999,13.035260778497406,76.26464999999999,0.01438421052631563,-0.01859092224580129,0.0019598854844406813,5.654000000000451,6,4,0.8791401048431712,2,0,2.0,2,23.0,3,0.0,-0.008294117647039911
2025,15,Dutch,ALB,Williams,15,5,0,72,72,27.96352201257861,20.077358490566034,2,69.652,101.44184556231977,80.67683823529411,76.512,12.384384256845504,76.53926923076924,-0.13366393162393167,-0.1313055984307673,0.05855517125755987,6.326999999999316,10,5,1.7900350142141566,5,0,2.5,2,23.0,3,0.0,-0.13020588235293928
2025,15,Dutch,BEA,Haas F1 Team,20,6,0,72,72,27.96352201257861,20.077358490566034,2,70.262,102.33025545425416,81.25266666666668,76.801,11.263648162623536,79.29189795918369,-0.04688877551020404,-0.12851815229275446,0.02588341551532077,9.043999999999869,20,7,4.329697824916431,13,0,12.0,1,53.0,2,30.0,0.4456225490196317
2025,15,Dutch,STR,Aston Martin,19,7,0,72,72,27.96352201257861,20.077358490566034,2,92.046,134.0566834639247,81.6337205882353,76.4415,11.618087333075644,77.0482,-0.006900000000000262,-0.1674600617403054,0.03811613895661376,9.496999999999389,19,8,4.500369485787495,11,1,4.333333333333333,2,8.0,2,-15.0,0.8266764705882537
2025,15,Dutch,ALO,Aston Martin,10,8,0,72,72,27.96352201257861,20.077358490566034,2,69.366,101.02531239987182,82.10407352941175,76.63,11.992278714060426,76.90993333333333,0.011649999999999747,-0.002398433982891959,8.010229391815435e-06,11.709000000000742,13,9,2.7140378709489714,4,0,1.8333333333333333,2,18.0,2,-5.0,1.2970294117646972
2025,15,Dutch,TSU,Red Bull Racing,12,9,0,72,72,27.96352201257861,20.077358490566034,2,69.622,101.3981532725525,81.19589705882352,76.7205,10.764097540198929,76.916125,0.018623529411764435,0.039892324265226674,0.0023083069947830567,13.596999999999753,11,10,1.673635664661867,1,0,2.6666666666666665,2,19.0,2,-4.0,0.3888529411764665
2025,15,Dutch,OCO,Haas F1 Team,18,10,0,72,72,27.96352201257861,20.077358490566034,2,70.197,102.2355888264251,81.7948142857143,77.068,11.14379842391437,79.35442857142857,-0.03706714285714286,0.00847123609235232,0.0001086181441301516,14.063000000000102,16,11,2.8886481180513757,5,-1,2.0,1,52.0,2,29.0,0.987770168067243
2025,15,Dutch,COL,Alpine,16,11,0,72,72,27.96352201257861,20.077358490566034,2,70.104,102.10014272814657,80.51669696969698,76.719,9.572131012587768,75.24950000000001,0.05564264705882389,0.03624787767702386,0.0017761938328187741,14.511000000000422,15,12,1.2909186839275748,3,0,2.25,3,19.0,3,-4.0,-0.2903471479500723
2025,15,Dutch,LAW,Racing Bulls,8,12,0,72,72,27.96352201257861,20.077358490566034,2,69.383,101.05007136407326,79.7254393939394,76.29400000000001,9.67563728949204,76.36238095238096,-0.09187922077922074,0.7030345359830232,0.1167440257107056,17.063000000000102,8,13,4.921925650868373,-5,0,2.6666666666666665,3,23.0,3,0.0,-1.081604723707656
2025,15,Dutch,SAI,Williams,9,13,0,72,72,27.96352201257861,20.077358490566034,2,69.472,101.17969182371615,78.98400000000001,76.25800000000001,8.286083502446969,75.75175,-0.11017593984962405,0.7396365682680576,0.12489003680608192,17.376000000000204,9,14,4.350453720514091,-5,0,1.4,4,23.0,3,0.0,-1.8230441176470435
2025,15,Dutch,HUL,Kick Sauber,17,14,0,72,72,27.96352201257861,20.077358490566034,2,70.195,102.23267600710726,81.27326470588235,76.94,10.258420421333163,77.0950625,0.02585441176470616,0.00859685510322217,9.308695059169592e-05,19.725000000000364,17,15,1.4339255245708018,2,1,2.0,2,19.0,3,-4.0,0.4662205882353021
2025,15,Dutch,BOR,Kick Sauber,13,15,0,72,72,27.96352201257861,20.077358490566034,2,69.622,101.3981532725525,81.78764705882355,77.2595,10.473322834086906,77.29005263157894,0.013063157894736938,0.0844128882886359,0.009955511788656978,21.56500000000051,18,16,2.177518867749559,2,-1,1.0,2,22.0,3,-1.0,0.9806029411764996
2025,15,Dutch,ANT,Mercedes,11,16,0,72,72,27.96352201257861,20.077358490566034,2,69.493,101.21027642655325,80.45040909090909,76.4365,12.102264398389726,76.14858333333333,-0.17651565217391296,-0.17219522155765946,0.07967118274351026,7.029000000000451,12,6,2.4608038433722332,6,0,3.5,3,23.0,3,0.0,-0.3566350267379619
2025,15,Dutch,GAS,Alpine,14,17,0,72,72,27.96352201257861,20.077358490566034,2,69.637,101.41999941743613,81.59472857142858,76.8295,10.938066633499814,77.0642,0.01250375939849626,0.008718486719405215,0.00013808867284577437,23.629000000000815,14,17,2.4263405213425027,-3,0,1.2857142857142858,1,23.0,2,0.0,0.7876844537815231
2025,15,Dutch,NOR,McLaren,2,18,1,65,72,27.96352201257861,20.077358490566034,2,68.674,100.0174769159069,79.06318333333334,74.92349999999999,13.14887458288076,75.34905,-0.007536090225564046,0.050607648601399886,0.012397144680898723,70.94900000000052,3,2,0.3333333333333333,1,0,1.0,2,23.0,2,0.0,-1.7438607843137106
2025,15,Dutch,LEC,Ferrari,6,19,1,52,72,27.96352201257861,20.077358490566034,2,69.304,100.9350150010195,78.10720408163266,75.772,7.87886400700103,76.15357894736843,0.03619824561403518,0.0844411764705858,0.022803649069103805,20.990999999999985,5,5,0.6530471562110152,0,0,1.0,2,22.0,2,-1.0,-2.6998400360143933
2025,15,Dutch,HAM,Ferrari,7,20,1,23,72,27.96352201257861,20.077358490566034,2,69.261,100.87238938568639,76.61263636363637,76.4015,1.4661738201849306,76.28625000000001,0.01580075187969959,1.6718043478260909,0.4437722296346302,90.3789999999999,7,7,0.0,0,0,0.0,0,,1,,-4.194407754010683
2025,16,Italian,VER,Red Bull Racing,1,1,0,53,53,43.28819444444444,26.76111111111111,2,78.792,100.0,82.63811764705882,82.89,1.0696484216238316,81.32453846153847,-0.01141208791208798,0.1312018222867273,0.14716601433698823,0.0,1,1,0.7362676045339845,0,-1,1.5,1,37.0,2,4.0,-1.0362352941176454
2025,16,Italian,NOR,McLaren,2,2,0,53,53,43.28819444444444,26.76111111111111,2,78.869,100.09772565742713,82.96586274509804,82.967,1.0146477619274166,81.1495,-0.030359710057384463,0.19911804547654138,0.26203740576419504,19.207000000000335,2,2,0.46969093998090394,0,1,1.5,1,46.0,2,13.0,-0.7084901960784293
2025,16,Italian,PIA,McLaren,3,3,0,53,53,43.28819444444444,26.76111111111111,2,78.982,100.24114123261245,83.0914705882353,82.956,1.1360388083677637,81.8452,-0.4347999999999999,0.19578769553297867,0.3228649647315664,21.350999999999658,3,3,0.5061307735575311,0,-1,1.0,1,45.0,2,12.0,-0.5828823529411693
2025,16,Italian,LEC,Ferrari,4,4,0,53,53,43.28819444444444,26.76111111111111,2,79.007,100.27287034216673,83.13641176470587,83.111,1.2227146711554686,81.9454705882353,-0.04457107843137265,0.5775063699403349,0.655806025275437,25.623999999999796,4,4,0.6904910854182623,0,1,1.5,1,33.0,2,0.0,-0.5379411764705964
2025,16,Italian,RUS,Mercedes,5,5,0,53,53,43.28819444444444,26.76111111111111,2,79.157,100.46324499949233,83.23656862745098,83.432,1.2627250889231896,82.2192608695652,-0.03231126482213419,0.7446070795033107,0.5881705301325874,32.88100000000031,5,5,1.8276619848632754,0,0,3.5,1,27.0,2,-6.0,-0.4377843137254871
2025,16,Italian,HAM,Ferrari,10,6,0,53,53,43.28819444444444,26.76111111111111,2,79.124,100.4213625748807,83.36898039215687,83.446,1.4322144321322283,81.78991666666667,-0.01615734265734274,0.7295723270440256,0.8534616525118971,37.449000000000524,8,6,1.1349443571202384,2,0,6.0,1,38.0,2,5.0,-0.30537254901959443
2025,16,Italian,ALB,Williams,14,7,0,53,53,43.28819444444444,26.76111111111111,2,79.583,101.00390902629708,83.64249019607843,83.723,1.7309910614737332,81.89533333333333,-0.02903333333333412,0.8316752943073661,0.8684726306465759,50.53700000000026,13,7,3.1141793794749795,6,0,5.0,1,41.0,2,8.0,-0.03186274509803866
2025,16,Italian,BOR,Kick Sauber,7,8,0,53,53,43.28819444444444,26.76111111111111,2,79.323,100.67392628693268,83.67339215686272,83.675,1.284422782084332,82.9220666666667,-0.04887252502780866,1.2073398645379796,0.6992193323573812,58.48400000000038,7,9,3.3195773245901714,-2,1,3.0,1,20.0,2,-13.0,-0.0009607843137473537
2025,16,Italian,ANT,Mercedes,6,9,0,53,53,43.28819444444444,26.76111111111111,2,79.2,100.51781906792567,83.67435294117647,83.671,1.518858766620906,82.63600000000001,-0.04676453980801817,1.1149185615223327,0.8133524909603956,54.761999999999716,10,8,1.6881298211863092,2,0,4.0,1,28.0,2,-5.0,0.0
2025,16,Italian,HAD,Racing Bulls,19,10,0,53,53,43.28819444444444,26.76111111111111,2,79.917,101.42780992994214,83.64008,83.82249999999999,1.0831503342244841,82.54122222222222,-0.050350877192982216,1.1897788259958095,0.8685770013801084,63.89100000000053,18,10,2.6950742576024305,8,0,6.5,1,32.0,2,-1.0,-0.03427294117646795
2025,16,Italian,SAI,Williams,13,11,0,53,53,43.28819444444444,26.76111111111111,2,79.528,100.93410498527771,83.86543137254901,83.837,1.830130959848524,82.7908,-0.07080300751879706,1.317067811643284,0.8830523615071989,64.46900000000005,12,11,2.23963505217001,1,0,3.3333333333333335,1,30.0,2,-3.0,0.19107843137254577
2025,16,Italian,BEA,Haas F1 Team,11,12,0,53,53,43.28819444444444,26.76111111111111,2,79.446,100.83003350593968,83.91001960784313,83.368,2.0478206805303634,83.2965,-0.055854472140762446,1.370050233833251,0.7970289665820869,69.28800000000047,11,12,2.417131647041421,-1,0,2.6666666666666665,1,18.0,2,-15.0,0.2356666666666598
2025,16,Italian,TSU,Red Bull Racing,9,13,0,53,53,43.28819444444444,26.76111111111111,2,79.433,100.81353436897147,84.13639215686275,84.099,1.2871711164943285,83.61019354838709,-0.06129072580645154,1.6328584905660413,0.8449782158687401,80.70100000000002,9,13,3.7141122624933516,-4,0,1.6666666666666667,1,19.0,2,-14.0,0.46203921568628914
2025,16,Italian,LAW,Racing Bulls,18,14,0,53,53,43.28819444444444,26.76111111111111,2,80.279,101.88724743628794,84.17066666666666,83.821,1.6103999337638668,83.79026829268294,-0.03720400696864108,1.342793904208998,0.8142415336729527,82.35099999999966,15,14,1.4208687217784415,1,0,1.4,1,9.0,2,-24.0,0.4963137254901966
2025,16,Italian,OCO,Haas F1 Team,15,15,1,52,53,43.28819444444444,26.76111111111111,2,79.707,101.16128540968626,84.16095999999999,83.9305,1.4616016090828137,83.93681249999999,-0.04220174772036483,0.9074175702211223,0.846399232718152,83.23499999999967,14,15,3.0967311135685627,-1,0,2.3333333333333335,1,51.0,2,18.0,0.4866070588235232
2025,16,Italian,GAS,Alpine,20,16,1,52,53,43.28819444444444,26.76111111111111,2,80.103,101.66387450502587,84.1546530612245,84.125,0.9246244181427667,84.15555555555557,-0.05039117259552041,1.1889604712712354,0.9071352292538352,86.9369999999999,19,16,3.254652082941505,3,0,2.25,1,49.0,2,16.0,0.48030012004802813
2025,16,Italian,COL,Alpine,17,17,1,52,53,43.28819444444444,26.76111111111111,2,79.992,101.52299725860495,84.3695,84.3665,1.7484919245464312,83.21275,0.00833235294117632,1.7348099974387423,0.9407967759328326,88.54799999999977,17,17,2.1036490597330717,0,0,1.75,1,33.0,2,0.0,0.6951470588235367
2025,16,Italian,STR,Aston Martin,16,18,1,52,53,43.28819444444444,26.76111111111111,2,79.948,101.46715402578941,84.1709,83.959,1.5955644801148225,83.99254347826087,-0.039600925069380184,1.0972378553743722,0.8207885470365174,90.40099999999984,16,18,3.4745356797772637,-2,0,2.25,1,49.0,2,16.0,0.49654705882353767
2025,16,Italian,ALO,Aston Martin,8,19,1,24,53,43.28819444444444,26.76111111111111,2,79.362,100.72342369783733,84.78223809523809,84.485,1.215158668847895,84.53064705882353,-0.0544093137254904,2.47264217391305,0.7727991189456884,81.8149999999996,6,19,3.2568211584259603,-13,-1,0.0,2,20.0,2,-13.0,1.10788515406162
2025,17,Azerbaijan,VER,Red Bull Racing,1,1,0,51,51,26.107051282051284,20.551923076923078,2,101.117,100.0,105.66395652173912,105.1565,3.604571936098944,103.92575,0.16047619047619102,0.0,,0.0,1,1,0.0,0,0,0.0,1,40.0,2,12.0,-1.0205652173913222
2025,17,Azerbaijan,RUS,Mercedes,5,2,0,51,51,26.107051282051284,20.551923076923078,2,101.455,100.33426624603182,106.11600000000003,105.327,4.426155603028687,104.21555555555554,0.06233333333333254,0.23261638009049707,0.636113110900901,14.713999999999942,5,2,1.516445793009844,3,0,4.0,1,39.0,2,11.0,-0.5685217391304178
2025,17,Azerbaijan,SAI,Williams,2,3,0,51,51,26.107051282051284,20.551923076923078,2,101.595,100.47271972071957,106.03982608695651,105.62,3.6265871701112395,104.74014285714286,-0.05387792207792212,0.5990685972850642,0.5224203713960017,19.280000000000655,2,3,1.4616670579291628,-1,0,1.5,1,27.0,2,-1.0,-0.6446956521739367
2025,17,Azerbaijan,ANT,Mercedes,4,4,0,51,51,26.107051282051284,20.551923076923078,2,101.464,100.34316682654747,106.13013043478263,105.24600000000001,4.110458804392607,104.92823333333332,-0.04161446051167967,0.5177895927601862,0.35612149698944234,21.861000000000786,4,4,2.156431329403135,0,0,3.5,1,18.0,2,-10.0,-0.554391304347817
2025,17,Azerbaijan,LAW,Racing Bulls,3,5,0,51,51,26.107051282051284,20.551923076923078,2,101.537,100.41536042406321,106.35926086956522,105.705,3.827305274441551,105.23014285714284,-0.04219430760810063,0.8273079638009072,0.6241851792328202,33.34100000000035,3,5,2.524701496624665,-2,0,2.5,1,20.0,2,-8.0,-0.32526086956522704
2025,17,Azerbaijan,TSU,Red Bull Racing,6,6,0,51,51,26.107051282051284,20.551923076923078,2,101.788,100.6635877251105,106.52239130434782,105.733,4.794948228098501,104.86359999999999,-0.04456969696969671,0.6334495022624443,0.8613437748282495,33.94200000000092,6,6,1.2624284099290852,0,0,1.3333333333333333,1,38.0,2,10.0,-0.16213043478262534
2025,17,Azerbaijan,NOR,McLaren,7,7,0,51,51,26.107051282051284,20.551923076923078,2,101.322,100.20273544507847,106.60471739130436,105.509,5.285078730257872,104.77072727272726,0.00028181818181810634,0.6172069683257971,0.8030725631205909,34.301000000001295,8,7,1.617065849241865,1,0,2.5,1,37.0,2,9.0,-0.0798043478260837
2025,17,Azerbaijan,HAM,Ferrari,12,8,0,51,51,26.107051282051284,20.551923076923078,2,101.821,100.6962231870012,106.7435,105.94550000000001,5.85849943529342,104.59008333333333,0.10797552447552433,0.6644449773755707,0.7290082283667715,36.33300000000054,10,8,1.720692974857947,2,0,3.0,1,36.0,2,8.0,0.05897826086955149
2025,17,Azerbaijan,LEC,Ferrari,10,9,0,51,51,26.107051282051284,20.551923076923078,2,101.458,100.33723310620371,106.67073913043481,105.6315,5.61294995695879,105.31568965517242,-0.03579261083743848,0.7466489592760182,0.6420080003691246,36.87700000000041,9,9,1.4293835226775076,0,0,2.0,1,19.0,2,-9.0,-0.01378260869563519
2025,17,Azerbaijan,HAD,Racing Bulls,8,10,0,51,51,26.107051282051284,20.551923076923078,2,101.647,100.52414529703215,106.68452173913045,106.336,5.276006898062756,104.48836842105264,-0.047819298245614185,0.9187410859728509,0.6514555265612255,38.97900000000118,7,10,1.3304871583113353,-3,0,0.8,1,29.0,2,1.0,0.0
2025,17,Azerbaijan,BOR,Kick Sauber,13,11,0,51,51,26.107051282051284,20.551923076923078,2,102.277,101.14718593312698,107.36258695652172,106.628,6.0131794680096435,105.63550000000001,-0.0128012422360248,1.373376199095024,0.8206990858036882,67.64400000000023,12,12,1.663447872200813,0,0,2.25,1,26.0,2,-2.0,0.6780652173912785
2025,17,Azerbaijan,BEA,Haas F1 Team,15,12,0,51,51,26.107051282051284,20.551923076923078,2,102.666,101.53188880208074,107.4493695652174,106.9605,6.680679224811718,105.03015,-0.013614285714285853,1.3592506787330265,0.7790448927639068,68.29700000000048,15,13,1.7322772046429207,2,0,3.0,1,28.0,2,0.0,0.7648478260869496
2025,17,Azerbaijan,ALB,Williams,19,13,0,51,51,26.107051282051284,20.551923076923078,2,103.778,102.63160497245765,106.3683111111111,105.724,1.812401794483349,105.55621212121213,-0.043062834224599,1.0610168325791827,0.6743068368503964,62.891999999999825,19,11,2.795093740755011,8,1,8.0,2,1.0,2,-27.0,-0.3162106280193484
2025,17,Azerbaijan,OCO,Haas F1 Team,20,14,0,51,51,26.107051282051284,20.551923076923078,2,103.004,101.86615504811259,107.12236170212766,107.044,1.5261588387550247,106.88446666666665,-0.05992595520421611,1.3645212669683233,0.9136169439868742,77.57999999999993,18,14,2.324464939486497,4,-1,2.0,2,1.0,2,-27.0,0.4378399629972165
2025,17,Azerbaijan,ALO,Aston Martin,11,15,0,51,51,26.107051282051284,20.551923076923078,2,101.857,100.73182550906374,107.47260869565217,106.52250000000001,5.905219384308394,105.95777777777776,-0.049209401709401704,1.6680941176470598,0.8440646766806673,78.77800000000025,11,15,2.5635453391509095,-4,0,1.5,1,21.0,2,-7.0,0.7880869565217239
2025,17,Azerbaijan,HUL,Kick Sauber,17,16,0,51,51,26.107051282051284,20.551923076923078,2,102.916,101.77912714973742,107.7789347826087,107.08449999999999,7.015897384281166,104.71600000000001,-0.002846153846154219,1.6387334841628889,0.9018081734813442,80.25300000000061,17,16,1.6102612137385002,1,0,1.6666666666666667,1,36.0,2,8.0,1.094413043478255
2025,17,Azerbaijan,STR,Aston Martin,14,17,0,51,51,26.107051282051284,20.551923076923078,2,102.101,100.97313013637668,107.94976086956524,107.0975,6.089631947224478,105.77518181818182,0.08273636363636325,1.8820638009049722,0.9558909490472242,96.47999999999956,13,17,2.2124425327642556,-4,0,1.0,1,37.0,2,9.0,1.265239130434793
2025,17,Azerbaijan,GAS,Alpine,18,18,1,50,51,26.107051282051284,20.551923076923078,2,103.139,101.99966375584717,108.4109111111111,107.281,6.774846505548103,106.37041666666666,0.013262237762238182,2.1578416806722664,0.9502808563439412,108.41200000000026,16,18,1.2842849197518598,-2,0,0.8,1,35.0,2,7.0,1.726389371980659
2025,17,Azerbaijan,COL,Alpine,16,19,1,50,51,26.107051282051284,20.551923076923078,2,102.779,101.64364053522156,108.13411111111111,106.875,6.322470993578892,106.70561290322583,-0.00667298387096779,2.2065654261704677,0.8746895469912924,110.95400000000154,14,19,2.5273201100722305,-5,0,0.6666666666666666,1,16.0,2,-12.0,1.4495893719806645
2025,18,Singapore,RUS,Mercedes,1,1,0,62,62,33.85217391304348,29.072049689440995,2,89.158,100.0,96.76818333333334,96.6425,1.135547094182951,96.39641176470589,0.013963941940412488,-0.0029083629221122076,0.0020386027786915783,0.0,1,1,0.28211260133283195,0,0,2.0,1,25.0,2,0.0,-1.6155380822746537
2025,18,Singapore,VER,Red Bull Racing,2,2,0,62,62,33.85217391304348,29.072049689440995,2,89.34,100.20413199039906,96.85790000000001,96.53,1.3208915286686012,96.3798,0.01574727954971853,-0.054256201052607825,0.017938929127931626,5.430000000000291,2,2,1.2237729800563597,0,0,2.5,1,19.0,2,-6.0,-1.5258214156079788
2025,18,Singapore,NOR,McLaren,5,3,0,62,62,33.85217391304348,29.072049689440995,2,89.586,100.48004665874066,96.89636666666668,96.689,1.3968160036392046,96.3449696969697,0.01865073529411764,0.001546120722219833,0.00017733600890500672,6.066000000000713,3,3,0.366858113890273,0,0,2.0,1,26.0,2,1.0,-1.4873547489413141
2025,18,Singapore,PIA,McLaren,3,4,0,62,62,33.85217391304348,29.072049689440995,2,89.524,100.41050718948384,96.86066666666667,96.7195,1.6424038466468065,96.1275,0.01826612903225811,0.022731056885998652,0.010058638567645089,8.14600000000064,4,4,0.6042770175242353,0,0,2.0,1,27.0,2,2.0,-1.5230547489413198
2025,18,Singapore,ANT,Mercedes,4,5,0,62,62,33.85217391304348,29.072049689440995,2,89.537,100.42508804594092,97.31984999999999,96.97,1.6880911677625596,96.72458823529412,0.02664446142093202,0.33527279595074333,0.756820244768831,33.681000000000495,6,5,0.6164070849216595,1,0,2.0,1,25.0,2,0.0,-1.0638714156080056
2025,18,Singapore,LEC,Ferrari,7,6,0,62,62,33.85217391304348,29.072049689440995,2,89.784,100.70212431862538,97.51336666666666,97.259,1.7175505219585894,97.08202631578946,0.06246646241383082,0.39217390647427375,0.5221662647435088,45.996000000001004,5,6,0.9352376634010694,-1,0,1.5,1,21.0,2,-4.0,-0.8703547489413381
2025,18,Singapore,ALO,Aston Martin,10,7,0,62,62,33.85217391304348,29.072049689440995,2,89.955,100.89391866125305,97.91958333333334,97.8385,1.9810405867869478,97.13546875,-0.08459695747800586,1.4599619249074502,0.9133636215704,80.66699999999946,9,8,2.535626635089511,1,1,5.0,1,27.0,2,2.0,-0.46413808227465836
2025,18,Singapore,HAM,Ferrari,6,8,0,62,62,33.85217391304348,29.072049689440995,2,89.688,100.59445030171157,97.79443103448274,96.4615,4.837648588269033,96.18972222222222,-0.006599587203302414,0.5475765153232106,0.6082226630604458,80.2510000000002,7,7,0.578113052279818,0,0,1.3333333333333333,2,24.0,3,-1.0,-0.5892903811252523
2025,18,Singapore,BEA,Haas F1 Team,9,9,0,62,62,33.85217391304348,29.072049689440995,2,89.868,100.79633908342494,98.30666666666667,98.30799999999999,2.0330150996685266,97.76894444444446,-0.05446100386100384,1.5527275565964054,0.9680762269707599,93.52700000000004,10,9,1.298414605014543,1,0,2.6666666666666665,1,23.0,2,-2.0,-0.0770547489413218
2025,18,Singapore,SAI,Williams,18,10,1,61,62,33.85217391304348,29.072049689440995,2,90.235,101.20796787725162,98.57398305084746,98.459,2.745083853323381,95.435875,0.006488095238094243,1.6125826017979865,0.92122308146017,107.20900000000074,18,10,3.2919839717023764,8,0,4.333333333333333,1,50.0,2,25.0,0.19026163523946593
2025,18,Singapore,HAD,Racing Bulls,8,11,1,61,62,33.85217391304348,29.072049689440995,2,89.846,100.77166378788218,98.62481355932204,98.366,1.748269079685787,98.28226315789473,-0.008220155378050126,1.7976265996827017,0.9705276205483144,113.79000000000087,8,11,2.4526109651651007,-3,-1,1.6,1,20.0,2,-5.0,0.24109214371404164
2025,18,Singapore,TSU,Red Bull Racing,13,12,1,61,62,33.85217391304348,29.072049689440995,2,90.353,101.34031718970814,98.63557627118645,98.353,2.472861752786184,98.12600000000002,0.001995915678524361,1.5664146483342065,0.9170172514604483,115.72400000000016,16,12,2.772326162219514,4,-1,3.0,1,13.0,2,-12.0,0.25185485557845766
2025,18,Singapore,STR,Aston Martin,15,13,1,61,62,33.85217391304348,29.072049689440995,2,90.949,102.00879337804795,98.75788135593221,98.647,2.2787022855938304,97.76745000000001,-0.16426842105263154,2.0390227921734443,0.9318011156553058,120.94499999999971,14,13,3.133548417219703,1,0,4.0,1,38.0,2,13.0,0.37415994032421906
2025,18,Singapore,ALB,Williams,20,14,1,61,62,33.85217391304348,29.072049689440995,2,90.202,101.17095493393751,98.37775862068966,98.4575,1.314374847202832,97.3633125,-0.17939852941176457,1.8615771549444715,0.920666740966528,121.77499999999964,20,14,3.057732293049259,6,0,5.0,1,42.0,2,17.0,-0.005962794918332293
2025,18,Singapore,LAW,Racing Bulls,12,15,1,61,62,33.85217391304348,29.072049689440995,2,90.32,101.30330424639405,98.76249152542371,98.678,2.0704118478589066,96.6966,-0.12829090909090818,1.9622860920148062,0.9043700604255441,123.60000000000036,12,15,3.196480304772394,-3,0,2.6666666666666665,1,48.0,2,23.0,0.37877010981571857
2025,18,Singapore,COL,Alpine,16,16,1,61,62,33.85217391304348,29.072049689440995,2,90.982,102.04580632136206,99.09301694915253,98.645,2.1160197549068513,98.83090909090907,0.028033685694150823,1.9590801692226272,0.9549028626637465,139.34499999999935,13,16,1.8449458356851618,-3,0,1.1666666666666667,1,14.0,2,-11.0,0.7092955335445339
2025,18,Singapore,BOR,Kick Sauber,14,17,1,61,62,33.85217391304348,29.072049689440995,2,90.82,101.86410641782004,98.996,98.638,2.250286295961717,98.63915555555558,0.0471553359683794,1.9412846113167612,0.9185049987162252,143.20800000000054,15,17,2.0155136025259694,-2,0,1.4,1,13.0,2,-12.0,0.6122785843920013
2025,18,Singapore,OCO,Haas F1 Team,17,18,1,61,62,33.85217391304348,29.072049689440995,2,90.989,102.05365755176203,99.15261016949154,98.609,2.4051970312648283,98.78562962962963,-0.04464529914529926,2.1646848757271195,0.9630150475038265,143.58799999999974,17,18,2.6981070069152238,-1,1,3.6666666666666665,1,30.0,2,5.0,0.7688887538835445
2025,18,Singapore,GAS,Alpine,19,19,1,61,62,33.85217391304348,29.072049689440995,2,91.261,102.35873393301777,98.458625,98.64150000000001,1.5555718453061211,97.03742857142858,0.6888214285714283,2.114377525118983,0.9672306571281996,143.91599999999926,19,19,1.6471535308216905,0,0,2.0,2,24.0,3,-1.0,0.07490358439200406
2025,18,Singapore,HUL,Kick Sauber,11,20,1,61,62,33.85217391304348,29.072049689440995,2,90.141,101.10253706902354,98.38968421052631,98.408,2.2772124340791775,96.56892857142857,0.3237912087912087,2.556196827075613,0.9406148130128016,145.4950000000008,11,20,3.9065588675703267,-9,0,1.5,2,25.0,3,0.0,0.005962794918318082
2025,19,United States,VER,Red Bull Racing,1,1,0,56,56,45.0448051948052,28.267532467532465,2,92.51,100.0,100.37866666666667,99.485,5.975215025735357,98.4718,-0.0022977443609022326,0.0,,0.0,1,1,0.0,0,0,0.0,1,33.0,2,3.0,-1.21964814814811
2025,19,United States,NOR,McLaren,2,2,0,56,56,45.0448051948052,28.267532467532465,2,92.801,100.31456058804453,100.50244444444446,99.6405,5.894810738929517,98.46038095238096,-0.010820779220779194,0.07985546821599643,0.12693029595965902,7.959000000000742,3,2,0.5016207497934836,1,0,3.0,1,32.0,2,2.0,-1.0958703703703208
2025,19,United States,LEC,Ferrari,3,3,0,56,56,45.0448051948052,28.267532467532465,2,92.807,100.32104637336504,100.61992592592593,99.42150000000001,5.849420490089698,98.95967741935483,0.01035806451612885,0.11216380724538083,0.03147825641042058,15.372999999999593,2,3,2.06509331256735,-1,0,1.75,1,22.0,2,-8.0,-0.9783888888888583
2025,19,United States,HAM,Ferrari,5,4,0,56,56,45.0448051948052,28.267532467532465,2,92.912,100.4345476164739,100.88166666666667,99.92099999999999,5.826336086141893,99.02004545454544,0.06949802371541519,0.3775490772385509,0.6675334058423646,28.536000000000058,4,4,0.5617690055391233,0,0,2.0,1,31.0,2,1.0,-0.71664814814811
2025,19,United States,PIA,McLaren,6,5,0,56,56,45.0448051948052,28.267532467532465,2,93.084,100.62047346232839,100.91572222222223,99.971,5.933088929228884,98.87708695652172,-0.015621541501976184,0.47922949419002253,0.7034218389260053,29.677999999999884,5,5,0.6019448997521802,0,0,2.0,1,30.0,2,0.0,-0.682592592592556
2025,19,United States,RUS,Mercedes,4,6,0,56,56,45.0448051948052,28.267532467532465,2,92.826,100.34158469354664,101.00272222222223,100.18,5.916327696464224,98.89225000000002,-0.0036458646616540314,0.5157895078605603,0.9647923462968567,33.45600000000013,6,6,0.7608522221141921,0,0,4.0,1,33.0,2,3.0,-0.5955925925925527
2025,19,United States,TSU,Red Bull Racing,13,7,0,56,56,45.0448051948052,28.267532467532465,2,93.466,101.03340179440059,101.30327777777778,100.22649999999999,5.902181989920197,99.45475,-0.040780869565217336,0.8844383458646619,0.8815823013761891,52.71399999999994,10,7,0.9721779004533431,3,1,2.5,1,29.0,2,-1.0,-0.29503703703700523
2025,19,United States,HUL,Kick Sauber,11,8,0,56,56,45.0448051948052,28.267532467532465,2,93.334,100.89071451734948,101.42170370370371,100.3295,5.983101967694941,99.37615000000001,-0.05532105263157917,0.8926994531784028,0.9890535717586928,57.248999999999796,11,8,1.1597973401115689,3,0,3.0,1,33.0,2,3.0,-0.17661111111107175
2025,19,United States,BEA,Haas F1 Team,8,9,0,56,56,45.0448051948052,28.267532467532465,2,93.139,100.67992649443302,101.57572222222218,100.5295,5.786092481494097,99.93052173913046,-0.07397826086956523,1.062847949419004,0.9564884133762533,64.72199999999975,8,9,0.7619182899231915,-1,-2,0.8,1,30.0,2,0.0,-0.022592592592602045
2025,19,United States,ALO,Aston Martin,10,10,0,56,56,45.0448051948052,28.267532467532465,2,93.16,100.7026267430548,101.6209074074074,100.5805,5.903835926890431,99.48495652173911,-0.04633695652173904,1.1665279904306238,0.9361431966645524,70.0010000000002,12,10,0.8827348295047496,2,0,5.0,1,30.0,2,0.0,0.022592592592616256
2025,19,United States,LAW,Racing Bulls,12,11,0,56,56,45.0448051948052,28.267532467532465,2,93.36,100.91881958707165,101.70390740740741,100.809,5.840400646209639,99.57673913043476,-0.03347727272727276,1.1643906698564617,0.9344690258132499,73.20900000000074,13,11,0.8827348295047496,2,0,5.0,1,30.0,2,0.0,0.10559259259262888
2025,19,United States,STR,Aston Martin,19,12,0,56,56,45.0448051948052,28.267532467532465,2,93.878,101.47875905307532,101.7387962962963,100.4015,5.846103280091402,99.63223999999998,-0.02851384615384611,1.0938180451127821,0.8773562888225155,74.77800000000025,18,12,1.8033158491922738,6,1,9.0,1,28.0,2,-2.0,0.1404814814815154
2025,19,United States,ANT,Mercedes,7,13,0,56,56,45.0448051948052,28.267532467532465,2,93.044,100.57723489352502,101.68698148148148,99.934,6.855715088669386,99.31918181818179,-0.02867080745341598,1.0878970266575494,0.8311404527873347,75.74599999999919,7,13,3.083628744477233,-6,0,5.5,1,31.0,2,1.0,0.08866666666669687
2025,19,United States,ALB,Williams,18,14,0,56,56,45.0448051948052,28.267532467532465,2,93.67,101.25391849529781,100.55998076923076,100.20750000000001,2.539642590960193,99.29741176470588,0.0018308823529412808,1.016055844155841,0.8973802937078073,80.0,20,14,2.808151400069855,6,0,6.5,2,7.0,3,-23.0,-1.0383340455840226
2025,19,United States,OCO,Haas F1 Team,17,15,0,56,56,45.0448051948052,28.267532467532465,2,94.136,101.75764782185708,101.86264814814815,99.97749999999999,5.8583834242530175,99.7656551724138,0.012235960591133053,1.1499125085440858,0.7821561409200253,83.04299999999967,15,15,1.708553728788136,0,-3,1.1428571428571428,1,24.0,2,-6.0,0.2643333333333686
2025,19,United States,HAD,Racing Bulls,20,16,0,56,56,45.0448051948052,28.267532467532465,2,,,102.07198148148147,100.969,5.908678521257958,99.80879999999999,-0.015471538461538231,1.4190971633629483,0.9019573532904283,92.8070000000007,19,16,0.9479985752633273,3,0,1.6,1,28.0,2,-2.0,0.4736666666666878
2025,19,United States,COL,Alpine,15,17,1,55,56,45.0448051948052,28.267532467532465,2,94.039,101.6527942925089,102.25009433962262,101.193,5.782989276464043,100.04995,0.03409999999999992,1.6284124819624806,0.9775941683432443,100.56700000000092,17,17,2.0137573973095306,0,1,2.25,1,32.0,2,2.0,0.6517795248078357
2025,19,United States,BOR,Kick Sauber,16,18,1,55,56,45.0448051948052,28.267532467532465,2,94.125,101.74575721543617,101.95860784313726,100.816,5.968317465009485,99.9375625,0.10164264705882335,1.6039361471861464,0.9326759623328505,101.81700000000092,16,18,2.5731061814226432,-2,1,1.6,2,14.0,2,-16.0,0.3602930283224737
2025,19,United States,GAS,Alpine,14,19,1,55,56,45.0448051948052,28.267532467532465,2,93.599,101.17717003567182,102.29847169811322,101.181,5.730463770343729,100.66464,0.06532692307692306,1.6267423520923456,0.9346378298713917,104.41500000000087,14,19,2.1719050893562817,-5,0,0.8333333333333334,1,27.0,2,-3.0,0.7001568832984333
2025,19,United States,SAI,Williams,9,20,1,6,56,45.0448051948052,28.267532467532465,2,93.124,100.66371203113175,101.888,100.793,2.5312281603996074,100.58600000000001,,,,,9,8,0.4472135954999579,1,1,1.0,0,,1,,0.28968518518522046
2025,20,Mexico City,NOR,McLaren,1,1,0,71,71,50.58827160493828,26.405555555555555,2,75.586,100.0,82.48047826086956,82.136,2.733726586056949,82.35673529411766,0.15740580595874729,0.0,,0.0,1,1,0.0,0,0,0.0,1,34.0,2,7.5,-0.9899308300395404
2025,20,Mexico City,LEC,Ferrari,2,2,0,71,71,50.58827160493828,26.405555555555555,2,75.848,100.3466250363824,82.89931884057971,82.43,2.412007465679316,82.71702702702703,0.11593219535324802,0.46029986586183647,0.7933782666348501,30.323999999998705,2,2,0.28012644457404984,0,0,1.0,1,31.0,2,4.5,-0.5710902503293909
2025,20,Mexico City,VER,Red Bull Racing,5,3,0,71,71,50.58827160493828,26.405555555555555,2,76.07,100.64033021988199,82.91984057971013,82.891,2.6625680583579254,82.31232258064517,0.17720201612903227,0.41285875251509074,0.6794031549741458,31.04899999999907,4,3,1.7591382562000522,1,0,2.0,1,37.0,2,10.5,-0.5505685111989749
2025,20,Mexico City,BEA,Haas F1 Team,9,4,0,71,71,50.58827160493828,26.405555555555555,2,76.46,101.15629878548937,82.78446268656715,82.499,2.583667051729513,82.39509999999999,-0.0061849624060149305,0.6129269953051628,0.6731992499044379,40.95499999999993,6,4,1.0139866932482433,2,0,2.3333333333333335,2,24.0,2,-2.5,-0.6859464043419479
2025,20,Mexico City,PIA,McLaren,7,5,0,71,71,50.58827160493828,26.405555555555555,2,76.174,100.7779218373773,82.78664179104477,82.448,2.707007157088817,82.30914285714286,0.37885844155844156,0.5808671026156933,0.6036202800075141,42.06499999999869,9,5,1.7065384970316688,4,0,5.5,2,24.0,2,-2.5,-0.6837672998643285
2025,20,Mexico City,ANT,Mercedes,6,6,0,71,71,50.58827160493828,26.405555555555555,2,76.118,100.70383404334136,82.85189552238805,82.522,2.769111054900758,82.50880952380952,0.36410649350649343,0.6970381287726408,0.6884684135524557,47.836999999999534,7,6,1.4451751406396167,1,0,2.0,2,22.0,2,-4.5,-0.6185135685210525
2025,20,Mexico City,RUS,Mercedes,4,7,0,71,71,50.58827160493828,26.405555555555555,2,76.034,100.59270235228747,82.93294029850746,82.419,2.8596606329730223,82.35994736842106,-0.0002684210526314645,0.679431421864519,0.7283401378986836,50.28699999999844,5,7,1.3198682941427529,-2,0,1.6,2,25.0,2,-1.5,-0.5374687924016399
2025,20,Mexico City,HAM,Ferrari,3,8,0,71,71,50.58827160493828,26.405555555555555,2,75.938,100.46569470536872,82.78100000000002,82.363,2.961432510652829,82.32820000000001,0.013926315789473785,0.8825264922870539,0.7458502031816044,56.44599999999991,3,8,2.9770415952686573,-5,0,1.75,2,23.0,2,-3.5,-0.6894090909090806
2025,20,Mexico City,OCO,Haas F1 Team,11,9,0,71,71,50.58827160493828,26.405555555555555,2,76.837,101.65506839890985,83.55215942028983,82.709,3.2539512073025225,83.26092682926829,0.07241777003484322,0.9946744131455416,0.8829426310774349,75.46399999999994,10,9,1.7427054061994474,1,0,2.25,1,27.0,2,0.5,0.0817503293807249
2025,20,Mexico City,BOR,Kick Sauber,16,10,0,71,71,50.58827160493828,26.405555555555555,2,77.412,102.41579128410024,83.60966666666668,83.616,3.1901594910648856,83.00032258064518,0.16452580645161302,1.031690576794098,0.9431668585570585,76.86299999999937,13,10,1.3103826218681949,3,0,2.0,1,37.0,2,10.5,0.13925757575758269
2025,20,Mexico City,TSU,Red Bull Racing,10,11,0,71,71,50.58827160493828,26.405555555555555,2,76.816,101.62728547614638,83.48149275362317,83.374,2.9767702919893306,82.9354375,0.1534904692082112,1.1844083165660613,0.9545282663099047,79.04799999999886,8,11,2.9333302847371523,-3,0,1.3333333333333333,1,36.0,2,9.5,0.011083662714071352
2025,20,Mexico City,ALB,Williams,17,12,1,70,71,50.58827160493828,26.405555555555555,2,77.49,102.5189849972217,83.73989705882353,83.642,3.2113648427769856,82.90646153846154,0.2876717948717949,1.06941723383781,0.9218932072591853,105.4260000000013,18,12,1.5063701864801882,6,2,2.3333333333333335,1,41.0,2,14.5,0.2694879679144293
2025,20,Mexico City,HAD,Racing Bulls,8,13,1,70,71,50.58827160493828,26.405555555555555,2,76.252,100.88111555049876,83.78048529411764,83.655,2.9783765110495266,83.44460606060608,0.18676102941176462,1.1510707899571384,0.9688206867592415,109.63600000000042,11,13,1.7604464895730583,-2,0,1.1111111111111112,1,34.0,2,7.5,0.31007620320853846
2025,20,Mexico City,STR,Aston Martin,19,14,1,70,71,50.58827160493828,26.405555555555555,2,77.606,102.67245257058184,83.4704090909091,82.6995,3.193844440011598,82.60830769230769,0.03532967032967053,1.1949341964832485,0.897384148854813,110.00300000000061,19,14,1.7657894615044705,5,2,5.0,2,26.0,2,-0.5,0.0
2025,20,Mexico City,GAS,Alpine,18,15,1,70,71,50.58827160493828,26.405555555555555,2,77.546,102.59307279125764,84.2999411764706,84.202,3.0938320000040966,83.66958823529413,0.14657173414820487,1.6629945061674358,0.9713687060276123,147.05299999999988,15,15,0.9072973083819336,0,0,1.0,1,33.0,2,6.5,0.829532085561496
2025,20,Mexico City,COL,Alpine,20,16,1,70,71,50.58827160493828,26.405555555555555,2,77.67,102.75712433519435,84.31920588235293,84.341,3.333876989013742,83.4622105263158,0.4576263157894737,1.7175395328492689,0.9459313664897904,147.35599999999977,20,16,1.1761079090222104,4,1,2.3333333333333335,1,48.0,2,21.5,0.8487967914438315
2025,20,Mexico City,SAI,Williams,12,17,1,68,71,50.58827160493828,26.405555555555555,2,76.172,100.77527584473316,82.77824590163934,82.711,1.6612432458426796,81.16033333333333,-0.05691428571428503,1.2551587586364839,0.7563626999930887,159.3819999999996,12,15,2.46724356694553,-3,0,2.0,3,17.0,2,-9.5,-0.6921631892697633
2025,20,Mexico City,ALO,Aston Martin,14,18,1,34,71,50.58827160493828,26.405555555555555,2,77.103,102.00698542058053,83.84148387096774,83.732,2.2191766021202213,82.7784,-0.008884848484848362,2.2132027501909812,0.9113250758787595,73.84799999999996,16,16,1.854800583618381,0,2,1.6666666666666667,2,20.0,2,-6.5,0.3710747800586347
2025,20,Mexico City,HUL,Kick Sauber,13,19,1,25,71,50.58827160493828,26.405555555555555,2,77.016,101.89188474056043,84.84741666666666,84.22999999999999,2.393544577593561,84.27740909090907,-0.019301524562394107,1.8830484615384564,0.9920305338125818,61.99200000000019,17,16,0.9882644720249062,1,-1,1.6666666666666667,1,25.0,1,-1.5,1.3770075757575597
2025,20,Mexico City,LAW,Racing Bulls,15,20,1,5,71,50.58827160493828,26.405555555555555,2,76.961,101.81911994284656,,,,,,,,,14,20,2.60768096208106,-6,-6,0.0,2,2.0,2,-24.5,
2025,21,São Paulo,NOR,McLaren,1,1,0,71,71,30.69276315789474,17.348026315789475,2,69.511,100.0,77.30829850746268,74.371,10.287813842946369,73.42983333333333,-0.008304437564499568,0.007405499664654699,0.0015987976642393897,0.0,1,1,0.5967720007888719,0,0,2.5,2,30.0,2,10.0,-0.7922089552238987
2025,21,São Paulo,ANT,Mercedes,2,2,0,71,71,30.69276315789474,17.348026315789475,2,69.685,100.25032009322265,77.43080597014927,74.383,10.181120137276682,73.62290476190476,0.025818181818181775,0.056431421864520284,0.017269606331423198,10.38800000000083,2,2,1.8981087696463683,0,0,2.4,2,21.0,2,1.0,-0.6697014925373139
2025,21,São Paulo,VER,Red Bull Racing,19,3,0,71,71,30.69276315789474,17.348026315789475,2,70.403,101.28325013307249,76.48178125,73.846,9.142469180330533,73.33307142857143,0.05866593406593406,-0.12180704225352033,0.13528199532547922,10.75,18,3,5.164146634515392,15,2,3.1666666666666665,3,7.0,3,-13.0,-1.6187262126865818
2025,21,São Paulo,RUS,Mercedes,6,4,0,71,71,30.69276315789474,17.348026315789475,2,69.88,100.53085123217909,77.57201492537313,74.396,9.917876995901617,73.76700000000001,0.03230827067669187,0.11598135479543768,0.17373950662840001,15.266999999999825,7,4,1.2971102381135202,3,0,2.4,2,34.0,2,14.0,-0.5284925373134541
2025,21,São Paulo,PIA,McLaren,4,5,0,71,71,30.69276315789474,17.348026315789475,2,69.835,100.46611327703529,77.37685074626866,74.646,10.060424696219085,73.38511764705882,0.035482843137254874,0.28307293762575725,0.48161200135031096,15.748999999999796,4,5,1.754442478527802,-1,0,4.5,2,38.0,2,18.0,-0.7236567164179206
2025,21,São Paulo,BEA,Haas F1 Team,8,6,0,71,71,30.69276315789474,17.348026315789475,2,69.755,100.35102357900188,77.7233432835821,74.64,9.806915668334536,74.08149999999999,0.005268034188034097,0.24092920858484054,0.22953507634446196,29.6299999999992,9,6,2.2731925625778726,3,1,2.8333333333333335,2,17.0,2,-3.0,-0.37716417910448286
2025,21,São Paulo,LAW,Racing Bulls,7,7,0,71,71,30.69276315789474,17.348026315789475,2,69.95,100.63155471795832,78.29002898550725,75.37,9.538210585619195,75.25069387755103,0.01695397959183671,0.3922992622401071,0.41330995524356007,52.641999999999825,6,7,3.1083065190709553,-1,0,1.4444444444444444,1,19.0,2,-1.0,0.18952152282066947
2025,21,São Paulo,HAD,Racing Bulls,5,8,0,71,71,30.69276315789474,17.348026315789475,2,69.931,100.60422091467538,78.05040298507463,74.905,9.797927365952239,74.76690322580646,0.03315604838709683,0.555599027498322,0.5990927291421031,52.87299999999959,5,8,3.308850396387549,-3,0,2.8,2,18.0,2,-2.0,-0.0501044776119528
2025,21,São Paulo,HUL,Kick Sauber,10,9,0,71,71,30.69276315789474,17.348026315789475,2,69.985,100.68190646084794,78.31695652173914,75.459,9.533662988766489,74.99875,0.04392851906158353,0.4542570087189809,0.6874537361947946,53.324000000000524,12,9,2.345508143389024,3,-1,2.1666666666666665,1,36.0,2,16.0,0.2164490590525645
2025,21,São Paulo,GAS,Alpine,9,10,0,71,71,30.69276315789474,17.348026315789475,2,69.857,100.49776294399449,78.10079104477613,74.958,9.689040774890687,74.75344827586208,0.04635270935960588,0.5146851106639837,0.5960261261798971,53.91400000000067,8,10,2.411157832360903,-2,-1,2.8,2,18.0,2,-2.0,0.00028358208955125974
2025,21,São Paulo,ALB,Williams,12,11,0,71,71,30.69276315789474,17.348026315789475,2,70.053,100.77973270417633,78.11774626865672,75.523,9.70821163405571,73.98961538461539,0.27144505494505494,0.6429242119382953,0.8529895076748781,54.18399999999929,11,11,2.9748104110835953,0,0,2.142857142857143,2,35.0,2,15.0,0.017238805970137605
2025,21,São Paulo,OCO,Haas F1 Team,20,12,0,71,71,30.69276315789474,17.348026315789475,2,70.438,101.3336018759621,77.56810606060606,75.15450000000001,9.436529005174583,74.2739523809524,0.10094545454545445,0.3612749496981913,0.5063972298264371,54.69599999999991,19,12,3.1571196408370956,7,2,2.7142857142857144,2,8.0,2,-12.0,-0.5324014020805237
2025,21,São Paulo,SAI,Williams,15,13,0,71,71,30.69276315789474,17.348026315789475,2,70.184,100.96819208470602,78.10761194029851,75.033,9.695254798338398,74.76219999999999,0.03408453837597333,0.5096857813547931,0.5809878844496562,55.42000000000007,13,13,2.2802626132779262,0,1,4.0,2,17.0,2,-3.0,0.007104477611932225
2025,21,São Paulo,ALO,Aston Martin,11,14,0,71,71,30.69276315789474,17.348026315789475,2,70.001,100.70492440045462,78.1044776119403,74.924,9.734453646647747,74.20418181818181,0.011158667419536921,0.7183963447350759,0.7596387515669621,55.76599999999962,10,14,2.5953060863976245,-4,0,1.2727272727272727,2,28.0,2,8.0,0.003970149253717636
2025,21,São Paulo,COL,Alpine,16,15,0,71,71,30.69276315789474,17.348026315789475,2,70.632,101.61269439369309,78.10050746268658,74.779,9.746420496580043,74.1816,0.01956538461538458,0.710100838363515,0.7129794688273396,57.777000000000044,16,15,2.14972741709428,1,1,1.5454545454545454,2,29.0,2,9.0,0.0
2025,21,São Paulo,STR,Aston Martin,14,16,0,71,71,30.69276315789474,17.348026315789475,2,70.041,100.7624692494713,78.1493880597015,74.898,9.814240556233214,73.84664285714287,0.10961098901098909,0.5960953722334036,0.770447681911889,58.336999999999534,15,16,2.486502800533789,-1,1,1.8,2,29.0,2,9.0,0.04888059701491443
2025,21,São Paulo,TSU,Red Bull Racing,17,17,0,71,71,30.69276315789474,17.348026315789475,2,70.711,101.72634547050107,76.77416923076922,74.936,7.185021891427226,73.90261904761905,0.03341038961038966,0.9238341381623063,0.7517136392343264,69.17599999999948,14,17,2.526240556259149,-3,-4,1.5555555555555556,3,2.0,2,-18.0,-1.3263382319173616
2025,21,São Paulo,HAM,Ferrari,13,18,1,37,71,30.69276315789474,17.348026315789475,2,70.016,100.72650371883589,79.24356666666667,75.631,8.919527437162738,75.66314285714284,0.027485714285714502,1.7012766714082483,0.7706366276281512,81.14400000000023,17,18,1.4337208778404378,-1,-2,1.0,4,2.0,3,-18.0,1.143059203980087
2025,21,São Paulo,LEC,Ferrari,3,19,1,6,71,30.69276315789474,17.348026315789475,2,69.801,100.4172001553711,105.68400000000001,110.062,16.030729474980234,115.10133333333333,,,,,3,3,0.0,0,0,0.0,0,,1,,27.583492537313433
2025,22,Las Vegas,VER,Red Bull Racing,2,1,0,50,50,19.52978723404255,16.73404255319149,2,108.257,100.29925695332334,97.02024999999999,95.4015,6.717592177229463,94.33227272727272,-0.05730773574251842,0.0,,0.0,1,1,0.0,0,0,0.0,1,25.0,2,4.5,-0.6978645833333417
2025,22,Las Vegas,RUS,Mercedes,4,2,0,50,50,19.52978723404255,16.73404255319149,2,108.803,100.80512164841477,97.50816666666667,95.6095,6.539363373703385,95.39143333333331,-0.020472302558398218,0.33186122448979694,0.3226892619902647,23.546000000000276,2,3,1.1876919823329444,-1,0,1.6666666666666667,1,17.0,2,-3.5,-0.20994791666666401
2025,22,Las Vegas,ANT,Mercedes,17,3,0,50,50,19.52978723404255,16.73404255319149,2,116.314,107.76400392832657,96.52581249999999,95.6885,4.0688589474579375,96.1275777777778,-0.10432266139657448,-0.11457906362544835,0.07634798018782615,25.488000000001193,14,4,4.5754000605723775,10,-1,11.0,1,2.0,2,-18.5,-1.1923020833333453
2025,22,Las Vegas,LEC,Ferrari,9,4,0,50,50,19.52978723404255,16.73404255319149,2,109.872,101.79554171993996,97.64079166666666,95.4725,6.901978935947972,94.78604347826085,-0.010750988142292498,0.41743486194478213,0.7976571435908233,30.678000000001703,9,6,1.4847524359024866,3,1,5.0,1,24.0,2,3.5,-0.07732291666667379
2025,22,Las Vegas,SAI,Williams,3,5,0,50,50,19.52978723404255,16.73404255319149,2,108.296,100.33539014582986,97.66147916666667,95.58000000000001,6.659156224070587,94.97348000000002,-0.030704615384615296,0.6369363265306189,0.7417256198842944,34.92400000000089,4,7,2.1189138534559038,-3,0,2.0,1,22.0,2,1.5,-0.056635416666665606
2025,22,Las Vegas,HAD,Racing Bulls,8,6,0,50,50,19.52978723404255,16.73404255319149,2,109.554,101.5009172271944,97.88958333333333,95.773,6.650359071519511,95.29796296296297,-0.045456654456654415,0.8301315246098496,0.751037244395593,45.257000000001426,5,8,1.9811355226696818,-3,0,1.0,1,20.0,2,-0.5,0.1714687500000025
2025,22,Las Vegas,HUL,Kick Sauber,11,7,0,50,50,19.52978723404255,16.73404255319149,2,112.781,104.49070728408103,98.03233333333333,96.2025,6.726361497340728,94.95229411764706,-0.02997303921568638,0.8114481152461017,0.7714810668523394,51.134000000000015,11,9,1.9783522312824904,2,1,3.5,1,30.0,2,9.5,0.3142187499999949
2025,22,Las Vegas,HAM,Ferrari,19,8,0,50,50,19.52978723404255,16.73404255319149,2,117.115,108.50612411288381,98.14985416666667,96.03450000000001,6.747924658074222,95.23477777777777,-0.036705882352941206,0.9495429051620691,0.8064764787299337,59.3690000000006,13,10,2.1536869194334574,3,1,4.0,1,29.0,2,8.5,0.4317395833333393
2025,22,Las Vegas,OCO,Haas F1 Team,13,9,0,50,50,19.52978723404255,16.73404255319149,2,112.987,104.68156465988474,98.20474999999999,96.6235,6.678014495023552,95.20315,-0.059351127819548946,1.0598116206482633,0.9437024409298113,60.63500000000022,12,11,1.3981036719610678,1,1,2.25,1,27.0,2,6.5,0.4866354166666582
2025,22,Las Vegas,BEA,Haas F1 Team,14,10,0,50,50,19.52978723404255,16.73404255319149,2,113.094,104.78069931624883,98.38458333333331,96.5955,6.727871146441536,96.04123333333334,-0.05300266963292544,1.2418885474189745,0.8577294382577006,70.54900000000089,8,12,2.436876555539647,-4,1,1.25,1,17.0,2,-3.5,0.6664687499999786
2025,22,Las Vegas,ALO,Aston Martin,7,11,0,50,50,19.52978723404255,16.73404255319149,2,109.466,101.41938592102582,98.30189583333333,97.0625,5.734816312477203,96.60758064516129,0.008493145161290266,1.3323512124849963,0.8725520843736382,85.3080000000009,10,13,1.8693008624311163,-3,1,1.0,1,16.0,2,-4.5,0.5837812500000013
2025,22,Las Vegas,TSU,Red Bull Racing,20,12,0,50,50,19.52978723404255,16.73404255319149,2,116.798,108.2124261122538,97.5454347826087,96.537,5.0869209095578265,95.52205,-0.01932706766917306,1.1251718127250923,0.9140591117446223,86.97400000000016,18,14,1.0783585409580354,4,2,2.3333333333333335,2,1.0,2,-19.5,-0.1726798007246373
2025,22,Las Vegas,GAS,Alpine,10,13,0,50,50,19.52978723404255,16.73404255319149,2,111.54,103.34093056868088,97.77475,97.01,3.4480456289867254,97.35362222222221,-0.06922318840579708,1.032933445378159,0.8079789052947363,91.70200000000114,17,15,1.227075501228138,2,0,3.0,1,2.0,2,-18.5,0.056635416666665606
2025,22,Las Vegas,LAW,Racing Bulls,6,14,1,49,50,19.52978723404255,16.73404255319149,2,109.062,101.04508310634277,97.28402222222222,96.883,2.9269029745145687,95.67655555555557,-0.014127966976264027,1.3639116326530634,0.8901921118522214,96.65600000000086,6,16,1.7973430882474133,-10,-12,1.6666666666666667,2,2.0,2,-18.5,-0.43409236111111227
2025,22,Las Vegas,COL,Alpine,15,15,1,49,50,19.52978723404255,16.73404255319149,2,113.683,105.32640317230901,99.18689361702127,97.391,6.3365513979507355,96.36342857142857,-0.026450649350649433,1.8547838775510206,0.9924948180144446,103.82400000000052,16,17,1.6583123951776997,-1,2,1.1666666666666667,1,25.0,2,4.5,1.4687790336879374
2025,22,Las Vegas,ALB,Williams,16,16,1,35,50,19.52978723404255,16.73404255319149,2,116.22,107.67691366946468,98.8741333333333,96.4195,7.398331763185598,95.774625,0.01837647058823558,2.2673719887955204,0.5773312897520451,110.96399999999994,15,18,2.2622217085916954,-3,2,1.0,4,13.0,2,-7.5,1.1560187499999728
2025,22,Las Vegas,NOR,McLaren,1,19,1,50,50,19.52978723404255,16.73404255319149,2,107.934,100.0,97.41927083333333,95.71950000000001,6.664413443215386,95.08972,0.05216923076923096,0.14412643457383026,0.14699956660891952,20.740999999999985,3,2,0.5405967979549857,1,0,3.0,1,22.0,2,1.5,-0.2988437500000032
2025,22,Las Vegas,PIA,McLaren,5,20,1,50,50,19.52978723404255,16.73404255319149,2,108.961,100.95150740267201,97.58552083333332,95.477,6.898795855428385,94.82884615384614,-0.040516923076923214,0.39174271308524566,0.4675671504616956,27.650000000001455,7,5,1.2204047505242024,2,1,2.6666666666666665,1,21.0,2,0.5,-0.13259375000001228
2025,23,Qatar,VER,Red Bull Racing,3,1,0,57,57,28.160402684563756,22.5993288590604,2,79.651,100.33254815020092,87.4345471698113,85.431,10.582899825382377,84.336,-0.01794014680971164,-0.06292986777288047,0.08391220958389539,0.0,2,1,0.9389243565742775,1,0,1.5,2,7.0,2,0.0,-1.1877345283019025
2025,23,Qatar,PIA,McLaren,1,2,0,57,57,28.160402684563756,22.5993288590604,2,79.387,100.0,88.53667924528303,85.228,13.817934335456371,83.54341666666667,0.051849650349650424,0.24465193155302364,0.29440416218011706,7.9950000000008,1,2,1.0028155851124179,-1,0,1.6666666666666667,2,24.0,2,17.0,-0.08560245283017309
2025,23,Qatar,SAI,Williams,7,3,0,57,57,28.160402684563756,22.5993288590604,2,80.251,101.08833940065753,87.89864150943397,86.262,10.446574383489656,84.45013636363636,-0.027395256916996,0.4143046409126266,0.710431134800618,22.665000000000873,5,3,0.8521681032463467,2,0,2.0,2,7.0,2,0.0,-0.7236401886792265
2025,23,Qatar,NOR,McLaren,2,4,0,57,57,28.160402684563756,22.5993288590604,2,79.495,100.13604242508221,88.82016981132077,85.615,13.347522856804453,83.8779,0.012563636363635463,0.43869587762510104,0.5014441424840901,23.31500000000051,3,4,1.3869242579330379,-1,0,1.5,2,25.0,2,18.0,0.1978881132075685
2025,23,Qatar,ANT,Mercedes,5,5,0,57,57,28.160402684563756,22.5993288590604,2,79.846,100.57818030659934,87.93530188679244,86.509,10.454769562234237,84.4874090909091,0.026536984754376144,0.4899521000777775,0.7113808208822061,28.316999999999098,4,5,0.6579949798316924,-1,0,1.0,2,7.0,2,0.0,-0.6869798113207537
2025,23,Qatar,RUS,Mercedes,4,6,0,57,57,28.160402684563756,22.5993288590604,2,79.662,100.34640432312597,88.31856603773585,86.855,10.11978576185027,84.87113636363637,-0.09164144551101071,0.9489038112522684,0.9214060791598514,48.59900000000016,7,6,0.680004422807377,1,0,2.0,2,7.0,2,0.0,-0.30371566037734965
2025,23,Qatar,ALO,Aston Martin,8,7,0,57,57,28.160402684563756,22.5993288590604,2,80.219,101.04803053396651,88.45190566037734,86.459,10.274682265841887,85.24418181818183,-0.09661208356860544,1.0409288306974345,0.9482113769347426,54.04500000000007,6,7,0.8631265658474887,-1,0,1.0,2,7.0,2,0.0,-0.1703760377358634
2025,23,Qatar,LEC,Ferrari,10,8,0,57,57,28.160402684563756,22.5993288590604,2,80.343,101.20422739239423,88.52839622641511,87.155,10.036788400563092,85.09259090909092,-0.040827216261998756,1.0066575058335483,0.9272297428463071,56.784999999999854,10,8,0.6665100066558873,2,-1,1.3333333333333333,2,7.0,2,0.0,-0.09388547169808703
2025,23,Qatar,LAW,Racing Bulls,12,9,0,57,57,28.160402684563756,22.5993288590604,2,80.433,101.31759607996271,88.56705660377361,87.208,9.933067733227645,85.08004545454544,-0.10222868435911889,1.1147496110967094,0.9240188412141632,60.07300000000032,13,9,0.9035574359719755,4,0,5.0,2,7.0,2,0.0,-0.05522509433959044
2025,23,Qatar,TSU,Red Bull Racing,15,10,0,57,57,28.160402684563756,22.5993288590604,2,80.761,101.73076196354567,88.61894339622641,87.299,9.846769359726947,85.10204545454545,-0.09546640316205542,1.1158565595022039,0.9218319417780089,61.77000000000044,16,10,1.4388104248289597,6,0,6.0,2,7.0,2,0.0,-0.003338301886785189
2025,23,Qatar,ALB,Williams,14,11,0,57,57,28.160402684563756,22.5993288590604,2,80.629,101.56448788844521,88.71037735849056,87.373,9.742922690197732,85.28681818181819,-0.08279390175042345,1.1767761213378292,0.9341901200777544,66.9310000000005,17,11,1.4388104248289597,6,0,6.0,2,7.0,2,0.0,0.0880956603773626
2025,23,Qatar,HAM,Ferrari,17,12,0,57,57,28.160402684563756,22.5993288590604,2,80.907,101.91467116782344,88.86013207547171,87.189,9.578521441300394,85.73086363636364,-0.019309429700734154,1.2950696785066105,0.9575958491774003,77.72999999999956,14,12,0.5912901657818908,2,0,2.5,2,7.0,2,0.0,0.23785037735851233
2025,23,Qatar,BOR,Kick Sauber,19,13,0,57,57,28.160402684563756,22.5993288590604,2,80.534,101.44482094045625,89.03762264150944,87.465,9.547849194424758,85.9015,-0.013645962732918926,1.3949282473424913,0.950653235090987,84.8119999999999,18,13,1.375355957570644,5,-1,2.5,2,7.0,2,0.0,0.41534094339624517
2025,23,Qatar,COL,Alpine,20,14,1,56,57,28.160402684563756,22.5993288590604,2,81.137,102.20439114716515,88.97399999999998,87.398,9.527713484357095,85.9742380952381,0.01268441558441556,1.429049487354749,0.9503056043347797,88.2510000000002,20,14,1.4177675885225105,6,0,6.0,2,7.0,2,0.0,0.3517183018867769
2025,23,Qatar,OCO,Haas F1 Team,16,15,1,56,57,28.160402684563756,22.5993288590604,2,80.864,101.86050612820739,87.61135294117649,87.422,3.068516480799994,85.89115789473684,0.03216140350877197,1.5006493848257023,0.9480609105933413,89.18600000000151,15,15,2.956832281827487,0,0,4.0,3,8.0,2,1.0,-1.010928756936707
2025,23,Qatar,GAS,Alpine,9,16,1,56,57,28.160402684563756,22.5993288590604,2,80.324,101.18029400279642,88.74571153846156,87.4145,8.568546313976844,85.70628571428571,0.012633766233766393,1.530824641148326,0.9128803111689517,89.90900000000147,9,16,2.9877998681217006,-7,0,1.6666666666666667,2,7.0,2,0.0,0.1234298403483649
2025,23,Qatar,STR,Aston Martin,18,17,1,55,57,28.160402684563756,22.5993288590604,2,81.058,102.10487863252172,89.04029166666668,86.7935,10.079129399161193,85.9087619047619,-0.06370519480519489,1.4153238816738798,0.8191310062892284,106.33299999999872,19,17,3.4981476579808692,2,1,2.0,4,7.0,2,0.0,0.41800996855347705
2025,23,Qatar,HAD,Racing Bulls,6,18,1,55,57,28.160402684563756,22.5993288590604,2,80.114,100.9157670651366,88.62562,86.733,10.469410949435659,85.02473684210527,-0.10478245614035099,1.091610533910533,0.75846639902881,123.5719999999983,8,18,1.6336116027645216,-10,0,1.5,3,7.0,2,0.0,0.0033383018867993997
2025,23,Qatar,BEA,Haas F1 Team,13,19,1,41,57,28.160402684563756,22.5993288590604,2,80.438,101.32389434038318,90.34891428571429,87.551,11.871626419550868,85.48649999999999,-0.03895454545454565,1.7810060975609745,0.7737995436863174,111.85199999999986,12,19,3.3433589069209733,-7,0,1.0,4,7.0,2,0.0,1.7266325876010882
2025,23,Qatar,HUL,Kick Sauber,11,20,1,7,57,28.160402684563756,22.5993288590604,2,80.353,101.21682391323516,89.41466666666666,88.382,2.4904481256727027,88.27725000000001,,,,,11,10,0.408248290463863,1,1,1.0,0,,1,,0.7923849685534634
2025,24,Abu Dhabi,VER,Red Bull Racing,1,1,0,58,58,31.06168831168831,26.67402597402597,2,82.207,100.0,88.69966071428573,88.425,0.8547957390625445,88.0669375,0.015551686217008668,-0.0009859731151367881,8.335190017922179e-06,0.0,1,1,0.45916096973528975,0,0,1.0,1,23.0,2,7.0,-1.2231836253369295
2025,24,Abu Dhabi,PIA,McLaren,3,2,0,58,58,31.06168831168831,26.67402597402597,2,82.437,100.27978152712056,88.91023214285714,89.261,1.0990086274964763,87.49092857142857,0.09656923076923106,0.3227168784029049,0.4549658825380898,12.59400000000096,2,2,0.45916096973528975,0,0,1.0,1,41.0,2,25.0,-1.0126121967655166
2025,24,Abu Dhabi,NOR,McLaren,2,3,0,58,58,31.06168831168831,26.67402597402597,2,82.408,100.24450472587493,88.5863888888889,88.29050000000001,1.2788947382690752,87.36266666666667,0.1264499999999997,0.2954754683318512,0.2953855977091979,16.572000000000116,3,3,0.9833766537157573,0,0,4.0,2,16.0,2,0.0,-1.3364554507337516
2025,24,Abu Dhabi,LEC,Ferrari,5,4,0,58,58,31.06168831168831,26.67402597402597,2,82.73,100.63619886384372,88.70603703703704,88.5095,1.3291249350388394,87.477125,0.11712941176470602,0.4267553292934277,0.4946793667496235,23.27900000000045,4,4,1.1501071782560548,0,0,2.5,2,16.0,2,0.0,-1.2168073025856216
2025,24,Abu Dhabi,RUS,Mercedes,4,5,0,58,58,31.06168831168831,26.67402597402597,2,82.645,100.53280134295133,89.54460714285713,89.388,0.9534503215083715,89.27117073170731,-0.027589721254355454,0.7739466301639617,0.8498931996476318,48.5630000000001,6,5,1.8641879229895806,1,0,2.6666666666666665,1,14.0,2,-2.0,-0.37823719676552514
2025,24,Abu Dhabi,ALO,Aston Martin,6,6,0,58,58,31.06168831168831,26.67402597402597,2,82.861,100.79555269016024,89.85455357142857,89.9685,0.9223449151659421,89.60300000000001,-0.044604453441295634,1.2331941308560759,0.9437655922273568,67.5619999999999,5,6,2.264965020850108,-1,0,4.5,1,16.0,2,0.0,-0.06829076819408897
2025,24,Abu Dhabi,OCO,Haas F1 Team,8,7,0,58,58,31.06168831168831,26.67402597402597,2,82.913,100.8588076441179,89.90150000000001,89.6745,1.2236146749394885,89.44108333333332,-0.027911583011582995,1.222211233812177,0.9459549985124065,69.8760000000002,9,7,3.0317936167861492,2,0,6.5,1,19.0,2,3.0,-0.021344339622643815
2025,24,Abu Dhabi,HAM,Ferrari,16,8,0,58,58,31.06168831168831,26.67402597402597,2,83.394,101.44391596822658,89.61627777777777,89.38,1.5440982886970736,88.88666666666666,0.04042782608695652,1.1047182318742548,0.9184962953503831,72.67000000000007,14,8,3.54970751928582,6,1,6.0,2,8.0,3,-8.0,-0.30656656184488895
2025,24,Abu Dhabi,HUL,Kick Sauber,18,9,0,58,58,31.06168831168831,26.67402597402597,2,83.45,101.51203668787329,89.75062962962963,89.606,1.9500980362032139,88.19846153846153,0.09587912087912114,1.2456777815374276,0.9294766293604797,79.01400000000103,18,11,3.1508264311180425,7,0,2.6666666666666665,2,7.0,3,-9.0,-0.17221470999302824
2025,24,Abu Dhabi,STR,Aston Martin,15,10,0,58,58,31.06168831168831,26.67402597402597,2,83.097,101.08263286581433,90.01592857142857,89.995,1.816264566802804,88.20630769230769,0.03987912087912078,1.309327724630106,0.9434363067131246,74.52300000000105,16,9,4.035984539597711,7,0,7.5,1,42.0,2,26.0,0.09308423180591774
2025,24,Abu Dhabi,BOR,Kick Sauber,7,11,0,58,58,31.06168831168831,26.67402597402597,2,82.874,100.81136642864963,90.12496428571428,90.072,0.8990166337683686,89.931625,-0.016099906191369594,1.3609364791288578,0.965916034911815,81.04299999999967,7,12,2.2521079726845157,-5,0,1.6,1,15.0,2,-1.0,0.20211994609162787
2025,24,Abu Dhabi,BEA,Haas F1 Team,11,12,0,58,58,31.06168831168831,26.67402597402597,2,83.041,101.01451214616762,90.01282142857141,89.775,1.3072439865073935,89.64843902439026,-0.01551149825783978,1.1600375280691557,0.923980405194849,76.16600000000108,12,10,2.976058937547779,2,0,2.0,1,14.0,2,-2.0,0.089977088948757
2025,24,Abu Dhabi,SAI,Williams,12,13,0,58,58,31.06168831168831,26.67402597402597,2,83.042,101.01572858758988,90.12176785714287,89.85650000000001,1.3947372380888412,89.63829729729729,-0.0013119962067329963,1.2830569688394053,0.9415929815996716,82.15800000000127,13,13,2.5203947299334573,0,-1,1.5,1,18.0,2,2.0,0.19892351752021398
2025,24,Abu Dhabi,TSU,Red Bull Racing,10,14,0,58,58,31.06168831168831,26.67402597402597,2,83.034,101.00599705621178,90.07916071428572,90.08250000000001,1.287431675529168,89.25321739130435,0.04232114624505905,1.5082062813374821,0.9504557895798723,83.79399999999987,10,14,4.226246742027837,-4,0,1.5,1,32.0,2,16.0,0.15631637466306358
2025,24,Abu Dhabi,ANT,Mercedes,14,15,0,58,58,31.06168831168831,26.67402597402597,2,82.894,100.8356952570949,90.14873214285716,90.10849999999999,1.8095914706320921,88.99091304347824,0.056139328063240894,1.4472458703743596,0.9519210234600453,84.39900000000125,17,15,3.421755244522616,2,0,1.375,1,32.0,2,16.0,0.22588780323449953
2025,24,Abu Dhabi,ALB,Williams,17,16,0,58,58,31.06168831168831,26.67402597402597,2,83.416,101.47067767951634,89.83275925925926,89.7575,1.595359969259735,88.94086363636364,0.021042913608130837,1.3662094496908619,0.9417991110685119,85.32700000000114,15,16,2.2035691226741454,-1,0,1.7142857142857142,2,8.0,3,-8.0,-0.09008508036339435
2025,24,Abu Dhabi,HAD,Racing Bulls,9,17,1,57,58,31.06168831168831,26.67402597402597,2,82.997,100.96098872358803,90.28712727272729,90.142,1.0221427213265974,90.092,-0.015453095684803051,1.5105613819030397,0.9645907994182238,89.80000000000109,8,17,3.3192685729915143,-9,0,0.7,1,14.0,2,-2.0,0.3642829331046329
2025,24,Abu Dhabi,LAW,Racing Bulls,13,18,1,57,58,31.06168831168831,26.67402597402597,2,83.077,101.05830403736908,90.15558181818183,89.762,1.3763308265485243,89.52612121212121,0.0015808823529410733,1.680165737619914,0.9160649006489734,93.1319999999996,11,18,4.523816119240674,-7,0,1.4,1,21.0,2,5.0,0.23273747855917293
2025,24,Abu Dhabi,GAS,Alpine,19,19,1,57,58,31.06168831168831,26.67402597402597,2,83.468,101.53393263347405,89.9441886792453,89.908,1.877274354530278,88.51499999999999,0.11434725274725303,1.5817430645579482,0.9319606253296105,95.38100000000122,19,19,1.535298947157477,0,0,1.4,2,13.0,2,-3.0,0.021344339622643815
2025,24,Abu Dhabi,COL,Alpine,20,20,1,57,58,31.06168831168831,26.67402597402597,2,83.89,102.04727091366917,90.07554716981132,89.847,1.9802731412808632,88.63992857142856,0.09937802197802191,1.7321843401607464,0.9424558133510202,102.47600000000057,20,20,1.53856033999304,0,0,1.6,2,15.0,2,-1.0,0.15270283018865882
