Time,Driver,DriverNumber,LapTime,LapNumber,Stint,PitOutTime,PitInTime,Sector1Time,Sector2Time,Sector3Time,Sector1SessionTime,Sector2SessionTime,Sector3SessionTime,SpeedI1,SpeedI2,SpeedFL,SpeedST,IsPersonalBest,Compound,TyreLife,FreshTyre,Team,LapStartTime,LapStartDate,TrackStatus,Position,Deleted,DeletedReason,FastF1Generated,IsAccurate
0 days 00:03:15.927000,NOR,1,,1.0,1.0,0 days 00:01:18.191000,,,0 days 00:00:46.513000,0 days 00:00:34.939000,,0 days 00:02:42.303000,0 days 00:03:15.959000,188.0,96.0,262.0,140.0,False,HARD,1.0,True,McLaren,0 days 00:01:18.191000,,1,,False,,False,False
0 days 00:04:47.868000,NOR,1,0 days 00:01:31.941000,2.0,1.0,,,0 days 00:00:31.583000,0 days 00:00:34.614000,0 days 00:00:25.744000,0 days 00:03:47.510000,0 days 00:04:22.124000,0 days 00:04:47.868000,214.0,191.0,259.0,311.0,True,HARD,2.0,True,McLaren,0 days 00:03:15.927000,,1,,False,,False,True
0 days 00:07:28.870000,NOR,1,,3.0,1.0,,,0 days 00:00:50.099000,0 days 00:01:08.670000,0 days 00:00:42.351000,0 days 00:05:38.130000,0 days 00:06:46.840000,0 days 00:07:29.021000,136.0,60.0,261.0,86.0,False,HARD,3.0,True,McLaren,0 days 00:04:47.868000,,1,,False,,False,False
0 days 00:08:59.558000,NOR,1,0 days 00:01:30.688000,4.0,1.0,,,0 days 00:00:31.012000,0 days 00:00:34.167000,0 days 00:00:25.509000,0 days 00:07:59.882000,0 days 00:08:34.049000,0 days 00:08:59.558000,213.0,190.0,260.0,309.0,True,HARD,4.0,True,McLaren,0 days 00:07:28.870000,,1,,False,,False,True
0 days 00:11:35.846000,NOR,1,,5.0,1.0,,,0 days 00:00:53.365000,0 days 00:00:57.942000,0 days 00:00:44.859000,0 days 00:09:53.218000,0 days 00:10:51.102000,0 days 00:11:35.871000,127.0,87.0,246.0,230.0,False,HARD,5.0,True,McLaren,0 days 00:08:59.558000,,1,,False,,False,False
0 days 00:13:06.695000,NOR,1,0 days 00:01:30.849000,6.0,1.0,,,0 days 00:00:31.215000,0 days 00:00:34.219000,0 days 00:00:25.415000,0 days 00:12:07.061000,0 days 00:12:41.280000,0 days 00:13:06.695000,217.0,190.0,258.0,307.0,False,HARD,6.0,True,McLaren,0 days 00:11:35.846000,,12,,False,,False,True
0 days 00:15:40.899000,NOR,1,,7.0,1.0,,,0 days 00:00:49.367000,0 days 00:01:05.986000,0 days 00:00:38.889000,0 days 00:13:56.234000,0 days 00:15:02.221000,0 days 00:15:40.899000,124.0,83.0,262.0,257.0,False,HARD,7.0,True,McLaren,0 days 00:13:06.695000,,1,,False,,False,False
0 days 00:17:11.234000,NOR,1,0 days 00:01:30.335000,8.0,1.0,,,0 days 00:00:30.899000,0 days 00:00:34.075000,0 days 00:00:25.361000,0 days 00:16:11.798000,0 days 00:16:45.873000,0 days 00:17:11.234000,213.0,191.0,260.0,308.0,True,HARD,8.0,True,McLaren,0 days 00:15:40.899000,,1,,False,,False,True
0 days 00:19:06.498000,NOR,1,0 days 00:01:55.264000,9.0,1.0,,0 days 00:19:00.686000,0 days 00:00:36.736000,0 days 00:00:41.712000,0 days 00:00:36.816000,0 days 00:17:47.970000,0 days 00:18:29.682000,0 days 00:19:06.498000,186.0,154.0,,250.0,False,HARD,9.0,True,McLaren,0 days 00:17:11.234000,,1,,False,,False,False
0 days 00:31:55.948000,NOR,1,,10.0,2.0,0 days 00:29:31.461000,,,0 days 00:00:42.904000,0 days 00:00:32.698000,,0 days 00:31:23.461000,0 days 00:31:56.069000,169.0,140.0,263.0,235.0,False,HARD,10.0,False,McLaren,0 days 00:19:06.498000,,1,,False,,False,False
0 days 00:33:54.775000,NOR,1,0 days 00:01:58.827000,11.0,2.0,,,0 days 00:00:35.871000,0 days 00:00:49.791000,0 days 00:00:33.165000,0 days 00:32:31.819000,0 days 00:33:21.610000,0 days 00:33:54.775000,133.0,101.0,263.0,272.0,False,HARD,11.0,False,McLaren,0 days 00:31:55.948000,,1,,False,,False,True
0 days 00:36:00.275000,NOR,1,0 days 00:02:05.500000,12.0,2.0,,,0 days 00:00:37.505000,0 days 00:00:46.289000,0 days 00:00:41.706000,0 days 00:34:32.280000,0 days 00:35:18.569000,0 days 00:36:00.275000,165.0,100.0,264.0,228.0,False,HARD,12.0,False,McLaren,0 days 00:33:54.775000,,1,,False,,False,True
0 days 00:37:30.483000,NOR,1,0 days 00:01:30.208000,13.0,2.0,,,0 days 00:00:30.905000,0 days 00:00:33.873000,0 days 00:00:25.430000,0 days 00:36:31.180000,0 days 00:37:05.053000,0 days 00:37:30.483000,215.0,191.0,258.0,315.0,True,HARD,13.0,False,McLaren,0 days 00:36:00.275000,,1,,False,,False,True
0 days 00:39:45.731000,NOR,1,0 days 00:02:15.248000,14.0,2.0,,,0 days 00:00:50.586000,0 days 00:00:53.554000,0 days 00:00:31.108000,0 days 00:38:21.069000,0 days 00:39:14.623000,0 days 00:39:45.731000,128.0,122.0,267.0,271.0,False,HARD,14.0,False,McLaren,0 days 00:37:30.483000,,1,,False,,False,True
0 days 00:41:18.158000,NOR,1,0 days 00:01:32.427000,15.0,2.0,,,0 days 00:00:30.684000,0 days 00:00:34.007000,0 days 00:00:27.736000,0 days 00:40:16.415000,0 days 00:40:50.422000,0 days 00:41:18.158000,216.0,190.0,240.0,312.0,False,HARD,15.0,False,McLaren,0 days 00:39:45.731000,,1,,False,,False,True
0 days 00:43:22.410000,NOR,1,0 days 00:02:04.252000,16.0,2.0,,0 days 00:43:16.540000,0 days 00:00:46.968000,0 days 00:00:41.636000,0 days 00:00:35.648000,0 days 00:42:05.126000,0 days 00:42:46.762000,0 days 00:43:22.410000,131.0,170.0,,212.0,False,HARD,16.0,False,McLaren,0 days 00:41:18.158000,,1,,False,,False,False
0 days 00:55:45.924000,NOR,1,,17.0,3.0,0 days 00:53:42.472000,,,0 days 00:00:42.511000,0 days 00:00:27.415000,,0 days 00:55:18.647000,0 days 00:55:45.961000,201.0,168.0,287.0,262.0,False,HARD,17.0,False,McLaren,0 days 00:43:22.410000,,1,,False,,False,False
0 days 00:57:19.169000,NOR,1,0 days 00:01:33.245000,18.0,3.0,,,0 days 00:00:31.980000,0 days 00:00:35.104000,0 days 00:00:26.161000,0 days 00:56:17.904000,0 days 00:56:53.008000,0 days 00:57:19.169000,210.0,185.0,268.0,303.0,False,HARD,18.0,False,McLaren,0 days 00:55:45.924000,,1,,False,,False,True
0 days 00:58:53.429000,NOR,1,0 days 00:01:34.260000,19.0,3.0,,,0 days 00:00:32.401000,0 days 00:00:35.132000,0 days 00:00:26.727000,0 days 00:57:51.570000,0 days 00:58:26.702000,0 days 00:58:53.429000,210.0,183.0,268.0,299.0,False,HARD,19.0,False,McLaren,0 days 00:57:19.169000,,1,,False,,False,True
0 days 01:00:28.057000,NOR,1,0 days 00:01:34.628000,20.0,3.0,,,0 days 00:00:32.915000,0 days 00:00:35.545000,0 days 00:00:26.168000,0 days 00:59:26.344000,0 days 01:00:01.889000,0 days 01:00:28.057000,206.0,184.0,263.0,311.0,False,HARD,20.0,False,McLaren,0 days 00:58:53.429000,,1,,False,,False,True
0 days 01:02:02.957000,NOR,1,0 days 00:01:34.900000,21.0,3.0,,,0 days 00:00:32.763000,0 days 00:00:35.712000,0 days 00:00:26.425000,0 days 01:01:00.820000,0 days 01:01:36.532000,0 days 01:02:02.957000,210.0,183.0,276.0,303.0,False,HARD,21.0,False,McLaren,0 days 01:00:28.057000,,1,,True,TRACK LIMITS AT TURN 11 LAP 22 ,False,True
0 days 01:03:37.074000,NOR,1,0 days 00:01:34.117000,22.0,3.0,,,0 days 00:00:32.698000,0 days 00:00:35.278000,0 days 00:00:26.141000,0 days 01:02:35.655000,0 days 01:03:10.933000,0 days 01:03:37.074000,210.0,183.0,270.0,308.0,False,HARD,22.0,False,McLaren,0 days 01:02:02.957000,,1,,False,,False,True
0 days 01:05:11.199000,NOR,1,0 days 00:01:34.125000,23.0,3.0,,,0 days 00:00:32.729000,0 days 00:00:35.302000,0 days 00:00:26.094000,0 days 01:04:09.803000,0 days 01:04:45.105000,0 days 01:05:11.199000,209.0,182.0,273.0,308.0,False,HARD,23.0,False,McLaren,0 days 01:03:37.074000,,1,,False,,False,True
0 days 01:06:45.596000,NOR,1,0 days 00:01:34.397000,24.0,3.0,,,0 days 00:00:32.751000,0 days 00:00:35.476000,0 days 00:00:26.170000,0 days 01:05:43.950000,0 days 01:06:19.426000,0 days 01:06:45.596000,209.0,183.0,268.0,307.0,False,HARD,24.0,False,McLaren,0 days 01:05:11.199000,,1,,False,,False,True
0 days 01:08:20.287000,NOR,1,0 days 00:01:34.691000,25.0,3.0,,,0 days 00:00:32.931000,0 days 00:00:35.528000,0 days 00:00:26.232000,0 days 01:07:18.527000,0 days 01:07:54.055000,0 days 01:08:20.287000,207.0,183.0,273.0,309.0,False,HARD,25.0,False,McLaren,0 days 01:06:45.596000,,1,,False,,False,True
0 days 01:10:03.376000,NOR,1,0 days 00:01:43.089000,26.0,3.0,,0 days 01:09:56.862000,0 days 00:00:32.908000,0 days 00:00:35.278000,0 days 00:00:34.903000,0 days 01:08:53.195000,0 days 01:09:28.473000,0 days 01:10:03.376000,209.0,182.0,,242.0,False,HARD,26.0,False,McLaren,0 days 01:08:20.287000,,1,,False,,False,False
0 days 01:21:47.729000,NOR,1,,27.0,4.0,0 days 01:19:51.949000,,,0 days 00:00:40.110000,0 days 00:00:34.935000,,0 days 01:21:12.922000,0 days 01:21:47.729000,189.0,101.0,266.0,268.0,False,SOFT,1.0,True,McLaren,0 days 01:10:03.376000,,1,,False,,False,False
0 days 01:23:22.168000,NOR,1,0 days 00:01:34.439000,28.0,4.0,,,0 days 00:00:30.478000,0 days 00:00:33.896000,0 days 00:00:30.065000,0 days 01:22:18.207000,0 days 01:22:52.103000,0 days 01:23:22.168000,216.0,191.0,155.0,323.0,False,SOFT,2.0,True,McLaren,0 days 01:21:47.729000,,1,,True,TRACK LIMITS AT TURN 17 LAP 29 ,False,True
0 days 01:25:34.888000,NOR,1,0 days 00:02:12.720000,29.0,4.0,,,0 days 00:00:46.753000,0 days 00:00:50.725000,0 days 00:00:35.242000,0 days 01:24:08.921000,0 days 01:24:59.646000,0 days 01:25:34.888000,117.0,126.0,163.0,222.0,False,SOFT,3.0,True,McLaren,0 days 01:23:22.168000,,1,,False,,False,True
0 days 01:27:40.574000,NOR,1,0 days 00:02:05.686000,30.0,4.0,,,0 days 00:00:45.295000,0 days 00:00:49.368000,0 days 00:00:31.023000,0 days 01:26:20.183000,0 days 01:27:09.551000,0 days 01:27:40.574000,141.0,128.0,266.0,259.0,False,SOFT,4.0,True,McLaren,0 days 01:25:34.888000,,1,,True,TRACK LIMITS AT TURN 19 LAP 31 ,False,True
0 days 01:29:51.622000,NOR,1,0 days 00:02:11.048000,31.0,4.0,,,0 days 00:00:38.142000,0 days 00:00:46.488000,0 days 00:00:46.418000,0 days 01:28:18.716000,0 days 01:29:05.204000,0 days 01:29:51.622000,187.0,140.0,256.0,101.0,False,SOFT,5.0,True,McLaren,0 days 01:27:40.574000,,1,,False,,False,True
0 days 01:31:21.931000,NOR,1,0 days 00:01:30.309000,32.0,4.0,,,0 days 00:00:31.419000,0 days 00:00:33.738000,0 days 00:00:25.152000,0 days 01:30:23.041000,0 days 01:30:56.779000,0 days 01:31:21.931000,218.0,192.0,257.0,314.0,False,SOFT,6.0,True,McLaren,0 days 01:29:51.622000,,1,,False,,False,True
0 days 01:33:40.873000,NOR,1,0 days 00:02:18.942000,33.0,4.0,,,0 days 00:00:39.673000,0 days 00:00:47.612000,0 days 00:00:51.657000,0 days 01:32:01.604000,0 days 01:32:49.216000,0 days 01:33:40.873000,161.0,135.0,46.0,133.0,False,SOFT,7.0,True,McLaren,0 days 01:31:21.931000,,12,,False,,False,True
0 days 01:36:22.433000,NOR,1,,34.0,4.0,,,0 days 00:01:13.176000,0 days 00:00:47.149000,0 days 00:00:41.275000,0 days 01:34:54.121000,0 days 01:35:42.307000,0 days 01:36:22.433000,165.0,169.0,50.0,177.0,False,SOFT,8.0,True,McLaren,0 days 01:33:40.873000,,1,,False,,False,False
0 days 01:38:56.620000,NOR,1,,35.0,4.0,,0 days 01:38:48.922000,0 days 00:01:08.506000,0 days 00:00:46.794000,0 days 00:00:38.698000,0 days 01:37:31.739000,0 days 01:38:17.922000,0 days 01:38:56.654000,190.0,170.0,,233.0,False,SOFT,9.0,True,McLaren,0 days 01:36:22.433000,,1,,False,,False,False
0 days 00:03:26.542000,VER,3,,1.0,1.0,0 days 00:01:28.069000,,,0 days 00:00:42.342000,0 days 00:00:35.125000,,0 days 00:02:51.767000,0 days 00:03:26.740000,192.0,152.0,260.0,178.0,False,HARD,1.0,True,Red Bull Racing,0 days 00:01:28.069000,,1,,False,,False,False
0 days 00:04:58.564000,VER,3,0 days 00:01:32.022000,2.0,1.0,,,0 days 00:00:32.290000,0 days 00:00:34.390000,0 days 00:00:25.342000,0 days 00:03:58.832000,0 days 00:04:33.222000,0 days 00:04:58.564000,216.0,190.0,260.0,319.0,True,HARD,2.0,True,Red Bull Racing,0 days 00:03:26.542000,,1,,False,,False,True
0 days 00:07:20.031000,VER,3,0 days 00:02:21.467000,3.0,1.0,,,0 days 00:00:46.691000,0 days 00:00:56.281000,0 days 00:00:38.495000,0 days 00:05:45.255000,0 days 00:06:41.536000,0 days 00:07:20.031000,134.0,63.0,255.0,208.0,False,HARD,3.0,True,Red Bull Racing,0 days 00:04:58.564000,,1,,False,,False,True
0 days 00:08:51.740000,VER,3,0 days 00:01:31.709000,4.0,1.0,,,0 days 00:00:31.652000,0 days 00:00:34.594000,0 days 00:00:25.463000,0 days 00:07:51.683000,0 days 00:08:26.277000,0 days 00:08:51.740000,217.0,189.0,266.0,316.0,True,HARD,4.0,True,Red Bull Racing,0 days 00:07:20.031000,,1,,False,,False,True
0 days 00:11:15.148000,VER,3,0 days 00:02:23.408000,5.0,1.0,,,0 days 00:00:51.212000,0 days 00:00:47.270000,0 days 00:00:44.926000,0 days 00:09:42.952000,0 days 00:10:30.222000,0 days 00:11:15.148000,136.0,146.0,254.0,216.0,False,HARD,5.0,True,Red Bull Racing,0 days 00:08:51.740000,,1,,False,,False,True
0 days 00:12:46.195000,VER,3,0 days 00:01:31.047000,6.0,1.0,,,0 days 00:00:31.495000,0 days 00:00:34.221000,0 days 00:00:25.331000,0 days 00:11:46.643000,0 days 00:12:20.864000,0 days 00:12:46.195000,220.0,190.0,264.0,316.0,True,HARD,6.0,True,Red Bull Racing,0 days 00:11:15.148000,,1,,False,,False,True
0 days 00:14:33.957000,VER,3,0 days 00:01:47.762000,7.0,1.0,,0 days 00:14:28.606000,0 days 00:00:34.678000,0 days 00:00:38.885000,0 days 00:00:34.199000,0 days 00:13:20.873000,0 days 00:13:59.758000,0 days 00:14:33.957000,200.0,169.0,,285.0,False,HARD,7.0,True,Red Bull Racing,0 days 00:12:46.195000,,12,,False,,False,False
0 days 00:23:50.637000,VER,3,,8.0,2.0,0 days 00:22:07.337000,,,0 days 00:00:39.387000,0 days 00:00:30.737000,,0 days 00:23:20.046000,0 days 00:23:50.681000,191.0,171.0,254.0,247.0,False,MEDIUM,1.0,True,Red Bull Racing,0 days 00:14:33.957000,,1,,False,,False,False
0 days 00:25:21.102000,VER,3,0 days 00:01:30.465000,9.0,2.0,,,0 days 00:00:31.227000,0 days 00:00:34.082000,0 days 00:00:25.156000,0 days 00:24:21.864000,0 days 00:24:55.946000,0 days 00:25:21.102000,217.0,191.0,268.0,314.0,True,MEDIUM,2.0,True,Red Bull Racing,0 days 00:23:50.637000,,1,,False,,False,True
0 days 00:27:27.784000,VER,3,0 days 00:02:06.682000,10.0,2.0,,0 days 00:27:22.195000,0 days 00:00:47.306000,0 days 00:00:43,0 days 00:00:36.376000,0 days 00:26:08.408000,0 days 00:26:51.408000,0 days 00:27:27.784000,146.0,155.0,,236.0,False,MEDIUM,3.0,True,Red Bull Racing,0 days 00:25:21.102000,,1,,False,,False,False
0 days 00:29:38.940000,VER,3,0 days 00:02:11.156000,11.0,3.0,0 days 00:27:49.521000,,0 days 00:00:58.161000,0 days 00:00:41.467000,0 days 00:00:31.528000,0 days 00:28:25.945000,0 days 00:29:07.412000,0 days 00:29:38.940000,160.0,166.0,253.0,252.0,False,MEDIUM,4.0,False,Red Bull Racing,0 days 00:27:27.784000,,1,,False,,False,False
0 days 00:31:09.501000,VER,3,0 days 00:01:30.561000,12.0,3.0,,,0 days 00:00:31.183000,0 days 00:00:34.128000,0 days 00:00:25.250000,0 days 00:30:10.123000,0 days 00:30:44.251000,0 days 00:31:09.501000,217.0,192.0,259.0,313.0,False,MEDIUM,5.0,False,Red Bull Racing,0 days 00:29:38.940000,,1,,False,,False,True
0 days 00:33:01.735000,VER,3,0 days 00:01:52.234000,13.0,3.0,,0 days 00:32:56.170000,0 days 00:00:36.593000,0 days 00:00:40.440000,0 days 00:00:35.201000,0 days 00:31:46.094000,0 days 00:32:26.534000,0 days 00:33:01.735000,192.0,170.0,,243.0,False,MEDIUM,6.0,False,Red Bull Racing,0 days 00:31:09.501000,,1,,False,,False,False
0 days 00:43:08.193000,VER,3,,14.0,4.0,0 days 00:41:04.996000,,,0 days 00:00:35.556000,0 days 00:00:28.574000,,0 days 00:42:39.744000,0 days 00:43:08.259000,197.0,177.0,247.0,267.0,False,MEDIUM,7.0,False,Red Bull Racing,0 days 00:33:01.735000,,1,,False,,False,False
0 days 00:44:41.449000,VER,3,0 days 00:01:33.256000,15.0,4.0,,,0 days 00:00:32.276000,0 days 00:00:34.743000,0 days 00:00:26.237000,0 days 00:43:40.469000,0 days 00:44:15.212000,0 days 00:44:41.449000,217.0,174.0,264.0,306.0,False,MEDIUM,8.0,False,Red Bull Racing,0 days 00:43:08.193000,,1,,False,,False,True
0 days 00:46:14.638000,VER,3,0 days 00:01:33.189000,16.0,4.0,,,0 days 00:00:32.456000,0 days 00:00:34.900000,0 days 00:00:25.833000,0 days 00:45:13.905000,0 days 00:45:48.805000,0 days 00:46:14.638000,215.0,186.0,268.0,307.0,False,MEDIUM,9.0,False,Red Bull Racing,0 days 00:44:41.449000,,1,,False,,False,True
0 days 00:47:49.053000,VER,3,0 days 00:01:34.415000,17.0,4.0,,,0 days 00:00:32.434000,0 days 00:00:35.448000,0 days 00:00:26.533000,0 days 00:46:47.072000,0 days 00:47:22.520000,0 days 00:47:49.053000,214.0,172.0,259.0,298.0,False,MEDIUM,10.0,False,Red Bull Racing,0 days 00:46:14.638000,,1,,True,TRACK LIMITS AT TURN 15 LAP 18 ,False,True
0 days 00:49:22.625000,VER,3,0 days 00:01:33.572000,18.0,4.0,,,0 days 00:00:32.468000,0 days 00:00:35.091000,0 days 00:00:26.013000,0 days 00:48:21.521000,0 days 00:48:56.612000,0 days 00:49:22.625000,216.0,180.0,267.0,309.0,False,MEDIUM,11.0,False,Red Bull Racing,0 days 00:47:49.053000,,1,,False,,False,True
0 days 00:50:56.273000,VER,3,0 days 00:01:33.648000,19.0,4.0,,,0 days 00:00:32.268000,0 days 00:00:35.305000,0 days 00:00:26.075000,0 days 00:49:54.893000,0 days 00:50:30.198000,0 days 00:50:56.273000,214.0,182.0,278.0,312.0,False,MEDIUM,12.0,False,Red Bull Racing,0 days 00:49:22.625000,,1,,False,,False,True
0 days 00:52:30.201000,VER,3,0 days 00:01:33.928000,20.0,4.0,,,0 days 00:00:33.186000,0 days 00:00:35.059000,0 days 00:00:25.683000,0 days 00:51:29.459000,0 days 00:52:04.518000,0 days 00:52:30.201000,214.0,185.0,270.0,314.0,False,MEDIUM,13.0,False,Red Bull Racing,0 days 00:50:56.273000,,1,,False,,False,True
0 days 00:54:04.106000,VER,3,0 days 00:01:33.905000,21.0,4.0,,,0 days 00:00:33.069000,0 days 00:00:34.848000,0 days 00:00:25.988000,0 days 00:53:03.270000,0 days 00:53:38.118000,0 days 00:54:04.106000,213.0,181.0,267.0,309.0,False,MEDIUM,14.0,False,Red Bull Racing,0 days 00:52:30.201000,,1,,False,,False,True
0 days 00:55:37.942000,VER,3,0 days 00:01:33.836000,22.0,4.0,,,0 days 00:00:32.623000,0 days 00:00:35.267000,0 days 00:00:25.946000,0 days 00:54:36.729000,0 days 00:55:11.996000,0 days 00:55:37.942000,212.0,184.0,273.0,309.0,False,MEDIUM,15.0,False,Red Bull Racing,0 days 00:54:04.106000,,1,,False,,False,True
0 days 00:57:11.690000,VER,3,0 days 00:01:33.748000,23.0,4.0,,,0 days 00:00:32.670000,0 days 00:00:35.126000,0 days 00:00:25.952000,0 days 00:56:10.612000,0 days 00:56:45.738000,0 days 00:57:11.690000,213.0,178.0,252.0,322.0,False,MEDIUM,16.0,False,Red Bull Racing,0 days 00:55:37.942000,,1,,False,,False,True
0 days 00:58:45.254000,VER,3,0 days 00:01:33.564000,24.0,4.0,,,0 days 00:00:32.996000,0 days 00:00:34.909000,0 days 00:00:25.659000,0 days 00:57:44.686000,0 days 00:58:19.595000,0 days 00:58:45.254000,212.0,182.0,260.0,333.0,False,MEDIUM,17.0,False,Red Bull Racing,0 days 00:57:11.690000,,1,,False,,False,True
0 days 01:00:19.490000,VER,3,0 days 00:01:34.236000,25.0,4.0,,,0 days 00:00:32.981000,0 days 00:00:35.246000,0 days 00:00:26.009000,0 days 00:59:18.235000,0 days 00:59:53.481000,0 days 01:00:19.490000,212.0,184.0,267.0,305.0,False,MEDIUM,18.0,False,Red Bull Racing,0 days 00:58:45.254000,,1,,False,,False,True
0 days 01:01:53.218000,VER,3,0 days 00:01:33.728000,26.0,4.0,,,0 days 00:00:32.466000,0 days 00:00:35.261000,0 days 00:00:26.001000,0 days 01:00:51.956000,0 days 01:01:27.217000,0 days 01:01:53.218000,213.0,184.0,265.0,308.0,False,MEDIUM,19.0,False,Red Bull Racing,0 days 01:00:19.490000,,1,,False,,False,True
0 days 01:03:27.201000,VER,3,0 days 00:01:33.983000,27.0,4.0,,,0 days 00:00:32.708000,0 days 00:00:35.185000,0 days 00:00:26.090000,0 days 01:02:25.926000,0 days 01:03:01.111000,0 days 01:03:27.201000,213.0,176.0,272.0,312.0,False,MEDIUM,20.0,False,Red Bull Racing,0 days 01:01:53.218000,,1,,False,,False,True
0 days 01:05:00.821000,VER,3,0 days 00:01:33.620000,28.0,4.0,,,0 days 00:00:32.852000,0 days 00:00:34.989000,0 days 00:00:25.779000,0 days 01:04:00.053000,0 days 01:04:35.042000,0 days 01:05:00.821000,212.0,181.0,268.0,316.0,False,MEDIUM,21.0,False,Red Bull Racing,0 days 01:03:27.201000,,1,,False,,False,True
0 days 01:06:34.459000,VER,3,0 days 00:01:33.638000,29.0,4.0,,,0 days 00:00:32.386000,0 days 00:00:35.275000,0 days 00:00:25.977000,0 days 01:05:33.207000,0 days 01:06:08.482000,0 days 01:06:34.459000,212.0,182.0,266.0,310.0,False,MEDIUM,22.0,False,Red Bull Racing,0 days 01:05:00.821000,,1,,False,,False,True
0 days 01:08:22.331000,VER,3,0 days 00:01:47.872000,30.0,4.0,,0 days 01:08:16.873000,0 days 00:00:33.573000,0 days 00:00:39.120000,0 days 00:00:35.179000,0 days 01:07:08.032000,0 days 01:07:47.152000,0 days 01:08:22.331000,199.0,168.0,,260.0,False,MEDIUM,23.0,False,Red Bull Racing,0 days 01:06:34.459000,,1,,False,,False,False
0 days 01:17:57.276000,VER,3,,31.0,5.0,0 days 01:16:13.097000,,,0 days 00:00:38.754000,0 days 00:00:30.398000,,0 days 01:17:27.081000,0 days 01:17:57.419000,188.0,167.0,260.0,252.0,False,SOFT,1.0,True,Red Bull Racing,0 days 01:08:22.331000,,1,,False,,False,False
0 days 01:19:27.052000,VER,3,0 days 00:01:29.776000,32.0,5.0,,,0 days 00:00:30.862000,0 days 00:00:33.864000,0 days 00:00:25.050000,0 days 01:18:28.138000,0 days 01:19:02.002000,0 days 01:19:27.052000,219.0,191.0,265.0,318.0,True,SOFT,2.0,True,Red Bull Racing,0 days 01:17:57.276000,,1,,False,,False,True
0 days 01:21:34.789000,VER,3,0 days 00:02:07.737000,33.0,5.0,,,0 days 00:00:47.284000,0 days 00:00:44.989000,0 days 00:00:35.464000,0 days 01:20:14.336000,0 days 01:20:59.325000,0 days 01:21:34.789000,158.0,133.0,172.0,231.0,False,SOFT,3.0,True,Red Bull Racing,0 days 01:19:27.052000,,1,,False,,False,True
0 days 01:23:38.646000,VER,3,0 days 00:02:03.857000,34.0,5.0,,,0 days 00:00:45.772000,0 days 00:00:45.327000,0 days 00:00:32.758000,0 days 01:22:20.561000,0 days 01:23:05.888000,0 days 01:23:38.646000,155.0,164.0,260.0,245.0,False,SOFT,4.0,True,Red Bull Racing,0 days 01:21:34.789000,,1,,False,,False,True
0 days 01:25:08.253000,VER,3,0 days 00:01:29.607000,35.0,5.0,,,0 days 00:00:31.053000,0 days 00:00:33.663000,0 days 00:00:24.891000,0 days 01:24:09.699000,0 days 01:24:43.362000,0 days 01:25:08.253000,220.0,191.0,264.0,321.0,True,SOFT,5.0,True,Red Bull Racing,0 days 01:23:38.646000,,1,,False,,False,True
0 days 01:27:29.675000,VER,3,0 days 00:02:21.422000,36.0,5.0,,,0 days 00:00:49.069000,0 days 00:00:55.338000,0 days 00:00:37.015000,0 days 01:25:57.322000,0 days 01:26:52.660000,0 days 01:27:29.675000,131.0,145.0,216.0,173.0,False,SOFT,6.0,True,Red Bull Racing,0 days 01:25:08.253000,,1,,False,,False,True
0 days 01:29:44.716000,VER,3,0 days 00:02:15.041000,37.0,5.0,,,0 days 00:00:42.872000,0 days 00:00:50.189000,0 days 00:00:41.980000,0 days 01:28:12.547000,0 days 01:29:02.736000,0 days 01:29:44.716000,163.0,149.0,242.0,185.0,False,SOFT,7.0,True,Red Bull Racing,0 days 01:27:29.675000,,1,,False,,False,True
0 days 01:31:45.682000,VER,3,0 days 00:02:00.966000,38.0,5.0,,,0 days 00:00:39.791000,0 days 00:00:47.041000,0 days 00:00:34.134000,0 days 01:30:24.507000,0 days 01:31:11.548000,0 days 01:31:45.682000,174.0,153.0,225.0,216.0,False,SOFT,8.0,True,Red Bull Racing,0 days 01:29:44.716000,,1,,False,,False,True
0 days 01:33:50.622000,VER,3,0 days 00:02:04.940000,39.0,5.0,,,0 days 00:00:36.631000,0 days 00:00:47.266000,0 days 00:00:41.043000,0 days 01:32:22.313000,0 days 01:33:09.579000,0 days 01:33:50.622000,186.0,119.0,57.0,223.0,False,SOFT,9.0,True,Red Bull Racing,0 days 01:31:45.682000,,12,,False,,False,True
0 days 01:36:36.432000,VER,3,,40.0,5.0,,,0 days 00:01:10.618000,0 days 00:00:46.652000,0 days 00:00:48.343000,0 days 01:35:01.503000,0 days 01:35:48.089000,0 days 01:36:36.454000,201.0,159.0,55.0,176.0,False,SOFT,10.0,True,Red Bull Racing,0 days 01:33:50.622000,,1,,False,,False,False
0 days 01:39:07.297000,VER,3,,41.0,5.0,,0 days 01:39:01.792000,0 days 00:01:19.659000,0 days 00:00:37.393000,0 days 00:00:33.934000,0 days 01:37:56.028000,0 days 01:38:33.471000,0 days 01:39:07.297000,202.0,175.0,,250.0,False,SOFT,11.0,True,Red Bull Racing,0 days 01:36:36.432000,,1,,False,,False,False
0 days 00:03:26.957000,BOR,5,,1.0,1.0,0 days 00:01:33.768000,,,0 days 00:00:40.957000,0 days 00:00:35.005000,,0 days 00:02:52.252000,0 days 00:03:27.162000,199.0,155.0,234.0,152.0,False,HARD,1.0,True,Audi,0 days 00:01:33.768000,,1,,False,,False,False
0 days 00:05:08.287000,BOR,5,0 days 00:01:41.330000,2.0,1.0,,,0 days 00:00:34.864000,0 days 00:00:37.384000,0 days 00:00:29.082000,0 days 00:04:01.821000,0 days 00:04:39.205000,0 days 00:05:08.287000,205.0,171.0,265.0,266.0,True,HARD,2.0,True,Audi,0 days 00:03:26.957000,,1,,False,,False,True
0 days 00:06:42.218000,BOR,5,0 days 00:01:33.931000,3.0,1.0,,,0 days 00:00:32.229000,0 days 00:00:35.174000,0 days 00:00:26.528000,0 days 00:05:40.516000,0 days 00:06:15.690000,0 days 00:06:42.218000,207.0,174.0,260.0,317.0,True,HARD,3.0,True,Audi,0 days 00:05:08.287000,,1,,False,,False,True
0 days 00:08:47.054000,BOR,5,0 days 00:02:04.836000,4.0,1.0,,,0 days 00:00:44.443000,0 days 00:00:47.076000,0 days 00:00:33.317000,0 days 00:07:26.661000,0 days 00:08:13.737000,0 days 00:08:47.054000,159.0,171.0,265.0,206.0,False,HARD,4.0,True,Audi,0 days 00:06:42.218000,,1,,False,,False,True
0 days 00:10:41.171000,BOR,5,0 days 00:01:54.117000,5.0,1.0,,,0 days 00:00:43.701000,0 days 00:00:40.604000,0 days 00:00:29.812000,0 days 00:09:30.755000,0 days 00:10:11.359000,0 days 00:10:41.171000,198.0,167.0,242.0,246.0,False,HARD,5.0,True,Audi,0 days 00:08:47.054000,,1,,True,TRACK LIMITS AT TURN 1 LAP 6 ,False,True
0 days 00:12:29.143000,BOR,5,0 days 00:01:47.972000,6.0,1.0,,,0 days 00:00:32.673000,0 days 00:00:46.151000,0 days 00:00:29.148000,0 days 00:11:13.844000,0 days 00:11:59.995000,0 days 00:12:29.143000,209.0,171.0,243.0,288.0,False,HARD,6.0,True,Audi,0 days 00:10:41.171000,,1,,True,TRACK LIMITS AT TURN 11 LAP 7 ,False,True
0 days 00:14:03.084000,BOR,5,0 days 00:01:33.941000,7.0,1.0,,,0 days 00:00:32.765000,0 days 00:00:34.734000,0 days 00:00:26.442000,0 days 00:13:01.908000,0 days 00:13:36.642000,0 days 00:14:03.084000,210.0,178.0,255.0,306.0,False,HARD,7.0,True,Audi,0 days 00:12:29.143000,,12,,False,,False,True
0 days 00:16:12.020000,BOR,5,0 days 00:02:08.936000,8.0,1.0,,,0 days 00:00:44.835000,0 days 00:00:51.400000,0 days 00:00:32.701000,0 days 00:14:47.919000,0 days 00:15:39.319000,0 days 00:16:12.020000,154.0,167.0,240.0,137.0,False,HARD,8.0,True,Audi,0 days 00:14:03.084000,,1,,False,,False,True
0 days 00:17:45.553000,BOR,5,0 days 00:01:33.533000,9.0,1.0,,,0 days 00:00:32.650000,0 days 00:00:34.789000,0 days 00:00:26.094000,0 days 00:16:44.670000,0 days 00:17:19.459000,0 days 00:17:45.553000,214.0,179.0,262.0,312.0,True,HARD,9.0,True,Audi,0 days 00:16:12.020000,,1,,False,,False,True
0 days 00:19:56.516000,BOR,5,0 days 00:02:10.963000,10.0,1.0,,,0 days 00:00:48.087000,0 days 00:00:48.031000,0 days 00:00:34.845000,0 days 00:18:33.640000,0 days 00:19:21.671000,0 days 00:19:56.516000,137.0,166.0,242.0,202.0,False,HARD,10.0,True,Audi,0 days 00:17:45.553000,,1,,False,,False,True
0 days 00:21:29.384000,BOR,5,0 days 00:01:32.868000,11.0,1.0,,,0 days 00:00:32.215000,0 days 00:00:34.890000,0 days 00:00:25.763000,0 days 00:20:28.731000,0 days 00:21:03.621000,0 days 00:21:29.384000,215.0,184.0,261.0,309.0,True,HARD,11.0,True,Audi,0 days 00:19:56.516000,,1,,False,,False,True
0 days 00:23:29.452000,BOR,5,0 days 00:02:00.068000,12.0,1.0,,0 days 00:23:23.596000,0 days 00:00:41.256000,0 days 00:00:44.321000,0 days 00:00:34.491000,0 days 00:22:10.640000,0 days 00:22:54.961000,0 days 00:23:29.452000,185.0,166.0,,257.0,False,HARD,12.0,True,Audi,0 days 00:21:29.384000,,1,,False,,False,False
0 days 01:02:11.582000,BOR,5,,13.0,2.0,0 days 00:59:57.252000,,,0 days 00:00:45.426000,0 days 00:00:31.316000,,0 days 01:01:40.435000,0 days 01:02:11.777000,128.0,165.0,244.0,175.0,False,HARD,13.0,False,Audi,0 days 00:23:29.452000,,1,,False,,False,False
0 days 01:03:44.488000,BOR,5,0 days 00:01:32.906000,14.0,2.0,,,0 days 00:00:32.753000,0 days 00:00:34.502000,0 days 00:00:25.651000,0 days 01:02:44.335000,0 days 01:03:18.837000,0 days 01:03:44.488000,216.0,187.0,263.0,316.0,False,HARD,14.0,False,Audi,0 days 01:02:11.582000,,1,,False,,False,True
0 days 01:05:35.939000,BOR,5,0 days 00:01:51.451000,15.0,2.0,,,0 days 00:00:42.627000,0 days 00:00:39.309000,0 days 00:00:29.515000,0 days 01:04:27.115000,0 days 01:05:06.424000,0 days 01:05:35.939000,195.0,160.0,242.0,259.0,False,HARD,15.0,False,Audi,0 days 01:03:44.488000,,1,,False,,False,True
0 days 01:07:08.637000,BOR,5,0 days 00:01:32.698000,16.0,2.0,,,0 days 00:00:32.374000,0 days 00:00:34.706000,0 days 00:00:25.618000,0 days 01:06:08.313000,0 days 01:06:43.019000,0 days 01:07:08.637000,212.0,185.0,264.0,315.0,True,HARD,16.0,False,Audi,0 days 01:05:35.939000,,1,,False,,False,True
0 days 01:09:12.747000,BOR,5,0 days 00:02:04.110000,17.0,2.0,,,0 days 00:00:48.434000,0 days 00:00:46.075000,0 days 00:00:29.601000,0 days 01:07:57.071000,0 days 01:08:43.146000,0 days 01:09:12.747000,136.0,173.0,240.0,252.0,False,HARD,17.0,False,Audi,0 days 01:07:08.637000,,1,,False,,False,True
0 days 01:11:05.514000,BOR,5,0 days 00:01:52.767000,18.0,2.0,,0 days 01:10:59.668000,0 days 00:00:46.913000,0 days 00:00:34.902000,0 days 00:00:30.952000,0 days 01:09:59.660000,0 days 01:10:34.562000,0 days 01:11:05.514000,213.0,182.0,,312.0,False,HARD,18.0,False,Audi,0 days 01:09:12.747000,,1,,False,,False,False
0 days 01:19:31.043000,BOR,5,,19.0,3.0,0 days 01:17:47.848000,,,0 days 00:00:39.414000,0 days 00:00:30.590000,,0 days 01:19:00.720000,0 days 01:19:31.069000,204.0,150.0,243.0,230.0,False,SOFT,1.0,True,Audi,0 days 01:11:05.514000,,1,,False,,False,False
0 days 01:21:02.665000,BOR,5,0 days 00:01:31.622000,20.0,3.0,,,0 days 00:00:31.905000,0 days 00:00:34.117000,0 days 00:00:25.600000,0 days 01:20:02.948000,0 days 01:20:37.065000,0 days 01:21:02.665000,216.0,185.0,272.0,316.0,True,SOFT,2.0,True,Audi,0 days 01:19:31.043000,,1,,False,,False,True
0 days 01:23:35.457000,BOR,5,,21.0,3.0,,0 days 01:23:30.603000,0 days 00:00:53.376000,0 days 00:00:57.904000,0 days 00:00:41.552000,0 days 01:21:56.231000,0 days 01:22:54.196000,0 days 01:23:35.538000,115.0,148.0,,154.0,False,SOFT,3.0,True,Audi,0 days 01:21:02.665000,,1,,False,,False,False
0 days 01:25:42.304000,BOR,5,0 days 00:02:06.847000,22.0,4.0,0 days 01:23:47.647000,,0 days 00:00:50.465000,0 days 00:00:42.778000,0 days 00:00:33.604000,0 days 01:24:25.922000,0 days 01:25:08.700000,0 days 01:25:42.304000,192.0,166.0,244.0,204.0,False,SOFT,4.0,False,Audi,0 days 01:23:35.457000,,1,,False,,False,False
0 days 01:27:13.415000,BOR,5,0 days 00:01:31.111000,23.0,4.0,,,0 days 00:00:31.813000,0 days 00:00:34.106000,0 days 00:00:25.192000,0 days 01:26:14.117000,0 days 01:26:48.223000,0 days 01:27:13.415000,218.0,188.0,262.0,328.0,True,SOFT,5.0,False,Audi,0 days 01:25:42.304000,,1,,False,,False,True
0 days 01:29:40.940000,BOR,5,0 days 00:02:27.525000,24.0,4.0,,,0 days 00:00:47.204000,0 days 00:00:52.161000,0 days 00:00:48.160000,0 days 01:28:00.619000,0 days 01:28:52.780000,0 days 01:29:40.940000,115.0,138.0,263.0,92.0,False,SOFT,6.0,False,Audi,0 days 01:27:13.415000,,1,,False,,False,True
0 days 01:31:13.140000,BOR,5,0 days 00:01:32.200000,25.0,4.0,,,0 days 00:00:31.532000,0 days 00:00:34.912000,0 days 00:00:25.756000,0 days 01:30:12.472000,0 days 01:30:47.384000,0 days 01:31:13.140000,220.0,188.0,253.0,310.0,False,SOFT,7.0,False,Audi,0 days 01:29:40.940000,,1,,False,,False,True
0 days 01:33:36.251000,BOR,5,0 days 00:02:23.111000,26.0,4.0,,,0 days 00:00:46.484000,0 days 00:00:42.126000,0 days 00:00:54.501000,0 days 01:31:59.624000,0 days 01:32:41.750000,0 days 01:33:36.251000,183.0,126.0,75.0,128.0,False,SOFT,8.0,False,Audi,0 days 01:31:13.140000,,12,,False,,False,True
0 days 01:36:21.109000,BOR,5,,27.0,4.0,,,0 days 00:01:16.941000,0 days 00:00:47.260000,0 days 00:00:40.610000,0 days 01:34:53.470000,0 days 01:35:42.289000,0 days 01:36:21.198000,195.0,172.0,48.0,218.0,False,SOFT,9.0,False,Audi,0 days 01:33:36.251000,,1,,False,,False,False
0 days 01:38:43.750000,BOR,5,0 days 00:02:22.641000,28.0,4.0,,0 days 01:38:37.992000,0 days 00:01:09.081000,0 days 00:00:40.054000,0 days 00:00:33.506000,0 days 01:37:30.190000,0 days 01:38:10.244000,0 days 01:38:43.750000,216.0,170.0,,235.0,False,SOFT,10.0,False,Audi,0 days 01:36:21.109000,,1,,False,,False,False
0 days 00:03:36.668000,HAD,6,,1.0,1.0,0 days 00:01:39.287000,,,0 days 00:00:43.581000,0 days 00:00:37.812000,,0 days 00:02:59.017000,0 days 00:03:36.678000,193.0,100.0,252.0,91.0,False,HARD,1.0,True,Red Bull Racing,0 days 00:01:39.287000,,1,,False,,False,False
0 days 00:05:09.396000,HAD,6,0 days 00:01:32.728000,2.0,1.0,,,0 days 00:00:32.163000,0 days 00:00:34.958000,0 days 00:00:25.607000,0 days 00:04:08.831000,0 days 00:04:43.789000,0 days 00:05:09.396000,220.0,183.0,266.0,319.0,True,HARD,2.0,True,Red Bull Racing,0 days 00:03:36.668000,,1,,False,,False,True
0 days 00:07:47.733000,HAD,6,,3.0,1.0,,,0 days 00:00:53.500000,0 days 00:01:00.454000,0 days 00:00:44.492000,0 days 00:06:03.144000,0 days 00:07:03.602000,0 days 00:07:47.853000,128.0,112.0,249.0,50.0,False,HARD,3.0,True,Red Bull Racing,0 days 00:05:09.396000,,1,,False,,False,False
0 days 00:09:20.034000,HAD,6,0 days 00:01:32.301000,4.0,1.0,,,0 days 00:00:31.686000,0 days 00:00:34.918000,0 days 00:00:25.697000,0 days 00:08:19.419000,0 days 00:08:54.337000,0 days 00:09:20.034000,216.0,184.0,262.0,314.0,True,HARD,4.0,True,Red Bull Racing,0 days 00:07:47.733000,,1,,False,,False,True
0 days 00:11:46.716000,HAD,6,0 days 00:02:26.682000,5.0,1.0,,0 days 00:11:41.869000,0 days 00:00:57.906000,0 days 00:00:52.298000,0 days 00:00:36.478000,0 days 00:10:17.940000,0 days 00:11:10.238000,0 days 00:11:46.716000,135.0,131.0,,258.0,False,HARD,5.0,True,Red Bull Racing,0 days 00:09:20.034000,,1,,False,,False,False
0 days 00:14:20.396000,HAD,6,,6.0,2.0,0 days 00:12:24.652000,,0 days 00:01:17.109000,0 days 00:00:42.428000,0 days 00:00:34.034000,0 days 00:13:04.146000,0 days 00:13:46.538000,0 days 00:14:20.521000,181.0,139.0,256.0,235.0,False,HARD,6.0,False,Red Bull Racing,0 days 00:11:46.716000,,12,,False,,False,False
0 days 00:15:52.234000,HAD,6,0 days 00:01:31.838000,7.0,2.0,,,0 days 00:00:31.572000,0 days 00:00:34.574000,0 days 00:00:25.692000,0 days 00:14:51.968000,0 days 00:15:26.542000,0 days 00:15:52.234000,217.0,186.0,264.0,309.0,True,HARD,7.0,False,Red Bull Racing,0 days 00:14:20.396000,,1,,False,,False,True
0 days 00:17:59.024000,HAD,6,0 days 00:02:06.790000,8.0,2.0,,0 days 00:17:53.417000,0 days 00:00:49.023000,0 days 00:00:41.741000,0 days 00:00:36.026000,0 days 00:16:41.257000,0 days 00:17:22.998000,0 days 00:17:59.024000,171.0,144.0,,233.0,False,HARD,8.0,False,Red Bull Racing,0 days 00:15:52.234000,,1,,False,,False,False
0 days 00:27:21.845000,HAD,6,,9.0,3.0,0 days 00:25:33.669000,,,0 days 00:00:41.315000,0 days 00:00:31.105000,,0 days 00:26:50.964000,0 days 00:27:22.011000,171.0,150.0,257.0,253.0,False,MEDIUM,1.0,True,Red Bull Racing,0 days 00:17:59.024000,,1,,False,,False,False
0 days 00:28:53.432000,HAD,6,0 days 00:01:31.587000,10.0,3.0,,,0 days 00:00:31.281000,0 days 00:00:34.516000,0 days 00:00:25.790000,0 days 00:27:53.126000,0 days 00:28:27.642000,0 days 00:28:53.432000,220.0,188.0,257.0,307.0,True,MEDIUM,2.0,True,Red Bull Racing,0 days 00:27:21.845000,,1,,False,,False,True
0 days 00:31:16.808000,HAD,6,0 days 00:02:23.376000,11.0,3.0,,,0 days 00:00:51.547000,0 days 00:00:54.252000,0 days 00:00:37.577000,0 days 00:29:44.979000,0 days 00:30:39.231000,0 days 00:31:16.808000,135.0,127.0,194.0,203.0,False,MEDIUM,3.0,True,Red Bull Racing,0 days 00:28:53.432000,,1,,False,,False,True
0 days 00:33:17.189000,HAD,6,0 days 00:02:00.381000,12.0,3.0,,,0 days 00:00:42.931000,0 days 00:00:43.564000,0 days 00:00:33.886000,0 days 00:31:59.739000,0 days 00:32:43.303000,0 days 00:33:17.189000,159.0,142.0,245.0,232.0,False,MEDIUM,4.0,True,Red Bull Racing,0 days 00:31:16.808000,,1,,False,,False,True
0 days 00:34:48.761000,HAD,6,0 days 00:01:31.572000,13.0,3.0,,,0 days 00:00:31.526000,0 days 00:00:34.448000,0 days 00:00:25.598000,0 days 00:33:48.715000,0 days 00:34:23.163000,0 days 00:34:48.761000,220.0,188.0,256.0,313.0,True,MEDIUM,5.0,True,Red Bull Racing,0 days 00:33:17.189000,,1,,False,,False,True
0 days 00:36:44.817000,HAD,6,0 days 00:01:56.056000,14.0,3.0,,0 days 00:36:39.409000,0 days 00:00:38.713000,0 days 00:00:41.084000,0 days 00:00:36.259000,0 days 00:35:27.474000,0 days 00:36:08.558000,0 days 00:36:44.817000,175.0,148.0,,233.0,False,MEDIUM,6.0,True,Red Bull Racing,0 days 00:34:48.761000,,1,,False,,False,False
0 days 00:44:49.486000,HAD,6,,15.0,4.0,0 days 00:42:47.509000,,,0 days 00:00:36.020000,0 days 00:00:26.981000,,0 days 00:44:22.632000,0 days 00:44:49.585000,205.0,171.0,252.0,297.0,False,MEDIUM,7.0,False,Red Bull Racing,0 days 00:36:44.817000,,1,,False,,False,False
0 days 00:46:24.770000,HAD,6,0 days 00:01:35.284000,16.0,4.0,,,0 days 00:00:33.055000,0 days 00:00:35.384000,0 days 00:00:26.845000,0 days 00:45:22.541000,0 days 00:45:57.925000,0 days 00:46:24.770000,213.0,171.0,254.0,297.0,False,MEDIUM,8.0,False,Red Bull Racing,0 days 00:44:49.486000,,1,,False,,False,True
0 days 00:47:59.201000,HAD,6,0 days 00:01:34.431000,17.0,4.0,,,0 days 00:00:32.575000,0 days 00:00:35.400000,0 days 00:00:26.456000,0 days 00:46:57.345000,0 days 00:47:32.745000,0 days 00:47:59.201000,216.0,181.0,268.0,300.0,False,MEDIUM,9.0,False,Red Bull Racing,0 days 00:46:24.770000,,1,,False,,False,True
0 days 00:49:33.518000,HAD,6,0 days 00:01:34.317000,18.0,4.0,,,0 days 00:00:32.627000,0 days 00:00:35.385000,0 days 00:00:26.305000,0 days 00:48:31.828000,0 days 00:49:07.213000,0 days 00:49:33.518000,216.0,181.0,269.0,305.0,False,MEDIUM,10.0,False,Red Bull Racing,0 days 00:47:59.201000,,1,,False,,False,True
0 days 00:51:07.936000,HAD,6,0 days 00:01:34.418000,19.0,4.0,,,0 days 00:00:32.602000,0 days 00:00:35.424000,0 days 00:00:26.392000,0 days 00:50:06.120000,0 days 00:50:41.544000,0 days 00:51:07.936000,214.0,181.0,267.0,301.0,False,MEDIUM,11.0,False,Red Bull Racing,0 days 00:49:33.518000,,1,,False,,False,True
0 days 00:52:42.331000,HAD,6,0 days 00:01:34.395000,20.0,4.0,,,0 days 00:00:32.451000,0 days 00:00:35.496000,0 days 00:00:26.448000,0 days 00:51:40.387000,0 days 00:52:15.883000,0 days 00:52:42.331000,214.0,180.0,263.0,302.0,False,MEDIUM,12.0,False,Red Bull Racing,0 days 00:51:07.936000,,1,,False,,False,True
0 days 00:54:17.516000,HAD,6,0 days 00:01:35.185000,21.0,4.0,,,0 days 00:00:32.826000,0 days 00:00:35.817000,0 days 00:00:26.542000,0 days 00:53:15.157000,0 days 00:53:50.974000,0 days 00:54:17.516000,215.0,180.0,264.0,303.0,False,MEDIUM,13.0,False,Red Bull Racing,0 days 00:52:42.331000,,1,,False,,False,True
0 days 00:55:54.349000,HAD,6,0 days 00:01:36.833000,22.0,4.0,,,0 days 00:00:33.706000,0 days 00:00:36.271000,0 days 00:00:26.856000,0 days 00:54:51.222000,0 days 00:55:27.493000,0 days 00:55:54.349000,208.0,171.0,242.0,316.0,False,MEDIUM,14.0,False,Red Bull Racing,0 days 00:54:17.516000,,1,,False,,False,True
0 days 00:57:29.494000,HAD,6,0 days 00:01:35.145000,23.0,4.0,,,0 days 00:00:32.735000,0 days 00:00:35.740000,0 days 00:00:26.670000,0 days 00:56:27.084000,0 days 00:57:02.824000,0 days 00:57:29.494000,215.0,176.0,269.0,303.0,False,MEDIUM,15.0,False,Red Bull Racing,0 days 00:55:54.349000,,1,,False,,False,True
0 days 00:59:04.314000,HAD,6,0 days 00:01:34.820000,24.0,4.0,,,0 days 00:00:32.564000,0 days 00:00:35.690000,0 days 00:00:26.566000,0 days 00:58:02.058000,0 days 00:58:37.748000,0 days 00:59:04.314000,214.0,178.0,267.0,305.0,False,MEDIUM,16.0,False,Red Bull Racing,0 days 00:57:29.494000,,1,,False,,False,True
0 days 01:00:39.534000,HAD,6,0 days 00:01:35.220000,25.0,4.0,,,0 days 00:00:32.564000,0 days 00:00:35.535000,0 days 00:00:27.121000,,0 days 01:00:12.413000,0 days 01:00:39.534000,213.0,179.0,268.0,293.0,False,MEDIUM,17.0,False,Red Bull Racing,0 days 00:59:04.314000,,1,,False,,False,True
0 days 01:02:13.854000,HAD,6,0 days 00:01:34.320000,26.0,4.0,,,0 days 00:00:32.808000,0 days 00:00:35.499000,0 days 00:00:26.013000,0 days 01:01:12.342000,0 days 01:01:47.841000,0 days 01:02:13.854000,213.0,179.0,249.0,321.0,False,MEDIUM,18.0,False,Red Bull Racing,0 days 01:00:39.534000,,1,,False,,False,True
0 days 01:03:48.561000,HAD,6,0 days 00:01:34.707000,27.0,4.0,,,0 days 00:00:33.200000,0 days 00:00:35.193000,0 days 00:00:26.314000,0 days 01:02:47.054000,0 days 01:03:22.247000,0 days 01:03:48.561000,215.0,180.0,263.0,311.0,False,MEDIUM,19.0,False,Red Bull Racing,0 days 01:02:13.854000,,1,,False,,False,True
0 days 01:05:23.081000,HAD,6,0 days 00:01:34.520000,28.0,4.0,,,0 days 00:00:32.738000,0 days 00:00:35.583000,0 days 00:00:26.199000,0 days 01:04:21.299000,0 days 01:04:56.882000,0 days 01:05:23.081000,212.0,177.0,270.0,311.0,False,MEDIUM,20.0,False,Red Bull Racing,0 days 01:03:48.561000,,1,,False,,False,True
0 days 01:06:57.468000,HAD,6,0 days 00:01:34.387000,29.0,4.0,,,0 days 00:00:32.525000,0 days 00:00:35.587000,0 days 00:00:26.275000,0 days 01:05:55.606000,0 days 01:06:31.193000,0 days 01:06:57.468000,213.0,181.0,273.0,308.0,False,MEDIUM,21.0,False,Red Bull Racing,0 days 01:05:23.081000,,1,,False,,False,True
0 days 01:08:38.507000,HAD,6,0 days 00:01:41.039000,30.0,4.0,,0 days 01:08:32.923000,0 days 00:00:32.519000,0 days 00:00:35.643000,0 days 00:00:32.877000,0 days 01:07:29.987000,0 days 01:08:05.630000,0 days 01:08:38.507000,214.0,179.0,,281.0,False,MEDIUM,22.0,False,Red Bull Racing,0 days 01:06:57.468000,,1,,False,,False,False
0 days 01:18:55.349000,HAD,6,,31.0,5.0,0 days 01:16:56.156000,,,0 days 00:00:44.435000,0 days 00:00:35.192000,,0 days 01:18:20.453000,0 days 01:18:55.547000,178.0,119.0,250.0,250.0,False,SOFT,1.0,True,Red Bull Racing,0 days 01:08:38.507000,,1,,False,,False,False
0 days 01:20:26.388000,HAD,6,0 days 00:01:31.039000,32.0,5.0,,,0 days 00:00:31.386000,0 days 00:00:34.207000,0 days 00:00:25.446000,0 days 01:19:26.735000,0 days 01:20:00.942000,0 days 01:20:26.388000,219.0,188.0,268.0,313.0,True,SOFT,2.0,True,Red Bull Racing,0 days 01:18:55.349000,,1,,False,,False,True
0 days 01:22:45.741000,HAD,6,0 days 00:02:19.353000,33.0,5.0,,0 days 01:22:40.062000,0 days 00:00:49.133000,0 days 00:00:49.982000,0 days 00:00:40.238000,0 days 01:21:15.521000,0 days 01:22:05.503000,0 days 01:22:45.741000,145.0,127.0,,183.0,False,SOFT,3.0,True,Red Bull Racing,0 days 01:20:26.388000,,1,,False,,False,False
0 days 01:25:15.480000,HAD,6,0 days 00:02:29.739000,34.0,6.0,0 days 01:23:11.608000,,0 days 00:01:08.163000,0 days 00:00:43.422000,0 days 00:00:38.154000,0 days 01:23:53.904000,0 days 01:24:37.326000,0 days 01:25:15.480000,161.0,140.0,250.0,140.0,False,SOFT,4.0,False,Red Bull Racing,0 days 01:22:45.741000,,1,,False,,False,False
0 days 01:26:46.353000,HAD,6,0 days 00:01:30.873000,35.0,6.0,,,0 days 00:00:31.573000,0 days 00:00:33.983000,0 days 00:00:25.317000,0 days 01:25:47.053000,0 days 01:26:21.036000,0 days 01:26:46.353000,218.0,189.0,267.0,311.0,True,SOFT,5.0,False,Red Bull Racing,0 days 01:25:15.480000,,1,,False,,False,True
0 days 01:29:32.205000,HAD,6,,36.0,6.0,,,0 days 00:00:58.474000,0 days 00:01:05.339000,0 days 00:00:41.908000,0 days 01:27:45.071000,0 days 01:28:50.414000,0 days 01:29:32.267000,108.0,140.0,252.0,98.0,False,SOFT,6.0,False,Red Bull Racing,0 days 01:26:46.353000,,1,,False,,False,False
0 days 01:31:24.219000,HAD,6,0 days 00:01:52.014000,37.0,6.0,,,0 days 00:00:33.009000,0 days 00:00:49.567000,0 days 00:00:29.438000,0 days 01:30:05.214000,0 days 01:30:54.781000,0 days 01:31:24.219000,142.0,134.0,235.0,293.0,False,SOFT,7.0,False,Red Bull Racing,0 days 01:29:32.205000,,1,,False,,False,True
0 days 01:33:42.855000,HAD,6,0 days 00:02:18.636000,38.0,6.0,,,0 days 00:00:46.538000,0 days 00:00:45.116000,0 days 00:00:46.982000,0 days 01:32:10.757000,0 days 01:32:55.873000,0 days 01:33:42.855000,151.0,128.0,51.0,141.0,False,SOFT,8.0,False,Red Bull Racing,0 days 01:31:24.219000,,12,,False,,False,True
0 days 01:36:31.460000,HAD,6,,39.0,6.0,,,0 days 00:01:16.907000,0 days 00:00:46.097000,0 days 00:00:45.602000,0 days 01:34:59.881000,0 days 01:35:45.970000,0 days 01:36:31.511000,181.0,147.0,58.0,188.0,False,SOFT,9.0,False,Red Bull Racing,0 days 01:33:42.855000,,1,,False,,False,False
0 days 01:38:51.110000,HAD,6,0 days 00:02:19.650000,40.0,6.0,,0 days 01:38:45.563000,0 days 00:01:11.584000,0 days 00:00:35.420000,0 days 00:00:32.646000,0 days 01:37:43.044000,0 days 01:38:18.464000,0 days 01:38:51.110000,217.0,187.0,,234.0,False,SOFT,10.0,False,Red Bull Racing,0 days 01:36:31.460000,,1,,False,,False,False
0 days 00:10:22.477000,GAS,10,,1.0,1.0,0 days 00:08:27.291000,,,0 days 00:00:40.989000,0 days 00:00:35.855000,,0 days 00:09:46.768000,0 days 00:10:22.775000,180.0,167.0,273.0,180.0,False,HARD,1.0,True,Alpine,0 days 00:08:27.291000,,1,,False,,False,False
0 days 00:11:55.230000,GAS,10,0 days 00:01:32.753000,2.0,1.0,,,0 days 00:00:32.017000,0 days 00:00:34.884000,0 days 00:00:25.852000,0 days 00:10:54.494000,0 days 00:11:29.378000,0 days 00:11:55.230000,213.0,189.0,252.0,313.0,True,HARD,2.0,True,Alpine,0 days 00:10:22.477000,,1,,False,,False,True
0 days 00:14:27.829000,GAS,10,,3.0,1.0,,,0 days 00:00:59.791000,0 days 00:00:55.848000,0 days 00:00:37.041000,0 days 00:12:55.088000,0 days 00:13:51.095000,0 days 00:14:28.038000,90.0,90.0,277.0,225.0,False,HARD,3.0,True,Alpine,0 days 00:11:55.230000,,12,,False,,False,False
0 days 00:15:59.505000,GAS,10,0 days 00:01:31.676000,4.0,1.0,,,0 days 00:00:31.644000,0 days 00:00:34.391000,0 days 00:00:25.641000,0 days 00:14:59.473000,0 days 00:15:33.864000,0 days 00:15:59.505000,217.0,189.0,259.0,315.0,True,HARD,4.0,True,Alpine,0 days 00:14:27.829000,,1,,False,,False,True
0 days 00:18:39.932000,GAS,10,,5.0,1.0,,,0 days 00:00:57.862000,0 days 00:01:02.123000,0 days 00:00:40.349000,0 days 00:16:57.743000,0 days 00:17:59.734000,0 days 00:18:39.937000,89.0,110.0,206.0,178.0,False,HARD,5.0,True,Alpine,0 days 00:15:59.505000,,1,,False,,False,False
0 days 00:20:41.832000,GAS,10,0 days 00:02:01.900000,6.0,1.0,,,0 days 00:00:46.764000,0 days 00:00:40.937000,0 days 00:00:34.199000,0 days 00:19:26.696000,0 days 00:20:07.633000,0 days 00:20:41.832000,155.0,156.0,269.0,240.0,False,HARD,6.0,True,Alpine,0 days 00:18:39.932000,,1,,False,,False,True
0 days 00:22:13.654000,GAS,10,0 days 00:01:31.822000,7.0,1.0,,,0 days 00:00:31.776000,0 days 00:00:34.429000,0 days 00:00:25.617000,0 days 00:21:13.608000,0 days 00:21:48.037000,0 days 00:22:13.654000,217.0,189.0,254.0,313.0,False,HARD,7.0,True,Alpine,0 days 00:20:41.832000,,1,,False,,False,True
0 days 00:24:30.984000,GAS,10,0 days 00:02:17.330000,8.0,1.0,,,0 days 00:00:50.308000,0 days 00:00:54.085000,0 days 00:00:32.937000,0 days 00:23:03.962000,0 days 00:23:58.047000,0 days 00:24:30.984000,130.0,160.0,191.0,221.0,False,HARD,8.0,True,Alpine,0 days 00:22:13.654000,,1,,False,,False,True
0 days 00:26:37.803000,GAS,10,0 days 00:02:06.819000,9.0,1.0,,,0 days 00:00:46.064000,0 days 00:00:46.074000,0 days 00:00:34.681000,0 days 00:25:17.048000,0 days 00:26:03.122000,0 days 00:26:37.803000,148.0,158.0,205.0,237.0,False,HARD,9.0,True,Alpine,0 days 00:24:30.984000,,1,,False,,False,True
0 days 00:28:41.682000,GAS,10,0 days 00:02:03.879000,10.0,1.0,,0 days 00:28:36.026000,0 days 00:00:44.285000,0 days 00:00:43.391000,0 days 00:00:36.203000,0 days 00:27:22.088000,0 days 00:28:05.479000,0 days 00:28:41.682000,180.0,150.0,,248.0,False,HARD,10.0,True,Alpine,0 days 00:26:37.803000,,1,,False,,False,False
0 days 00:41:36.785000,GAS,10,,11.0,2.0,0 days 00:39:18.272000,,,0 days 00:00:39.461000,0 days 00:00:30.734000,,0 days 00:41:06.294000,0 days 00:41:37.052000,185.0,156.0,275.0,225.0,False,HARD,11.0,False,Alpine,0 days 00:28:41.682000,,1,,False,,False,False
0 days 00:43:27.845000,GAS,10,0 days 00:01:51.060000,12.0,2.0,,,0 days 00:00:40.212000,0 days 00:00:40.758000,0 days 00:00:30.090000,0 days 00:42:16.997000,0 days 00:42:57.755000,0 days 00:43:27.845000,156.0,164.0,275.0,232.0,False,HARD,12.0,False,Alpine,0 days 00:41:36.785000,,1,,False,,False,True
0 days 00:44:59.806000,GAS,10,0 days 00:01:31.961000,13.0,2.0,,,0 days 00:00:31.692000,0 days 00:00:34.525000,0 days 00:00:25.744000,0 days 00:43:59.537000,0 days 00:44:34.062000,0 days 00:44:59.806000,210.0,187.0,261.0,315.0,False,HARD,13.0,False,Alpine,0 days 00:43:27.845000,,1,,False,,False,True
0 days 00:47:22.777000,GAS,10,0 days 00:02:22.971000,14.0,2.0,,,0 days 00:00:54.877000,0 days 00:00:53.911000,0 days 00:00:34.183000,0 days 00:45:54.683000,0 days 00:46:48.594000,0 days 00:47:22.777000,123.0,122.0,152.0,266.0,False,HARD,14.0,False,Alpine,0 days 00:44:59.806000,,1,,False,,False,True
0 days 00:49:14.331000,GAS,10,0 days 00:01:51.554000,15.0,2.0,,,0 days 00:00:44.065000,0 days 00:00:38.533000,0 days 00:00:28.956000,0 days 00:48:06.842000,0 days 00:48:45.375000,0 days 00:49:14.331000,185.0,168.0,274.0,256.0,False,HARD,15.0,False,Alpine,0 days 00:47:22.777000,,1,,False,,False,True
0 days 00:50:45.572000,GAS,10,0 days 00:01:31.241000,16.0,2.0,,,0 days 00:00:31.504000,0 days 00:00:34.148000,0 days 00:00:25.589000,0 days 00:49:45.835000,0 days 00:50:19.983000,0 days 00:50:45.572000,212.0,188.0,258.0,316.0,True,HARD,16.0,False,Alpine,0 days 00:49:14.331000,,1,,False,,False,True
0 days 00:52:55.193000,GAS,10,0 days 00:02:09.621000,17.0,2.0,,,0 days 00:00:50.681000,0 days 00:00:46.690000,0 days 00:00:32.250000,0 days 00:51:36.253000,0 days 00:52:22.943000,0 days 00:52:55.193000,153.0,144.0,225.0,223.0,False,HARD,17.0,False,Alpine,0 days 00:50:45.572000,,1,,False,,False,True
0 days 00:54:48.451000,GAS,10,0 days 00:01:53.258000,18.0,2.0,,,0 days 00:00:40.681000,0 days 00:00:43.153000,0 days 00:00:29.424000,0 days 00:53:35.874000,0 days 00:54:19.027000,0 days 00:54:48.451000,157.0,152.0,276.0,248.0,False,HARD,18.0,False,Alpine,0 days 00:52:55.193000,,1,,False,,False,True
0 days 00:56:23.833000,GAS,10,0 days 00:01:35.382000,19.0,2.0,,,0 days 00:00:31.188000,0 days 00:00:36.639000,0 days 00:00:27.555000,0 days 00:55:19.639000,0 days 00:55:56.278000,0 days 00:56:23.833000,214.0,144.0,264.0,270.0,False,HARD,19.0,False,Alpine,0 days 00:54:48.451000,,1,,True,TRACK LIMITS AT TURN 15 LAP 20 ,False,True
0 days 00:57:57.748000,GAS,10,0 days 00:01:33.915000,20.0,2.0,,,0 days 00:00:32.609000,0 days 00:00:35.238000,0 days 00:00:26.068000,0 days 00:56:56.442000,0 days 00:57:31.680000,0 days 00:57:57.748000,215.0,186.0,269.0,305.0,False,HARD,20.0,False,Alpine,0 days 00:56:23.833000,,1,,False,,False,True
0 days 00:59:31.570000,GAS,10,0 days 00:01:33.822000,21.0,2.0,,,0 days 00:00:32.338000,0 days 00:00:35.425000,0 days 00:00:26.059000,0 days 00:58:30.086000,0 days 00:59:05.511000,0 days 00:59:31.570000,211.0,187.0,277.0,305.0,False,HARD,21.0,False,Alpine,0 days 00:57:57.748000,,1,,False,,False,True
0 days 01:01:05.538000,GAS,10,0 days 00:01:33.968000,22.0,2.0,,,0 days 00:00:32.602000,0 days 00:00:35.409000,0 days 00:00:25.957000,0 days 01:00:04.172000,0 days 01:00:39.581000,0 days 01:01:05.538000,207.0,185.0,280.0,302.0,False,HARD,22.0,False,Alpine,0 days 00:59:31.570000,,1,,False,,False,True
0 days 01:02:39.658000,GAS,10,0 days 00:01:34.120000,23.0,2.0,,,0 days 00:00:32.676000,0 days 00:00:35.361000,0 days 00:00:26.083000,0 days 01:01:38.214000,0 days 01:02:13.575000,0 days 01:02:39.658000,208.0,185.0,282.0,303.0,False,HARD,23.0,False,Alpine,0 days 01:01:05.538000,,1,,False,,False,True
0 days 01:04:24.563000,GAS,10,0 days 00:01:44.905000,24.0,2.0,,0 days 01:04:19.020000,0 days 00:00:32.480000,0 days 00:00:38.078000,0 days 00:00:34.347000,0 days 01:03:12.138000,0 days 01:03:50.216000,0 days 01:04:24.563000,206.0,160.0,,276.0,False,HARD,24.0,False,Alpine,0 days 01:02:39.658000,,1,,False,,False,False
0 days 01:19:01.893000,GAS,10,,25.0,3.0,0 days 01:17:09.150000,,,0 days 00:00:41.096000,0 days 00:00:31.640000,,0 days 01:18:30.539000,0 days 01:19:02.038000,166.0,157.0,277.0,238.0,False,SOFT,1.0,True,Alpine,0 days 01:04:24.563000,,1,,False,,False,False
0 days 01:21:05.576000,GAS,10,0 days 00:02:03.683000,26.0,3.0,,,0 days 00:00:48.559000,0 days 00:00:43.884000,0 days 00:00:31.240000,0 days 01:19:50.452000,0 days 01:20:34.336000,0 days 01:21:05.576000,131.0,155.0,278.0,259.0,False,SOFT,2.0,True,Alpine,0 days 01:19:01.893000,,1,,False,,False,True
0 days 01:22:36.796000,GAS,10,0 days 00:01:31.220000,27.0,3.0,,,0 days 00:00:31.457000,0 days 00:00:34.304000,0 days 00:00:25.459000,0 days 01:21:37.033000,0 days 01:22:11.337000,0 days 01:22:36.796000,208.0,189.0,254.0,316.0,True,SOFT,3.0,True,Alpine,0 days 01:21:05.576000,,1,,False,,False,True
0 days 01:25:22.084000,GAS,10,,28.0,3.0,,,0 days 00:01:05.254000,0 days 00:01:10.054000,0 days 00:00:30.007000,0 days 01:23:42.288000,0 days 01:24:52.246000,0 days 01:25:22.209000,80.0,158.0,277.0,242.0,False,SOFT,4.0,True,Alpine,0 days 01:22:36.796000,,1,,False,,False,False
0 days 01:26:52.671000,GAS,10,0 days 00:01:30.587000,29.0,3.0,,,0 days 00:00:31.386000,0 days 00:00:33.849000,0 days 00:00:25.352000,0 days 01:25:53.470000,0 days 01:26:27.319000,0 days 01:26:52.671000,216.0,189.0,258.0,318.0,True,SOFT,5.0,True,Alpine,0 days 01:25:22.084000,,1,,False,,False,True
0 days 01:28:54.849000,GAS,10,0 days 00:02:02.178000,30.0,3.0,,0 days 01:28:49.164000,0 days 00:00:39.198000,0 days 00:00:43.261000,0 days 00:00:39.719000,0 days 01:27:31.869000,0 days 01:28:15.130000,0 days 01:28:54.849000,180.0,143.0,,172.0,False,SOFT,6.0,True,Alpine,0 days 01:26:52.671000,,1,,False,,False,False
0 days 01:31:41.070000,GAS,10,,31.0,4.0,0 days 01:29:35.659000,,0 days 00:01:27.102000,0 days 00:00:48.061000,0 days 00:00:30.960000,0 days 01:30:23.511000,0 days 01:31:10.297000,0 days 01:31:41.215000,135.0,138.0,217.0,279.0,False,HARD,25.0,False,Alpine,0 days 01:28:54.849000,,1,,False,,False,False
0 days 01:33:57.892000,GAS,10,0 days 00:02:16.822000,32.0,4.0,,,0 days 00:00:41.205000,0 days 00:00:48.459000,0 days 00:00:47.158000,0 days 01:32:22.275000,0 days 01:33:10.734000,0 days 01:33:57.892000,165.0,125.0,57.0,216.0,False,HARD,26.0,False,Alpine,0 days 01:31:41.070000,,12,,False,,False,True
0 days 01:37:02.823000,GAS,10,,33.0,4.0,,,0 days 00:01:36.853000,0 days 00:00:45.115000,0 days 00:00:42.989000,0 days 01:35:34.854000,0 days 01:36:20.073000,0 days 01:37:02.823000,159.0,131.0,45.0,170.0,False,HARD,27.0,False,Alpine,0 days 01:33:57.892000,,1,,False,,False,False
0 days 01:39:41.686000,GAS,10,,34.0,4.0,,0 days 01:39:36.123000,0 days 00:01:13.988000,0 days 00:00:44.485000,0 days 00:00:40.326000,0 days 01:38:17.054000,0 days 01:39:01.422000,0 days 01:39:41.686000,192.0,153.0,,164.0,False,HARD,28.0,False,Alpine,0 days 01:37:02.823000,,1,,False,,False,False
0 days 00:06:07.789000,PER,11,,1.0,1.0,0 days 00:04:16.837000,,,0 days 00:00:43.028000,0 days 00:00:30.351000,,0 days 00:05:37.724000,0 days 00:06:07.863000,186.0,166.0,245.0,259.0,False,MEDIUM,1.0,True,Cadillac,0 days 00:04:16.837000,,1,,False,,False,False
0 days 00:07:42.600000,PER,11,0 days 00:01:34.811000,2.0,1.0,,,0 days 00:00:33.379000,0 days 00:00:35.549000,0 days 00:00:25.883000,0 days 00:06:41.168000,0 days 00:07:16.717000,0 days 00:07:42.600000,205.0,186.0,263.0,303.0,True,MEDIUM,2.0,True,Cadillac,0 days 00:06:07.789000,,1,,False,,False,True
0 days 00:09:43.060000,PER,11,0 days 00:02:00.460000,3.0,1.0,,,0 days 00:00:44.855000,0 days 00:00:43.982000,0 days 00:00:31.623000,0 days 00:08:27.455000,0 days 00:09:11.437000,0 days 00:09:43.060000,166.0,94.0,241.0,269.0,False,MEDIUM,3.0,True,Cadillac,0 days 00:07:42.600000,,1,,False,,False,True
0 days 00:11:16.953000,PER,11,0 days 00:01:33.893000,4.0,1.0,,,0 days 00:00:32.635000,0 days 00:00:35.226000,0 days 00:00:26.032000,0 days 00:10:15.695000,0 days 00:10:50.921000,0 days 00:11:16.953000,212.0,188.0,255.0,306.0,True,MEDIUM,4.0,True,Cadillac,0 days 00:09:43.060000,,1,,False,,False,True
0 days 00:13:41.842000,PER,11,0 days 00:02:24.889000,5.0,1.0,,,0 days 00:00:47.582000,0 days 00:00:48.603000,0 days 00:00:48.704000,0 days 00:12:04.535000,0 days 00:12:53.138000,0 days 00:13:41.842000,142.0,81.0,221.0,104.0,False,MEDIUM,5.0,True,Cadillac,0 days 00:11:16.953000,,12,,True,DOUBLE YELLOW AT TURN 16,False,True
0 days 00:15:47.917000,PER,11,0 days 00:02:06.075000,6.0,1.0,,,0 days 00:00:43.006000,0 days 00:00:46.784000,0 days 00:00:36.285000,0 days 00:14:24.848000,0 days 00:15:11.632000,0 days 00:15:47.917000,165.0,128.0,193.0,228.0,False,MEDIUM,6.0,True,Cadillac,0 days 00:13:41.842000,,1,,False,,False,True
0 days 00:18:01.934000,PER,11,0 days 00:02:14.017000,7.0,1.0,,0 days 00:17:56.240000,0 days 00:00:44.726000,0 days 00:00:48.397000,0 days 00:00:40.894000,0 days 00:16:32.643000,0 days 00:17:21.040000,0 days 00:18:01.934000,153.0,143.0,,206.0,False,MEDIUM,7.0,True,Cadillac,0 days 00:15:47.917000,,1,,False,,False,False
0 days 00:53:24.327000,PER,11,,8.0,2.0,0 days 00:51:24.510000,,,0 days 00:00:36.325000,0 days 00:00:26.452000,,0 days 00:52:58.030000,0 days 00:53:24.403000,188.0,182.0,281.0,276.0,False,MEDIUM,8.0,False,Cadillac,0 days 00:18:01.934000,,1,,False,,False,False
0 days 00:55:01.027000,PER,11,0 days 00:01:36.700000,9.0,2.0,,,0 days 00:00:33.627000,0 days 00:00:36.485000,0 days 00:00:26.588000,0 days 00:53:57.954000,0 days 00:54:34.439000,0 days 00:55:01.027000,201.0,181.0,275.0,290.0,False,MEDIUM,9.0,False,Cadillac,0 days 00:53:24.327000,,1,,False,,False,True
0 days 00:56:37.781000,PER,11,0 days 00:01:36.754000,10.0,2.0,,,0 days 00:00:33.942000,0 days 00:00:36.309000,0 days 00:00:26.503000,0 days 00:55:34.969000,0 days 00:56:11.278000,0 days 00:56:37.781000,210.0,182.0,276.0,290.0,False,MEDIUM,10.0,False,Cadillac,0 days 00:55:01.027000,,1,,False,,False,True
0 days 00:58:15.128000,PER,11,0 days 00:01:37.347000,11.0,2.0,,,0 days 00:00:33.856000,0 days 00:00:36.922000,0 days 00:00:26.569000,0 days 00:57:11.637000,0 days 00:57:48.559000,0 days 00:58:15.128000,205.0,180.0,271.0,298.0,False,MEDIUM,11.0,False,Cadillac,0 days 00:56:37.781000,,1,,False,,False,True
0 days 00:59:52.363000,PER,11,0 days 00:01:37.235000,12.0,2.0,,,0 days 00:00:34.301000,0 days 00:00:36.396000,0 days 00:00:26.538000,0 days 00:58:49.429000,0 days 00:59:25.825000,0 days 00:59:52.363000,201.0,182.0,278.0,300.0,False,MEDIUM,12.0,False,Cadillac,0 days 00:58:15.128000,,1,,False,,False,True
0 days 01:01:29.777000,PER,11,0 days 00:01:37.414000,13.0,2.0,,,0 days 00:00:34.185000,0 days 00:00:36.734000,0 days 00:00:26.495000,0 days 01:00:26.548000,0 days 01:01:03.282000,0 days 01:01:29.777000,205.0,180.0,278.0,296.0,False,MEDIUM,13.0,False,Cadillac,0 days 00:59:52.363000,,1,,False,,False,True
0 days 01:03:07.004000,PER,11,0 days 00:01:37.227000,14.0,2.0,,,0 days 00:00:34.317000,0 days 00:00:36.462000,0 days 00:00:26.448000,0 days 01:02:04.094000,0 days 01:02:40.556000,0 days 01:03:07.004000,206.0,181.0,276.0,294.0,False,MEDIUM,14.0,False,Cadillac,0 days 01:01:29.777000,,1,,False,,False,True
0 days 01:04:43.934000,PER,11,0 days 00:01:36.930000,15.0,2.0,,,0 days 00:00:34.283000,0 days 00:00:36.223000,0 days 00:00:26.424000,0 days 01:03:41.287000,0 days 01:04:17.510000,0 days 01:04:43.934000,207.0,182.0,280.0,294.0,False,MEDIUM,15.0,False,Cadillac,0 days 01:03:07.004000,,1,,False,,False,True
0 days 01:06:21.301000,PER,11,0 days 00:01:37.367000,16.0,2.0,,,0 days 00:00:34.163000,0 days 00:00:36.546000,0 days 00:00:26.658000,0 days 01:05:18.097000,0 days 01:05:54.643000,0 days 01:06:21.301000,203.0,183.0,278.0,295.0,False,MEDIUM,16.0,False,Cadillac,0 days 01:04:43.934000,,1,,False,,False,True
0 days 01:08:21.699000,PER,11,0 days 00:02:00.398000,17.0,2.0,,0 days 01:08:15.995000,0 days 00:00:37.755000,0 days 00:00:44.087000,0 days 00:00:38.556000,0 days 01:06:59.056000,0 days 01:07:43.143000,0 days 01:08:21.699000,180.0,166.0,,175.0,False,MEDIUM,17.0,False,Cadillac,0 days 01:06:21.301000,,1,,False,,False,False
0 days 01:22:10.219000,PER,11,,18.0,3.0,0 days 01:20:15.169000,,,0 days 00:00:43.971000,0 days 00:00:35.300000,,0 days 01:21:35.073000,0 days 01:22:10.263000,166.0,122.0,259.0,200.0,False,SOFT,1.0,True,Cadillac,0 days 01:08:21.699000,,1,,False,,False,False
0 days 01:23:42.617000,PER,11,0 days 00:01:32.398000,19.0,3.0,,,0 days 00:00:31.890000,0 days 00:00:34.671000,0 days 00:00:25.837000,0 days 01:22:42.109000,0 days 01:23:16.780000,0 days 01:23:42.617000,216.0,191.0,249.0,314.0,True,SOFT,2.0,True,Cadillac,0 days 01:22:10.219000,,1,,False,,False,True
0 days 01:25:50.704000,PER,11,0 days 00:02:08.087000,20.0,3.0,,0 days 01:25:44.535000,0 days 00:00:44.740000,0 days 00:00:47.068000,0 days 00:00:36.279000,0 days 01:24:27.357000,0 days 01:25:14.425000,0 days 01:25:50.704000,153.0,141.0,,209.0,False,SOFT,3.0,True,Cadillac,0 days 01:23:42.617000,,1,,False,,False,False
0 days 01:28:42.527000,PER,11,,21.0,4.0,0 days 01:26:15.194000,,0 days 00:01:09.380000,0 days 00:00:56.967000,0 days 00:00:45.499000,0 days 01:27:00.322000,0 days 01:27:57.139000,0 days 01:28:42.633000,165.0,95.0,251.0,224.0,False,SOFT,4.0,False,Cadillac,0 days 01:25:50.704000,,1,,False,,False,False
0 days 01:30:14.574000,PER,11,0 days 00:01:32.047000,22.0,4.0,,,0 days 00:00:31.882000,0 days 00:00:34.508000,0 days 00:00:25.657000,0 days 01:29:14.409000,0 days 01:29:48.917000,0 days 01:30:14.574000,215.0,191.0,262.0,313.0,True,SOFT,5.0,False,Cadillac,0 days 01:28:42.527000,,1,,False,,False,True
0 days 01:32:36.471000,PER,11,0 days 00:02:21.897000,23.0,4.0,,,0 days 00:00:46.654000,0 days 00:00:46.943000,0 days 00:00:48.300000,0 days 01:31:01.228000,0 days 01:31:48.171000,0 days 01:32:36.471000,147.0,161.0,81.0,159.0,False,SOFT,6.0,False,Cadillac,0 days 01:30:14.574000,,12,,False,,False,True
0 days 01:35:01.817000,PER,11,0 days 00:02:25.346000,24.0,4.0,,,0 days 00:01:02.414000,0 days 00:00:40.546000,0 days 00:00:42.386000,0 days 01:33:38.885000,0 days 01:34:19.431000,0 days 01:35:01.817000,192.0,162.0,44.0,202.0,False,SOFT,7.0,False,Cadillac,0 days 01:32:36.471000,,1,,False,,False,True
0 days 01:37:32.987000,PER,11,,25.0,4.0,,0 days 01:37:27.370000,0 days 00:01:04.831000,0 days 00:00:41.851000,0 days 00:00:44.464000,0 days 01:36:06.869000,0 days 01:36:48.638000,0 days 01:37:32.987000,183.0,160.0,,139.0,False,SOFT,8.0,False,Cadillac,0 days 01:35:01.817000,,1,,False,,False,False
0 days 00:08:26.414000,ANT,12,,1.0,1.0,0 days 00:06:10.191000,,,0 days 00:00:39.613000,0 days 00:00:33.219000,,0 days 00:07:53.510000,0 days 00:08:26.525000,192.0,164.0,252.0,116.0,False,HARD,1.0,True,Mercedes,0 days 00:06:10.191000,,1,,False,,False,False
0 days 00:09:57.842000,ANT,12,0 days 00:01:31.428000,2.0,1.0,,,0 days 00:00:31.657000,0 days 00:00:34.270000,0 days 00:00:25.501000,0 days 00:08:58.071000,0 days 00:09:32.341000,0 days 00:09:57.842000,212.0,185.0,266.0,320.0,True,HARD,2.0,True,Mercedes,0 days 00:08:26.414000,,1,,False,,False,True
0 days 00:12:15.414000,ANT,12,0 days 00:02:17.572000,3.0,1.0,,0 days 00:12:09.837000,0 days 00:00:42.304000,0 days 00:00:52.030000,0 days 00:00:43.238000,0 days 00:10:40.146000,0 days 00:11:32.176000,0 days 00:12:15.414000,159.0,140.0,,233.0,False,HARD,3.0,True,Mercedes,0 days 00:09:57.842000,,1,,False,,False,False
0 days 00:14:41.443000,ANT,12,0 days 00:02:26.029000,4.0,2.0,0 days 00:12:36.702000,,0 days 00:01:09.048000,0 days 00:00:42.650000,0 days 00:00:34.331000,0 days 00:13:24.462000,0 days 00:14:07.112000,0 days 00:14:41.443000,169.0,128.0,253.0,107.0,False,HARD,4.0,False,Mercedes,0 days 00:12:15.414000,,12,,False,,False,False
0 days 00:16:12.837000,ANT,12,0 days 00:01:31.394000,5.0,2.0,,,0 days 00:00:31.608000,0 days 00:00:34.235000,0 days 00:00:25.551000,0 days 00:15:13.051000,0 days 00:15:47.286000,0 days 00:16:12.837000,217.0,152.0,267.0,323.0,False,HARD,5.0,False,Mercedes,0 days 00:14:41.443000,,1,,True,TRACK LIMITS AT TURN 15 LAP 6 ,False,True
0 days 00:18:48.137000,ANT,12,,6.0,2.0,,0 days 00:18:42.626000,0 days 00:00:51.887000,0 days 00:00:56.817000,0 days 00:00:46.361000,0 days 00:17:04.968000,0 days 00:18:01.871000,0 days 00:18:48.137000,142.0,83.0,,189.0,False,HARD,6.0,False,Mercedes,0 days 00:16:12.837000,,1,,False,,False,False
0 days 00:21:25.889000,ANT,12,,7.0,3.0,0 days 00:19:34.987000,,0 days 00:01:26.554000,0 days 00:00:40.246000,0 days 00:00:31.126000,0 days 00:20:14.652000,0 days 00:20:55.034000,0 days 00:21:26.019000,161.0,157.0,261.0,253.0,False,HARD,7.0,False,Mercedes,0 days 00:18:48.137000,,1,,False,,False,False
0 days 00:22:55.968000,ANT,12,0 days 00:01:30.079000,8.0,3.0,,,0 days 00:00:30.972000,0 days 00:00:33.918000,0 days 00:00:25.189000,0 days 00:21:56.861000,0 days 00:22:30.779000,0 days 00:22:55.968000,220.0,189.0,264.0,321.0,True,HARD,8.0,False,Mercedes,0 days 00:21:25.889000,,1,,False,,False,True
0 days 00:24:47.862000,ANT,12,0 days 00:01:51.894000,9.0,3.0,,0 days 00:24:42.112000,0 days 00:00:35.559000,0 days 00:00:39.889000,0 days 00:00:36.446000,0 days 00:23:31.527000,0 days 00:24:11.416000,0 days 00:24:47.862000,196.0,163.0,,207.0,False,HARD,9.0,False,Mercedes,0 days 00:22:55.968000,,1,,False,,False,False
0 days 00:35:49.664000,ANT,12,,10.0,4.0,0 days 00:33:49.652000,,,0 days 00:00:34.326000,0 days 00:00:25.765000,,0 days 00:35:24.087000,0 days 00:35:49.761000,207.0,184.0,288.0,275.0,False,HARD,10.0,False,Mercedes,0 days 00:24:47.862000,,1,,False,,False,False
0 days 00:37:22.493000,ANT,12,0 days 00:01:32.829000,11.0,4.0,,,0 days 00:00:31.880000,0 days 00:00:34.757000,0 days 00:00:26.192000,0 days 00:36:21.544000,0 days 00:36:56.301000,0 days 00:37:22.493000,212.0,184.0,256.0,296.0,False,HARD,11.0,False,Mercedes,0 days 00:35:49.664000,,1,,False,,False,True
0 days 00:38:55.384000,ANT,12,0 days 00:01:32.891000,12.0,4.0,,,0 days 00:00:32.282000,0 days 00:00:34.602000,0 days 00:00:26.007000,0 days 00:37:54.775000,0 days 00:38:29.377000,0 days 00:38:55.384000,212.0,188.0,269.0,307.0,False,HARD,12.0,False,Mercedes,0 days 00:37:22.493000,,1,,False,,False,True
0 days 00:40:27.936000,ANT,12,0 days 00:01:32.552000,13.0,4.0,,,0 days 00:00:31.992000,0 days 00:00:34.673000,0 days 00:00:25.887000,0 days 00:39:27.376000,0 days 00:40:02.049000,0 days 00:40:27.936000,210.0,187.0,272.0,312.0,False,HARD,13.0,False,Mercedes,0 days 00:38:55.384000,,1,,False,,False,True
0 days 00:42:02.086000,ANT,12,0 days 00:01:34.150000,14.0,4.0,,,0 days 00:00:33.448000,0 days 00:00:34.658000,0 days 00:00:26.044000,0 days 00:41:01.384000,0 days 00:41:36.042000,0 days 00:42:02.086000,211.0,186.0,274.0,305.0,False,HARD,14.0,False,Mercedes,0 days 00:40:27.936000,,1,,False,,False,True
0 days 00:43:34.898000,ANT,12,0 days 00:01:32.812000,15.0,4.0,,,0 days 00:00:32.113000,0 days 00:00:34.768000,0 days 00:00:25.931000,0 days 00:42:34.199000,0 days 00:43:08.967000,0 days 00:43:34.898000,213.0,186.0,277.0,306.0,False,HARD,15.0,False,Mercedes,0 days 00:42:02.086000,,1,,False,,False,True
0 days 00:45:07.995000,ANT,12,0 days 00:01:33.097000,16.0,4.0,,,0 days 00:00:32.167000,0 days 00:00:35.128000,0 days 00:00:25.802000,0 days 00:44:07.065000,0 days 00:44:42.193000,0 days 00:45:07.995000,210.0,184.0,278.0,309.0,False,HARD,16.0,False,Mercedes,0 days 00:43:34.898000,,1,,False,,False,True
0 days 00:46:41.315000,ANT,12,0 days 00:01:33.320000,17.0,4.0,,,0 days 00:00:32.279000,0 days 00:00:35.115000,0 days 00:00:25.926000,0 days 00:45:40.274000,0 days 00:46:15.389000,0 days 00:46:41.315000,211.0,185.0,278.0,306.0,False,HARD,17.0,False,Mercedes,0 days 00:45:07.995000,,1,,False,,False,True
0 days 00:48:16.199000,ANT,12,0 days 00:01:34.884000,18.0,4.0,,,0 days 00:00:32.301000,0 days 00:00:36.581000,0 days 00:00:26.002000,0 days 00:47:13.616000,0 days 00:47:50.197000,0 days 00:48:16.199000,212.0,183.0,276.0,311.0,False,HARD,18.0,False,Mercedes,0 days 00:46:41.315000,,1,,False,,False,True
0 days 00:49:49.116000,ANT,12,0 days 00:01:32.917000,19.0,4.0,,,0 days 00:00:32.118000,0 days 00:00:34.890000,0 days 00:00:25.909000,0 days 00:48:48.317000,0 days 00:49:23.207000,0 days 00:49:49.116000,213.0,185.0,279.0,307.0,False,HARD,19.0,False,Mercedes,0 days 00:48:16.199000,,1,,False,,False,True
0 days 00:51:22.160000,ANT,12,0 days 00:01:33.044000,20.0,4.0,,,0 days 00:00:32.124000,0 days 00:00:34.925000,0 days 00:00:25.995000,0 days 00:50:21.240000,0 days 00:50:56.165000,0 days 00:51:22.160000,209.0,185.0,278.0,304.0,False,HARD,20.0,False,Mercedes,0 days 00:49:49.116000,,1,,False,,False,True
0 days 00:52:55.218000,ANT,12,0 days 00:01:33.058000,21.0,4.0,,,0 days 00:00:32.100000,0 days 00:00:34.963000,0 days 00:00:25.995000,0 days 00:51:54.260000,0 days 00:52:29.223000,0 days 00:52:55.218000,211.0,184.0,283.0,301.0,False,HARD,21.0,False,Mercedes,0 days 00:51:22.160000,,1,,False,,False,True
0 days 00:54:29.337000,ANT,12,0 days 00:01:34.119000,22.0,4.0,,,0 days 00:00:32.383000,0 days 00:00:35.735000,0 days 00:00:26.001000,0 days 00:53:27.601000,0 days 00:54:03.336000,0 days 00:54:29.337000,209.0,182.0,287.0,274.0,False,HARD,22.0,False,Mercedes,0 days 00:52:55.218000,,1,,True,TRACK LIMITS AT TURN 11 LAP 23 ,False,True
0 days 00:56:03.914000,ANT,12,0 days 00:01:34.577000,23.0,4.0,,,0 days 00:00:32.963000,0 days 00:00:35.572000,0 days 00:00:26.042000,0 days 00:55:02.300000,0 days 00:55:37.872000,0 days 00:56:03.914000,211.0,180.0,282.0,298.0,False,HARD,23.0,False,Mercedes,0 days 00:54:29.337000,,1,,False,,False,True
0 days 00:58:00.371000,ANT,12,0 days 00:01:56.457000,24.0,4.0,,0 days 00:57:54.753000,0 days 00:00:35.375000,0 days 00:00:46.915000,0 days 00:00:34.167000,0 days 00:56:39.289000,0 days 00:57:26.204000,0 days 00:58:00.371000,149.0,170.0,,250.0,False,HARD,24.0,False,Mercedes,0 days 00:56:03.914000,,1,,False,,False,False
0 days 00:24:19.884000,ALO,14,,1.0,1.0,0 days 00:22:26.302000,0 days 00:24:14.192000,,0 days 00:00:42.092000,0 days 00:00:34.440000,,0 days 00:23:45.702000,0 days 00:24:19.950000,186.0,166.0,,224.0,False,HARD,1.0,True,Aston Martin,0 days 00:22:26.302000,,1,,False,,False,False
0 days 00:26:44.063000,ALO,14,0 days 00:02:24.179000,2.0,2.0,0 days 00:24:58.485000,,0 days 00:01:12.692000,0 days 00:00:38.229000,0 days 00:00:33.258000,0 days 00:25:32.576000,0 days 00:26:10.805000,0 days 00:26:44.063000,190.0,178.0,265.0,135.0,False,HARD,2.0,False,Aston Martin,0 days 00:24:19.884000,,1,,False,,False,False
0 days 00:28:20.930000,ALO,14,0 days 00:01:36.867000,3.0,2.0,,,0 days 00:00:33.494000,0 days 00:00:36.506000,0 days 00:00:26.867000,0 days 00:27:17.557000,0 days 00:27:54.063000,0 days 00:28:20.930000,213.0,182.0,271.0,282.0,True,HARD,3.0,False,Aston Martin,0 days 00:26:44.063000,,1,,False,,False,True
0 days 00:29:57.586000,ALO,14,0 days 00:01:36.656000,4.0,2.0,,,0 days 00:00:33.313000,0 days 00:00:36.609000,0 days 00:00:26.734000,0 days 00:28:54.243000,0 days 00:29:30.852000,0 days 00:29:57.586000,208.0,183.0,273.0,282.0,True,HARD,4.0,False,Aston Martin,0 days 00:28:20.930000,,1,,False,,False,True
0 days 00:31:59.338000,ALO,14,0 days 00:02:01.752000,5.0,2.0,,,0 days 00:00:44.143000,0 days 00:00:45.852000,0 days 00:00:31.757000,0 days 00:30:41.729000,0 days 00:31:27.581000,0 days 00:31:59.338000,150.0,132.0,247.0,264.0,False,HARD,5.0,False,Aston Martin,0 days 00:29:57.586000,,1,,False,,False,True
0 days 00:33:34.030000,ALO,14,0 days 00:01:34.692000,6.0,2.0,,,0 days 00:00:32.905000,0 days 00:00:35.496000,0 days 00:00:26.291000,0 days 00:32:32.243000,0 days 00:33:07.739000,0 days 00:33:34.030000,206.0,186.0,251.0,299.0,True,HARD,6.0,False,Aston Martin,0 days 00:31:59.338000,,1,,False,,False,True
0 days 00:35:41.108000,ALO,14,0 days 00:02:07.078000,7.0,2.0,,,0 days 00:00:46.264000,0 days 00:00:49.447000,0 days 00:00:31.367000,0 days 00:34:20.294000,0 days 00:35:09.741000,0 days 00:35:41.108000,153.0,138.0,248.0,264.0,False,HARD,7.0,False,Aston Martin,0 days 00:33:34.030000,,1,,False,,False,True
0 days 00:37:37.886000,ALO,14,0 days 00:01:56.778000,8.0,2.0,,0 days 00:37:32.394000,0 days 00:00:35.586000,0 days 00:00:42.742000,0 days 00:00:38.450000,0 days 00:36:16.694000,0 days 00:36:59.436000,0 days 00:37:37.886000,176.0,168.0,,243.0,False,HARD,8.0,False,Aston Martin,0 days 00:35:41.108000,,1,,False,,False,False
0 days 00:48:22.128000,ALO,14,,9.0,3.0,0 days 00:46:30.072000,,,0 days 00:00:37.750000,0 days 00:00:37.056000,,0 days 00:47:45.297000,0 days 00:48:22.266000,190.0,172.0,249.0,223.0,False,SOFT,1.0,True,Aston Martin,0 days 00:37:37.886000,,1,,False,,False,False
0 days 00:50:19.472000,ALO,14,0 days 00:01:57.344000,10.0,3.0,,,0 days 00:00:32.086000,0 days 00:00:38.274000,0 days 00:00:46.984000,0 days 00:48:54.214000,0 days 00:49:32.488000,0 days 00:50:19.472000,211.0,120.0,247.0,94.0,False,SOFT,2.0,True,Aston Martin,0 days 00:48:22.128000,,1,,True,TRACK LIMITS AT TURN 11 LAP 11 ,False,True
0 days 00:51:52.435000,ALO,14,0 days 00:01:32.963000,11.0,3.0,,,0 days 00:00:31.879000,0 days 00:00:35.278000,0 days 00:00:25.806000,0 days 00:50:51.351000,0 days 00:51:26.629000,0 days 00:51:52.435000,215.0,183.0,260.0,301.0,True,SOFT,3.0,True,Aston Martin,0 days 00:50:19.472000,,1,,False,,False,True
0 days 00:54:02.921000,ALO,14,0 days 00:02:10.486000,12.0,3.0,,,0 days 00:00:48.136000,0 days 00:00:48.754000,0 days 00:00:33.596000,0 days 00:52:40.571000,0 days 00:53:29.325000,0 days 00:54:02.921000,71.0,159.0,210.0,234.0,False,SOFT,4.0,True,Aston Martin,0 days 00:51:52.435000,,1,,False,,False,True
0 days 00:56:15.443000,ALO,14,0 days 00:02:12.522000,13.0,3.0,,,0 days 00:00:42.659000,0 days 00:00:50.524000,0 days 00:00:39.339000,0 days 00:54:45.580000,0 days 00:55:36.104000,0 days 00:56:15.443000,153.0,45.0,250.0,235.0,False,SOFT,5.0,True,Aston Martin,0 days 00:54:02.921000,,1,,False,,False,True
0 days 00:57:48.342000,ALO,14,0 days 00:01:32.899000,14.0,3.0,,,0 days 00:00:31.888000,0 days 00:00:34.969000,0 days 00:00:26.042000,0 days 00:56:47.331000,0 days 00:57:22.300000,0 days 00:57:48.342000,209.0,188.0,251.0,301.0,True,SOFT,6.0,True,Aston Martin,0 days 00:56:15.443000,,1,,False,,False,True
0 days 01:00:06.120000,ALO,14,0 days 00:02:17.778000,15.0,3.0,,,0 days 00:00:48.249000,0 days 00:00:56.422000,0 days 00:00:33.107000,0 days 00:58:36.591000,0 days 00:59:33.013000,0 days 01:00:06.120000,161.0,82.0,255.0,241.0,False,SOFT,7.0,True,Aston Martin,0 days 00:57:48.342000,,1,,False,,False,True
0 days 01:01:39.013000,ALO,14,0 days 00:01:32.893000,16.0,3.0,,,0 days 00:00:32.053000,0 days 00:00:34.905000,0 days 00:00:25.935000,0 days 01:00:38.173000,0 days 01:01:13.078000,0 days 01:01:39.013000,211.0,183.0,251.0,300.0,True,SOFT,8.0,True,Aston Martin,0 days 01:00:06.120000,,1,,False,,False,True
0 days 01:03:20.892000,ALO,14,0 days 00:01:41.879000,17.0,3.0,,,0 days 00:00:36.175000,0 days 00:00:38.205000,0 days 00:00:27.499000,0 days 01:02:15.188000,0 days 01:02:53.393000,0 days 01:03:20.892000,170.0,170.0,270.0,287.0,False,SOFT,9.0,True,Aston Martin,0 days 01:01:39.013000,,1,,False,,False,True
0 days 01:04:56.655000,ALO,14,0 days 00:01:35.763000,18.0,3.0,,,0 days 00:00:32.962000,0 days 00:00:36.083000,0 days 00:00:26.718000,0 days 01:03:53.854000,0 days 01:04:29.937000,0 days 01:04:56.655000,208.0,183.0,272.0,282.0,False,SOFT,10.0,True,Aston Martin,0 days 01:03:20.892000,,1,,False,,False,True
0 days 01:06:32.161000,ALO,14,0 days 00:01:35.506000,19.0,3.0,,,0 days 00:00:32.730000,0 days 00:00:36.239000,0 days 00:00:26.537000,0 days 01:05:29.385000,0 days 01:06:05.624000,0 days 01:06:32.161000,210.0,184.0,273.0,285.0,False,SOFT,11.0,True,Aston Martin,0 days 01:04:56.655000,,1,,False,,False,True
0 days 01:08:17.213000,ALO,14,0 days 00:01:45.052000,20.0,3.0,,0 days 01:08:11.862000,0 days 00:00:32.854000,0 days 00:00:36.770000,0 days 00:00:35.428000,0 days 01:07:05.015000,0 days 01:07:41.785000,0 days 01:08:17.213000,211.0,172.0,,268.0,False,SOFT,12.0,True,Aston Martin,0 days 01:06:32.161000,,1,,False,,False,False
0 days 01:19:23.947000,ALO,14,,21.0,4.0,0 days 01:17:43.317000,,,0 days 00:00:37.337000,0 days 00:00:30.551000,,0 days 01:18:53.620000,0 days 01:19:23.975000,189.0,169.0,250.0,244.0,False,MEDIUM,1.0,True,Aston Martin,0 days 01:08:17.213000,,1,,False,,False,False
0 days 01:21:13.541000,ALO,14,0 days 00:01:49.594000,22.0,4.0,,,0 days 00:00:36.879000,0 days 00:00:40.779000,0 days 00:00:31.936000,0 days 01:20:00.826000,0 days 01:20:41.605000,0 days 01:21:13.541000,176.0,157.0,249.0,246.0,False,MEDIUM,2.0,True,Aston Martin,0 days 01:19:23.947000,,1,,False,,False,True
0 days 01:22:57.832000,ALO,14,0 days 00:01:44.291000,23.0,4.0,,,0 days 00:00:32.545000,0 days 00:00:40.480000,0 days 00:00:31.266000,0 days 01:21:46.086000,0 days 01:22:26.566000,0 days 01:22:57.832000,175.0,160.0,250.0,265.0,False,MEDIUM,3.0,True,Aston Martin,0 days 01:21:13.541000,,1,,False,,False,True
0 days 01:24:30.915000,ALO,14,0 days 00:01:33.083000,24.0,4.0,,,0 days 00:00:32.126000,0 days 00:00:35.056000,0 days 00:00:25.901000,0 days 01:23:29.958000,0 days 01:24:05.014000,0 days 01:24:30.915000,204.0,185.0,255.0,305.0,False,MEDIUM,4.0,True,Aston Martin,0 days 01:22:57.832000,,1,,False,,False,True
0 days 01:26:32.499000,ALO,14,0 days 00:02:01.584000,25.0,4.0,,,0 days 00:00:41.399000,0 days 00:00:48.202000,0 days 00:00:31.983000,0 days 01:25:12.314000,0 days 01:26:00.516000,0 days 01:26:32.499000,161.0,118.0,251.0,265.0,False,MEDIUM,5.0,True,Aston Martin,0 days 01:24:30.915000,,1,,False,,False,True
0 days 01:28:05.092000,ALO,14,0 days 00:01:32.593000,26.0,4.0,,,0 days 00:00:31.909000,0 days 00:00:34.891000,0 days 00:00:25.793000,0 days 01:27:04.408000,0 days 01:27:39.299000,0 days 01:28:05.092000,212.0,187.0,256.0,305.0,True,MEDIUM,6.0,True,Aston Martin,0 days 01:26:32.499000,,1,,False,,False,True
0 days 01:30:07.932000,ALO,14,0 days 00:02:02.840000,27.0,4.0,,,0 days 00:00:35.861000,0 days 00:00:44.620000,0 days 00:00:42.359000,0 days 01:28:40.953000,0 days 01:29:25.573000,0 days 01:30:07.932000,192.0,84.0,228.0,137.0,False,MEDIUM,7.0,True,Aston Martin,0 days 01:28:05.092000,,1,,False,,False,True
0 days 01:32:22.093000,ALO,14,0 days 00:02:14.161000,28.0,4.0,,,0 days 00:00:42.232000,0 days 00:00:43.878000,0 days 00:00:48.051000,0 days 01:30:50.164000,0 days 01:31:34.042000,0 days 01:32:22.093000,163.0,127.0,56.0,157.0,False,MEDIUM,8.0,True,Aston Martin,0 days 01:30:07.932000,,1,,False,,False,True
0 days 01:34:43.831000,ALO,14,0 days 00:02:21.738000,29.0,4.0,,0 days 01:34:38.378000,0 days 00:01:03.234000,0 days 00:00:38.874000,0 days 00:00:39.630000,0 days 01:33:25.327000,0 days 01:34:04.201000,0 days 01:34:43.831000,185.0,167.0,,162.0,False,MEDIUM,9.0,True,Aston Martin,0 days 01:32:22.093000,,12,,False,,False,False
0 days 00:02:19.100000,LEC,16,,1.0,1.0,0 days 00:00:17.125000,,,0 days 00:00:42.806000,0 days 00:00:39.058000,,0 days 00:01:40.302000,0 days 00:02:19.319000,186.0,158.0,247.0,94.0,False,HARD,1.0,True,Ferrari,0 days 00:00:17.125000,,1,,False,,False,False
0 days 00:03:52.720000,LEC,16,0 days 00:01:33.620000,2.0,1.0,,,0 days 00:00:32.745000,0 days 00:00:34.760000,0 days 00:00:26.115000,0 days 00:02:51.845000,0 days 00:03:26.605000,0 days 00:03:52.720000,214.0,186.0,241.0,310.0,True,HARD,2.0,True,Ferrari,0 days 00:02:19.100000,,1,,False,,False,True
0 days 00:06:18.498000,LEC,16,0 days 00:02:25.778000,3.0,1.0,,,0 days 00:00:56.517000,0 days 00:00:57.258000,0 days 00:00:32.003000,0 days 00:04:49.237000,0 days 00:05:46.495000,0 days 00:06:18.498000,104.0,102.0,247.0,252.0,False,HARD,3.0,True,Ferrari,0 days 00:03:52.720000,,1,,False,,False,True
0 days 00:07:50.372000,LEC,16,0 days 00:01:31.874000,4.0,1.0,,,0 days 00:00:31.653000,0 days 00:00:34.468000,0 days 00:00:25.753000,0 days 00:06:50.151000,0 days 00:07:24.619000,0 days 00:07:50.372000,213.0,188.0,247.0,315.0,True,HARD,4.0,True,Ferrari,0 days 00:06:18.498000,,1,,False,,False,True
0 days 00:10:13.910000,LEC,16,0 days 00:02:23.538000,5.0,1.0,,,0 days 00:00:57.014000,0 days 00:00:55.166000,0 days 00:00:31.358000,0 days 00:08:47.386000,0 days 00:09:42.552000,0 days 00:10:13.910000,125.0,151.0,249.0,205.0,False,HARD,5.0,True,Ferrari,0 days 00:07:50.372000,,1,,False,,False,True
0 days 00:11:45.050000,LEC,16,0 days 00:01:31.140000,6.0,1.0,,,0 days 00:00:31.148000,0 days 00:00:34.346000,0 days 00:00:25.646000,0 days 00:10:45.058000,0 days 00:11:19.404000,0 days 00:11:45.050000,214.0,188.0,246.0,319.0,True,HARD,6.0,True,Ferrari,0 days 00:10:13.910000,,1,,False,,False,True
0 days 00:14:35.428000,LEC,16,,7.0,1.0,,,0 days 00:01:06.927000,0 days 00:01:07.284000,0 days 00:00:36.091000,0 days 00:12:52.152000,0 days 00:13:59.452000,0 days 00:14:35.428000,93.0,148.0,239.0,128.0,False,HARD,7.0,True,Ferrari,0 days 00:11:45.050000,,12,,False,,False,False
0 days 00:16:23.784000,LEC,16,0 days 00:01:48.356000,8.0,1.0,,,0 days 00:00:35.209000,0 days 00:00:41.837000,0 days 00:00:31.310000,0 days 00:15:10.637000,0 days 00:15:52.474000,0 days 00:16:23.784000,199.0,154.0,247.0,238.0,False,HARD,8.0,True,Ferrari,0 days 00:14:35.428000,,1,,False,,False,True
0 days 00:18:11.559000,LEC,16,0 days 00:01:47.775000,9.0,1.0,,,0 days 00:00:34.455000,0 days 00:00:41.579000,0 days 00:00:31.741000,0 days 00:16:58.239000,0 days 00:17:39.818000,0 days 00:18:11.559000,195.0,140.0,248.0,222.0,False,HARD,9.0,True,Ferrari,0 days 00:16:23.784000,,1,,False,,False,True
0 days 00:20:00.473000,LEC,16,0 days 00:01:48.914000,10.0,1.0,,0 days 00:19:53.570000,0 days 00:00:30.860000,0 days 00:00:38.336000,0 days 00:00:39.718000,0 days 00:18:42.419000,0 days 00:19:20.755000,0 days 00:20:00.473000,216.0,159.0,,237.0,False,HARD,10.0,True,Ferrari,0 days 00:18:11.559000,,1,,False,,False,False
0 days 00:22:47.440000,LEC,16,,11.0,2.0,0 days 00:20:32.069000,,0 days 00:01:32.622000,0 days 00:00:44.633000,0 days 00:00:29.732000,0 days 00:21:33.243000,0 days 00:22:17.852000,0 days 00:22:47.576000,166.0,153.0,247.0,268.0,False,HARD,11.0,False,Ferrari,0 days 00:20:00.473000,,1,,False,,False,False
0 days 00:24:17.736000,LEC,16,0 days 00:01:30.296000,12.0,2.0,,,0 days 00:00:30.819000,0 days 00:00:34.205000,0 days 00:00:25.272000,0 days 00:23:18.259000,0 days 00:23:52.464000,0 days 00:24:17.736000,218.0,188.0,254.0,323.0,True,HARD,12.0,False,Ferrari,0 days 00:22:47.440000,,1,,False,,False,True
0 days 00:26:26.944000,LEC,16,0 days 00:02:09.208000,13.0,2.0,,0 days 00:26:21.228000,0 days 00:00:51.177000,0 days 00:00:42.682000,0 days 00:00:35.349000,0 days 00:25:08.913000,0 days 00:25:51.595000,0 days 00:26:26.944000,110.0,152.0,,251.0,False,HARD,13.0,False,Ferrari,0 days 00:24:17.736000,,1,,False,,False,False
0 days 00:36:12.296000,LEC,16,,14.0,3.0,0 days 00:34:24.620000,,,0 days 00:00:40.258000,0 days 00:00:30.356000,,0 days 00:35:42.094000,0 days 00:36:12.323000,197.0,171.0,236.0,254.0,False,HARD,14.0,False,Ferrari,0 days 00:26:26.944000,,1,,False,,False,False
0 days 00:37:42.541000,LEC,16,0 days 00:01:30.245000,15.0,3.0,,,0 days 00:00:31.014000,0 days 00:00:33.909000,0 days 00:00:25.322000,0 days 00:36:43.310000,0 days 00:37:17.219000,0 days 00:37:42.541000,218.0,189.0,252.0,324.0,True,HARD,15.0,False,Ferrari,0 days 00:36:12.296000,,1,,False,,False,True
0 days 00:40:10.911000,LEC,16,0 days 00:02:28.370000,16.0,3.0,,,0 days 00:00:53.160000,0 days 00:01:00.444000,0 days 00:00:34.766000,0 days 00:38:35.701000,0 days 00:39:36.145000,0 days 00:40:10.911000,131.0,145.0,247.0,126.0,False,HARD,16.0,False,Ferrari,0 days 00:37:42.541000,,1,,False,,False,True
0 days 00:41:59.009000,LEC,16,0 days 00:01:48.098000,17.0,3.0,,,0 days 00:00:34.397000,0 days 00:00:43.964000,0 days 00:00:29.737000,0 days 00:40:45.308000,0 days 00:41:29.272000,0 days 00:41:59.009000,194.0,162.0,251.0,251.0,False,HARD,17.0,False,Ferrari,0 days 00:40:10.911000,,1,,False,,False,True
0 days 00:43:28.864000,LEC,16,0 days 00:01:29.855000,18.0,3.0,,,0 days 00:00:30.742000,0 days 00:00:33.765000,0 days 00:00:25.348000,0 days 00:42:29.751000,0 days 00:43:03.516000,0 days 00:43:28.864000,218.0,189.0,257.0,319.0,True,HARD,18.0,False,Ferrari,0 days 00:41:59.009000,,1,,False,,False,True
0 days 00:45:29.287000,LEC,16,0 days 00:02:00.423000,19.0,3.0,,0 days 00:45:23.766000,0 days 00:00:35.834000,0 days 00:00:42.082000,0 days 00:00:42.507000,0 days 00:44:04.698000,0 days 00:44:46.780000,0 days 00:45:29.287000,195.0,118.0,,193.0,False,HARD,19.0,False,Ferrari,0 days 00:43:28.864000,,1,,False,,False,False
0 days 00:54:13.165000,LEC,16,,20.0,4.0,0 days 00:52:13.908000,,,0 days 00:00:35.835000,0 days 00:00:26.180000,,0 days 00:53:47.193000,0 days 00:54:13.243000,208.0,176.0,286.0,283.0,False,HARD,20.0,False,Ferrari,0 days 00:45:29.287000,,1,,False,,False,False
0 days 00:55:46.796000,LEC,16,0 days 00:01:33.631000,21.0,4.0,,,0 days 00:00:32.124000,0 days 00:00:35.347000,0 days 00:00:26.160000,0 days 00:54:45.289000,0 days 00:55:20.636000,0 days 00:55:46.796000,211.0,181.0,286.0,286.0,False,HARD,21.0,False,Ferrari,0 days 00:54:13.165000,,1,,False,,False,True
0 days 00:57:19.709000,LEC,16,0 days 00:01:32.913000,22.0,4.0,,,0 days 00:00:32.011000,0 days 00:00:34.974000,0 days 00:00:25.928000,0 days 00:56:18.807000,0 days 00:56:53.781000,0 days 00:57:19.709000,208.0,184.0,291.0,291.0,False,HARD,22.0,False,Ferrari,0 days 00:55:46.796000,,1,,False,,False,True
0 days 00:58:53.133000,LEC,16,0 days 00:01:33.424000,23.0,4.0,,,0 days 00:00:32.572000,0 days 00:00:35.128000,0 days 00:00:25.724000,0 days 00:57:52.281000,0 days 00:58:27.409000,0 days 00:58:53.133000,211.0,183.0,282.0,306.0,False,HARD,23.0,False,Ferrari,0 days 00:57:19.709000,,1,,False,,False,True
0 days 01:00:27.036000,LEC,16,0 days 00:01:33.903000,24.0,4.0,,,0 days 00:00:32.134000,0 days 00:00:35.897000,0 days 00:00:25.872000,0 days 00:59:25.267000,0 days 01:00:01.164000,0 days 01:00:27.036000,206.0,183.0,283.0,300.0,False,HARD,24.0,False,Ferrari,0 days 00:58:53.133000,,1,,False,,False,True
0 days 01:02:00.536000,LEC,16,0 days 00:01:33.500000,25.0,4.0,,,0 days 00:00:32.181000,0 days 00:00:35.414000,0 days 00:00:25.905000,0 days 01:00:59.217000,0 days 01:01:34.631000,0 days 01:02:00.536000,210.0,182.0,285.0,301.0,False,HARD,25.0,False,Ferrari,0 days 01:00:27.036000,,1,,False,,False,True
0 days 01:03:33.847000,LEC,16,0 days 00:01:33.311000,26.0,4.0,,,0 days 00:00:32.304000,0 days 00:00:35.160000,0 days 00:00:25.847000,0 days 01:02:32.840000,0 days 01:03:08,0 days 01:03:33.847000,209.0,184.0,281.0,298.0,False,HARD,26.0,False,Ferrari,0 days 01:02:00.536000,,1,,False,,False,True
0 days 01:05:07.022000,LEC,16,0 days 00:01:33.175000,27.0,4.0,,,0 days 00:00:32.221000,0 days 00:00:35.122000,0 days 00:00:25.832000,0 days 01:04:06.068000,0 days 01:04:41.190000,0 days 01:05:07.022000,207.0,183.0,280.0,309.0,False,HARD,27.0,False,Ferrari,0 days 01:03:33.847000,,1,,False,,False,True
0 days 01:06:39.891000,LEC,16,0 days 00:01:32.869000,28.0,4.0,,,0 days 00:00:32.252000,0 days 00:00:35.131000,0 days 00:00:25.486000,0 days 01:05:39.274000,0 days 01:06:14.405000,0 days 01:06:39.891000,208.0,185.0,283.0,318.0,False,HARD,28.0,False,Ferrari,0 days 01:05:07.022000,,1,,False,,False,True
0 days 01:08:13.971000,LEC,16,0 days 00:01:34.080000,29.0,4.0,,,0 days 00:00:32.936000,0 days 00:00:35.166000,0 days 00:00:25.978000,0 days 01:07:12.827000,0 days 01:07:47.993000,0 days 01:08:13.971000,210.0,182.0,284.0,310.0,False,HARD,29.0,False,Ferrari,0 days 01:06:39.891000,,1,,False,,False,True
0 days 01:09:56.110000,LEC,16,0 days 00:01:42.139000,30.0,4.0,,0 days 01:09:50.520000,0 days 00:00:32.421000,0 days 00:00:35.355000,0 days 00:00:34.363000,0 days 01:08:46.392000,0 days 01:09:21.747000,0 days 01:09:56.110000,210.0,183.0,,188.0,False,HARD,30.0,False,Ferrari,0 days 01:08:13.971000,,1,,False,,False,False
0 days 01:18:27.829000,LEC,16,,31.0,5.0,0 days 01:16:36.063000,,,0 days 00:00:38.661000,0 days 00:00:31.641000,,0 days 01:17:56.309000,0 days 01:18:27.829000,183.0,162.0,255.0,211.0,False,SOFT,1.0,True,Ferrari,0 days 01:09:56.110000,,1,,False,,False,False
0 days 01:19:57.272000,LEC,16,0 days 00:01:29.443000,32.0,5.0,,,0 days 00:00:30.660000,0 days 00:00:33.663000,0 days 00:00:25.120000,0 days 01:18:58.489000,0 days 01:19:32.152000,0 days 01:19:57.272000,218.0,192.0,254.0,323.0,True,SOFT,2.0,True,Ferrari,0 days 01:18:27.829000,,1,,False,,False,True
0 days 01:22:15.156000,LEC,16,0 days 00:02:17.884000,33.0,5.0,,,0 days 00:00:50.116000,0 days 00:00:53.367000,0 days 00:00:34.401000,0 days 01:20:47.388000,0 days 01:21:40.755000,0 days 01:22:15.156000,131.0,92.0,205.0,198.0,False,SOFT,3.0,True,Ferrari,0 days 01:19:57.272000,,1,,False,,False,True
0 days 01:24:20.592000,LEC,16,0 days 00:02:05.436000,34.0,5.0,,,0 days 00:00:47.766000,0 days 00:00:44.283000,0 days 00:00:33.387000,0 days 01:23:02.922000,0 days 01:23:47.205000,0 days 01:24:20.592000,77.0,108.0,250.0,231.0,False,SOFT,4.0,True,Ferrari,0 days 01:22:15.156000,,1,,False,,False,True
0 days 01:26:08.862000,LEC,16,0 days 00:01:48.270000,35.0,5.0,,,0 days 00:00:34.017000,0 days 00:00:44.418000,0 days 00:00:29.835000,0 days 01:24:54.609000,0 days 01:25:39.027000,0 days 01:26:08.862000,195.0,139.0,251.0,242.0,False,SOFT,5.0,True,Ferrari,0 days 01:24:20.592000,,1,,False,,False,True
0 days 01:27:38.172000,LEC,16,0 days 00:01:29.310000,36.0,5.0,,,0 days 00:00:30.650000,0 days 00:00:33.673000,0 days 00:00:24.987000,0 days 01:26:39.512000,0 days 01:27:13.185000,0 days 01:27:38.172000,219.0,191.0,265.0,315.0,True,SOFT,6.0,True,Ferrari,0 days 01:26:08.862000,,1,,False,,False,True
0 days 01:29:44.978000,LEC,16,0 days 00:02:06.806000,37.0,5.0,,,0 days 00:00:39.542000,0 days 00:00:47.277000,0 days 00:00:39.987000,0 days 01:28:17.714000,0 days 01:29:04.991000,0 days 01:29:44.978000,141.0,167.0,244.0,128.0,False,SOFT,7.0,True,Ferrari,0 days 01:27:38.172000,,1,,False,,False,True
0 days 01:31:16.502000,LEC,16,0 days 00:01:31.524000,38.0,5.0,,,0 days 00:00:32.003000,0 days 00:00:34.403000,0 days 00:00:25.118000,0 days 01:30:16.981000,0 days 01:30:51.384000,0 days 01:31:16.502000,214.0,188.0,255.0,322.0,False,SOFT,8.0,True,Ferrari,0 days 01:29:44.978000,,1,,False,,False,True
0 days 01:33:30.247000,LEC,16,0 days 00:02:13.745000,39.0,5.0,,,0 days 00:00:43.275000,0 days 00:00:43.455000,0 days 00:00:47.015000,0 days 01:31:59.777000,0 days 01:32:43.232000,0 days 01:33:30.247000,188.0,146.0,40.0,139.0,False,SOFT,9.0,True,Ferrari,0 days 01:31:16.502000,,12,,False,,False,True
0 days 01:35:59.827000,LEC,16,0 days 00:02:29.580000,40.0,5.0,,,0 days 00:01:08.722000,0 days 00:00:39.059000,0 days 00:00:41.799000,0 days 01:34:38.969000,0 days 01:35:18.028000,0 days 01:35:59.827000,177.0,154.0,61.0,138.0,False,SOFT,10.0,True,Ferrari,0 days 01:33:30.247000,,1,,False,,False,True
0 days 01:38:18.952000,LEC,16,0 days 00:02:19.125000,41.0,5.0,,0 days 01:38:12.497000,0 days 00:01:05.359000,0 days 00:00:36.037000,0 days 00:00:37.729000,0 days 01:37:05.186000,0 days 01:37:41.223000,0 days 01:38:18.952000,209.0,182.0,,140.0,False,SOFT,11.0,True,Ferrari,0 days 01:35:59.827000,,1,,False,,False,False
0 days 00:24:23.126000,STR,18,,1.0,1.0,0 days 00:22:16.186000,0 days 00:24:17.208000,,0 days 00:00:43.035000,0 days 00:00:38.299000,,0 days 00:23:45.050000,0 days 00:24:23.304000,195.0,94.0,,190.0,False,HARD,1.0,True,Aston Martin,0 days 00:22:16.186000,,1,,False,,False,False
0 days 00:26:50.298000,STR,18,0 days 00:02:27.172000,2.0,2.0,0 days 00:25:03.313000,,0 days 00:01:14.144000,0 days 00:00:39.169000,0 days 00:00:33.859000,0 days 00:25:37.270000,0 days 00:26:16.439000,0 days 00:26:50.298000,201.0,169.0,269.0,120.0,False,HARD,2.0,False,Aston Martin,0 days 00:24:23.126000,,1,,False,,False,False
0 days 00:28:27.738000,STR,18,0 days 00:01:37.440000,3.0,2.0,,,0 days 00:00:33.641000,0 days 00:00:36.765000,0 days 00:00:27.034000,0 days 00:27:23.939000,0 days 00:28:00.704000,0 days 00:28:27.738000,210.0,179.0,268.0,287.0,True,HARD,3.0,False,Aston Martin,0 days 00:26:50.298000,,1,,False,,False,True
0 days 00:30:04.587000,STR,18,0 days 00:01:36.849000,4.0,2.0,,,0 days 00:00:33.358000,0 days 00:00:36.495000,0 days 00:00:26.996000,0 days 00:29:01.096000,0 days 00:29:37.591000,0 days 00:30:04.587000,212.0,182.0,272.0,284.0,True,HARD,4.0,False,Aston Martin,0 days 00:28:27.738000,,1,,False,,False,True
0 days 00:32:05.551000,STR,18,0 days 00:02:00.964000,5.0,2.0,,,0 days 00:00:41.837000,0 days 00:00:44.685000,0 days 00:00:34.442000,0 days 00:30:46.424000,0 days 00:31:31.109000,0 days 00:32:05.551000,187.0,144.0,245.0,178.0,False,HARD,5.0,False,Aston Martin,0 days 00:30:04.587000,,1,,False,,False,True
0 days 00:33:40.358000,STR,18,0 days 00:01:34.807000,6.0,2.0,,,0 days 00:00:32.769000,0 days 00:00:35.602000,0 days 00:00:26.436000,0 days 00:32:38.320000,0 days 00:33:13.922000,0 days 00:33:40.358000,211.0,181.0,256.0,293.0,True,HARD,6.0,False,Aston Martin,0 days 00:32:05.551000,,1,,False,,False,True
0 days 00:35:47.229000,STR,18,0 days 00:02:06.871000,7.0,2.0,,,0 days 00:00:45.789000,0 days 00:00:47.175000,0 days 00:00:33.907000,0 days 00:34:26.147000,0 days 00:35:13.322000,0 days 00:35:47.229000,154.0,144.0,244.0,230.0,False,HARD,7.0,False,Aston Martin,0 days 00:33:40.358000,,1,,False,,False,True
0 days 00:37:21.868000,STR,18,0 days 00:01:34.639000,8.0,2.0,,,0 days 00:00:32.880000,0 days 00:00:35.440000,0 days 00:00:26.319000,0 days 00:36:20.109000,0 days 00:36:55.549000,0 days 00:37:21.868000,209.0,184.0,255.0,292.0,True,HARD,8.0,False,Aston Martin,0 days 00:35:47.229000,,1,,False,,False,True
0 days 00:39:31.881000,STR,18,0 days 00:02:10.013000,9.0,2.0,,0 days 00:39:26.403000,0 days 00:00:40.068000,0 days 00:00:45.324000,0 days 00:00:44.621000,0 days 00:38:01.936000,0 days 00:38:47.260000,0 days 00:39:31.881000,195.0,94.0,,213.0,False,HARD,9.0,False,Aston Martin,0 days 00:37:21.868000,,1,,False,,False,False
0 days 00:48:28.050000,STR,18,,10.0,3.0,0 days 00:46:37.535000,,,0 days 00:00:41.745000,0 days 00:00:34.764000,,0 days 00:47:53.488000,0 days 00:48:28.185000,193.0,160.0,246.0,187.0,False,SOFT,1.0,True,Aston Martin,0 days 00:39:31.881000,,1,,False,,False,False
0 days 00:50:01.449000,STR,18,0 days 00:01:33.399000,11.0,3.0,,,0 days 00:00:32.203000,0 days 00:00:34.991000,0 days 00:00:26.205000,0 days 00:49:00.253000,0 days 00:49:35.244000,0 days 00:50:01.449000,209.0,181.0,258.0,297.0,True,SOFT,2.0,True,Aston Martin,0 days 00:48:28.050000,,1,,False,,False,True
0 days 00:52:06.892000,STR,18,0 days 00:02:05.443000,12.0,3.0,,,0 days 00:00:51.306000,0 days 00:00:42.314000,0 days 00:00:31.823000,0 days 00:50:52.755000,0 days 00:51:35.069000,0 days 00:52:06.892000,179.0,156.0,250.0,249.0,False,SOFT,3.0,True,Aston Martin,0 days 00:50:01.449000,,1,,False,,False,True
0 days 00:53:40.732000,STR,18,0 days 00:01:33.840000,13.0,3.0,,,0 days 00:00:32.514000,0 days 00:00:35.181000,0 days 00:00:26.145000,0 days 00:52:39.406000,0 days 00:53:14.587000,0 days 00:53:40.732000,210.0,182.0,263.0,290.0,False,SOFT,4.0,True,Aston Martin,0 days 00:52:06.892000,,1,,False,,False,True
0 days 00:55:53.046000,STR,18,0 days 00:02:12.314000,14.0,3.0,,0 days 00:55:47.447000,0 days 00:00:48.515000,0 days 00:00:44.867000,0 days 00:00:38.932000,0 days 00:54:29.247000,0 days 00:55:14.114000,0 days 00:55:53.046000,164.0,146.0,,192.0,False,SOFT,5.0,True,Aston Martin,0 days 00:53:40.732000,,1,,False,,False,False
0 days 00:58:25.478000,STR,18,,15.0,4.0,0 days 00:56:30.195000,,0 days 00:01:16.688000,0 days 00:00:43.665000,0 days 00:00:32.060000,0 days 00:57:09.970000,0 days 00:57:53.657000,0 days 00:58:25.612000,165.0,139.0,248.0,237.0,False,SOFT,6.0,False,Aston Martin,0 days 00:55:53.046000,,1,,False,,False,False
0 days 00:59:58.705000,STR,18,0 days 00:01:33.227000,16.0,4.0,,,0 days 00:00:32.464000,0 days 00:00:34.851000,0 days 00:00:25.912000,0 days 00:58:57.942000,0 days 00:59:32.793000,0 days 00:59:58.705000,211.0,185.0,257.0,298.0,True,SOFT,7.0,False,Aston Martin,0 days 00:58:25.478000,,1,,False,,False,True
0 days 01:02:19.195000,STR,18,0 days 00:02:20.490000,17.0,4.0,,,0 days 00:00:50.842000,0 days 00:00:52.855000,0 days 00:00:36.793000,0 days 01:00:49.547000,0 days 01:01:42.402000,0 days 01:02:19.195000,107.0,108.0,245.0,127.0,False,SOFT,8.0,False,Aston Martin,0 days 00:59:58.705000,,1,,False,,False,True
0 days 01:03:52.438000,STR,18,0 days 00:01:33.243000,18.0,4.0,,,0 days 00:00:32.658000,0 days 00:00:34.843000,0 days 00:00:25.742000,0 days 01:02:51.853000,0 days 01:03:26.696000,0 days 01:03:52.438000,213.0,184.0,265.0,301.0,False,SOFT,9.0,False,Aston Martin,0 days 01:02:19.195000,,1,,False,,False,True
0 days 01:05:45.014000,STR,18,0 days 00:01:52.576000,19.0,4.0,,0 days 01:05:39.105000,0 days 00:00:37.792000,0 days 00:00:38.560000,0 days 00:00:36.224000,0 days 01:04:30.230000,0 days 01:05:08.790000,0 days 01:05:45.014000,199.0,166.0,,231.0,False,SOFT,10.0,False,Aston Martin,0 days 01:03:52.438000,,1,,False,,False,False
0 days 01:17:14.861000,STR,18,,20.0,5.0,0 days 01:15:28.376000,,,0 days 00:00:39.910000,0 days 00:00:32.108000,,0 days 01:16:42.828000,0 days 01:17:14.922000,194.0,168.0,250.0,234.0,False,MEDIUM,1.0,True,Aston Martin,0 days 01:05:45.014000,,1,,False,,False,False
0 days 01:18:48.239000,STR,18,0 days 00:01:33.378000,21.0,5.0,,,0 days 00:00:32.154000,0 days 00:00:35.154000,0 days 00:00:26.070000,0 days 01:17:47.015000,0 days 01:18:22.169000,0 days 01:18:48.239000,214.0,183.0,257.0,299.0,False,MEDIUM,2.0,True,Aston Martin,0 days 01:17:14.861000,,1,,False,,False,True
0 days 01:21:08.210000,STR,18,0 days 00:02:19.971000,22.0,5.0,,0 days 01:21:02.462000,0 days 00:00:54.476000,0 days 00:00:46.256000,0 days 00:00:39.239000,0 days 01:19:42.715000,0 days 01:20:28.971000,0 days 01:21:08.210000,181.0,147.0,,187.0,False,MEDIUM,3.0,True,Aston Martin,0 days 01:18:48.239000,,1,,False,,False,False
0 days 01:23:25.740000,STR,18,0 days 00:02:17.530000,23.0,6.0,0 days 01:21:19.747000,,0 days 00:00:56.112000,0 days 00:00:47.093000,0 days 00:00:34.325000,0 days 01:22:04.322000,0 days 01:22:51.415000,0 days 01:23:25.740000,141.0,151.0,246.0,203.0,False,MEDIUM,4.0,False,Aston Martin,0 days 01:21:08.210000,,1,,False,,False,False
0 days 01:24:58.699000,STR,18,0 days 00:01:32.959000,24.0,6.0,,,0 days 00:00:32.368000,0 days 00:00:34.828000,0 days 00:00:25.763000,0 days 01:23:58.108000,0 days 01:24:32.936000,0 days 01:24:58.699000,212.0,184.0,258.0,300.0,True,MEDIUM,5.0,False,Aston Martin,0 days 01:23:25.740000,,1,,False,,False,True
0 days 01:27:16.262000,STR,18,0 days 00:02:17.563000,25.0,6.0,,,0 days 00:00:52.542000,0 days 00:00:51.147000,0 days 00:00:33.874000,0 days 01:25:51.241000,0 days 01:26:42.388000,0 days 01:27:16.262000,138.0,122.0,224.0,181.0,False,MEDIUM,6.0,False,Aston Martin,0 days 01:24:58.699000,,1,,False,,False,True
0 days 01:30:01.680000,STR,18,,26.0,6.0,,,0 days 00:00:48.851000,0 days 00:00:50.326000,0 days 00:01:06.310000,0 days 01:28:05.163000,0 days 01:28:55.603000,0 days 01:30:01.777000,184.0,107.0,234.0,38.0,False,MEDIUM,7.0,False,Aston Martin,0 days 01:27:16.262000,,1,,False,,False,False
0 days 01:32:03.180000,STR,18,0 days 00:02:01.500000,27.0,6.0,,,0 days 00:00:32.748000,0 days 00:00:44.447000,0 days 00:00:44.305000,0 days 01:30:34.428000,0 days 01:31:18.875000,0 days 01:32:03.180000,216.0,159.0,61.0,113.0,False,MEDIUM,8.0,False,Aston Martin,0 days 01:30:01.680000,,1,,False,,False,True
0 days 01:34:24.426000,STR,18,0 days 00:02:21.246000,28.0,6.0,,0 days 01:34:18.504000,0 days 00:01:04.119000,0 days 00:00:38.634000,0 days 00:00:38.493000,0 days 01:33:07.299000,0 days 01:33:45.933000,0 days 01:34:24.426000,194.0,171.0,,202.0,False,MEDIUM,9.0,False,Aston Martin,0 days 01:32:03.180000,,12,,False,,False,False
0 days 00:03:21.324000,ALB,23,,1.0,1.0,0 days 00:01:23.300000,,,0 days 00:00:45.576000,0 days 00:00:34.153000,,0 days 00:02:47.455000,0 days 00:03:21.521000,190.0,153.0,236.0,136.0,False,HARD,1.0,True,Williams,0 days 00:01:23.300000,,1,,False,,False,False
0 days 00:04:56.083000,ALB,23,0 days 00:01:34.759000,2.0,1.0,,,0 days 00:00:33.580000,0 days 00:00:35.533000,0 days 00:00:25.646000,0 days 00:03:54.904000,0 days 00:04:30.437000,0 days 00:04:56.083000,203.0,187.0,275.0,309.0,True,HARD,2.0,True,Williams,0 days 00:03:21.324000,,1,,False,,False,True
0 days 00:07:09.149000,ALB,23,0 days 00:02:13.066000,3.0,1.0,,,0 days 00:00:45.259000,0 days 00:00:53.032000,0 days 00:00:34.775000,0 days 00:05:41.342000,0 days 00:06:34.374000,0 days 00:07:09.149000,115.0,80.0,241.0,251.0,False,HARD,3.0,True,Williams,0 days 00:04:56.083000,,1,,False,,False,True
0 days 00:08:42.129000,ALB,23,0 days 00:01:32.980000,4.0,1.0,,,0 days 00:00:32.827000,0 days 00:00:34.792000,0 days 00:00:25.361000,0 days 00:07:41.976000,0 days 00:08:16.768000,0 days 00:08:42.129000,216.0,187.0,278.0,310.0,True,HARD,4.0,True,Williams,0 days 00:07:09.149000,,1,,False,,False,True
0 days 00:11:07.734000,ALB,23,0 days 00:02:25.605000,5.0,1.0,,,0 days 00:00:53.133000,0 days 00:00:53.807000,0 days 00:00:38.665000,0 days 00:09:35.262000,0 days 00:10:29.069000,0 days 00:11:07.734000,140.0,150.0,237.0,114.0,False,HARD,5.0,True,Williams,0 days 00:08:42.129000,,1,,False,,False,True
0 days 00:12:40.365000,ALB,23,0 days 00:01:32.631000,6.0,1.0,,,0 days 00:00:32.607000,0 days 00:00:34.605000,0 days 00:00:25.419000,0 days 00:11:40.341000,0 days 00:12:14.946000,0 days 00:12:40.365000,210.0,189.0,276.0,307.0,True,HARD,6.0,True,Williams,0 days 00:11:07.734000,,1,,False,,False,True
0 days 00:15:04.544000,ALB,23,0 days 00:02:24.179000,7.0,1.0,,,0 days 00:00:48.024000,0 days 00:00:58.591000,0 days 00:00:37.564000,0 days 00:13:28.389000,0 days 00:14:26.980000,0 days 00:15:04.544000,139.0,81.0,241.0,215.0,False,HARD,7.0,True,Williams,0 days 00:12:40.365000,,12,,False,,False,True
0 days 00:16:36.665000,ALB,23,0 days 00:01:32.121000,8.0,1.0,,,0 days 00:00:32.269000,0 days 00:00:34.435000,0 days 00:00:25.417000,0 days 00:15:36.813000,0 days 00:16:11.248000,0 days 00:16:36.665000,217.0,189.0,278.0,307.0,True,HARD,8.0,True,Williams,0 days 00:15:04.544000,,1,,False,,False,True
0 days 00:18:37.206000,ALB,23,0 days 00:02:00.541000,9.0,1.0,,0 days 00:18:31.571000,0 days 00:00:39.303000,0 days 00:00:46.191000,0 days 00:00:35.047000,0 days 00:17:15.968000,0 days 00:18:02.159000,0 days 00:18:37.206000,165.0,116.0,,286.0,False,HARD,9.0,True,Williams,0 days 00:16:36.665000,,1,,False,,False,False
0 days 00:20:47.473000,ALB,23,0 days 00:02:10.267000,10.0,2.0,0 days 00:18:57.276000,,0 days 00:00:51.758000,0 days 00:00:42.004000,0 days 00:00:36.505000,0 days 00:19:28.964000,0 days 00:20:10.968000,0 days 00:20:47.473000,206.0,106.0,267.0,183.0,False,HARD,10.0,False,Williams,0 days 00:18:37.206000,,1,,False,,False,False
0 days 00:22:33.334000,ALB,23,0 days 00:01:45.861000,11.0,2.0,,0 days 00:22:27.783000,0 days 00:00:32.355000,0 days 00:00:37.081000,0 days 00:00:36.425000,0 days 00:21:19.828000,0 days 00:21:56.909000,0 days 00:22:33.334000,202.0,116.0,,273.0,False,HARD,11.0,False,Williams,0 days 00:20:47.473000,,1,,False,,False,False
0 days 00:32:39.205000,ALB,23,,12.0,3.0,0 days 00:30:52.785000,,,0 days 00:00:41.464000,0 days 00:00:29.577000,,0 days 00:32:09.763000,0 days 00:32:39.338000,186.0,160.0,264.0,245.0,False,HARD,12.0,False,Williams,0 days 00:22:33.334000,,1,,False,,False,False
0 days 00:34:11.943000,ALB,23,0 days 00:01:32.738000,13.0,3.0,,,0 days 00:00:32.153000,0 days 00:00:34.846000,0 days 00:00:25.739000,0 days 00:33:11.358000,0 days 00:33:46.204000,0 days 00:34:11.943000,214.0,189.0,255.0,316.0,False,HARD,13.0,False,Williams,0 days 00:32:39.205000,,1,,False,,False,True
0 days 00:36:31.666000,ALB,23,0 days 00:02:19.723000,14.0,3.0,,,0 days 00:00:46.896000,0 days 00:00:54.189000,0 days 00:00:38.638000,0 days 00:34:58.839000,0 days 00:35:53.028000,0 days 00:36:31.666000,141.0,161.0,250.0,178.0,False,HARD,14.0,False,Williams,0 days 00:34:11.943000,,1,,False,,False,True
0 days 00:38:26.021000,ALB,23,0 days 00:01:54.355000,15.0,3.0,,,0 days 00:00:33.421000,0 days 00:00:49.215000,0 days 00:00:31.719000,0 days 00:37:05.087000,0 days 00:37:54.302000,0 days 00:38:26.021000,130.0,98.0,231.0,263.0,False,HARD,15.0,False,Williams,0 days 00:36:31.666000,,1,,False,,False,True
0 days 00:40:18.283000,ALB,23,0 days 00:01:52.262000,16.0,3.0,,,0 days 00:00:36.187000,0 days 00:00:43.182000,0 days 00:00:32.893000,0 days 00:39:02.208000,0 days 00:39:45.390000,0 days 00:40:18.283000,174.0,158.0,249.0,202.0,False,HARD,16.0,False,Williams,0 days 00:38:26.021000,,1,,True,TRACK LIMITS AT TURN 17 LAP 17 ,False,True
0 days 00:41:50.517000,ALB,23,0 days 00:01:32.234000,17.0,3.0,,,0 days 00:00:32.187000,0 days 00:00:34.380000,0 days 00:00:25.667000,0 days 00:40:50.470000,0 days 00:41:24.850000,0 days 00:41:50.517000,214.0,190.0,256.0,315.0,False,HARD,17.0,False,Williams,0 days 00:40:18.283000,,1,,False,,False,True
0 days 00:43:57.817000,ALB,23,0 days 00:02:07.300000,18.0,3.0,,,0 days 00:00:47.951000,0 days 00:00:48.662000,0 days 00:00:30.687000,0 days 00:42:38.468000,0 days 00:43:27.130000,0 days 00:43:57.817000,100.0,122.0,271.0,271.0,False,HARD,18.0,False,Williams,0 days 00:41:50.517000,,1,,False,,False,True
0 days 00:45:30.194000,ALB,23,0 days 00:01:32.377000,19.0,3.0,,,0 days 00:00:31.921000,0 days 00:00:34.620000,0 days 00:00:25.836000,0 days 00:44:29.738000,0 days 00:45:04.358000,0 days 00:45:30.194000,211.0,188.0,256.0,316.0,False,HARD,19.0,False,Williams,0 days 00:43:57.817000,,1,,False,,False,True
0 days 00:47:31.910000,ALB,23,0 days 00:02:01.716000,20.0,3.0,,0 days 00:47:26.160000,0 days 00:00:40.055000,0 days 00:00:44.530000,0 days 00:00:37.131000,0 days 00:46:10.249000,0 days 00:46:54.779000,0 days 00:47:31.910000,124.0,162.0,,255.0,False,HARD,20.0,False,Williams,0 days 00:45:30.194000,,1,,False,,False,False
0 days 00:49:29.669000,ALB,23,0 days 00:01:57.759000,21.0,4.0,0 days 00:47:52.461000,,0 days 00:00:55.002000,0 days 00:00:36.113000,0 days 00:00:26.644000,0 days 00:48:26.912000,0 days 00:49:03.025000,0 days 00:49:29.669000,196.0,163.0,280.0,279.0,False,HARD,21.0,False,Williams,0 days 00:47:31.910000,,1,,True,TRACK LIMITS AT TURN 15 LAP 22 ,False,False
0 days 00:51:21.769000,ALB,23,0 days 00:01:52.100000,22.0,4.0,,0 days 00:51:15.956000,0 days 00:00:34.202000,0 days 00:00:42.174000,0 days 00:00:35.724000,0 days 00:50:03.871000,0 days 00:50:46.045000,0 days 00:51:21.769000,185.0,143.0,,275.0,False,HARD,22.0,False,Williams,0 days 00:49:29.669000,,1,,False,,False,False
0 days 01:04:05.005000,ALB,23,,23.0,5.0,0 days 01:02:08.668000,,,0 days 00:00:37.738000,0 days 00:00:26.705000,,0 days 01:03:38.480000,0 days 01:04:05.129000,195.0,178.0,287.0,274.0,False,HARD,23.0,False,Williams,0 days 00:51:21.769000,,1,,False,,False,False
0 days 01:05:39.863000,ALB,23,0 days 00:01:34.858000,24.0,5.0,,,0 days 00:00:32.955000,0 days 00:00:35.407000,0 days 00:00:26.496000,0 days 01:04:37.960000,0 days 01:05:13.367000,0 days 01:05:39.863000,207.0,182.0,257.0,309.0,False,HARD,24.0,False,Williams,0 days 01:04:05.005000,,1,,False,,False,True
0 days 01:07:14.913000,ALB,23,0 days 00:01:35.050000,25.0,5.0,,,0 days 00:00:33.260000,0 days 00:00:35.391000,0 days 00:00:26.399000,0 days 01:06:13.123000,0 days 01:06:48.514000,0 days 01:07:14.913000,209.0,183.0,260.0,308.0,False,HARD,25.0,False,Williams,0 days 01:05:39.863000,,1,,False,,False,True
0 days 01:08:50.558000,ALB,23,0 days 00:01:35.645000,26.0,5.0,,,0 days 00:00:33.371000,0 days 00:00:35.774000,0 days 00:00:26.500000,0 days 01:07:48.284000,0 days 01:08:24.058000,0 days 01:08:50.558000,209.0,178.0,273.0,305.0,False,HARD,26.0,False,Williams,0 days 01:07:14.913000,,1,,True,TRACK LIMITS AT TURN 15 LAP 27 ,False,True
0 days 01:10:25.625000,ALB,23,0 days 00:01:35.067000,27.0,5.0,,,0 days 00:00:33.246000,0 days 00:00:35.495000,0 days 00:00:26.326000,0 days 01:09:23.804000,0 days 01:09:59.299000,0 days 01:10:25.625000,208.0,182.0,285.0,292.0,False,HARD,27.0,False,Williams,0 days 01:08:50.558000,,1,,False,,False,True
0 days 01:12:00.562000,ALB,23,0 days 00:01:34.937000,28.0,5.0,,,0 days 00:00:33.055000,0 days 00:00:35.441000,0 days 00:00:26.441000,0 days 01:10:58.680000,0 days 01:11:34.121000,0 days 01:12:00.562000,210.0,183.0,283.0,300.0,False,HARD,28.0,False,Williams,0 days 01:10:25.625000,,1,,False,,False,True
0 days 01:13:35.326000,ALB,23,0 days 00:01:34.764000,29.0,5.0,,,0 days 00:00:32.950000,0 days 00:00:35.368000,0 days 00:00:26.446000,0 days 01:12:33.512000,0 days 01:13:08.880000,0 days 01:13:35.326000,210.0,184.0,281.0,301.0,False,HARD,29.0,False,Williams,0 days 01:12:00.562000,,1,,False,,False,True
0 days 01:15:10.045000,ALB,23,0 days 00:01:34.719000,30.0,5.0,,,0 days 00:00:32.961000,0 days 00:00:35.546000,0 days 00:00:26.212000,0 days 01:14:08.287000,0 days 01:14:43.833000,0 days 01:15:10.045000,211.0,184.0,282.0,304.0,False,HARD,30.0,False,Williams,0 days 01:13:35.326000,,1,,False,,False,True
0 days 01:16:54.237000,ALB,23,0 days 00:01:44.192000,31.0,5.0,,0 days 01:16:48.578000,0 days 00:00:34.784000,0 days 00:00:37.473000,0 days 00:00:31.935000,0 days 01:15:44.829000,0 days 01:16:22.302000,0 days 01:16:54.237000,201.0,170.0,,296.0,False,HARD,31.0,False,Williams,0 days 01:15:10.045000,,1,,False,,False,False
0 days 01:23:17.690000,ALB,23,,32.0,6.0,0 days 01:21:25.364000,,,0 days 00:00:44.708000,0 days 00:00:29.643000,,0 days 01:22:48.162000,0 days 01:23:17.721000,186.0,123.0,267.0,274.0,False,SOFT,1.0,True,Williams,0 days 01:16:54.237000,,1,,False,,False,False
0 days 01:24:48.714000,ALB,23,0 days 00:01:31.024000,33.0,6.0,,,0 days 00:00:31.616000,0 days 00:00:34.262000,0 days 00:00:25.146000,0 days 01:23:49.306000,0 days 01:24:23.568000,0 days 01:24:48.714000,217.0,191.0,265.0,326.0,True,SOFT,2.0,True,Williams,0 days 01:23:17.690000,,1,,False,,False,True
0 days 01:27:10.730000,ALB,23,0 days 00:02:22.016000,34.0,6.0,,,0 days 00:00:48.321000,0 days 00:00:56.901000,0 days 00:00:36.794000,0 days 01:25:37.035000,0 days 01:26:33.936000,0 days 01:27:10.730000,126.0,117.0,183.0,252.0,False,SOFT,3.0,True,Williams,0 days 01:24:48.714000,,1,,False,,False,True
0 days 01:29:18.107000,ALB,23,0 days 00:02:07.377000,35.0,6.0,,,0 days 00:00:46.788000,0 days 00:00:48.700000,0 days 00:00:31.889000,0 days 01:27:57.518000,0 days 01:28:46.218000,0 days 01:29:18.107000,141.0,140.0,259.0,132.0,False,SOFT,4.0,True,Williams,0 days 01:27:10.730000,,1,,False,,False,True
0 days 01:31:32.082000,ALB,23,0 days 00:02:13.975000,36.0,6.0,,,0 days 00:00:57.095000,0 days 00:00:45.931000,0 days 00:00:30.949000,0 days 01:30:15.202000,0 days 01:31:01.133000,0 days 01:31:32.082000,165.0,114.0,235.0,245.0,False,SOFT,5.0,True,Williams,0 days 01:29:18.107000,,1,,True,TRACK LIMITS AT TURN 5 LAP 37 ,False,True
0 days 01:33:48.183000,ALB,23,0 days 00:02:16.101000,37.0,6.0,,,0 days 00:00:40.627000,0 days 00:00:46.283000,0 days 00:00:49.191000,0 days 01:32:12.709000,0 days 01:32:58.992000,0 days 01:33:48.183000,150.0,135.0,62.0,129.0,False,SOFT,6.0,True,Williams,0 days 01:31:32.082000,,12,,False,,False,True
0 days 01:36:37.193000,ALB,23,,38.0,6.0,,,0 days 00:01:17.900000,0 days 00:00:44.712000,0 days 00:00:46.374000,0 days 01:35:06.322000,0 days 01:35:51.011000,0 days 01:36:37.290000,169.0,104.0,62.0,199.0,False,SOFT,7.0,True,Williams,0 days 01:33:48.183000,,1,,False,,False,False
0 days 01:38:59.422000,ALB,23,0 days 00:02:22.229000,39.0,6.0,,0 days 01:38:53.844000,0 days 00:00:59.210000,0 days 00:00:49.050000,0 days 00:00:33.969000,0 days 01:37:36.403000,0 days 01:38:25.453000,0 days 01:38:59.422000,187.0,148.0,,277.0,False,SOFT,8.0,True,Williams,0 days 01:36:37.193000,,1,,False,,False,False
0 days 00:04:15.348000,HUL,27,,1.0,1.0,0 days 00:02:10.520000,,,0 days 00:00:42.120000,0 days 00:00:29.058000,,0 days 00:03:46.482000,0 days 00:04:15.381000,184.0,172.0,244.0,266.0,False,HARD,1.0,True,Audi,0 days 00:02:10.520000,,1,,False,,False,False
0 days 00:05:48.314000,HUL,27,0 days 00:01:32.966000,2.0,1.0,,,0 days 00:00:32.586000,0 days 00:00:34.659000,0 days 00:00:25.721000,0 days 00:04:47.934000,0 days 00:05:22.593000,0 days 00:05:48.314000,218.0,185.0,263.0,322.0,True,HARD,2.0,True,Audi,0 days 00:04:15.348000,,1,,False,,False,True
0 days 00:08:04.805000,HUL,27,0 days 00:02:16.491000,3.0,1.0,,,0 days 00:00:47.905000,0 days 00:00:52.569000,0 days 00:00:36.017000,0 days 00:06:36.219000,0 days 00:07:28.788000,0 days 00:08:04.805000,142.0,119.0,263.0,237.0,False,HARD,3.0,True,Audi,0 days 00:05:48.314000,,1,,False,,False,True
0 days 00:09:37.528000,HUL,27,0 days 00:01:32.723000,4.0,1.0,,,0 days 00:00:31.921000,0 days 00:00:34.804000,0 days 00:00:25.998000,0 days 00:08:36.726000,0 days 00:09:11.530000,0 days 00:09:37.528000,217.0,187.0,252.0,318.0,True,HARD,4.0,True,Audi,0 days 00:08:04.805000,,1,,False,,False,True
0 days 00:12:00.767000,HUL,27,0 days 00:02:23.239000,5.0,1.0,,,0 days 00:00:49.589000,0 days 00:00:55.179000,0 days 00:00:38.471000,0 days 00:10:27.117000,0 days 00:11:22.296000,0 days 00:12:00.767000,143.0,126.0,240.0,214.0,False,HARD,5.0,True,Audi,0 days 00:09:37.528000,,1,,False,,False,True
0 days 00:13:33.506000,HUL,27,0 days 00:01:32.739000,6.0,1.0,,,0 days 00:00:32.301000,0 days 00:00:34.840000,0 days 00:00:25.598000,0 days 00:12:33.068000,0 days 00:13:07.908000,0 days 00:13:33.506000,218.0,189.0,258.0,311.0,False,HARD,6.0,True,Audi,0 days 00:12:00.767000,,12,,True,DOUBLE YELLOW AT TURN 14,False,True
0 days 00:16:01.835000,HUL,27,0 days 00:02:28.329000,7.0,1.0,,,0 days 00:00:49.765000,0 days 00:00:53.643000,0 days 00:00:44.921000,0 days 00:14:23.271000,0 days 00:15:16.914000,0 days 00:16:01.835000,142.0,104.0,241.0,51.0,False,HARD,7.0,True,Audi,0 days 00:13:33.506000,,1,,False,,False,True
0 days 00:17:34.763000,HUL,27,0 days 00:01:32.928000,8.0,1.0,,,0 days 00:00:32.275000,0 days 00:00:34.940000,0 days 00:00:25.713000,0 days 00:16:34.110000,0 days 00:17:09.050000,0 days 00:17:34.763000,218.0,188.0,262.0,314.0,False,HARD,8.0,True,Audi,0 days 00:16:01.835000,,1,,False,,False,True
0 days 00:19:45.085000,HUL,27,0 days 00:02:10.322000,9.0,1.0,,0 days 00:19:39.397000,0 days 00:00:43.900000,0 days 00:00:47.472000,0 days 00:00:38.950000,0 days 00:18:18.663000,0 days 00:19:06.135000,0 days 00:19:45.085000,178.0,175.0,,199.0,False,HARD,9.0,True,Audi,0 days 00:17:34.763000,,1,,False,,False,False
0 days 00:32:49.770000,HUL,27,,10.0,2.0,0 days 00:30:45.096000,,,0 days 00:00:39.977000,0 days 00:00:33.602000,,0 days 00:32:16.316000,0 days 00:32:49.856000,188.0,153.0,265.0,217.0,False,HARD,10.0,False,Audi,0 days 00:19:45.085000,,1,,False,,False,False
0 days 00:34:21.824000,HUL,27,0 days 00:01:32.054000,11.0,2.0,,,0 days 00:00:31.864000,0 days 00:00:34.456000,0 days 00:00:25.734000,0 days 00:33:21.634000,0 days 00:33:56.090000,0 days 00:34:21.824000,219.0,187.0,260.0,322.0,True,HARD,11.0,False,Audi,0 days 00:32:49.770000,,1,,False,,False,True
0 days 00:36:25.598000,HUL,27,0 days 00:02:03.774000,12.0,2.0,,,0 days 00:00:46.598000,0 days 00:00:44.896000,0 days 00:00:32.280000,0 days 00:35:08.422000,0 days 00:35:53.318000,0 days 00:36:25.598000,153.0,168.0,203.0,217.0,False,HARD,12.0,False,Audi,0 days 00:34:21.824000,,1,,False,,False,True
0 days 00:38:43.460000,HUL,27,0 days 00:02:17.862000,13.0,2.0,,,0 days 00:00:46.955000,0 days 00:00:46.140000,0 days 00:00:44.767000,0 days 00:37:12.553000,0 days 00:37:58.693000,0 days 00:38:43.460000,173.0,120.0,264.0,262.0,False,HARD,13.0,False,Audi,0 days 00:36:25.598000,,1,,False,,False,True
0 days 00:40:15.055000,HUL,27,0 days 00:01:31.595000,14.0,2.0,,,0 days 00:00:31.530000,0 days 00:00:34.540000,0 days 00:00:25.525000,0 days 00:39:14.990000,0 days 00:39:49.530000,0 days 00:40:15.055000,218.0,188.0,260.0,318.0,True,HARD,14.0,False,Audi,0 days 00:38:43.460000,,1,,False,,False,True
0 days 00:42:12.640000,HUL,27,0 days 00:01:57.585000,15.0,2.0,,0 days 00:42:06.713000,0 days 00:00:42.423000,0 days 00:00:41.198000,0 days 00:00:33.964000,0 days 00:40:57.478000,0 days 00:41:38.676000,0 days 00:42:12.640000,204.0,172.0,,268.0,False,HARD,15.0,False,Audi,0 days 00:40:15.055000,,1,,False,,False,False
0 days 00:53:58.578000,HUL,27,,16.0,3.0,0 days 00:52:06.570000,,,0 days 00:00:35.752000,0 days 00:00:26.455000,,0 days 00:53:32.371000,0 days 00:53:58.586000,208.0,180.0,280.0,303.0,False,HARD,16.0,False,Audi,0 days 00:42:12.640000,,1,,False,,False,False
0 days 00:55:33.247000,HUL,27,0 days 00:01:34.669000,17.0,3.0,,,0 days 00:00:32.823000,0 days 00:00:35.095000,0 days 00:00:26.751000,0 days 00:54:31.401000,0 days 00:55:06.496000,0 days 00:55:33.247000,214.0,179.0,272.0,292.0,False,HARD,17.0,False,Audi,0 days 00:53:58.578000,,1,,False,,False,True
0 days 00:57:07.845000,HUL,27,0 days 00:01:34.598000,18.0,3.0,,,0 days 00:00:32.937000,0 days 00:00:35.155000,0 days 00:00:26.506000,0 days 00:56:06.184000,0 days 00:56:41.339000,0 days 00:57:07.845000,214.0,185.0,269.0,293.0,False,HARD,18.0,False,Audi,0 days 00:55:33.247000,,1,,False,,False,True
0 days 00:58:42.360000,HUL,27,0 days 00:01:34.515000,19.0,3.0,,,0 days 00:00:32.837000,0 days 00:00:35.080000,0 days 00:00:26.598000,0 days 00:57:40.682000,0 days 00:58:15.762000,0 days 00:58:42.360000,214.0,184.0,263.0,290.0,False,HARD,19.0,False,Audi,0 days 00:57:07.845000,,1,,False,,False,True
0 days 01:00:16.566000,HUL,27,0 days 00:01:34.206000,20.0,3.0,,,0 days 00:00:32.671000,0 days 00:00:35.099000,0 days 00:00:26.436000,0 days 00:59:15.031000,0 days 00:59:50.130000,0 days 01:00:16.566000,214.0,183.0,262.0,289.0,False,HARD,20.0,False,Audi,0 days 00:58:42.360000,,1,,False,,False,True
0 days 01:01:51.104000,HUL,27,0 days 00:01:34.538000,21.0,3.0,,,0 days 00:00:32.983000,0 days 00:00:35.098000,0 days 00:00:26.457000,0 days 01:00:49.549000,0 days 01:01:24.647000,0 days 01:01:51.104000,214.0,184.0,267.0,290.0,False,HARD,21.0,False,Audi,0 days 01:00:16.566000,,1,,False,,False,True
0 days 01:03:26.438000,HUL,27,0 days 00:01:35.334000,22.0,3.0,,,0 days 00:00:33.537000,0 days 00:00:35.189000,0 days 00:00:26.608000,0 days 01:02:24.641000,0 days 01:02:59.830000,0 days 01:03:26.438000,210.0,180.0,267.0,290.0,False,HARD,22.0,False,Audi,0 days 01:01:51.104000,,1,,False,,False,True
0 days 01:05:01.493000,HUL,27,0 days 00:01:35.055000,23.0,3.0,,,0 days 00:00:32.913000,0 days 00:00:35.024000,0 days 00:00:27.118000,0 days 01:03:59.351000,0 days 01:04:34.375000,0 days 01:05:01.493000,212.0,180.0,277.0,283.0,False,HARD,23.0,False,Audi,0 days 01:03:26.438000,,1,,False,,False,True
0 days 01:06:37.494000,HUL,27,0 days 00:01:36.001000,24.0,3.0,,,0 days 00:00:33.022000,0 days 00:00:35.972000,0 days 00:00:27.007000,0 days 01:05:34.515000,0 days 01:06:10.487000,0 days 01:06:37.494000,209.0,179.0,268.0,270.0,False,HARD,24.0,False,Audi,0 days 01:05:01.493000,,1,,False,,False,True
0 days 01:08:19.630000,HUL,27,0 days 00:01:42.136000,25.0,3.0,,0 days 01:08:13.848000,0 days 00:00:32.979000,0 days 00:00:35.885000,0 days 00:00:33.272000,0 days 01:07:10.473000,0 days 01:07:46.358000,0 days 01:08:19.630000,214.0,180.0,,279.0,False,HARD,25.0,False,Audi,0 days 01:06:37.494000,,1,,False,,False,False
0 days 01:18:47.180000,HUL,27,,26.0,4.0,0 days 01:16:48.141000,,,0 days 00:00:43.493000,0 days 00:00:34.270000,,0 days 01:18:13.106000,0 days 01:18:47.227000,180.0,169.0,242.0,225.0,False,SOFT,1.0,True,Audi,0 days 01:08:19.630000,,1,,False,,False,False
0 days 01:20:53.247000,HUL,27,0 days 00:02:06.067000,27.0,4.0,,,0 days 00:00:36.802000,0 days 00:00:51.355000,0 days 00:00:37.910000,0 days 01:19:23.982000,0 days 01:20:15.337000,0 days 01:20:53.247000,131.0,120.0,240.0,216.0,False,SOFT,2.0,True,Audi,0 days 01:18:47.180000,,1,,True,TRACK LIMITS AT TURN 5 LAP 28 ,False,True
0 days 01:22:41.940000,HUL,27,0 days 00:01:48.693000,28.0,4.0,,0 days 01:22:36.125000,0 days 00:00:32.472000,0 days 00:00:35.698000,0 days 00:00:40.523000,0 days 01:21:25.719000,0 days 01:22:01.417000,0 days 01:22:41.940000,212.0,129.0,,179.0,False,SOFT,3.0,True,Audi,0 days 01:20:53.247000,,1,,False,,False,False
0 days 01:29:01.273000,HUL,27,,29.0,5.0,0 days 01:27:04.454000,,,0 days 00:00:44.117000,0 days 00:00:37.713000,,0 days 01:28:23.604000,0 days 01:29:01.273000,169.0,87.0,266.0,212.0,False,SOFT,4.0,False,Audi,0 days 01:22:41.940000,,1,,False,,False,False
0 days 01:30:59.821000,HUL,27,0 days 00:01:58.548000,30.0,5.0,,,0 days 00:00:48.234000,0 days 00:00:40.948000,0 days 00:00:29.366000,0 days 01:29:49.507000,0 days 01:30:30.455000,0 days 01:30:59.821000,174.0,168.0,239.0,258.0,False,SOFT,5.0,False,Audi,0 days 01:29:01.273000,,1,,True,TRACK LIMITS AT TURN 1 LAP 31 ,False,True
0 days 01:33:00.073000,HUL,27,0 days 00:02:00.252000,31.0,5.0,,,0 days 00:00:38.335000,0 days 00:00:41.531000,0 days 00:00:40.386000,0 days 01:31:38.156000,0 days 01:32:19.687000,0 days 01:33:00.073000,186.0,167.0,46.0,217.0,False,SOFT,6.0,False,Audi,0 days 01:30:59.821000,,12,,False,,False,True
0 days 01:35:30.797000,HUL,27,,32.0,5.0,,,0 days 00:01:13.023000,0 days 00:00:38.752000,0 days 00:00:38.870000,0 days 01:34:13.269000,0 days 01:34:52.268000,0 days 01:35:30.807000,188.0,170.0,47.0,173.0,False,SOFT,7.0,False,Audi,0 days 01:33:00.073000,,1,,False,,False,False
0 days 01:37:46.229000,HUL,27,0 days 00:02:15.432000,33.0,5.0,,0 days 01:37:40.363000,0 days 00:01:02.104000,0 days 00:00:38.011000,0 days 00:00:35.317000,0 days 01:36:32.901000,0 days 01:37:10.912000,0 days 01:37:46.229000,207.0,178.0,,228.0,False,SOFT,8.0,False,Audi,0 days 01:35:30.797000,,1,,False,,False,False
0 days 00:02:35.496000,LAW,30,,1.0,1.0,0 days 00:00:39.125000,,,0 days 00:00:44.430000,0 days 00:00:34.820000,,0 days 00:02:01.002000,0 days 00:02:35.673000,177.0,146.0,252.0,193.0,False,HARD,1.0,True,Racing Bulls,0 days 00:00:39.125000,,1,,False,,False,False
0 days 00:04:10.480000,LAW,30,0 days 00:01:34.984000,2.0,1.0,,,0 days 00:00:33.791000,0 days 00:00:35.206000,0 days 00:00:25.987000,0 days 00:03:09.287000,0 days 00:03:44.493000,0 days 00:04:10.480000,210.0,186.0,254.0,315.0,True,HARD,2.0,True,Racing Bulls,0 days 00:02:35.496000,,1,,False,,False,True
0 days 00:06:34.312000,LAW,30,0 days 00:02:23.832000,3.0,1.0,,,0 days 00:00:49.230000,0 days 00:00:59.266000,0 days 00:00:35.336000,0 days 00:04:59.710000,0 days 00:05:58.976000,0 days 00:06:34.312000,107.0,106.0,258.0,215.0,False,HARD,3.0,True,Racing Bulls,0 days 00:04:10.480000,,1,,False,,False,True
0 days 00:08:07.495000,LAW,30,0 days 00:01:33.183000,4.0,1.0,,,0 days 00:00:32.564000,0 days 00:00:34.890000,0 days 00:00:25.729000,0 days 00:07:06.876000,0 days 00:07:41.766000,0 days 00:08:07.495000,214.0,187.0,265.0,314.0,True,HARD,4.0,True,Racing Bulls,0 days 00:06:34.312000,,1,,False,,False,True
0 days 00:10:16.328000,LAW,30,0 days 00:02:08.833000,5.0,1.0,,,0 days 00:00:49.139000,0 days 00:00:47.805000,0 days 00:00:31.889000,0 days 00:08:56.634000,0 days 00:09:44.439000,0 days 00:10:16.328000,104.0,131.0,239.0,231.0,False,HARD,5.0,True,Racing Bulls,0 days 00:08:07.495000,,1,,False,,False,True
0 days 00:12:21.631000,LAW,30,0 days 00:02:05.303000,6.0,1.0,,,0 days 00:00:48.349000,0 days 00:00:44.792000,0 days 00:00:32.162000,0 days 00:11:04.677000,0 days 00:11:49.469000,0 days 00:12:21.631000,156.0,133.0,256.0,231.0,False,HARD,6.0,True,Racing Bulls,0 days 00:10:16.328000,,1,,False,,False,True
0 days 00:13:53.811000,LAW,30,0 days 00:01:32.180000,7.0,1.0,,,0 days 00:00:32.135000,0 days 00:00:34.486000,0 days 00:00:25.559000,0 days 00:12:53.766000,0 days 00:13:28.252000,0 days 00:13:53.811000,218.0,186.0,262.0,312.0,True,HARD,7.0,True,Racing Bulls,0 days 00:12:21.631000,,12,,False,,False,True
0 days 00:15:56.620000,LAW,30,0 days 00:02:02.809000,8.0,1.0,,,0 days 00:00:41.540000,0 days 00:00:45.879000,0 days 00:00:35.390000,0 days 00:14:35.351000,0 days 00:15:21.230000,0 days 00:15:56.620000,153.0,126.0,213.0,172.0,False,HARD,8.0,True,Racing Bulls,0 days 00:13:53.811000,,1,,False,,False,True
0 days 00:18:03.773000,LAW,30,0 days 00:02:07.153000,9.0,1.0,,,0 days 00:00:44.945000,0 days 00:00:46.711000,0 days 00:00:35.497000,0 days 00:16:41.565000,0 days 00:17:28.276000,0 days 00:18:03.773000,155.0,124.0,248.0,129.0,False,HARD,9.0,True,Racing Bulls,0 days 00:15:56.620000,,1,,False,,False,True
0 days 00:19:36.022000,LAW,30,0 days 00:01:32.249000,10.0,1.0,,,0 days 00:00:31.888000,0 days 00:00:34.780000,0 days 00:00:25.581000,0 days 00:18:35.661000,0 days 00:19:10.441000,0 days 00:19:36.022000,218.0,189.0,260.0,313.0,False,HARD,10.0,True,Racing Bulls,0 days 00:18:03.773000,,1,,False,,False,True
0 days 00:21:43.388000,LAW,30,0 days 00:02:07.366000,11.0,1.0,,0 days 00:21:37.868000,0 days 00:00:44.394000,0 days 00:00:46.005000,0 days 00:00:36.967000,0 days 00:20:20.416000,0 days 00:21:06.421000,0 days 00:21:43.388000,150.0,149.0,,238.0,False,HARD,11.0,True,Racing Bulls,0 days 00:19:36.022000,,1,,False,,False,False
0 days 00:24:13.721000,LAW,30,,12.0,2.0,0 days 00:22:12.953000,,0 days 00:01:13.469000,0 days 00:00:43.125000,0 days 00:00:33.637000,0 days 00:22:57.180000,0 days 00:23:40.272000,0 days 00:24:13.833000,160.0,139.0,255.0,176.0,False,HARD,12.0,False,Racing Bulls,0 days 00:21:43.388000,,1,,False,,False,False
0 days 00:25:45.536000,LAW,30,0 days 00:01:31.815000,13.0,2.0,,,0 days 00:00:31.806000,0 days 00:00:34.483000,0 days 00:00:25.526000,0 days 00:24:45.527000,0 days 00:25:20.010000,0 days 00:25:45.536000,221.0,189.0,261.0,310.0,True,HARD,13.0,False,Racing Bulls,0 days 00:24:13.721000,,1,,False,,False,True
0 days 00:27:43.871000,LAW,30,0 days 00:01:58.335000,14.0,2.0,,0 days 00:27:38.380000,0 days 00:00:36.467000,0 days 00:00:45.538000,0 days 00:00:36.330000,0 days 00:26:22.003000,0 days 00:27:07.541000,0 days 00:27:43.871000,190.0,158.0,,223.0,False,HARD,14.0,False,Racing Bulls,0 days 00:25:45.536000,,1,,False,,False,False
0 days 00:37:53.596000,LAW,30,,15.0,3.0,0 days 00:35:49.761000,,,0 days 00:00:36.937000,0 days 00:00:26.928000,,0 days 00:37:26.778000,0 days 00:37:53.679000,193.0,183.0,254.0,291.0,False,HARD,15.0,False,Racing Bulls,0 days 00:27:43.871000,,1,,False,,False,False
0 days 00:39:30.601000,LAW,30,0 days 00:01:37.005000,16.0,3.0,,,0 days 00:00:33.961000,0 days 00:00:36.115000,0 days 00:00:26.929000,0 days 00:38:27.557000,0 days 00:39:03.672000,0 days 00:39:30.601000,214.0,184.0,260.0,290.0,False,HARD,16.0,False,Racing Bulls,0 days 00:37:53.596000,,1,,False,,False,True
0 days 00:41:06.670000,LAW,30,0 days 00:01:36.069000,17.0,3.0,,,0 days 00:00:33.515000,0 days 00:00:35.676000,0 days 00:00:26.878000,0 days 00:40:04.116000,0 days 00:40:39.792000,0 days 00:41:06.670000,217.0,184.0,259.0,285.0,False,HARD,17.0,False,Racing Bulls,0 days 00:39:30.601000,,1,,False,,False,True
0 days 00:42:42.605000,LAW,30,0 days 00:01:35.935000,18.0,3.0,,,0 days 00:00:33.378000,0 days 00:00:35.709000,0 days 00:00:26.848000,0 days 00:41:40.048000,0 days 00:42:15.757000,0 days 00:42:42.605000,214.0,184.0,254.0,293.0,False,HARD,18.0,False,Racing Bulls,0 days 00:41:06.670000,,1,,False,,False,True
0 days 00:44:18.289000,LAW,30,0 days 00:01:35.684000,19.0,3.0,,,0 days 00:00:33.404000,0 days 00:00:35.713000,0 days 00:00:26.567000,0 days 00:43:16.009000,0 days 00:43:51.722000,0 days 00:44:18.289000,214.0,181.0,261.0,297.0,False,HARD,19.0,False,Racing Bulls,0 days 00:42:42.605000,,1,,False,,False,True
0 days 00:45:54.150000,LAW,30,0 days 00:01:35.861000,20.0,3.0,,,0 days 00:00:33.388000,0 days 00:00:35.670000,0 days 00:00:26.803000,0 days 00:44:51.677000,0 days 00:45:27.347000,0 days 00:45:54.150000,213.0,176.0,238.0,308.0,False,HARD,20.0,False,Racing Bulls,0 days 00:44:18.289000,,1,,False,,False,True
0 days 00:47:30.658000,LAW,30,0 days 00:01:36.508000,21.0,3.0,,,0 days 00:00:33.661000,0 days 00:00:35.860000,0 days 00:00:26.987000,0 days 00:46:27.811000,0 days 00:47:03.671000,0 days 00:47:30.658000,213.0,171.0,259.0,294.0,False,HARD,21.0,False,Racing Bulls,0 days 00:45:54.150000,,1,,False,,False,True
0 days 00:49:06.609000,LAW,30,0 days 00:01:35.951000,22.0,3.0,,,0 days 00:00:33.161000,0 days 00:00:35.950000,0 days 00:00:26.840000,0 days 00:48:03.819000,0 days 00:48:39.769000,0 days 00:49:06.609000,214.0,177.0,266.0,290.0,False,HARD,22.0,False,Racing Bulls,0 days 00:47:30.658000,,1,,False,,False,True
0 days 00:50:42.411000,LAW,30,0 days 00:01:35.802000,23.0,3.0,,,0 days 00:00:32.946000,0 days 00:00:36.067000,0 days 00:00:26.789000,0 days 00:49:39.555000,0 days 00:50:15.622000,0 days 00:50:42.411000,213.0,180.0,265.0,291.0,False,HARD,23.0,False,Racing Bulls,0 days 00:49:06.609000,,1,,False,,False,True
0 days 00:52:17.677000,LAW,30,0 days 00:01:35.266000,24.0,3.0,,,0 days 00:00:33.076000,0 days 00:00:35.751000,0 days 00:00:26.439000,0 days 00:51:15.487000,0 days 00:51:51.238000,0 days 00:52:17.677000,215.0,181.0,264.0,299.0,False,HARD,24.0,False,Racing Bulls,0 days 00:50:42.411000,,1,,False,,False,True
0 days 00:53:53.270000,LAW,30,0 days 00:01:35.593000,25.0,3.0,,,0 days 00:00:33.438000,0 days 00:00:35.818000,0 days 00:00:26.337000,0 days 00:52:51.115000,0 days 00:53:26.933000,0 days 00:53:53.270000,214.0,181.0,252.0,312.0,False,HARD,25.0,False,Racing Bulls,0 days 00:52:17.677000,,1,,False,,False,True
0 days 00:55:28.786000,LAW,30,0 days 00:01:35.516000,26.0,3.0,,,0 days 00:00:33.233000,0 days 00:00:35.744000,0 days 00:00:26.539000,0 days 00:54:26.503000,0 days 00:55:02.247000,0 days 00:55:28.786000,211.0,181.0,267.0,293.0,False,HARD,26.0,False,Racing Bulls,0 days 00:53:53.270000,,1,,False,,False,True
0 days 00:57:04.333000,LAW,30,0 days 00:01:35.547000,27.0,3.0,,,0 days 00:00:32.912000,0 days 00:00:36.133000,0 days 00:00:26.502000,0 days 00:56:01.698000,0 days 00:56:37.831000,0 days 00:57:04.333000,214.0,182.0,270.0,294.0,False,HARD,27.0,False,Racing Bulls,0 days 00:55:28.786000,,1,,False,,False,True
0 days 00:59:06.502000,LAW,30,0 days 00:02:02.169000,28.0,3.0,,0 days 00:59:00.987000,0 days 00:00:43.145000,0 days 00:00:44.460000,0 days 00:00:34.564000,0 days 00:57:47.478000,0 days 00:58:31.938000,0 days 00:59:06.502000,185.0,163.0,,270.0,False,HARD,28.0,False,Racing Bulls,0 days 00:57:04.333000,,1,,False,,False,False
0 days 01:09:23.202000,LAW,30,,29.0,4.0,0 days 01:07:17.373000,,,0 days 00:00:47.135000,0 days 00:00:40.943000,,0 days 01:08:42.437000,0 days 01:09:23.714000,179.0,139.0,239.0,108.0,False,MEDIUM,1.0,True,Racing Bulls,0 days 00:59:06.502000,,1,,False,,False,False
0 days 01:11:19.078000,LAW,30,0 days 00:01:55.876000,30.0,4.0,,,0 days 00:00:40.777000,0 days 00:00:43.694000,0 days 00:00:31.405000,0 days 01:10:03.979000,0 days 01:10:47.673000,0 days 01:11:19.078000,161.0,138.0,256.0,247.0,False,MEDIUM,2.0,True,Racing Bulls,0 days 01:09:23.202000,,1,,False,,False,True
0 days 01:12:50.756000,LAW,30,0 days 00:01:31.678000,31.0,4.0,,,0 days 00:00:31.701000,0 days 00:00:34.472000,0 days 00:00:25.505000,0 days 01:11:50.779000,0 days 01:12:25.251000,0 days 01:12:50.756000,219.0,189.0,264.0,312.0,True,MEDIUM,3.0,True,Racing Bulls,0 days 01:11:19.078000,,1,,False,,False,True
0 days 01:14:56.804000,LAW,30,0 days 00:02:06.048000,32.0,4.0,,0 days 01:14:51.108000,0 days 00:00:42.967000,0 days 00:00:44.316000,0 days 00:00:38.765000,0 days 01:13:33.723000,0 days 01:14:18.039000,0 days 01:14:56.804000,147.0,149.0,,234.0,False,MEDIUM,4.0,True,Racing Bulls,0 days 01:12:50.756000,,1,,False,,False,False
0 days 01:17:26.324000,LAW,30,0 days 00:02:29.520000,33.0,5.0,0 days 01:15:22.870000,,0 days 00:01:08.978000,0 days 00:00:46.772000,0 days 00:00:33.770000,0 days 01:16:05.782000,0 days 01:16:52.554000,0 days 01:17:26.324000,157.0,114.0,254.0,228.0,False,MEDIUM,5.0,False,Racing Bulls,0 days 01:14:56.804000,,1,,False,,False,False
0 days 01:18:57.972000,LAW,30,0 days 00:01:31.648000,34.0,5.0,,,0 days 00:00:31.593000,0 days 00:00:34.528000,0 days 00:00:25.527000,0 days 01:17:57.917000,0 days 01:18:32.445000,0 days 01:18:57.972000,219.0,189.0,261.0,316.0,True,MEDIUM,6.0,False,Racing Bulls,0 days 01:17:26.324000,,1,,False,,False,True
0 days 01:21:01.846000,LAW,30,0 days 00:02:03.874000,35.0,5.0,,,0 days 00:00:42.664000,0 days 00:00:45.752000,0 days 00:00:35.458000,0 days 01:19:40.636000,0 days 01:20:26.388000,0 days 01:21:01.846000,143.0,123.0,197.0,191.0,False,MEDIUM,7.0,False,Racing Bulls,0 days 01:18:57.972000,,1,,False,,False,True
0 days 01:23:11.112000,LAW,30,0 days 00:02:09.266000,36.0,5.0,,,0 days 00:00:43.142000,0 days 00:00:44.977000,0 days 00:00:41.147000,0 days 01:21:44.988000,0 days 01:22:29.965000,0 days 01:23:11.112000,148.0,125.0,254.0,72.0,False,MEDIUM,8.0,False,Racing Bulls,0 days 01:21:01.846000,,1,,False,,False,True
0 days 01:24:50.780000,LAW,30,0 days 00:01:39.668000,37.0,5.0,,0 days 01:24:45.261000,0 days 00:00:31.587000,0 days 00:00:34.472000,0 days 00:00:33.609000,0 days 01:23:42.699000,0 days 01:24:17.171000,0 days 01:24:50.780000,219.0,189.0,,319.0,False,MEDIUM,9.0,False,Racing Bulls,0 days 01:23:11.112000,,1,,False,,False,False
0 days 01:30:47.427000,LAW,30,,38.0,6.0,0 days 01:28:54.789000,,,0 days 00:00:40.687000,0 days 00:00:33.162000,,0 days 01:30:14.308000,0 days 01:30:47.427000,179.0,159.0,282.0,121.0,False,MEDIUM,1.0,False,Racing Bulls,0 days 01:24:50.780000,,1,,False,,False,False
0 days 01:32:51.988000,LAW,30,0 days 00:02:04.561000,39.0,6.0,,,0 days 00:00:40.112000,0 days 00:00:40.500000,0 days 00:00:43.949000,0 days 01:31:27.539000,0 days 01:32:08.039000,0 days 01:32:51.988000,201.0,154.0,64.0,147.0,False,MEDIUM,2.0,False,Racing Bulls,0 days 01:30:47.427000,,12,,False,,False,True
0 days 01:35:34.338000,LAW,30,,40.0,6.0,,,0 days 00:01:11.473000,0 days 00:00:46.550000,0 days 00:00:44.355000,0 days 01:34:03.582000,0 days 01:34:50.108000,0 days 01:35:34.338000,187.0,157.0,38.0,173.0,False,MEDIUM,3.0,False,Racing Bulls,0 days 01:32:51.988000,,1,,False,,False,False
0 days 01:38:09.109000,LAW,30,,41.0,6.0,,0 days 01:38:03.538000,0 days 00:01:12.484000,0 days 00:00:43.062000,0 days 00:00:39.270000,0 days 01:36:46.852000,0 days 01:37:29.934000,0 days 01:38:09.109000,187.0,160.0,,194.0,False,MEDIUM,4.0,False,Racing Bulls,0 days 01:35:34.338000,,1,,False,,False,False
0 days 00:02:51.555000,OCO,31,,1.0,1.0,0 days 00:00:52.222000,,,0 days 00:00:44.413000,0 days 00:00:35.206000,,0 days 00:02:16.570000,0 days 00:02:51.658000,171.0,154.0,247.0,229.0,False,HARD,1.0,True,Haas F1 Team,0 days 00:00:52.222000,,1,,False,,False,False
0 days 00:04:26.595000,OCO,31,0 days 00:01:35.040000,2.0,1.0,,,0 days 00:00:33.432000,0 days 00:00:35.321000,0 days 00:00:26.287000,0 days 00:03:24.987000,0 days 00:04:00.308000,0 days 00:04:26.595000,212.0,185.0,245.0,309.0,True,HARD,2.0,True,Haas F1 Team,0 days 00:02:51.555000,,1,,False,,False,True
0 days 00:06:49.782000,OCO,31,0 days 00:02:23.187000,3.0,1.0,,,0 days 00:00:47.130000,0 days 00:00:56.102000,0 days 00:00:39.955000,0 days 00:05:13.725000,0 days 00:06:09.827000,0 days 00:06:49.782000,146.0,120.0,247.0,181.0,False,HARD,3.0,True,Haas F1 Team,0 days 00:04:26.595000,,1,,False,,False,True
0 days 00:08:23.445000,OCO,31,0 days 00:01:33.663000,4.0,1.0,,,0 days 00:00:32.527000,0 days 00:00:34.874000,0 days 00:00:26.262000,0 days 00:07:22.309000,0 days 00:07:57.183000,0 days 00:08:23.445000,216.0,187.0,243.0,309.0,True,HARD,4.0,True,Haas F1 Team,0 days 00:06:49.782000,,1,,False,,False,True
0 days 00:10:54.977000,OCO,31,,5.0,1.0,,,0 days 00:00:49.934000,0 days 00:00:57.941000,0 days 00:00:43.550000,0 days 00:09:13.584000,0 days 00:10:11.759000,0 days 00:10:54.977000,144.0,102.0,249.0,232.0,False,HARD,5.0,True,Haas F1 Team,0 days 00:08:23.445000,,1,,False,,False,False
0 days 00:12:27.177000,OCO,31,0 days 00:01:32.200000,6.0,1.0,,,0 days 00:00:31.775000,0 days 00:00:34.510000,0 days 00:00:25.915000,0 days 00:11:26.752000,0 days 00:12:01.262000,0 days 00:12:27.177000,216.0,189.0,256.0,307.0,True,HARD,6.0,True,Haas F1 Team,0 days 00:10:54.977000,,1,,False,,False,True
0 days 00:14:58.393000,OCO,31,,7.0,1.0,,,0 days 00:00:51.855000,0 days 00:00:59.662000,0 days 00:00:39.810000,0 days 00:13:19.222000,0 days 00:14:18.852000,0 days 00:14:58.459000,135.0,104.0,248.0,187.0,False,HARD,7.0,True,Haas F1 Team,0 days 00:12:27.177000,,12,,False,,False,False
0 days 00:16:30.368000,OCO,31,0 days 00:01:31.975000,8.0,1.0,,,0 days 00:00:31.812000,0 days 00:00:34.318000,0 days 00:00:25.845000,0 days 00:15:30.205000,0 days 00:16:04.523000,0 days 00:16:30.368000,218.0,189.0,257.0,312.0,True,HARD,8.0,True,Haas F1 Team,0 days 00:14:58.393000,,1,,False,,False,True
0 days 00:18:39.162000,OCO,31,0 days 00:02:08.794000,9.0,1.0,,0 days 00:18:33.795000,0 days 00:00:39.055000,0 days 00:00:46.678000,0 days 00:00:43.061000,0 days 00:17:09.423000,0 days 00:17:56.101000,0 days 00:18:39.162000,170.0,139.0,,176.0,False,HARD,9.0,True,Haas F1 Team,0 days 00:16:30.368000,,1,,False,,False,False
0 days 00:21:44.830000,OCO,31,,10.0,2.0,0 days 00:19:18.303000,,,0 days 00:00:48.692000,0 days 00:00:33.169000,,0 days 00:21:12.412000,0 days 00:21:44.852000,162.0,136.0,250.0,188.0,False,HARD,10.0,False,Haas F1 Team,0 days 00:18:39.162000,,1,,False,,False,False
0 days 00:23:16.995000,OCO,31,0 days 00:01:32.165000,11.0,2.0,,,0 days 00:00:31.779000,0 days 00:00:34.669000,0 days 00:00:25.717000,0 days 00:22:16.609000,0 days 00:22:51.278000,0 days 00:23:16.995000,219.0,188.0,260.0,311.0,False,HARD,11.0,False,Haas F1 Team,0 days 00:21:44.830000,,1,,False,,False,True
0 days 00:25:05.263000,OCO,31,0 days 00:01:48.268000,12.0,2.0,,0 days 00:24:59.610000,0 days 00:00:35.861000,0 days 00:00:38.710000,0 days 00:00:33.697000,0 days 00:23:52.856000,0 days 00:24:31.566000,0 days 00:25:05.263000,198.0,156.0,,283.0,False,HARD,12.0,False,Haas F1 Team,0 days 00:23:16.995000,,1,,False,,False,False
0 days 00:42:40.168000,OCO,31,,13.0,3.0,0 days 00:41:01.099000,,,0 days 00:00:35.199000,0 days 00:00:25.970000,,0 days 00:42:14.303000,0 days 00:42:40.275000,213.0,187.0,286.0,282.0,False,HARD,13.0,False,Haas F1 Team,0 days 00:25:05.263000,,1,,False,,False,False
0 days 00:44:14.336000,OCO,31,0 days 00:01:34.168000,14.0,3.0,,,0 days 00:00:32.634000,0 days 00:00:35.524000,0 days 00:00:26.010000,0 days 00:43:12.802000,0 days 00:43:48.326000,0 days 00:44:14.336000,214.0,186.0,278.0,302.0,False,HARD,14.0,False,Haas F1 Team,0 days 00:42:40.168000,,1,,False,,False,True
0 days 00:45:48.887000,OCO,31,0 days 00:01:34.551000,15.0,3.0,,,0 days 00:00:32.942000,0 days 00:00:35.494000,0 days 00:00:26.115000,0 days 00:44:47.278000,0 days 00:45:22.772000,0 days 00:45:48.887000,213.0,186.0,278.0,302.0,False,HARD,15.0,False,Haas F1 Team,0 days 00:44:14.336000,,1,,False,,False,True
0 days 00:47:23.490000,OCO,31,0 days 00:01:34.603000,16.0,3.0,,,0 days 00:00:32.899000,0 days 00:00:35.661000,0 days 00:00:26.043000,0 days 00:46:21.786000,0 days 00:46:57.447000,0 days 00:47:23.490000,214.0,186.0,285.0,306.0,False,HARD,16.0,False,Haas F1 Team,0 days 00:45:48.887000,,1,,False,,False,True
0 days 00:48:58.221000,OCO,31,0 days 00:01:34.731000,17.0,3.0,,,0 days 00:00:32.794000,0 days 00:00:35.740000,0 days 00:00:26.197000,0 days 00:47:56.284000,0 days 00:48:32.024000,0 days 00:48:58.221000,212.0,183.0,283.0,301.0,False,HARD,17.0,False,Haas F1 Team,0 days 00:47:23.490000,,1,,True,TRACK LIMITS AT TURN 15 LAP 18 ,False,True
0 days 00:50:32.611000,OCO,31,0 days 00:01:34.390000,18.0,3.0,,,0 days 00:00:32.957000,0 days 00:00:35.490000,0 days 00:00:25.943000,0 days 00:49:31.178000,0 days 00:50:06.668000,0 days 00:50:32.611000,212.0,185.0,281.0,306.0,False,HARD,18.0,False,Haas F1 Team,0 days 00:48:58.221000,,1,,False,,False,True
0 days 00:52:07.120000,OCO,31,0 days 00:01:34.509000,19.0,3.0,,,0 days 00:00:33.073000,0 days 00:00:35.462000,0 days 00:00:25.974000,0 days 00:51:05.684000,0 days 00:51:41.146000,0 days 00:52:07.120000,212.0,186.0,278.0,306.0,False,HARD,19.0,False,Haas F1 Team,0 days 00:50:32.611000,,1,,False,,False,True
0 days 00:53:42.983000,OCO,31,0 days 00:01:35.863000,20.0,3.0,,,0 days 00:00:34.088000,0 days 00:00:35.679000,0 days 00:00:26.096000,0 days 00:52:41.208000,0 days 00:53:16.887000,0 days 00:53:42.983000,209.0,184.0,288.0,306.0,False,HARD,20.0,False,Haas F1 Team,0 days 00:52:07.120000,,1,,False,,False,True
0 days 00:55:17.269000,OCO,31,0 days 00:01:34.286000,21.0,3.0,,,0 days 00:00:33.025000,0 days 00:00:35.341000,0 days 00:00:25.920000,0 days 00:54:16.008000,0 days 00:54:51.349000,0 days 00:55:17.269000,210.0,185.0,287.0,305.0,False,HARD,21.0,False,Haas F1 Team,0 days 00:53:42.983000,,1,,False,,False,True
0 days 00:56:51.849000,OCO,31,0 days 00:01:34.580000,22.0,3.0,,,0 days 00:00:33.125000,0 days 00:00:35.434000,0 days 00:00:26.021000,0 days 00:55:50.394000,0 days 00:56:25.828000,0 days 00:56:51.849000,215.0,185.0,281.0,304.0,False,HARD,22.0,False,Haas F1 Team,0 days 00:55:17.269000,,1,,False,,False,True
0 days 00:58:32.253000,OCO,31,0 days 00:01:40.404000,23.0,3.0,,0 days 00:58:26.706000,0 days 00:00:33.237000,0 days 00:00:35.613000,0 days 00:00:31.554000,0 days 00:57:25.086000,0 days 00:58:00.699000,0 days 00:58:32.253000,209.0,184.0,,298.0,False,HARD,23.0,False,Haas F1 Team,0 days 00:56:51.849000,,1,,False,,False,False
0 days 01:10:36.315000,OCO,31,,24.0,4.0,0 days 01:08:37.879000,,,0 days 00:00:47.259000,0 days 00:00:31.568000,,0 days 01:10:04.852000,0 days 01:10:36.462000,159.0,148.0,271.0,242.0,False,MEDIUM,1.0,True,Haas F1 Team,0 days 00:58:32.253000,,1,,False,,False,False
0 days 01:12:08.195000,OCO,31,0 days 00:01:31.880000,25.0,4.0,,,0 days 00:00:31.789000,0 days 00:00:34.440000,0 days 00:00:25.651000,0 days 01:11:08.104000,0 days 01:11:42.544000,0 days 01:12:08.195000,218.0,191.0,290.0,308.0,True,MEDIUM,2.0,True,Haas F1 Team,0 days 01:10:36.315000,,1,,False,,False,True
0 days 01:14:15.544000,OCO,31,0 days 00:02:07.349000,26.0,4.0,,0 days 01:14:09.786000,0 days 00:00:39.175000,0 days 00:00:47.591000,0 days 00:00:40.583000,0 days 01:12:47.370000,0 days 01:13:34.961000,0 days 01:14:15.544000,165.0,144.0,,207.0,False,MEDIUM,3.0,True,Haas F1 Team,0 days 01:12:08.195000,,1,,False,,False,False
0 days 01:18:35.807000,OCO,31,,27.0,5.0,0 days 01:16:28.769000,,,0 days 00:00:47.374000,0 days 00:00:36.531000,,0 days 01:17:59.434000,0 days 01:18:35.853000,166.0,130.0,230.0,138.0,False,SOFT,1.0,True,Haas F1 Team,0 days 01:14:15.544000,,1,,False,,False,False
0 days 01:20:47.404000,OCO,31,0 days 00:02:11.597000,28.0,5.0,,,0 days 00:00:40.385000,0 days 00:00:52.050000,0 days 00:00:39.162000,0 days 01:19:16.192000,0 days 01:20:08.242000,0 days 01:20:47.404000,168.0,124.0,235.0,188.0,False,SOFT,2.0,True,Haas F1 Team,0 days 01:18:35.807000,,1,,False,,False,True
0 days 01:23:03.680000,OCO,31,0 days 00:02:16.276000,29.0,5.0,,,0 days 00:00:47.014000,0 days 00:00:49.865000,0 days 00:00:39.397000,0 days 01:21:34.418000,0 days 01:22:24.283000,0 days 01:23:03.680000,157.0,128.0,220.0,170.0,False,SOFT,3.0,True,Haas F1 Team,0 days 01:20:47.404000,,1,,False,,False,True
0 days 01:24:35.826000,OCO,31,0 days 00:01:32.146000,30.0,5.0,,,0 days 00:00:32.623000,0 days 00:00:34.230000,0 days 00:00:25.293000,0 days 01:23:36.303000,0 days 01:24:10.533000,0 days 01:24:35.826000,219.0,191.0,268.0,318.0,False,SOFT,4.0,True,Haas F1 Team,0 days 01:23:03.680000,,1,,False,,False,True
0 days 01:26:46.751000,OCO,31,0 days 00:02:10.925000,31.0,5.0,,,0 days 00:00:41.935000,0 days 00:00:49.787000,0 days 00:00:39.203000,0 days 01:25:17.761000,0 days 01:26:07.548000,0 days 01:26:46.751000,158.0,134.0,178.0,166.0,False,SOFT,5.0,True,Haas F1 Team,0 days 01:24:35.826000,,1,,False,,False,True
0 days 01:29:12.385000,OCO,31,0 days 00:02:25.634000,32.0,5.0,,,0 days 00:00:48.417000,0 days 00:00:52.430000,0 days 00:00:44.787000,0 days 01:27:35.168000,0 days 01:28:27.598000,0 days 01:29:12.385000,152.0,124.0,256.0,242.0,False,SOFT,6.0,True,Haas F1 Team,0 days 01:26:46.751000,,1,,False,,False,True
0 days 01:30:44.020000,OCO,31,0 days 00:01:31.635000,33.0,5.0,,,0 days 00:00:31.734000,0 days 00:00:34.288000,0 days 00:00:25.613000,0 days 01:29:44.119000,0 days 01:30:18.407000,0 days 01:30:44.020000,218.0,190.0,255.0,313.0,True,SOFT,7.0,True,Haas F1 Team,0 days 01:29:12.385000,,1,,False,,False,True
0 days 01:33:05.501000,OCO,31,0 days 00:02:21.481000,34.0,5.0,,,0 days 00:00:44.901000,0 days 00:00:50.513000,0 days 00:00:46.067000,0 days 01:31:28.921000,0 days 01:32:19.434000,0 days 01:33:05.501000,153.0,138.0,51.0,181.0,False,SOFT,8.0,True,Haas F1 Team,0 days 01:30:44.020000,,12,,False,,False,True
0 days 01:35:56.025000,OCO,31,,35.0,5.0,,,0 days 00:01:17.325000,0 days 00:00:49.074000,0 days 00:00:44.092000,0 days 01:34:22.988000,0 days 01:35:12.135000,0 days 01:35:56.025000,155.0,138.0,83.0,177.0,False,SOFT,9.0,True,Haas F1 Team,0 days 01:33:05.501000,,1,,False,,False,False
0 days 01:38:28.871000,OCO,31,,36.0,5.0,,0 days 01:38:23.954000,0 days 00:01:12.569000,0 days 00:00:43.602000,0 days 00:00:36.689000,0 days 01:37:08.714000,0 days 01:37:52.356000,0 days 01:38:28.871000,176.0,157.0,,214.0,False,SOFT,10.0,True,Haas F1 Team,0 days 01:35:56.025000,,1,,False,,False,False
0 days 00:03:06.470000,LIN,41,,1.0,1.0,0 days 00:01:06.972000,,,0 days 00:00:43.211000,0 days 00:00:35.111000,,0 days 00:02:31.651000,0 days 00:03:06.611000,166.0,148.0,252.0,194.0,False,HARD,1.0,True,Racing Bulls,0 days 00:01:06.972000,,1,,False,,False,False
0 days 00:04:42.621000,LIN,41,0 days 00:01:36.151000,2.0,1.0,,,0 days 00:00:34.346000,0 days 00:00:35.724000,0 days 00:00:26.081000,0 days 00:03:40.816000,0 days 00:04:16.540000,0 days 00:04:42.621000,213.0,188.0,261.0,306.0,True,HARD,2.0,True,Racing Bulls,0 days 00:03:06.470000,,1,,False,,False,True
0 days 00:06:57.144000,LIN,41,0 days 00:02:14.523000,3.0,1.0,,,0 days 00:00:42.852000,0 days 00:00:49.876000,0 days 00:00:41.795000,0 days 00:05:25.473000,0 days 00:06:15.349000,0 days 00:06:57.144000,150.0,92.0,251.0,151.0,False,HARD,3.0,True,Racing Bulls,0 days 00:04:42.621000,,1,,False,,False,True
0 days 00:08:30.791000,LIN,41,0 days 00:01:33.647000,4.0,1.0,,,0 days 00:00:32.709000,0 days 00:00:35.059000,0 days 00:00:25.879000,0 days 00:07:29.853000,0 days 00:08:04.912000,0 days 00:08:30.791000,218.0,188.0,272.0,312.0,True,HARD,4.0,True,Racing Bulls,0 days 00:06:57.144000,,1,,False,,False,True
0 days 00:11:02.021000,LIN,41,,5.0,1.0,,,0 days 00:00:50.632000,0 days 00:00:57.211000,0 days 00:00:43.297000,0 days 00:09:21.673000,0 days 00:10:18.915000,0 days 00:11:02.116000,131.0,90.0,252.0,116.0,False,HARD,5.0,True,Racing Bulls,0 days 00:08:30.791000,,1,,False,,False,False
0 days 00:13:02.972000,LIN,41,0 days 00:02:00.951000,6.0,1.0,,,0 days 00:00:36.520000,0 days 00:00:48.935000,0 days 00:00:35.496000,0 days 00:11:38.541000,0 days 00:12:27.476000,0 days 00:13:02.972000,153.0,140.0,255.0,211.0,False,HARD,6.0,True,Racing Bulls,0 days 00:11:02.021000,,12,,False,,False,True
0 days 00:14:37.487000,LIN,41,0 days 00:01:34.515000,7.0,1.0,,,0 days 00:00:32.967000,0 days 00:00:35.515000,0 days 00:00:26.033000,0 days 00:13:35.939000,0 days 00:14:11.454000,0 days 00:14:37.487000,217.0,188.0,267.0,306.0,False,HARD,7.0,True,Racing Bulls,0 days 00:13:02.972000,,1,,False,,False,True
0 days 00:16:48.155000,LIN,41,0 days 00:02:10.668000,8.0,1.0,,,0 days 00:00:40.157000,0 days 00:00:52.507000,0 days 00:00:38.004000,0 days 00:15:17.644000,0 days 00:16:10.151000,0 days 00:16:48.155000,186.0,127.0,228.0,196.0,False,HARD,8.0,True,Racing Bulls,0 days 00:14:37.487000,,1,,False,,False,True
0 days 00:18:51.790000,LIN,41,0 days 00:02:03.635000,9.0,1.0,,,0 days 00:00:44.596000,0 days 00:00:42.094000,0 days 00:00:36.945000,0 days 00:17:32.751000,0 days 00:18:14.845000,0 days 00:18:51.790000,181.0,129.0,259.0,223.0,False,HARD,9.0,True,Racing Bulls,0 days 00:16:48.155000,,1,,False,,False,True
0 days 00:20:36.802000,LIN,41,0 days 00:01:45.012000,10.0,1.0,,,0 days 00:00:33.654000,0 days 00:00:38.566000,0 days 00:00:32.792000,0 days 00:19:25.444000,0 days 00:20:04.010000,0 days 00:20:36.802000,205.0,131.0,266.0,226.0,False,HARD,10.0,True,Racing Bulls,0 days 00:18:51.790000,,1,,False,,False,True
0 days 00:22:10.470000,LIN,41,0 days 00:01:33.668000,11.0,1.0,,,0 days 00:00:32.250000,0 days 00:00:35.426000,0 days 00:00:25.992000,0 days 00:21:09.052000,0 days 00:21:44.478000,0 days 00:22:10.470000,217.0,188.0,273.0,308.0,False,HARD,11.0,True,Racing Bulls,0 days 00:20:36.802000,,1,,False,,False,True
0 days 00:24:28.765000,LIN,41,0 days 00:02:18.295000,12.0,1.0,,,0 days 00:00:44.263000,0 days 00:00:46.896000,0 days 00:00:47.136000,0 days 00:22:54.733000,0 days 00:23:41.629000,0 days 00:24:28.765000,140.0,106.0,213.0,139.0,False,HARD,12.0,True,Racing Bulls,0 days 00:22:10.470000,,1,,False,,False,True
0 days 00:26:31.679000,LIN,41,0 days 00:02:02.914000,13.0,1.0,,,0 days 00:00:44.054000,0 days 00:00:45.518000,0 days 00:00:33.342000,0 days 00:25:12.819000,0 days 00:25:58.337000,0 days 00:26:31.679000,159.0,128.0,258.0,196.0,False,HARD,13.0,True,Racing Bulls,0 days 00:24:28.765000,,1,,False,,False,True
0 days 00:28:05.813000,LIN,41,0 days 00:01:34.134000,14.0,1.0,,,0 days 00:00:32.637000,0 days 00:00:35.459000,0 days 00:00:26.038000,0 days 00:27:04.316000,0 days 00:27:39.775000,0 days 00:28:05.813000,217.0,187.0,264.0,304.0,False,HARD,14.0,True,Racing Bulls,0 days 00:26:31.679000,,1,,False,,False,True
0 days 00:30:08.053000,LIN,41,0 days 00:02:02.240000,15.0,1.0,,0 days 00:30:02.436000,0 days 00:00:39.521000,0 days 00:00:47.618000,0 days 00:00:35.101000,0 days 00:28:45.334000,0 days 00:29:32.952000,0 days 00:30:08.053000,185.0,173.0,,221.0,False,HARD,15.0,True,Racing Bulls,0 days 00:28:05.813000,,1,,False,,False,False
0 days 00:38:51.360000,LIN,41,,16.0,2.0,0 days 00:36:55.329000,,,0 days 00:00:36.749000,0 days 00:00:26.484000,,0 days 00:38:25.461000,0 days 00:38:51.452000,189.0,179.0,278.0,299.0,False,HARD,16.0,False,Racing Bulls,0 days 00:30:08.053000,,1,,False,,False,False
0 days 00:40:27.090000,LIN,41,0 days 00:01:35.730000,17.0,2.0,,,0 days 00:00:33.330000,0 days 00:00:35.593000,0 days 00:00:26.807000,0 days 00:39:24.690000,0 days 00:40:00.283000,0 days 00:40:27.090000,216.0,186.0,260.0,293.0,False,HARD,17.0,False,Racing Bulls,0 days 00:38:51.360000,,1,,False,,False,True
0 days 00:42:04.312000,LIN,41,0 days 00:01:37.222000,18.0,2.0,,,0 days 00:00:33.859000,0 days 00:00:36.539000,0 days 00:00:26.824000,0 days 00:41:00.949000,0 days 00:41:37.488000,0 days 00:42:04.312000,213.0,185.0,261.0,295.0,False,HARD,18.0,False,Racing Bulls,0 days 00:40:27.090000,,1,,False,,False,True
0 days 00:43:40.984000,LIN,41,0 days 00:01:36.672000,19.0,2.0,,,0 days 00:00:33.834000,0 days 00:00:36.041000,0 days 00:00:26.797000,0 days 00:42:38.146000,0 days 00:43:14.187000,0 days 00:43:40.984000,213.0,183.0,265.0,293.0,False,HARD,19.0,False,Racing Bulls,0 days 00:42:04.312000,,1,,False,,False,True
0 days 00:45:17.902000,LIN,41,0 days 00:01:36.918000,20.0,2.0,,,0 days 00:00:33.754000,0 days 00:00:36.080000,0 days 00:00:27.084000,0 days 00:44:14.738000,0 days 00:44:50.818000,0 days 00:45:17.902000,213.0,185.0,266.0,288.0,False,HARD,20.0,False,Racing Bulls,0 days 00:43:40.984000,,1,,False,,False,True
0 days 00:46:55.005000,LIN,41,0 days 00:01:37.103000,21.0,2.0,,,0 days 00:00:33.781000,0 days 00:00:36.224000,0 days 00:00:27.098000,0 days 00:45:51.683000,0 days 00:46:27.907000,0 days 00:46:55.005000,212.0,183.0,262.0,290.0,False,HARD,21.0,False,Racing Bulls,0 days 00:45:17.902000,,1,,False,,False,True
0 days 00:48:31.663000,LIN,41,0 days 00:01:36.658000,22.0,2.0,,,0 days 00:00:33.868000,0 days 00:00:36.178000,0 days 00:00:26.612000,0 days 00:47:28.873000,0 days 00:48:05.051000,0 days 00:48:31.663000,212.0,183.0,249.0,301.0,False,HARD,22.0,False,Racing Bulls,0 days 00:46:55.005000,,1,,False,,False,True
0 days 00:50:09.156000,LIN,41,0 days 00:01:37.493000,23.0,2.0,,,0 days 00:00:33.989000,0 days 00:00:36.448000,0 days 00:00:27.056000,0 days 00:49:05.652000,0 days 00:49:42.100000,0 days 00:50:09.156000,213.0,184.0,264.0,282.0,False,HARD,23.0,False,Racing Bulls,0 days 00:48:31.663000,,1,,False,,False,True
0 days 00:52:04.932000,LIN,41,0 days 00:01:55.776000,24.0,2.0,,0 days 00:51:59.109000,0 days 00:00:33.819000,0 days 00:00:42.285000,0 days 00:00:39.672000,0 days 00:50:42.975000,0 days 00:51:25.260000,0 days 00:52:04.932000,212.0,124.0,,192.0,False,HARD,24.0,False,Racing Bulls,0 days 00:50:09.156000,,1,,False,,False,False
0 days 01:04:32.149000,LIN,41,,25.0,3.0,0 days 01:02:27.853000,,,0 days 00:00:45.520000,0 days 00:00:39.837000,,0 days 01:03:52.593000,0 days 01:04:32.307000,168.0,126.0,254.0,197.0,False,MEDIUM,1.0,True,Racing Bulls,0 days 00:52:04.932000,,1,,False,,False,False
0 days 01:06:21.254000,LIN,41,0 days 00:01:49.105000,26.0,3.0,,,0 days 00:00:35.654000,0 days 00:00:42.056000,0 days 00:00:31.395000,0 days 01:05:07.803000,0 days 01:05:49.859000,0 days 01:06:21.254000,166.0,134.0,263.0,234.0,False,MEDIUM,2.0,True,Racing Bulls,0 days 01:04:32.149000,,1,,False,,False,True
0 days 01:07:55.528000,LIN,41,0 days 00:01:34.274000,27.0,3.0,,,0 days 00:00:32.662000,0 days 00:00:35.826000,0 days 00:00:25.786000,0 days 01:06:53.916000,0 days 01:07:29.742000,0 days 01:07:55.528000,208.0,187.0,268.0,311.0,False,MEDIUM,3.0,True,Racing Bulls,0 days 01:06:21.254000,,1,,False,,False,True
0 days 01:10:03.445000,LIN,41,0 days 00:02:07.917000,28.0,3.0,,,0 days 00:00:40.736000,0 days 00:00:45.699000,0 days 00:00:41.482000,0 days 01:08:36.264000,0 days 01:09:21.963000,0 days 01:10:03.445000,141.0,112.0,216.0,113.0,False,MEDIUM,4.0,True,Racing Bulls,0 days 01:07:55.528000,,1,,False,,False,True
0 days 01:12:14.558000,LIN,41,0 days 00:02:11.113000,29.0,3.0,,,0 days 00:00:45.197000,0 days 00:00:49.987000,0 days 00:00:35.929000,0 days 01:10:48.642000,0 days 01:11:38.629000,0 days 01:12:14.558000,142.0,123.0,260.0,258.0,False,MEDIUM,5.0,True,Racing Bulls,0 days 01:10:03.445000,,1,,False,,False,True
0 days 01:14:03.133000,LIN,41,0 days 00:01:48.575000,30.0,3.0,,,0 days 00:00:33.004000,0 days 00:00:43.656000,0 days 00:00:31.915000,0 days 01:12:47.562000,0 days 01:13:31.218000,0 days 01:14:03.133000,214.0,136.0,259.0,220.0,False,MEDIUM,6.0,True,Racing Bulls,0 days 01:12:14.558000,,1,,False,,False,True
0 days 01:15:36.135000,LIN,41,0 days 00:01:33.002000,31.0,3.0,,,0 days 00:00:32.411000,0 days 00:00:35.013000,0 days 00:00:25.578000,0 days 01:14:35.544000,0 days 01:15:10.557000,0 days 01:15:36.135000,216.0,189.0,260.0,311.0,True,MEDIUM,7.0,True,Racing Bulls,0 days 01:14:03.133000,,1,,False,,False,True
0 days 01:17:27.659000,LIN,41,0 days 00:01:51.524000,32.0,3.0,,0 days 01:17:22.681000,0 days 00:00:35.111000,0 days 00:00:40.991000,0 days 00:00:35.422000,0 days 01:16:11.246000,0 days 01:16:52.237000,0 days 01:17:27.659000,196.0,160.0,,245.0,False,MEDIUM,8.0,True,Racing Bulls,0 days 01:15:36.135000,,1,,False,,False,False
0 days 01:22:01.583000,LIN,41,,33.0,4.0,0 days 01:20:07.435000,,,0 days 00:00:41.746000,0 days 00:00:32.608000,,0 days 01:21:29.171000,0 days 01:22:01.770000,158.0,144.0,264.0,221.0,False,MEDIUM,9.0,False,Racing Bulls,0 days 01:17:27.659000,,1,,False,,False,False
0 days 01:23:34.445000,LIN,41,0 days 00:01:32.862000,34.0,4.0,,,0 days 00:00:32.330000,0 days 00:00:34.905000,0 days 00:00:25.627000,0 days 01:22:33.913000,0 days 01:23:08.818000,0 days 01:23:34.445000,210.0,187.0,270.0,314.0,True,MEDIUM,10.0,False,Racing Bulls,0 days 01:22:01.583000,,1,,False,,False,True
0 days 01:25:39.478000,LIN,41,0 days 00:02:05.033000,35.0,4.0,,,0 days 00:00:40.451000,0 days 00:00:47.906000,0 days 00:00:36.676000,0 days 01:24:14.896000,0 days 01:25:02.802000,0 days 01:25:39.478000,139.0,131.0,143.0,180.0,False,MEDIUM,11.0,False,Racing Bulls,0 days 01:23:34.445000,,1,,False,,False,True
0 days 01:27:49.272000,LIN,41,0 days 00:02:09.794000,36.0,4.0,,,0 days 00:00:48.511000,0 days 00:00:48.135000,0 days 00:00:33.148000,0 days 01:26:27.989000,0 days 01:27:16.124000,0 days 01:27:49.272000,120.0,109.0,255.0,206.0,False,MEDIUM,12.0,False,Racing Bulls,0 days 01:25:39.478000,,1,,False,,False,True
0 days 01:29:28.970000,LIN,41,0 days 00:01:39.698000,37.0,4.0,,,0 days 00:00:32.903000,0 days 00:00:36.342000,0 days 00:00:30.453000,0 days 01:28:22.175000,0 days 01:28:58.517000,0 days 01:29:28.970000,214.0,161.0,258.0,238.0,False,MEDIUM,13.0,False,Racing Bulls,0 days 01:27:49.272000,,1,,False,,False,True
0 days 01:31:01.884000,LIN,41,0 days 00:01:32.914000,38.0,4.0,,,0 days 00:00:32.329000,0 days 00:00:35.102000,0 days 00:00:25.483000,0 days 01:30:01.299000,0 days 01:30:36.401000,0 days 01:31:01.884000,215.0,189.0,273.0,320.0,False,MEDIUM,14.0,False,Racing Bulls,0 days 01:29:28.970000,,1,,False,,False,True
0 days 01:33:18.579000,LIN,41,0 days 00:02:16.695000,39.0,4.0,,,0 days 00:00:42.930000,0 days 00:00:46.669000,0 days 00:00:47.096000,0 days 01:31:44.814000,0 days 01:32:31.483000,0 days 01:33:18.579000,158.0,111.0,67.0,172.0,False,MEDIUM,15.0,False,Racing Bulls,0 days 01:31:01.884000,,12,,False,,False,True
0 days 01:35:58.952000,LIN,41,,40.0,4.0,,,0 days 00:01:14.535000,0 days 00:00:42.770000,0 days 00:00:42.897000,0 days 01:34:33.473000,0 days 01:35:16.088000,0 days 01:35:58.952000,218.0,106.0,65.0,155.0,False,MEDIUM,16.0,False,Racing Bulls,0 days 01:33:18.579000,,1,,False,,False,False
0 days 01:38:34.670000,LIN,41,,41.0,4.0,,0 days 01:38:29.154000,0 days 00:01:11.322000,0 days 00:00:46.913000,0 days 00:00:37.592000,0 days 01:37:10.386000,0 days 01:37:57.325000,0 days 01:38:34.670000,169.0,86.0,,237.0,False,MEDIUM,17.0,False,Racing Bulls,0 days 01:35:58.952000,,1,,False,,False,False
0 days 00:09:52.632000,COL,43,,1.0,1.0,0 days 00:08:02.822000,,,0 days 00:00:40.489000,0 days 00:00:30.173000,,0 days 00:09:22.620000,0 days 00:09:52.661000,190.0,168.0,280.0,240.0,False,HARD,1.0,True,Alpine,0 days 00:08:02.822000,,1,,False,,False,False
0 days 00:11:26.052000,COL,43,0 days 00:01:33.420000,2.0,1.0,,,0 days 00:00:32.768000,0 days 00:00:34.930000,0 days 00:00:25.722000,0 days 00:10:25.400000,0 days 00:11:00.330000,0 days 00:11:26.052000,218.0,187.0,259.0,316.0,True,HARD,2.0,True,Alpine,0 days 00:09:52.632000,,1,,False,,False,True
0 days 00:14:10.850000,COL,43,,3.0,1.0,,,0 days 00:01:05.040000,0 days 00:01:03.971000,0 days 00:00:35.799000,0 days 00:12:31.308000,0 days 00:13:35.246000,0 days 00:14:12.578000,105.0,82.0,274.0,252.0,False,HARD,3.0,True,Alpine,0 days 00:11:26.052000,,12,,False,,False,False
0 days 00:15:42.649000,COL,43,0 days 00:01:31.799000,4.0,1.0,,,0 days 00:00:31.866000,0 days 00:00:34.212000,0 days 00:00:25.721000,0 days 00:14:42.716000,0 days 00:15:16.928000,0 days 00:15:42.649000,217.0,189.0,261.0,315.0,True,HARD,4.0,True,Alpine,0 days 00:14:10.850000,,1,,False,,False,True
0 days 00:18:18.806000,COL,43,,5.0,1.0,,,0 days 00:00:58.799000,0 days 00:01:06.059000,0 days 00:00:31.395000,0 days 00:16:41.602000,0 days 00:17:47.602000,0 days 00:18:18.971000,122.0,140.0,274.0,223.0,False,HARD,5.0,True,Alpine,0 days 00:15:42.649000,,1,,False,,False,False
0 days 00:19:50.286000,COL,43,0 days 00:01:31.480000,6.0,1.0,,,0 days 00:00:31.481000,0 days 00:00:34.521000,0 days 00:00:25.478000,0 days 00:18:50.287000,0 days 00:19:24.808000,0 days 00:19:50.286000,218.0,188.0,261.0,317.0,True,HARD,6.0,True,Alpine,0 days 00:18:18.806000,,1,,False,,False,True
0 days 00:22:36.256000,COL,43,,7.0,1.0,,,0 days 00:00:57.978000,0 days 00:01:14.983000,0 days 00:00:32.985000,0 days 00:20:48.549000,0 days 00:22:03.271000,0 days 00:22:36.403000,106.0,76.0,274.0,226.0,False,HARD,7.0,True,Alpine,0 days 00:19:50.286000,,1,,False,,False,False
0 days 00:24:16.789000,COL,43,0 days 00:01:40.533000,8.0,1.0,,,0 days 00:00:31.618000,0 days 00:00:35.757000,0 days 00:00:33.158000,0 days 00:23:07.874000,0 days 00:23:43.631000,0 days 00:24:16.789000,220.0,174.0,220.0,166.0,False,HARD,8.0,True,Alpine,0 days 00:22:36.256000,,1,,True,TRACK LIMITS AT TURN 15 LAP 9 ,False,True
0 days 00:26:36.575000,COL,43,0 days 00:02:19.786000,9.0,1.0,,,0 days 00:00:50.997000,0 days 00:00:54.591000,0 days 00:00:34.198000,0 days 00:25:07.786000,0 days 00:26:02.377000,0 days 00:26:36.575000,123.0,160.0,269.0,248.0,False,HARD,9.0,True,Alpine,0 days 00:24:16.789000,,1,,False,,False,True
0 days 00:28:08.534000,COL,43,0 days 00:01:31.959000,10.0,1.0,,,0 days 00:00:31.765000,0 days 00:00:34.598000,0 days 00:00:25.596000,0 days 00:27:08.340000,0 days 00:27:42.938000,0 days 00:28:08.534000,217.0,189.0,259.0,315.0,False,HARD,10.0,True,Alpine,0 days 00:26:36.575000,,1,,False,,False,True
0 days 00:29:55.884000,COL,43,0 days 00:01:47.350000,11.0,1.0,,0 days 00:29:49.924000,0 days 00:00:34.956000,0 days 00:00:38.467000,0 days 00:00:33.927000,0 days 00:28:43.490000,0 days 00:29:21.957000,0 days 00:29:55.884000,214.0,177.0,,249.0,False,HARD,11.0,True,Alpine,0 days 00:28:08.534000,,1,,False,,False,False
0 days 00:32:22.720000,COL,43,0 days 00:02:26.836000,12.0,2.0,0 days 00:30:38.342000,0 days 00:32:17.261000,0 days 00:01:17.123000,0 days 00:00:37.484000,0 days 00:00:32.229000,0 days 00:31:13.007000,0 days 00:31:50.491000,0 days 00:32:22.720000,212.0,174.0,,306.0,False,HARD,12.0,False,Alpine,0 days 00:29:55.884000,,1,,False,,False,False
0 days 00:52:27.833000,COL,43,,13.0,3.0,0 days 00:50:23.120000,,,0 days 00:00:36.628000,0 days 00:00:26.243000,,0 days 00:52:01.720000,0 days 00:52:27.870000,211.0,185.0,270.0,302.0,False,HARD,13.0,False,Alpine,0 days 00:32:22.720000,,1,,False,,False,False
0 days 00:54:01.848000,COL,43,0 days 00:01:34.015000,14.0,3.0,,,0 days 00:00:32.508000,0 days 00:00:35.456000,0 days 00:00:26.051000,0 days 00:53:00.341000,0 days 00:53:35.797000,0 days 00:54:01.848000,208.0,185.0,272.0,307.0,False,HARD,14.0,False,Alpine,0 days 00:52:27.833000,,1,,False,,False,True
0 days 00:55:36.285000,COL,43,0 days 00:01:34.437000,15.0,3.0,,,0 days 00:00:32.414000,0 days 00:00:35.862000,0 days 00:00:26.161000,0 days 00:54:34.262000,0 days 00:55:10.124000,0 days 00:55:36.285000,211.0,185.0,272.0,307.0,False,HARD,15.0,False,Alpine,0 days 00:54:01.848000,,1,,False,,False,True
0 days 00:57:10.424000,COL,43,0 days 00:01:34.139000,16.0,3.0,,,0 days 00:00:32.541000,0 days 00:00:35.415000,0 days 00:00:26.183000,0 days 00:56:08.826000,0 days 00:56:44.241000,0 days 00:57:10.424000,209.0,183.0,275.0,307.0,False,HARD,16.0,False,Alpine,0 days 00:55:36.285000,,1,,False,,False,True
0 days 00:58:44.813000,COL,43,0 days 00:01:34.389000,17.0,3.0,,,0 days 00:00:32.684000,0 days 00:00:35.605000,0 days 00:00:26.100000,0 days 00:57:43.108000,0 days 00:58:18.713000,0 days 00:58:44.813000,210.0,184.0,278.0,308.0,False,HARD,17.0,False,Alpine,0 days 00:57:10.424000,,1,,False,,False,True
0 days 01:00:21.666000,COL,43,0 days 00:01:36.853000,18.0,3.0,,,0 days 00:00:33.760000,0 days 00:00:36.799000,0 days 00:00:26.294000,0 days 00:59:18.573000,0 days 00:59:55.372000,0 days 01:00:21.666000,181.0,182.0,283.0,306.0,False,HARD,18.0,False,Alpine,0 days 00:58:44.813000,,1,,False,,False,True
0 days 01:01:55.886000,COL,43,0 days 00:01:34.220000,19.0,3.0,,,0 days 00:00:32.750000,0 days 00:00:35.492000,0 days 00:00:25.978000,0 days 01:00:54.416000,0 days 01:01:29.908000,0 days 01:01:55.886000,207.0,184.0,282.0,312.0,False,HARD,19.0,False,Alpine,0 days 01:00:21.666000,,1,,False,,False,True
0 days 01:03:29.991000,COL,43,0 days 00:01:34.105000,20.0,3.0,,,0 days 00:00:32.788000,0 days 00:00:35.423000,0 days 00:00:25.894000,0 days 01:02:28.674000,0 days 01:03:04.097000,0 days 01:03:29.991000,213.0,184.0,282.0,315.0,False,HARD,20.0,False,Alpine,0 days 01:01:55.886000,,1,,False,,False,True
0 days 01:05:04.461000,COL,43,0 days 00:01:34.470000,21.0,3.0,,,0 days 00:00:32.854000,0 days 00:00:35.514000,0 days 00:00:26.102000,0 days 01:04:02.845000,0 days 01:04:38.359000,0 days 01:05:04.461000,211.0,183.0,276.0,314.0,False,HARD,21.0,False,Alpine,0 days 01:03:29.991000,,1,,False,,False,True
0 days 01:06:39.345000,COL,43,0 days 00:01:34.884000,22.0,3.0,,,0 days 00:00:32.750000,0 days 00:00:35.853000,0 days 00:00:26.281000,0 days 01:05:37.211000,0 days 01:06:13.064000,0 days 01:06:39.345000,212.0,184.0,281.0,309.0,False,HARD,22.0,False,Alpine,0 days 01:05:04.461000,,1,,False,,False,True
0 days 01:08:15.471000,COL,43,0 days 00:01:36.126000,23.0,3.0,,,0 days 00:00:33.048000,0 days 00:00:36.731000,0 days 00:00:26.347000,0 days 01:07:12.393000,0 days 01:07:49.124000,0 days 01:08:15.471000,208.0,180.0,278.0,316.0,False,HARD,23.0,False,Alpine,0 days 01:06:39.345000,,1,,False,,False,True
0 days 01:10:04.234000,COL,43,0 days 00:01:48.763000,24.0,3.0,,0 days 01:09:58.670000,0 days 00:00:33.995000,0 days 00:00:37.155000,0 days 00:00:37.613000,0 days 01:08:49.466000,0 days 01:09:26.621000,0 days 01:10:04.234000,190.0,177.0,,221.0,False,HARD,24.0,False,Alpine,0 days 01:08:15.471000,,1,,False,,False,False
0 days 01:19:55.941000,COL,43,,25.0,4.0,0 days 01:18:02.450000,,,0 days 00:00:40.646000,0 days 00:00:30.011000,,0 days 01:19:26.209000,0 days 01:19:56.078000,193.0,171.0,263.0,247.0,False,SOFT,1.0,True,Alpine,0 days 01:10:04.234000,,1,,False,,False,False
0 days 01:22:23.197000,COL,43,0 days 00:02:27.256000,26.0,4.0,,,0 days 00:00:35.698000,0 days 00:01:04.482000,0 days 00:00:47.076000,0 days 01:20:31.639000,0 days 01:21:36.121000,0 days 01:22:23.197000,168.0,105.0,271.0,196.0,False,SOFT,2.0,True,Alpine,0 days 01:19:55.941000,,1,,False,,False,True
0 days 01:23:54.212000,COL,43,0 days 00:01:31.015000,27.0,4.0,,,0 days 00:00:31.422000,0 days 00:00:34.264000,0 days 00:00:25.329000,0 days 01:22:54.619000,0 days 01:23:28.883000,0 days 01:23:54.212000,213.0,191.0,261.0,320.0,True,SOFT,3.0,True,Alpine,0 days 01:22:23.197000,,1,,False,,False,True
0 days 01:26:38.477000,COL,43,,28.0,4.0,,,0 days 00:01:00.760000,0 days 00:01:07.967000,0 days 00:00:35.444000,0 days 01:24:55.230000,0 days 01:26:03.256000,0 days 01:26:38.606000,83.0,164.0,266.0,126.0,False,SOFT,4.0,True,Alpine,0 days 01:23:54.212000,,1,,False,,False,False
0 days 01:28:14.572000,COL,43,0 days 00:01:36.095000,29.0,4.0,,0 days 01:28:09.016000,0 days 00:00:31.343000,0 days 00:00:34.246000,0 days 00:00:30.506000,0 days 01:27:09.820000,0 days 01:27:44.066000,0 days 01:28:14.572000,220.0,189.0,,322.0,False,SOFT,5.0,True,Alpine,0 days 01:26:38.477000,,1,,False,,False,False
0 days 01:30:12.273000,COL,43,0 days 00:01:57.701000,30.0,5.0,0 days 01:28:33.497000,,0 days 00:00:55.472000,0 days 00:00:35.697000,0 days 00:00:26.532000,0 days 01:29:10.044000,0 days 01:29:45.741000,0 days 01:30:12.273000,215.0,185.0,272.0,304.0,False,HARD,25.0,False,Alpine,0 days 01:28:14.572000,,1,,False,,False,False
0 days 01:32:13.104000,COL,43,0 days 00:02:00.831000,31.0,5.0,,,0 days 00:00:35.313000,0 days 00:00:41.631000,0 days 00:00:43.887000,0 days 01:30:47.586000,0 days 01:31:29.217000,0 days 01:32:13.104000,210.0,160.0,54.0,165.0,False,HARD,26.0,False,Alpine,0 days 01:30:12.273000,,1,,False,,False,True
0 days 01:34:46.268000,COL,43,,32.0,5.0,,,0 days 00:01:02.172000,0 days 00:00:45.701000,0 days 00:00:45.253000,0 days 01:33:15.464000,0 days 01:34:01.254000,0 days 01:34:46.373000,213.0,131.0,48.0,175.0,False,HARD,27.0,False,Alpine,0 days 01:32:13.104000,,12,,False,,False,False
0 days 01:36:54.702000,COL,43,0 days 00:02:08.434000,33.0,5.0,,0 days 01:36:49.171000,0 days 00:01:01.560000,0 days 00:00:35.508000,0 days 00:00:31.366000,0 days 01:35:47.828000,0 days 01:36:23.336000,0 days 01:36:54.702000,210.0,186.0,,299.0,False,HARD,28.0,False,Alpine,0 days 01:34:46.268000,,1,,False,,False,False
0 days 00:02:27.812000,HAM,44,,1.0,1.0,0 days 00:00:20.859000,,,0 days 00:00:44.777000,0 days 00:00:31.357000,,0 days 00:01:56.677000,0 days 00:02:28.002000,156.0,152.0,250.0,224.0,False,HARD,1.0,True,Ferrari,0 days 00:00:20.859000,,1,,False,,False,False
0 days 00:04:00.376000,HAM,44,0 days 00:01:32.564000,2.0,1.0,,,0 days 00:00:32.069000,0 days 00:00:34.574000,0 days 00:00:25.921000,0 days 00:02:59.881000,0 days 00:03:34.455000,0 days 00:04:00.376000,213.0,189.0,242.0,321.0,True,HARD,2.0,True,Ferrari,0 days 00:02:27.812000,,1,,False,,False,True
0 days 00:06:27.419000,HAM,44,0 days 00:02:27.043000,3.0,1.0,,,0 days 00:00:56.698000,0 days 00:00:57.608000,0 days 00:00:32.737000,0 days 00:04:57.074000,0 days 00:05:54.682000,0 days 00:06:27.419000,120.0,61.0,252.0,223.0,False,HARD,3.0,True,Ferrari,0 days 00:04:00.376000,,1,,False,,False,True
0 days 00:07:59.931000,HAM,44,0 days 00:01:32.512000,4.0,1.0,,,0 days 00:00:31.249000,0 days 00:00:35.489000,0 days 00:00:25.774000,0 days 00:06:58.668000,0 days 00:07:34.157000,0 days 00:07:59.931000,214.0,189.0,243.0,323.0,False,HARD,4.0,True,Ferrari,0 days 00:06:27.419000,,1,,True,TRACK LIMITS AT TURN 11 LAP 5 ,False,True
0 days 00:10:31.167000,HAM,44,,5.0,1.0,,,0 days 00:00:54.539000,0 days 00:01:03.129000,0 days 00:00:33.576000,0 days 00:08:54.666000,0 days 00:09:57.971000,0 days 00:10:31.368000,121.0,52.0,253.0,240.0,False,HARD,5.0,True,Ferrari,0 days 00:07:59.931000,,1,,False,,False,False
0 days 00:12:02.473000,HAM,44,0 days 00:01:31.306000,6.0,1.0,,,0 days 00:00:31.012000,0 days 00:00:34.656000,0 days 00:00:25.638000,0 days 00:11:02.179000,0 days 00:11:36.835000,0 days 00:12:02.473000,215.0,189.0,245.0,322.0,True,HARD,6.0,True,Ferrari,0 days 00:10:31.167000,,1,,False,,False,True
0 days 00:14:49.409000,HAM,44,,7.0,1.0,,,0 days 00:01:01.780000,0 days 00:01:12.139000,0 days 00:00:32.913000,0 days 00:13:04.407000,0 days 00:14:16.696000,0 days 00:14:49.438000,94.0,136.0,253.0,175.0,False,HARD,7.0,True,Ferrari,0 days 00:12:02.473000,,12,,False,,False,False
0 days 00:16:56.396000,HAM,44,0 days 00:02:06.987000,8.0,1.0,,,0 days 00:00:45.582000,0 days 00:00:47.212000,0 days 00:00:34.193000,0 days 00:15:34.991000,0 days 00:16:22.203000,0 days 00:16:56.396000,147.0,79.0,260.0,113.0,False,HARD,8.0,True,Ferrari,0 days 00:14:49.409000,,1,,True,TRACK LIMITS AT TURN 1 LAP 9 ,False,True
0 days 00:18:27.271000,HAM,44,0 days 00:01:30.875000,9.0,1.0,,,0 days 00:00:30.801000,0 days 00:00:34.460000,0 days 00:00:25.614000,0 days 00:17:27.197000,0 days 00:18:01.657000,0 days 00:18:27.271000,216.0,189.0,243.0,321.0,True,HARD,9.0,True,Ferrari,0 days 00:16:56.396000,,1,,False,,False,True
0 days 00:20:59.668000,HAM,44,,10.0,1.0,,0 days 00:20:54.120000,0 days 00:00:56.575000,0 days 00:00:55.396000,0 days 00:00:40.497000,0 days 00:19:23.970000,0 days 00:20:19.425000,0 days 00:20:59.668000,126.0,110.0,,179.0,False,HARD,10.0,True,Ferrari,0 days 00:18:27.271000,,1,,False,,False,False
0 days 00:33:30.919000,HAM,44,,11.0,2.0,0 days 00:31:36.020000,,,0 days 00:00:44.042000,0 days 00:00:30.917000,,0 days 00:33:00.225000,0 days 00:33:31.286000,164.0,141.0,254.0,253.0,False,HARD,11.0,False,Ferrari,0 days 00:20:59.668000,,1,,False,,False,False
0 days 00:35:27.083000,HAM,44,0 days 00:01:56.164000,12.0,2.0,,,0 days 00:00:38.331000,0 days 00:00:46.788000,0 days 00:00:31.045000,0 days 00:34:09.250000,0 days 00:34:56.038000,0 days 00:35:27.083000,157.0,136.0,252.0,199.0,False,HARD,12.0,False,Ferrari,0 days 00:33:30.919000,,1,,False,,False,True
0 days 00:36:57.569000,HAM,44,0 days 00:01:30.486000,13.0,2.0,,,0 days 00:00:30.892000,0 days 00:00:34.128000,0 days 00:00:25.466000,0 days 00:35:57.975000,0 days 00:36:32.103000,0 days 00:36:57.569000,218.0,190.0,251.0,319.0,True,HARD,13.0,False,Ferrari,0 days 00:35:27.083000,,1,,False,,False,True
0 days 00:39:34.038000,HAM,44,,14.0,2.0,,0 days 00:39:28.147000,0 days 00:00:57.880000,0 days 00:01:00.236000,0 days 00:00:38.202000,0 days 00:37:55.746000,0 days 00:38:55.892000,0 days 00:39:34.038000,94.0,116.0,,220.0,False,HARD,14.0,False,Ferrari,0 days 00:36:57.569000,,1,,False,,False,False
0 days 00:42:18.178000,HAM,44,,15.0,3.0,0 days 00:39:47.861000,,0 days 00:01:18.853000,0 days 00:00:52.103000,0 days 00:00:33.272000,0 days 00:40:53.003000,0 days 00:41:45.154000,0 days 00:42:18.347000,130.0,63.0,259.0,219.0,False,HARD,15.0,False,Ferrari,0 days 00:39:34.038000,,1,,False,,False,False
0 days 00:43:48.373000,HAM,44,0 days 00:01:30.195000,16.0,3.0,,,0 days 00:00:30.966000,0 days 00:00:33.940000,0 days 00:00:25.289000,0 days 00:42:49.144000,0 days 00:43:23.084000,0 days 00:43:48.373000,217.0,191.0,255.0,320.0,True,HARD,16.0,False,Ferrari,0 days 00:42:18.178000,,1,,False,,False,True
0 days 00:45:55.828000,HAM,44,0 days 00:02:07.455000,17.0,3.0,,0 days 00:45:50.291000,0 days 00:00:40.026000,0 days 00:00:52.236000,0 days 00:00:35.193000,0 days 00:44:28.399000,0 days 00:45:20.635000,0 days 00:45:55.828000,83.0,133.0,,238.0,False,HARD,17.0,False,Ferrari,0 days 00:43:48.373000,,1,,False,,False,False
0 days 00:54:24.578000,HAM,44,,18.0,4.0,0 days 00:52:16.348000,,,0 days 00:00:37.307000,0 days 00:00:29.827000,,0 days 00:53:54.963000,0 days 00:54:24.633000,199.0,177.0,287.0,172.0,False,HARD,18.0,False,Ferrari,0 days 00:45:55.828000,,1,,False,,False,False
0 days 00:55:58.141000,HAM,44,0 days 00:01:33.563000,19.0,4.0,,,0 days 00:00:32.240000,0 days 00:00:35.359000,0 days 00:00:25.964000,0 days 00:54:56.818000,0 days 00:55:32.177000,0 days 00:55:58.141000,210.0,186.0,281.0,301.0,False,HARD,19.0,False,Ferrari,0 days 00:54:24.578000,,1,,False,,False,True
0 days 00:57:31.592000,HAM,44,0 days 00:01:33.451000,20.0,4.0,,,0 days 00:00:32.284000,0 days 00:00:35.320000,0 days 00:00:25.847000,0 days 00:56:30.425000,0 days 00:57:05.745000,0 days 00:57:31.592000,211.0,186.0,281.0,299.0,False,HARD,20.0,False,Ferrari,0 days 00:55:58.141000,,1,,False,,False,True
0 days 00:59:04.922000,HAM,44,0 days 00:01:33.330000,21.0,4.0,,,0 days 00:00:32.163000,0 days 00:00:35.389000,0 days 00:00:25.778000,0 days 00:58:03.755000,0 days 00:58:39.144000,0 days 00:59:04.922000,209.0,185.0,281.0,314.0,False,HARD,21.0,False,Ferrari,0 days 00:57:31.592000,,1,,False,,False,True
0 days 01:00:38.719000,HAM,44,0 days 00:01:33.797000,22.0,4.0,,,0 days 00:00:32.607000,0 days 00:00:35.557000,0 days 00:00:25.633000,0 days 00:59:37.529000,0 days 01:00:13.086000,0 days 01:00:38.719000,209.0,185.0,280.0,310.0,False,HARD,22.0,False,Ferrari,0 days 00:59:04.922000,,1,,False,,False,True
0 days 01:02:12.615000,HAM,44,0 days 00:01:33.896000,23.0,4.0,,,0 days 00:00:32.411000,0 days 00:00:35.485000,0 days 00:00:26,0 days 01:01:11.130000,0 days 01:01:46.615000,0 days 01:02:12.615000,209.0,185.0,282.0,302.0,False,HARD,23.0,False,Ferrari,0 days 01:00:38.719000,,1,,False,,False,True
0 days 01:03:46.828000,HAM,44,0 days 00:01:34.213000,24.0,4.0,,,0 days 00:00:32.819000,0 days 00:00:35.517000,0 days 00:00:25.877000,0 days 01:02:45.434000,0 days 01:03:20.951000,0 days 01:03:46.828000,207.0,186.0,280.0,307.0,False,HARD,24.0,False,Ferrari,0 days 01:02:12.615000,,1,,False,,False,True
0 days 01:05:20.433000,HAM,44,0 days 00:01:33.605000,25.0,4.0,,,0 days 00:00:32.242000,0 days 00:00:35.349000,0 days 00:00:26.014000,0 days 01:04:19.070000,0 days 01:04:54.419000,0 days 01:05:20.433000,209.0,185.0,277.0,302.0,False,HARD,25.0,False,Ferrari,0 days 01:03:46.828000,,1,,False,,False,True
0 days 01:06:54.143000,HAM,44,0 days 00:01:33.710000,26.0,4.0,,,0 days 00:00:32.133000,0 days 00:00:35.648000,0 days 00:00:25.929000,0 days 01:05:52.566000,0 days 01:06:28.214000,0 days 01:06:54.143000,212.0,186.0,281.0,303.0,False,HARD,26.0,False,Ferrari,0 days 01:05:20.433000,,1,,False,,False,True
0 days 01:08:27.285000,HAM,44,0 days 00:01:33.142000,27.0,4.0,,,0 days 00:00:32.096000,0 days 00:00:35.316000,0 days 00:00:25.730000,0 days 01:07:26.239000,0 days 01:08:01.555000,0 days 01:08:27.285000,210.0,187.0,286.0,306.0,False,HARD,27.0,False,Ferrari,0 days 01:06:54.143000,,1,,False,,False,True
0 days 01:10:06.083000,HAM,44,0 days 00:01:38.798000,28.0,4.0,,0 days 01:10:00.687000,0 days 00:00:32.234000,0 days 00:00:35.221000,0 days 00:00:31.343000,0 days 01:08:59.519000,0 days 01:09:34.740000,0 days 01:10:06.083000,210.0,185.0,,305.0,False,HARD,28.0,False,Ferrari,0 days 01:08:27.285000,,1,,False,,False,False
0 days 01:20:35.799000,HAM,44,,29.0,5.0,0 days 01:18:35.662000,,,0 days 00:00:44.735000,0 days 00:00:31.083000,,0 days 01:20:04.921000,0 days 01:20:35.888000,154.0,145.0,257.0,209.0,False,SOFT,1.0,True,Ferrari,0 days 01:10:06.083000,,1,,False,,False,False
0 days 01:22:05.576000,HAM,44,0 days 00:01:29.777000,30.0,5.0,,,0 days 00:00:30.594000,0 days 00:00:33.859000,0 days 00:00:25.324000,0 days 01:21:06.393000,0 days 01:21:40.252000,0 days 01:22:05.576000,217.0,192.0,251.0,324.0,True,SOFT,2.0,True,Ferrari,0 days 01:20:35.799000,,1,,False,,False,True
0 days 01:24:46.308000,HAM,44,,31.0,5.0,,,0 days 00:00:53.876000,0 days 00:01:02.141000,0 days 00:00:44.717000,0 days 01:22:59.595000,0 days 01:24:01.803000,0 days 01:24:46.308000,108.0,110.0,139.0,170.0,False,SOFT,3.0,True,Ferrari,0 days 01:22:05.576000,,1,,False,,False,False
0 days 01:27:05.299000,HAM,44,0 days 00:02:18.991000,32.0,5.0,,,0 days 00:00:57.337000,0 days 00:00:51.554000,0 days 00:00:30.100000,0 days 01:25:43.645000,0 days 01:26:35.199000,0 days 01:27:05.299000,115.0,155.0,254.0,229.0,False,SOFT,4.0,True,Ferrari,0 days 01:24:46.308000,,1,,False,,False,True
0 days 01:28:55.488000,HAM,44,0 days 00:01:50.189000,33.0,5.0,,,0 days 00:00:35.021000,0 days 00:00:40.846000,0 days 00:00:34.322000,0 days 01:27:40.320000,0 days 01:28:21.166000,0 days 01:28:55.488000,163.0,136.0,254.0,193.0,False,SOFT,5.0,True,Ferrari,0 days 01:27:05.299000,,1,,False,,False,True
0 days 01:30:32.539000,HAM,44,0 days 00:01:37.051000,34.0,5.0,,,0 days 00:00:32.281000,0 days 00:00:33.972000,0 days 00:00:30.798000,0 days 01:29:27.769000,0 days 01:30:01.741000,0 days 01:30:32.539000,216.0,191.0,251.0,170.0,False,SOFT,6.0,True,Ferrari,0 days 01:28:55.488000,,1,,False,,False,True
0 days 01:32:15.406000,HAM,44,0 days 00:01:42.867000,35.0,5.0,,0 days 01:32:09.973000,0 days 00:00:30.938000,0 days 00:00:37.367000,0 days 00:00:34.562000,0 days 01:31:03.477000,0 days 01:31:40.844000,0 days 01:32:15.406000,218.0,179.0,,287.0,False,SOFT,7.0,True,Ferrari,0 days 01:30:32.539000,,1,,False,,False,False
0 days 00:01:56.975000,SAI,55,,1.0,1.0,0 days 00:00:08.484000,,,0 days 00:00:41.431000,0 days 00:00:30.392000,,0 days 00:01:26.802000,0 days 00:01:57.068000,183.0,156.0,237.0,253.0,False,HARD,1.0,True,Williams,0 days 00:00:08.484000,,1,,False,,False,False
0 days 00:03:50.577000,SAI,55,0 days 00:01:53.602000,2.0,1.0,,,0 days 00:00:39.818000,0 days 00:00:44.171000,0 days 00:00:29.613000,0 days 00:02:36.793000,0 days 00:03:20.964000,0 days 00:03:50.577000,189.0,159.0,243.0,241.0,True,HARD,2.0,True,Williams,0 days 00:01:56.975000,,1,,False,,False,True
0 days 00:05:23.110000,SAI,55,0 days 00:01:32.533000,3.0,1.0,,,0 days 00:00:32.441000,0 days 00:00:34.718000,0 days 00:00:25.374000,0 days 00:04:23.018000,0 days 00:04:57.736000,0 days 00:05:23.110000,216.0,188.0,275.0,312.0,True,HARD,3.0,True,Williams,0 days 00:03:50.577000,,1,,False,,False,True
0 days 00:07:34.364000,SAI,55,0 days 00:02:11.254000,4.0,1.0,,,0 days 00:00:45.005000,0 days 00:00:46.718000,0 days 00:00:39.531000,0 days 00:06:08.115000,0 days 00:06:54.833000,0 days 00:07:34.364000,168.0,90.0,243.0,191.0,False,HARD,4.0,True,Williams,0 days 00:05:23.110000,,1,,False,,False,True
0 days 00:09:06.790000,SAI,55,0 days 00:01:32.426000,5.0,1.0,,,0 days 00:00:32.323000,0 days 00:00:34.705000,0 days 00:00:25.398000,0 days 00:08:06.687000,0 days 00:08:41.392000,0 days 00:09:06.790000,213.0,187.0,272.0,313.0,True,HARD,5.0,True,Williams,0 days 00:07:34.364000,,1,,False,,False,True
0 days 00:11:39.882000,SAI,55,,6.0,1.0,,,0 days 00:00:52.255000,0 days 00:00:58.696000,0 days 00:00:42.142000,0 days 00:09:59.237000,0 days 00:10:58.053000,0 days 00:11:40.002000,129.0,102.0,235.0,235.0,False,HARD,6.0,True,Williams,0 days 00:09:06.790000,,1,,False,,False,False
0 days 00:13:12.034000,SAI,55,0 days 00:01:32.152000,7.0,1.0,,,0 days 00:00:32.448000,0 days 00:00:34.422000,0 days 00:00:25.282000,0 days 00:12:12.330000,0 days 00:12:46.752000,0 days 00:13:12.034000,215.0,186.0,274.0,313.0,True,HARD,7.0,True,Williams,0 days 00:11:39.882000,,12,,False,,False,True
0 days 00:15:31.754000,SAI,55,0 days 00:02:19.720000,8.0,1.0,,,0 days 00:00:44.956000,0 days 00:00:57.117000,0 days 00:00:37.647000,0 days 00:13:56.990000,0 days 00:14:54.107000,0 days 00:15:31.754000,131.0,81.0,239.0,225.0,False,HARD,8.0,True,Williams,0 days 00:13:12.034000,,1,,False,,False,True
0 days 00:17:10.850000,SAI,55,0 days 00:01:39.096000,9.0,1.0,,0 days 00:17:03.861000,0 days 00:00:32.280000,0 days 00:00:34.360000,0 days 00:00:32.456000,0 days 00:16:04.034000,0 days 00:16:38.394000,0 days 00:17:10.850000,215.0,189.0,,306.0,False,HARD,9.0,True,Williams,0 days 00:15:31.754000,,1,,False,,False,False
0 days 00:19:24.352000,SAI,55,0 days 00:02:13.502000,10.0,2.0,0 days 00:17:34.385000,,0 days 00:01:01.445000,0 days 00:00:41.183000,0 days 00:00:30.874000,0 days 00:18:12.295000,0 days 00:18:53.478000,0 days 00:19:24.352000,184.0,152.0,242.0,240.0,False,HARD,10.0,False,Williams,0 days 00:17:10.850000,,1,,False,,False,False
0 days 00:21:16.295000,SAI,55,0 days 00:01:51.943000,11.0,2.0,,0 days 00:21:10.607000,0 days 00:00:36.426000,0 days 00:00:40.888000,0 days 00:00:34.629000,0 days 00:20:00.778000,0 days 00:20:41.666000,0 days 00:21:16.295000,185.0,160.0,,270.0,False,HARD,11.0,False,Williams,0 days 00:19:24.352000,,1,,False,,False,False
0 days 00:36:36.937000,SAI,55,,12.0,3.0,0 days 00:34:47.586000,,,0 days 00:00:39.575000,0 days 00:00:35.199000,,0 days 00:36:01.864000,0 days 00:36:36.937000,199.0,157.0,275.0,166.0,False,HARD,12.0,False,Williams,0 days 00:21:16.295000,,1,,False,,False,False
0 days 00:38:34.107000,SAI,55,0 days 00:01:57.170000,13.0,3.0,,,0 days 00:00:34.304000,0 days 00:00:44.553000,0 days 00:00:38.313000,0 days 00:37:11.241000,0 days 00:37:55.794000,0 days 00:38:34.107000,174.0,147.0,246.0,202.0,False,HARD,13.0,False,Williams,0 days 00:36:36.937000,,1,,False,,False,True
0 days 00:40:06.949000,SAI,55,0 days 00:01:32.842000,14.0,3.0,,,0 days 00:00:32.565000,0 days 00:00:34.576000,0 days 00:00:25.701000,0 days 00:39:06.672000,0 days 00:39:41.248000,0 days 00:40:06.949000,212.0,189.0,252.0,318.0,False,HARD,14.0,False,Williams,0 days 00:38:34.107000,,1,,False,,False,True
0 days 00:42:28.483000,SAI,55,0 days 00:02:21.534000,15.0,3.0,,,0 days 00:00:49.190000,0 days 00:00:55.913000,0 days 00:00:36.431000,0 days 00:40:56.139000,0 days 00:41:52.052000,0 days 00:42:28.483000,151.0,69.0,227.0,242.0,False,HARD,15.0,False,Williams,0 days 00:40:06.949000,,1,,False,,False,True
0 days 00:44:10.685000,SAI,55,0 days 00:01:42.202000,16.0,3.0,,0 days 00:44:05.009000,0 days 00:00:33.552000,0 days 00:00:36.401000,0 days 00:00:32.249000,0 days 00:43:02.035000,0 days 00:43:38.436000,0 days 00:44:10.685000,205.0,181.0,,261.0,False,HARD,16.0,False,Williams,0 days 00:42:28.483000,,1,,False,,False,False
0 days 00:46:28.804000,SAI,55,0 days 00:02:18.119000,17.0,4.0,0 days 00:44:42.304000,,0 days 00:01:06.594000,0 days 00:00:39.016000,0 days 00:00:32.509000,0 days 00:45:17.279000,0 days 00:45:56.295000,0 days 00:46:28.804000,184.0,160.0,232.0,228.0,False,HARD,17.0,False,Williams,0 days 00:44:10.685000,,1,,False,,False,False
0 days 00:48:18.919000,SAI,55,0 days 00:01:50.115000,18.0,4.0,,0 days 00:48:13.334000,0 days 00:00:36.812000,0 days 00:00:38.959000,0 days 00:00:34.344000,0 days 00:47:05.616000,0 days 00:47:44.575000,0 days 00:48:18.919000,182.0,171.0,,280.0,False,HARD,18.0,False,Williams,0 days 00:46:28.804000,,1,,False,,False,False
0 days 00:59:20.834000,SAI,55,,19.0,5.0,0 days 00:57:18.063000,,,0 days 00:00:41.329000,0 days 00:00:29.900000,,0 days 00:58:51.206000,0 days 00:59:20.976000,192.0,165.0,258.0,257.0,False,HARD,19.0,False,Williams,0 days 00:48:18.919000,,1,,False,,False,False
0 days 01:00:53.981000,SAI,55,0 days 00:01:33.147000,20.0,5.0,,,0 days 00:00:32.308000,0 days 00:00:34.965000,0 days 00:00:25.874000,0 days 00:59:53.142000,0 days 01:00:28.107000,0 days 01:00:53.981000,211.0,185.0,254.0,313.0,False,HARD,20.0,False,Williams,0 days 00:59:20.834000,,1,,False,,False,True
0 days 01:02:46.751000,SAI,55,0 days 00:01:52.770000,21.0,5.0,,,0 days 00:00:39.001000,0 days 00:00:45.034000,0 days 00:00:28.735000,0 days 01:01:32.982000,0 days 01:02:18.016000,0 days 01:02:46.751000,182.0,134.0,286.0,258.0,False,HARD,21.0,False,Williams,0 days 01:00:53.981000,,1,,False,,False,True
0 days 01:04:20.987000,SAI,55,0 days 00:01:34.236000,22.0,5.0,,,0 days 00:00:32.759000,0 days 00:00:35.168000,0 days 00:00:26.309000,0 days 01:03:19.510000,0 days 01:03:54.678000,0 days 01:04:20.987000,212.0,184.0,264.0,307.0,False,HARD,22.0,False,Williams,0 days 01:02:46.751000,,1,,False,,False,True
0 days 01:05:55.435000,SAI,55,0 days 00:01:34.448000,23.0,5.0,,,0 days 00:00:32.850000,0 days 00:00:35.360000,0 days 00:00:26.238000,0 days 01:04:53.837000,0 days 01:05:29.197000,0 days 01:05:55.435000,210.0,185.0,270.0,304.0,False,HARD,23.0,False,Williams,0 days 01:04:20.987000,,1,,False,,False,True
0 days 01:07:30.129000,SAI,55,0 days 00:01:34.694000,24.0,5.0,,,0 days 00:00:32.937000,0 days 00:00:35.489000,0 days 00:00:26.268000,0 days 01:06:28.372000,0 days 01:07:03.861000,0 days 01:07:30.129000,210.0,186.0,274.0,306.0,False,HARD,24.0,False,Williams,0 days 01:05:55.435000,,1,,False,,False,True
0 days 01:09:05.248000,SAI,55,0 days 00:01:35.119000,25.0,5.0,,,0 days 00:00:33.231000,0 days 00:00:35.556000,0 days 00:00:26.332000,0 days 01:08:03.360000,0 days 01:08:38.916000,0 days 01:09:05.248000,210.0,183.0,276.0,306.0,False,HARD,25.0,False,Williams,0 days 01:07:30.129000,,1,,False,,False,True
0 days 01:10:40.601000,SAI,55,0 days 00:01:35.353000,26.0,5.0,,,0 days 00:00:33.348000,0 days 00:00:35.408000,0 days 00:00:26.597000,0 days 01:09:38.596000,0 days 01:10:14.004000,0 days 01:10:40.601000,212.0,184.0,284.0,297.0,False,HARD,26.0,False,Williams,0 days 01:09:05.248000,,1,,False,,False,True
0 days 01:12:15.093000,SAI,55,0 days 00:01:34.492000,27.0,5.0,,,0 days 00:00:32.903000,0 days 00:00:35.289000,0 days 00:00:26.300000,0 days 01:11:13.504000,0 days 01:11:48.793000,0 days 01:12:15.093000,213.0,185.0,280.0,305.0,False,HARD,27.0,False,Williams,0 days 01:10:40.601000,,1,,False,,False,True
0 days 01:13:52.877000,SAI,55,0 days 00:01:37.784000,28.0,5.0,,,0 days 00:00:34.283000,0 days 00:00:36.818000,0 days 00:00:26.683000,0 days 01:12:49.376000,0 days 01:13:26.194000,0 days 01:13:52.877000,208.0,177.0,278.0,300.0,False,HARD,28.0,False,Williams,0 days 01:12:15.093000,,1,,False,,False,True
0 days 01:15:36.744000,SAI,55,0 days 00:01:43.867000,29.0,5.0,,0 days 01:15:31.213000,0 days 00:00:33.154000,0 days 00:00:36.487000,0 days 00:00:34.226000,0 days 01:14:26.031000,0 days 01:15:02.518000,0 days 01:15:36.744000,212.0,151.0,,255.0,False,HARD,29.0,False,Williams,0 days 01:13:52.877000,,1,,False,,False,False
0 days 01:23:57.744000,SAI,55,,30.0,6.0,0 days 01:21:53.775000,,,0 days 00:00:49.208000,0 days 00:00:39.485000,,0 days 01:23:18.453000,0 days 01:23:57.871000,167.0,80.0,247.0,113.0,False,SOFT,1.0,True,Williams,0 days 01:15:36.744000,,1,,False,,False,False
0 days 01:25:55.828000,SAI,55,0 days 00:01:58.084000,31.0,6.0,,,0 days 00:00:40.844000,0 days 00:00:46.237000,0 days 00:00:31.003000,0 days 01:24:38.588000,0 days 01:25:24.825000,0 days 01:25:55.828000,156.0,77.0,261.0,250.0,False,SOFT,2.0,True,Williams,0 days 01:23:57.744000,,1,,False,,False,True
0 days 01:27:26.758000,SAI,55,0 days 00:01:30.930000,32.0,6.0,,,0 days 00:00:31.766000,0 days 00:00:33.824000,0 days 00:00:25.340000,0 days 01:26:27.594000,0 days 01:27:01.418000,0 days 01:27:26.758000,218.0,190.0,256.0,321.0,True,SOFT,3.0,True,Williams,0 days 01:25:55.828000,,1,,False,,False,True
0 days 01:29:54.423000,SAI,55,0 days 00:02:27.665000,33.0,6.0,,,0 days 00:00:54.795000,0 days 00:00:57.140000,0 days 00:00:35.730000,0 days 01:28:21.553000,0 days 01:29:18.693000,0 days 01:29:54.423000,101.0,127.0,240.0,158.0,False,SOFT,4.0,True,Williams,0 days 01:27:26.758000,,1,,False,,False,True
0 days 01:31:26.502000,SAI,55,0 days 00:01:32.079000,34.0,6.0,,,0 days 00:00:32.479000,0 days 00:00:34.299000,0 days 00:00:25.301000,0 days 01:30:26.902000,0 days 01:31:01.201000,0 days 01:31:26.502000,219.0,189.0,257.0,327.0,False,SOFT,5.0,True,Williams,0 days 01:29:54.423000,,1,,False,,False,True
0 days 01:33:49.489000,SAI,55,0 days 00:02:22.987000,35.0,6.0,,,0 days 00:00:47.643000,0 days 00:00:47.497000,0 days 00:00:47.847000,0 days 01:32:14.145000,0 days 01:33:01.642000,0 days 01:33:49.489000,148.0,125.0,53.0,154.0,False,SOFT,6.0,True,Williams,0 days 01:31:26.502000,,12,,False,,False,True
0 days 01:36:22.825000,SAI,55,,36.0,6.0,,,0 days 00:01:10.946000,0 days 00:00:41.575000,0 days 00:00:40.831000,0 days 01:35:00.612000,0 days 01:35:42.344000,0 days 01:36:23.339000,173.0,167.0,65.0,186.0,False,SOFT,7.0,True,Williams,0 days 01:33:49.489000,,1,,False,,False,False
0 days 01:38:42.001000,SAI,55,0 days 00:02:19.176000,37.0,6.0,,0 days 01:38:36.454000,0 days 00:01:10.502000,0 days 00:00:37.447000,0 days 00:00:31.227000,0 days 01:37:33.327000,0 days 01:38:10.774000,0 days 01:38:42.001000,205.0,179.0,,309.0,False,SOFT,8.0,True,Williams,0 days 01:36:22.825000,,1,,False,,False,False
0 days 00:07:54.517000,RUS,63,,1.0,1.0,0 days 00:05:42.990000,,,0 days 00:00:40.740000,0 days 00:00:29.992000,,0 days 00:07:24.727000,0 days 00:07:54.603000,192.0,103.0,267.0,285.0,False,HARD,1.0,True,Mercedes,0 days 00:05:42.990000,,1,,False,,False,False
0 days 00:09:26.752000,RUS,63,0 days 00:01:32.235000,2.0,1.0,,,0 days 00:00:31.493000,0 days 00:00:35.084000,0 days 00:00:25.658000,0 days 00:08:26.010000,0 days 00:09:01.094000,0 days 00:09:26.752000,213.0,189.0,264.0,320.0,True,HARD,2.0,True,Mercedes,0 days 00:07:54.517000,,1,,False,,False,True
0 days 00:11:34.962000,RUS,63,0 days 00:02:08.210000,3.0,1.0,,0 days 00:11:29.405000,0 days 00:00:46.298000,0 days 00:00:46.072000,0 days 00:00:35.840000,0 days 00:10:13.050000,0 days 00:10:59.122000,0 days 00:11:34.962000,154.0,143.0,,259.0,False,HARD,3.0,True,Mercedes,0 days 00:09:26.752000,,1,,False,,False,False
0 days 00:13:59.119000,RUS,63,0 days 00:02:24.157000,4.0,2.0,0 days 00:11:57.679000,,0 days 00:01:05.702000,0 days 00:00:47.305000,0 days 00:00:31.150000,0 days 00:12:40.664000,0 days 00:13:27.969000,0 days 00:13:59.119000,146.0,112.0,261.0,280.0,False,HARD,4.0,False,Mercedes,0 days 00:11:34.962000,,12,,False,,False,False
0 days 00:16:14.463000,RUS,63,0 days 00:02:15.344000,5.0,2.0,,0 days 00:16:08.437000,0 days 00:00:43.933000,0 days 00:00:48.858000,0 days 00:00:42.553000,0 days 00:14:43.052000,0 days 00:15:31.910000,0 days 00:16:14.463000,119.0,122.0,,225.0,False,HARD,5.0,False,Mercedes,0 days 00:13:59.119000,,1,,False,,False,False
0 days 00:24:37.207000,RUS,63,,6.0,3.0,0 days 00:22:44.170000,,,0 days 00:00:38.512000,0 days 00:00:38.664000,,0 days 00:23:58.735000,0 days 00:24:37.377000,191.0,171.0,260.0,188.0,False,HARD,6.0,False,Mercedes,0 days 00:16:14.463000,,1,,False,,False,False
0 days 00:26:08.772000,RUS,63,0 days 00:01:31.565000,7.0,3.0,,,0 days 00:00:31.740000,0 days 00:00:34.462000,0 days 00:00:25.363000,0 days 00:25:08.947000,0 days 00:25:43.409000,0 days 00:26:08.772000,211.0,192.0,273.0,320.0,True,HARD,7.0,False,Mercedes,0 days 00:24:37.207000,,1,,False,,False,True
0 days 00:28:29.386000,RUS,63,0 days 00:02:20.614000,8.0,3.0,,,0 days 00:00:52.974000,0 days 00:00:56.815000,0 days 00:00:30.825000,0 days 00:27:01.746000,0 days 00:27:58.561000,0 days 00:28:29.386000,116.0,159.0,259.0,238.0,False,HARD,8.0,False,Mercedes,0 days 00:26:08.772000,,1,,False,,False,True
0 days 00:30:29.933000,RUS,63,0 days 00:02:00.547000,9.0,3.0,,,0 days 00:00:39.714000,0 days 00:00:45.965000,0 days 00:00:34.868000,0 days 00:29:09.100000,0 days 00:29:55.065000,0 days 00:30:29.933000,156.0,111.0,255.0,262.0,False,HARD,9.0,False,Mercedes,0 days 00:28:29.386000,,1,,True,TRACK LIMITS AT TURN 1 LAP 10 ,False,True
0 days 00:32:00.961000,RUS,63,0 days 00:01:31.028000,10.0,3.0,,,0 days 00:00:31.384000,0 days 00:00:34.185000,0 days 00:00:25.459000,0 days 00:31:01.317000,0 days 00:31:35.502000,0 days 00:32:00.961000,218.0,191.0,268.0,325.0,True,HARD,10.0,False,Mercedes,0 days 00:30:29.933000,,1,,False,,False,True
0 days 00:34:04.942000,RUS,63,0 days 00:02:03.981000,11.0,3.0,,0 days 00:33:59.420000,0 days 00:00:45.947000,0 days 00:00:41.944000,0 days 00:00:36.090000,0 days 00:32:46.908000,0 days 00:33:28.852000,0 days 00:34:04.942000,163.0,158.0,,217.0,False,HARD,11.0,False,Mercedes,0 days 00:32:00.961000,,1,,False,,False,False
0 days 00:42:27.665000,RUS,63,,12.0,4.0,0 days 00:40:33.152000,,,0 days 00:00:35.262000,0 days 00:00:26.738000,,0 days 00:42:01.195000,0 days 00:42:27.775000,214.0,186.0,281.0,276.0,False,HARD,12.0,False,Mercedes,0 days 00:34:04.942000,,1,,False,,False,False
0 days 00:44:00.215000,RUS,63,0 days 00:01:32.550000,13.0,4.0,,,0 days 00:00:31.762000,0 days 00:00:34.808000,0 days 00:00:25.980000,0 days 00:42:59.427000,0 days 00:43:34.235000,0 days 00:44:00.215000,218.0,189.0,270.0,305.0,False,HARD,13.0,False,Mercedes,0 days 00:42:27.665000,,1,,False,,False,True
0 days 00:45:33.414000,RUS,63,0 days 00:01:33.199000,14.0,4.0,,,0 days 00:00:32.005000,0 days 00:00:35.114000,0 days 00:00:26.080000,0 days 00:44:32.220000,0 days 00:45:07.334000,0 days 00:45:33.414000,215.0,186.0,268.0,308.0,False,HARD,14.0,False,Mercedes,0 days 00:44:00.215000,,1,,False,,False,True
0 days 00:47:06.491000,RUS,63,0 days 00:01:33.077000,15.0,4.0,,,0 days 00:00:32.046000,0 days 00:00:34.914000,0 days 00:00:26.117000,0 days 00:46:05.460000,0 days 00:46:40.374000,0 days 00:47:06.491000,216.0,187.0,271.0,303.0,False,HARD,15.0,False,Mercedes,0 days 00:45:33.414000,,1,,False,,False,True
0 days 00:48:39.430000,RUS,63,0 days 00:01:32.939000,16.0,4.0,,,0 days 00:00:31.901000,0 days 00:00:35.026000,0 days 00:00:26.012000,0 days 00:47:38.392000,0 days 00:48:13.418000,0 days 00:48:39.430000,212.0,186.0,270.0,306.0,False,HARD,16.0,False,Mercedes,0 days 00:47:06.491000,,1,,False,,False,True
0 days 00:50:12.254000,RUS,63,0 days 00:01:32.824000,17.0,4.0,,,0 days 00:00:31.802000,0 days 00:00:35.100000,0 days 00:00:25.922000,0 days 00:49:11.232000,0 days 00:49:46.332000,0 days 00:50:12.254000,212.0,185.0,275.0,305.0,False,HARD,17.0,False,Mercedes,0 days 00:48:39.430000,,1,,False,,False,True
0 days 00:51:45.272000,RUS,63,0 days 00:01:33.018000,18.0,4.0,,,0 days 00:00:31.987000,0 days 00:00:35.078000,0 days 00:00:25.953000,0 days 00:50:44.241000,0 days 00:51:19.319000,0 days 00:51:45.272000,213.0,186.0,272.0,302.0,False,HARD,18.0,False,Mercedes,0 days 00:50:12.254000,,1,,False,,False,True
0 days 00:53:18.250000,RUS,63,0 days 00:01:32.978000,19.0,4.0,,,0 days 00:00:32.107000,0 days 00:00:34.947000,0 days 00:00:25.924000,0 days 00:52:17.379000,0 days 00:52:52.326000,0 days 00:53:18.250000,212.0,186.0,274.0,303.0,False,HARD,19.0,False,Mercedes,0 days 00:51:45.272000,,1,,False,,False,True
0 days 00:54:51.515000,RUS,63,0 days 00:01:33.265000,20.0,4.0,,,0 days 00:00:32.063000,0 days 00:00:35.137000,0 days 00:00:26.065000,0 days 00:53:50.313000,0 days 00:54:25.450000,0 days 00:54:51.515000,213.0,186.0,267.0,304.0,False,HARD,20.0,False,Mercedes,0 days 00:53:18.250000,,1,,False,,False,True
0 days 00:56:25.021000,RUS,63,0 days 00:01:33.506000,21.0,4.0,,,0 days 00:00:32.263000,0 days 00:00:35.012000,0 days 00:00:26.231000,0 days 00:55:23.778000,0 days 00:55:58.790000,0 days 00:56:25.021000,211.0,185.0,274.0,305.0,False,HARD,21.0,False,Mercedes,0 days 00:54:51.515000,,1,,False,,False,True
0 days 00:58:06.670000,RUS,63,0 days 00:01:41.649000,22.0,4.0,,,0 days 00:00:32.620000,0 days 00:00:35.484000,0 days 00:00:33.545000,0 days 00:56:57.641000,0 days 00:57:33.125000,0 days 00:58:06.670000,209.0,184.0,240.0,153.0,False,HARD,22.0,False,Mercedes,0 days 00:56:25.021000,,1,,False,,False,True
0 days 00:59:40.296000,RUS,63,0 days 00:01:33.626000,23.0,4.0,,,0 days 00:00:32.508000,0 days 00:00:35.142000,0 days 00:00:25.976000,0 days 00:58:39.178000,0 days 00:59:14.320000,0 days 00:59:40.296000,205.0,186.0,275.0,302.0,False,HARD,23.0,False,Mercedes,0 days 00:58:06.670000,,1,,False,,False,True
0 days 01:01:24.582000,RUS,63,0 days 00:01:44.286000,24.0,4.0,,0 days 01:01:19.104000,0 days 00:00:31.966000,0 days 00:00:37.097000,0 days 00:00:35.223000,0 days 01:00:12.262000,0 days 01:00:49.359000,0 days 01:01:24.582000,214.0,152.0,,247.0,False,HARD,24.0,False,Mercedes,0 days 00:59:40.296000,,1,,False,,False,False
0 days 01:17:37.750000,RUS,63,,25.0,5.0,0 days 01:15:36.900000,,,0 days 00:00:45.315000,0 days 00:00:35.015000,,0 days 01:17:02.916000,0 days 01:17:37.895000,160.0,75.0,264.0,276.0,False,SOFT,1.0,True,Mercedes,0 days 01:01:24.582000,,1,,False,,False,False
0 days 01:19:07.850000,RUS,63,0 days 00:01:30.100000,26.0,5.0,,,0 days 00:00:30.840000,0 days 00:00:33.945000,0 days 00:00:25.315000,0 days 01:18:08.590000,0 days 01:18:42.535000,0 days 01:19:07.850000,219.0,191.0,267.0,325.0,True,SOFT,2.0,True,Mercedes,0 days 01:17:37.750000,,1,,False,,False,True
0 days 01:21:41.198000,RUS,63,,27.0,5.0,,0 days 01:21:34.872000,0 days 00:00:51.778000,0 days 00:00:55.594000,0 days 00:00:45.724000,0 days 01:19:59.880000,0 days 01:20:55.482000,0 days 01:21:42.526000,123.0,111.0,,193.0,False,SOFT,3.0,True,Mercedes,0 days 01:19:07.850000,,1,,False,,False,False
0 days 01:24:13.111000,RUS,63,,28.0,6.0,0 days 01:22:02.488000,,0 days 00:01:10.336000,0 days 00:00:49.098000,0 days 00:00:32.676000,0 days 01:22:51.562000,0 days 01:23:40.616000,0 days 01:24:13.121000,139.0,118.0,261.0,273.0,False,SOFT,4.0,False,Mercedes,0 days 01:21:41.198000,,1,,False,,False,False
0 days 01:26:19.053000,RUS,63,0 days 00:02:05.942000,29.0,6.0,,,0 days 00:00:38.796000,0 days 00:00:53.294000,0 days 00:00:33.852000,0 days 01:24:51.907000,0 days 01:25:45.201000,0 days 01:26:19.053000,151.0,93.0,259.0,278.0,False,SOFT,5.0,False,Mercedes,0 days 01:24:13.111000,,1,,False,,False,True
0 days 01:27:55.331000,RUS,63,0 days 00:01:36.278000,30.0,6.0,,0 days 01:27:49.774000,0 days 00:00:31.294000,0 days 00:00:33.715000,0 days 00:00:31.269000,0 days 01:26:50.347000,0 days 01:27:24.062000,0 days 01:27:55.331000,221.0,192.0,,320.0,False,SOFT,6.0,False,Mercedes,0 days 01:26:19.053000,,1,,False,,False,False
0 days 01:31:51.563000,RUS,63,,31.0,7.0,0 days 01:29:53.417000,,,0 days 00:00:43.195000,0 days 00:00:34.586000,,0 days 01:31:17.047000,0 days 01:31:51.604000,178.0,123.0,188.0,196.0,False,SOFT,7.0,False,Mercedes,0 days 01:27:55.331000,,1,,False,,False,False
0 days 01:34:12.660000,RUS,63,0 days 00:02:21.097000,32.0,7.0,,,0 days 00:00:44.690000,0 days 00:00:48.171000,0 days 00:00:48.236000,0 days 01:32:36.253000,0 days 01:33:24.424000,0 days 01:34:12.660000,144.0,123.0,68.0,217.0,False,SOFT,8.0,False,Mercedes,0 days 01:31:51.563000,,12,,False,,False,True
0 days 01:36:51.584000,RUS,63,,33.0,7.0,,,0 days 00:01:04.902000,0 days 00:00:44.623000,0 days 00:00:49.459000,0 days 01:35:17.682000,0 days 01:36:02.322000,0 days 01:36:52.343000,196.0,127.0,69.0,233.0,False,SOFT,9.0,False,Mercedes,0 days 01:34:12.660000,,1,,False,,False,False
0 days 01:39:16.510000,RUS,63,0 days 00:02:24.926000,34.0,7.0,,0 days 01:39:12.496000,0 days 00:01:12.822000,0 days 00:00:34.980000,0 days 00:00:37.124000,0 days 01:38:04.406000,0 days 01:38:39.386000,0 days 01:39:16.510000,216.0,173.0,,231.0,False,SOFT,10.0,False,Mercedes,0 days 01:36:51.584000,,1,,False,,False,False
0 days 00:05:45.067000,BOT,77,,1.0,1.0,0 days 00:03:53.118000,,,0 days 00:00:40.961000,0 days 00:00:29.927000,,0 days 00:05:15.443000,0 days 00:05:45.228000,151.0,167.0,248.0,274.0,False,MEDIUM,1.0,True,Cadillac,0 days 00:03:53.118000,,1,,False,,False,False
0 days 00:07:21.167000,BOT,77,0 days 00:01:36.100000,2.0,1.0,,,0 days 00:00:34.021000,0 days 00:00:35.837000,0 days 00:00:26.242000,0 days 00:06:19.088000,0 days 00:06:54.925000,0 days 00:07:21.167000,200.0,187.0,254.0,306.0,True,MEDIUM,2.0,True,Cadillac,0 days 00:05:45.067000,,1,,False,,False,True
0 days 00:09:33.919000,BOT,77,0 days 00:02:12.752000,3.0,1.0,,,0 days 00:00:52.524000,0 days 00:00:45.050000,0 days 00:00:35.178000,0 days 00:08:13.691000,0 days 00:08:58.741000,0 days 00:09:33.919000,162.0,143.0,252.0,173.0,False,MEDIUM,3.0,True,Cadillac,0 days 00:07:21.167000,,1,,True,TRACK LIMITS AT TURN 7 LAP 4 ,False,True
0 days 00:11:09.274000,BOT,77,0 days 00:01:35.355000,4.0,1.0,,,0 days 00:00:33.703000,0 days 00:00:35.417000,0 days 00:00:26.235000,0 days 00:10:07.622000,0 days 00:10:43.039000,0 days 00:11:09.274000,211.0,186.0,257.0,298.0,True,MEDIUM,4.0,True,Cadillac,0 days 00:09:33.919000,,1,,False,,False,True
0 days 00:13:10.554000,BOT,77,0 days 00:02:01.280000,5.0,1.0,,,0 days 00:00:43.912000,0 days 00:00:44.656000,0 days 00:00:32.712000,0 days 00:11:53.186000,0 days 00:12:37.842000,0 days 00:13:10.554000,144.0,142.0,247.0,264.0,False,MEDIUM,5.0,True,Cadillac,0 days 00:11:09.274000,,12,,False,,False,True
0 days 00:14:44.878000,BOT,77,0 days 00:01:34.324000,6.0,1.0,,,0 days 00:00:33.143000,0 days 00:00:35.060000,0 days 00:00:26.121000,0 days 00:13:43.697000,0 days 00:14:18.757000,0 days 00:14:44.878000,211.0,185.0,254.0,306.0,True,MEDIUM,6.0,True,Cadillac,0 days 00:13:10.554000,,1,,False,,False,True
0 days 00:16:56.422000,BOT,77,0 days 00:02:11.544000,7.0,1.0,,0 days 00:16:50.368000,0 days 00:00:39.813000,0 days 00:00:47.121000,0 days 00:00:44.610000,0 days 00:15:24.691000,0 days 00:16:11.812000,0 days 00:16:56.422000,163.0,85.0,,185.0,False,MEDIUM,7.0,True,Cadillac,0 days 00:14:44.878000,,1,,False,,False,False
0 days 00:19:15.576000,BOT,77,0 days 00:02:19.154000,8.0,2.0,0 days 00:17:16.968000,,0 days 00:01:01.466000,0 days 00:00:45.745000,0 days 00:00:31.943000,0 days 00:17:57.888000,0 days 00:18:43.633000,0 days 00:19:15.576000,162.0,142.0,250.0,271.0,False,MEDIUM,8.0,False,Cadillac,0 days 00:16:56.422000,,1,,False,,False,False
0 days 00:20:49.193000,BOT,77,0 days 00:01:33.617000,9.0,2.0,,,0 days 00:00:32.241000,0 days 00:00:35.548000,0 days 00:00:25.828000,0 days 00:19:47.817000,0 days 00:20:23.365000,0 days 00:20:49.193000,209.0,187.0,261.0,309.0,True,MEDIUM,9.0,False,Cadillac,0 days 00:19:15.576000,,1,,False,,False,True
0 days 00:22:55.285000,BOT,77,0 days 00:02:06.092000,10.0,2.0,,0 days 00:22:49.819000,0 days 00:00:44.701000,0 days 00:00:45.316000,0 days 00:00:36.075000,0 days 00:21:33.894000,0 days 00:22:19.210000,0 days 00:22:55.285000,164.0,159.0,,250.0,False,MEDIUM,10.0,False,Cadillac,0 days 00:20:49.193000,,1,,False,,False,False
0 days 00:42:46.593000,BOT,77,,11.0,3.0,0 days 00:40:37.324000,,,0 days 00:00:41.466000,0 days 00:00:26.990000,,0 days 00:42:19.703000,0 days 00:42:46.681000,191.0,150.0,276.0,300.0,False,MEDIUM,11.0,False,Cadillac,0 days 00:22:55.285000,,1,,False,,False,False
0 days 00:44:23.905000,BOT,77,0 days 00:01:37.312000,12.0,3.0,,,0 days 00:00:34.578000,0 days 00:00:35.992000,0 days 00:00:26.742000,0 days 00:43:21.171000,0 days 00:43:57.163000,0 days 00:44:23.905000,207.0,184.0,268.0,295.0,False,MEDIUM,12.0,False,Cadillac,0 days 00:42:46.593000,,1,,False,,False,True
0 days 00:46:01.448000,BOT,77,0 days 00:01:37.543000,13.0,3.0,,,0 days 00:00:34.464000,0 days 00:00:36.512000,0 days 00:00:26.567000,0 days 00:44:58.369000,0 days 00:45:34.881000,0 days 00:46:01.448000,207.0,180.0,274.0,289.0,False,MEDIUM,13.0,False,Cadillac,0 days 00:44:23.905000,,1,,False,,False,True
0 days 00:47:39.354000,BOT,77,0 days 00:01:37.906000,14.0,3.0,,,0 days 00:00:34.678000,0 days 00:00:36.497000,0 days 00:00:26.731000,0 days 00:46:36.126000,0 days 00:47:12.623000,0 days 00:47:39.354000,207.0,182.0,271.0,295.0,False,MEDIUM,14.0,False,Cadillac,0 days 00:46:01.448000,,1,,False,,False,True
0 days 00:49:17.068000,BOT,77,0 days 00:01:37.714000,15.0,3.0,,,0 days 00:00:34.452000,0 days 00:00:36.548000,0 days 00:00:26.714000,0 days 00:48:13.806000,0 days 00:48:50.354000,0 days 00:49:17.068000,208.0,181.0,273.0,292.0,False,MEDIUM,15.0,False,Cadillac,0 days 00:47:39.354000,,1,,False,,False,True
0 days 00:50:56.034000,BOT,77,0 days 00:01:38.966000,16.0,3.0,,,0 days 00:00:34.789000,0 days 00:00:37.496000,0 days 00:00:26.681000,0 days 00:49:51.857000,0 days 00:50:29.353000,0 days 00:50:56.034000,204.0,180.0,278.0,289.0,False,MEDIUM,16.0,False,Cadillac,0 days 00:49:17.068000,,1,,False,,False,True
0 days 00:52:35.339000,BOT,77,0 days 00:01:39.305000,17.0,3.0,,,0 days 00:00:36.019000,0 days 00:00:36.589000,0 days 00:00:26.697000,0 days 00:51:32.053000,0 days 00:52:08.642000,0 days 00:52:35.339000,205.0,179.0,277.0,290.0,False,MEDIUM,17.0,False,Cadillac,0 days 00:50:56.034000,,1,,False,,False,True
0 days 00:54:14.118000,BOT,77,0 days 00:01:38.779000,18.0,3.0,,,0 days 00:00:34.576000,0 days 00:00:36.702000,0 days 00:00:27.501000,0 days 00:53:09.915000,0 days 00:53:46.617000,0 days 00:54:14.118000,207.0,180.0,280.0,287.0,False,MEDIUM,18.0,False,Cadillac,0 days 00:52:35.339000,,1,,False,,False,True
0 days 00:55:51.414000,BOT,77,0 days 00:01:37.296000,19.0,3.0,,,0 days 00:00:34.577000,0 days 00:00:36.253000,0 days 00:00:26.466000,0 days 00:54:48.695000,0 days 00:55:24.948000,0 days 00:55:51.414000,206.0,179.0,278.0,298.0,False,MEDIUM,19.0,False,Cadillac,0 days 00:54:14.118000,,1,,False,,False,True
0 days 00:57:50.580000,BOT,77,0 days 00:01:59.166000,20.0,3.0,,0 days 00:57:44.988000,0 days 00:00:38.311000,0 days 00:00:44.122000,0 days 00:00:36.733000,0 days 00:56:29.725000,0 days 00:57:13.847000,0 days 00:57:50.580000,172.0,159.0,,221.0,False,MEDIUM,20.0,False,Cadillac,0 days 00:55:51.414000,,1,,False,,False,False
0 days 01:08:04.650000,BOT,77,,21.0,4.0,0 days 01:06:03.634000,,,0 days 00:00:42.506000,0 days 00:00:30.600000,,0 days 01:07:34.311000,0 days 01:08:04.711000,180.0,134.0,249.0,267.0,False,SOFT,1.0,True,Cadillac,0 days 00:57:50.580000,,1,,False,,False,False
0 days 01:09:37.928000,BOT,77,0 days 00:01:33.278000,22.0,4.0,,,0 days 00:00:32.580000,0 days 00:00:34.949000,0 days 00:00:25.749000,0 days 01:08:37.230000,0 days 01:09:12.179000,0 days 01:09:37.928000,216.0,187.0,259.0,312.0,True,SOFT,2.0,True,Cadillac,0 days 01:08:04.650000,,1,,False,,False,True
0 days 01:11:52.047000,BOT,77,0 days 00:02:14.119000,23.0,4.0,,,0 days 00:00:46.049000,0 days 00:00:48.628000,0 days 00:00:39.442000,0 days 01:10:23.977000,0 days 01:11:12.605000,0 days 01:11:52.047000,151.0,130.0,159.0,195.0,False,SOFT,3.0,True,Cadillac,0 days 01:09:37.928000,,1,,False,,False,True
0 days 01:14:07.385000,BOT,77,0 days 00:02:15.338000,24.0,4.0,,,0 days 00:00:48.506000,0 days 00:00:51.869000,0 days 00:00:34.963000,0 days 01:12:40.553000,0 days 01:13:32.422000,0 days 01:14:07.385000,156.0,139.0,250.0,221.0,False,SOFT,4.0,True,Cadillac,0 days 01:11:52.047000,,1,,False,,False,True
0 days 01:16:25.185000,BOT,77,0 days 00:02:17.800000,25.0,4.0,,0 days 01:16:19.435000,0 days 00:00:52.348000,0 days 00:00:44.641000,0 days 00:00:40.811000,0 days 01:14:59.733000,0 days 01:15:44.374000,0 days 01:16:25.185000,168.0,129.0,,218.0,False,SOFT,5.0,True,Cadillac,0 days 01:14:07.385000,,1,,False,,False,False
0 days 01:22:32.436000,BOT,77,,26.0,5.0,0 days 01:20:27.560000,,,0 days 00:00:41.940000,0 days 00:00:33.405000,,0 days 01:21:59.232000,0 days 01:22:32.511000,164.0,128.0,255.0,274.0,False,SOFT,1.0,True,Cadillac,0 days 01:16:25.185000,,1,,False,,False,False
0 days 01:24:25.273000,BOT,77,0 days 00:01:52.837000,27.0,5.0,,,0 days 00:00:31.915000,0 days 00:00:45.069000,0 days 00:00:35.853000,0 days 01:23:04.351000,0 days 01:23:49.420000,0 days 01:24:25.273000,216.0,131.0,251.0,182.0,False,SOFT,2.0,True,Cadillac,0 days 01:22:32.436000,,1,,False,,False,True
0 days 01:25:58.035000,BOT,77,0 days 00:01:32.762000,28.0,5.0,,,0 days 00:00:32.156000,0 days 00:00:34.665000,0 days 00:00:25.941000,0 days 01:24:57.429000,0 days 01:25:32.094000,0 days 01:25:58.035000,214.0,190.0,255.0,308.0,True,SOFT,3.0,True,Cadillac,0 days 01:24:25.273000,,1,,False,,False,True
0 days 01:28:31.587000,BOT,77,,29.0,5.0,,,0 days 00:00:50.981000,0 days 00:00:54.620000,0 days 00:00:47.894000,0 days 01:26:49.231000,0 days 01:27:43.946000,0 days 01:28:31.641000,118.0,94.0,252.0,254.0,False,SOFT,4.0,True,Cadillac,0 days 01:25:58.035000,,1,,False,,False,False
0 days 01:30:04.402000,BOT,77,0 days 00:01:32.815000,30.0,5.0,,,0 days 00:00:32.168000,0 days 00:00:34.822000,0 days 00:00:25.825000,0 days 01:29:03.755000,0 days 01:29:38.577000,0 days 01:30:04.402000,217.0,188.0,268.0,304.0,False,SOFT,5.0,True,Cadillac,0 days 01:28:31.587000,,1,,False,,False,True
0 days 01:32:18.087000,BOT,77,0 days 00:02:13.685000,31.0,5.0,,,0 days 00:00:44.295000,0 days 00:00:42.183000,0 days 00:00:47.207000,0 days 01:30:48.697000,0 days 01:31:30.880000,0 days 01:32:18.087000,169.0,155.0,43.0,164.0,False,SOFT,6.0,True,Cadillac,0 days 01:30:04.402000,,1,,False,,False,True
0 days 01:34:53.400000,BOT,77,,32.0,5.0,,,0 days 00:01:14.654000,0 days 00:00:45.319000,0 days 00:00:35.307000,0 days 01:33:32.871000,0 days 01:34:18.160000,0 days 01:34:53.400000,159.0,150.0,111.0,187.0,False,SOFT,7.0,True,Cadillac,0 days 01:32:18.087000,,12,,False,,False,False
0 days 01:37:22.864000,BOT,77,0 days 00:02:29.464000,33.0,5.0,,0 days 01:37:16.500000,0 days 00:01:05.503000,0 days 00:00:43.704000,0 days 00:00:40.257000,0 days 01:35:58.903000,0 days 01:36:42.607000,0 days 01:37:22.864000,186.0,165.0,,213.0,False,SOFT,8.0,True,Cadillac,0 days 01:34:53.400000,,1,,False,,False,False
0 days 00:05:31.434000,PIA,81,0 days 00:02:06.276000,1.0,1.0,0 days 00:03:42.365000,,0 days 00:00:54.391000,0 days 00:00:41.509000,0 days 00:00:30.376000,0 days 00:04:19.695000,0 days 00:05:01.194000,0 days 00:05:31.490000,196.0,163.0,275.0,248.0,False,HARD,1.0,True,McLaren,0 days 00:03:42.365000,,1,,False,,False,False
0 days 00:07:40.603000,PIA,81,0 days 00:02:09.169000,2.0,1.0,,,0 days 00:00:36.020000,0 days 00:00:49.943000,0 days 00:00:43.206000,0 days 00:06:07.454000,0 days 00:06:57.397000,0 days 00:07:40.603000,164.0,71.0,262.0,81.0,True,HARD,2.0,True,McLaren,0 days 00:05:31.434000,,1,,False,,False,True
0 days 00:09:12.344000,PIA,81,0 days 00:01:31.741000,3.0,1.0,,,0 days 00:00:31.401000,0 days 00:00:34.670000,0 days 00:00:25.670000,0 days 00:08:12.004000,0 days 00:08:46.674000,0 days 00:09:12.344000,212.0,187.0,258.0,310.0,True,HARD,3.0,True,McLaren,0 days 00:07:40.603000,,1,,False,,False,True
0 days 00:11:49.231000,PIA,81,,4.0,1.0,,,0 days 00:00:49.159000,0 days 00:00:57.829000,0 days 00:00:49.884000,0 days 00:10:01.634000,0 days 00:10:59.506000,0 days 00:11:49.334000,144.0,96.0,263.0,75.0,False,HARD,4.0,True,McLaren,0 days 00:09:12.344000,,1,,False,,False,False
0 days 00:13:26.286000,PIA,81,0 days 00:01:37.055000,5.0,1.0,,,0 days 00:00:31.498000,0 days 00:00:34.359000,0 days 00:00:31.198000,0 days 00:12:20.729000,0 days 00:12:55.088000,0 days 00:13:26.286000,215.0,190.0,205.0,199.0,False,HARD,5.0,True,McLaren,0 days 00:11:49.231000,,12,,True,DOUBLE YELLOW AT TURN 16,False,True
0 days 00:15:51.353000,PIA,81,0 days 00:02:25.067000,6.0,1.0,,,0 days 00:00:46.279000,0 days 00:00:54.418000,0 days 00:00:44.370000,0 days 00:14:12.565000,0 days 00:15:06.983000,0 days 00:15:51.353000,152.0,82.0,258.0,190.0,False,HARD,6.0,True,McLaren,0 days 00:13:26.286000,,1,,False,,False,True
0 days 00:17:49.404000,PIA,81,0 days 00:01:58.051000,7.0,1.0,,,0 days 00:00:42.040000,0 days 00:00:43.127000,0 days 00:00:32.884000,0 days 00:16:33.393000,0 days 00:17:16.520000,0 days 00:17:49.404000,159.0,156.0,263.0,209.0,False,HARD,7.0,True,McLaren,0 days 00:15:51.353000,,1,,False,,False,True
0 days 00:19:20.581000,PIA,81,0 days 00:01:31.177000,8.0,1.0,,,0 days 00:00:31.149000,0 days 00:00:34.406000,0 days 00:00:25.622000,0 days 00:18:20.553000,0 days 00:18:54.959000,0 days 00:19:20.581000,212.0,190.0,259.0,307.0,True,HARD,8.0,True,McLaren,0 days 00:17:49.404000,,1,,False,,False,True
0 days 00:21:22.280000,PIA,81,0 days 00:02:01.699000,9.0,1.0,,0 days 00:21:16.262000,0 days 00:00:42.235000,0 days 00:00:40.837000,0 days 00:00:38.627000,0 days 00:20:02.816000,0 days 00:20:43.653000,0 days 00:21:22.280000,178.0,148.0,,210.0,False,HARD,9.0,True,McLaren,0 days 00:19:20.581000,,1,,False,,False,False
0 days 00:23:50.224000,PIA,81,0 days 00:02:27.944000,10.0,1.0,0 days 00:32:32.077000,,0 days 00:01:16.577000,0 days 00:00:41.069000,0 days 00:00:30.298000,0 days 00:22:38.857000,0 days 00:23:19.926000,0 days 00:23:50.224000,186.0,157.0,263.0,245.0,False,HARD,10.0,True,McLaren,0 days 00:21:22.280000,,1,,False,,False,False
0 days 00:25:21.227000,PIA,81,0 days 00:01:31.003000,11.0,1.0,,,0 days 00:00:31.178000,0 days 00:00:34.283000,0 days 00:00:25.542000,0 days 00:24:21.402000,0 days 00:24:55.685000,0 days 00:25:21.227000,219.0,190.0,256.0,311.0,True,HARD,11.0,True,McLaren,0 days 00:23:50.224000,,1,,False,,False,True
0 days 00:27:29.887000,PIA,81,0 days 00:02:08.660000,12.0,1.0,,,0 days 00:00:44.091000,0 days 00:00:50.205000,0 days 00:00:34.364000,0 days 00:26:05.318000,0 days 00:26:55.523000,0 days 00:27:29.887000,151.0,106.0,260.0,247.0,False,HARD,12.0,True,McLaren,0 days 00:25:21.227000,,1,,False,,False,True
0 days 00:29:01.018000,PIA,81,0 days 00:01:31.131000,13.0,1.0,,,0 days 00:00:31.237000,0 days 00:00:34.422000,0 days 00:00:25.472000,0 days 00:28:01.124000,0 days 00:28:35.546000,0 days 00:29:01.018000,205.0,190.0,255.0,312.0,False,HARD,13.0,True,McLaren,0 days 00:27:29.887000,,1,,False,,False,True
0 days 00:31:02.184000,PIA,81,0 days 00:02:01.166000,14.0,1.0,,0 days 00:41:48.753000,0 days 00:00:41.858000,0 days 00:00:43.277000,0 days 00:00:36.031000,0 days 00:29:42.876000,0 days 00:30:26.153000,0 days 00:31:02.184000,170.0,160.0,,226.0,False,HARD,14.0,True,McLaren,0 days 00:29:01.018000,,1,,False,,False,False
0 days 00:33:14.023000,PIA,81,0 days 00:02:11.839000,15.0,2.0,0 days 00:53:16.752000,,0 days 00:01:10.599000,0 days 00:00:35.040000,0 days 00:00:26.200000,0 days 00:32:12.783000,0 days 00:32:47.823000,0 days 00:33:14.023000,210.0,178.0,288.0,262.0,False,HARD,2.0,False,McLaren,0 days 00:31:02.184000,,1,,False,,False,False
0 days 00:34:47.177000,PIA,81,0 days 00:01:33.154000,16.0,2.0,,,0 days 00:00:31.894000,0 days 00:00:34.949000,0 days 00:00:26.311000,0 days 00:33:45.917000,0 days 00:34:20.866000,0 days 00:34:47.177000,211.0,186.0,264.0,294.0,False,HARD,3.0,False,McLaren,0 days 00:33:14.023000,,1,,False,,False,True
0 days 00:36:21.967000,PIA,81,0 days 00:01:34.790000,17.0,2.0,,,0 days 00:00:32.113000,0 days 00:00:36.208000,0 days 00:00:26.469000,0 days 00:35:19.290000,0 days 00:35:55.498000,0 days 00:36:21.967000,215.0,178.0,263.0,298.0,False,HARD,4.0,False,McLaren,0 days 00:34:47.177000,,1,,False,,False,True
0 days 00:37:56.709000,PIA,81,0 days 00:01:34.742000,18.0,2.0,,,0 days 00:00:32.307000,0 days 00:00:35.911000,0 days 00:00:26.524000,0 days 00:36:54.274000,0 days 00:37:30.185000,0 days 00:37:56.709000,211.0,183.0,255.0,313.0,False,HARD,5.0,False,McLaren,0 days 00:36:21.967000,,1,,False,,False,True
0 days 00:39:32.595000,PIA,81,0 days 00:01:35.886000,19.0,2.0,,,0 days 00:00:34.013000,0 days 00:00:35.336000,0 days 00:00:26.537000,0 days 00:38:30.722000,0 days 00:39:06.058000,0 days 00:39:32.595000,211.0,184.0,274.0,293.0,False,HARD,6.0,False,McLaren,0 days 00:37:56.709000,,1,,False,,False,True
0 days 00:41:06.715000,PIA,81,0 days 00:01:34.120000,20.0,2.0,,,0 days 00:00:32.240000,0 days 00:00:35.680000,0 days 00:00:26.200000,0 days 00:40:04.835000,0 days 00:40:40.515000,0 days 00:41:06.715000,213.0,186.0,280.0,296.0,False,HARD,7.0,False,McLaren,0 days 00:39:32.595000,,1,,False,,False,True
0 days 00:42:40.374000,PIA,81,0 days 00:01:33.659000,21.0,2.0,,,0 days 00:00:32.026000,0 days 00:00:35.338000,0 days 00:00:26.295000,0 days 00:41:38.741000,0 days 00:42:14.079000,0 days 00:42:40.374000,211.0,187.0,278.0,300.0,False,HARD,8.0,False,McLaren,0 days 00:41:06.715000,,1,,False,,False,True
0 days 00:44:13.823000,PIA,81,0 days 00:01:33.449000,22.0,2.0,,,0 days 00:00:32.151000,0 days 00:00:35.268000,0 days 00:00:26.030000,0 days 00:43:12.525000,0 days 00:43:47.793000,0 days 00:44:13.823000,213.0,187.0,276.0,299.0,False,HARD,9.0,False,McLaren,0 days 00:42:40.374000,,1,,False,,False,True
0 days 00:45:46.944000,PIA,81,0 days 00:01:33.121000,23.0,2.0,,,0 days 00:00:32.102000,0 days 00:00:35.104000,0 days 00:00:25.915000,0 days 00:44:45.925000,0 days 00:45:21.029000,0 days 00:45:46.944000,210.0,187.0,278.0,308.0,False,HARD,10.0,False,McLaren,0 days 00:44:13.823000,,1,,False,,False,True
0 days 00:47:25.552000,PIA,81,0 days 00:01:38.608000,24.0,2.0,,0 days 01:09:15.970000,0 days 00:00:32.531000,0 days 00:00:34.906000,0 days 00:00:31.171000,0 days 00:46:19.475000,0 days 00:46:54.381000,0 days 00:47:25.552000,208.0,185.0,,313.0,False,HARD,11.0,False,McLaren,0 days 00:45:46.944000,,1,,False,,False,False
0 days 01:18:10.796000,PIA,81,,25.0,4.0,0 days 01:16:22.107000,,0 days 00:00:50.726000,0 days 00:00:41.602000,0 days 00:00:30.432000,0 days 01:16:59.013000,0 days 01:17:40.614000,0 days 01:18:10.872000,182.0,141.0,265.0,220.0,False,SOFT,1.0,True,McLaren,0 days 00:47:25.552000,,1,,False,,False,False
0 days 01:19:40.757000,PIA,81,0 days 00:01:29.961000,26.0,4.0,,,0 days 00:00:30.764000,0 days 00:00:34.025000,0 days 00:00:25.172000,0 days 01:18:41.560000,0 days 01:19:15.585000,0 days 01:19:40.757000,218.0,191.0,264.0,313.0,True,SOFT,2.0,True,McLaren,0 days 01:18:10.796000,,1,,False,,False,True
0 days 01:21:41.902000,PIA,81,0 days 00:02:01.145000,27.0,4.0,,,0 days 00:00:43.091000,0 days 00:00:44.177000,0 days 00:00:33.877000,0 days 01:20:23.848000,0 days 01:21:08.025000,0 days 01:21:41.902000,161.0,129.0,223.0,209.0,False,SOFT,3.0,True,McLaren,0 days 01:19:40.757000,,1,,False,,False,True
0 days 01:23:48.112000,PIA,81,0 days 00:02:06.210000,28.0,4.0,,,0 days 00:00:41.885000,0 days 00:00:45.843000,0 days 00:00:38.482000,0 days 01:22:23.787000,0 days 01:23:09.630000,0 days 01:23:48.112000,164.0,88.0,267.0,200.0,False,SOFT,4.0,True,McLaren,0 days 01:21:41.902000,,1,,False,,False,True
0 days 01:25:17.870000,PIA,81,0 days 00:01:29.758000,29.0,4.0,,,0 days 00:00:30.761000,0 days 00:00:33.906000,0 days 00:00:25.091000,0 days 01:24:18.873000,0 days 01:24:52.779000,0 days 01:25:17.870000,218.0,191.0,262.0,315.0,True,SOFT,5.0,True,McLaren,0 days 01:23:48.112000,,1,,False,,False,True
0 days 01:27:19.640000,PIA,81,0 days 00:02:01.770000,30.0,4.0,,,0 days 00:00:41.089000,0 days 00:00:45.271000,0 days 00:00:35.410000,0 days 01:25:58.959000,0 days 01:26:44.230000,0 days 01:27:19.640000,159.0,124.0,173.0,246.0,False,SOFT,6.0,True,McLaren,0 days 01:25:17.870000,,1,,False,,False,True
0 days 01:29:36.313000,PIA,81,0 days 00:02:16.673000,31.0,4.0,,,0 days 00:00:46.124000,0 days 00:00:46.044000,0 days 00:00:44.505000,0 days 01:28:05.764000,0 days 01:28:51.808000,0 days 01:29:36.313000,174.0,144.0,261.0,64.0,False,SOFT,7.0,True,McLaren,0 days 01:27:19.640000,,1,,False,,False,True
0 days 01:31:06.860000,PIA,81,0 days 00:01:30.547000,32.0,4.0,,,0 days 00:00:31.424000,0 days 00:00:33.790000,0 days 00:00:25.333000,0 days 01:30:07.737000,0 days 01:30:41.527000,0 days 01:31:06.860000,217.0,191.0,256.0,311.0,False,SOFT,8.0,True,McLaren,0 days 01:29:36.313000,,1,,False,,False,True
0 days 01:33:32.317000,PIA,81,0 days 00:02:25.457000,33.0,4.0,,,0 days 00:00:41.885000,0 days 00:00:47.899000,0 days 00:00:55.673000,0 days 01:31:48.745000,0 days 01:32:36.644000,0 days 01:33:32.317000,136.0,116.0,75.0,148.0,False,SOFT,9.0,True,McLaren,0 days 01:31:06.860000,,12,,False,,False,True
0 days 01:36:08.244000,PIA,81,,34.0,4.0,,,0 days 00:01:07.234000,0 days 00:00:43.411000,0 days 00:00:45.114000,0 days 01:34:39.753000,0 days 01:35:23.307000,0 days 01:36:08.244000,173.0,152.0,51.0,128.0,False,SOFT,10.0,True,McLaren,0 days 01:33:32.317000,,1,,False,,False,False
0 days 01:39:30.810000,PIA,81,,35.0,4.0,,0 days 01:38:24.520000,0 days 00:01:09.447000,0 days 00:00:37.656000,0 days 00:01:35.517000,0 days 01:37:17.705000,0 days 01:37:55.293000,0 days 01:39:30.998000,218.0,150.0,,277.0,False,SOFT,11.0,True,McLaren,0 days 01:36:08.244000,,1,,False,,False,False
0 days 00:02:56.668000,BEA,87,,1.0,1.0,0 days 00:00:56.550000,,,0 days 00:00:45.641000,0 days 00:00:36.077000,,0 days 00:02:20.769000,0 days 00:02:56.783000,181.0,155.0,251.0,174.0,False,HARD,1.0,True,Haas F1 Team,0 days 00:00:56.550000,,1,,False,,False,False
0 days 00:04:31.263000,BEA,87,0 days 00:01:34.595000,2.0,1.0,,,0 days 00:00:32.963000,0 days 00:00:35.264000,0 days 00:00:26.368000,0 days 00:03:29.631000,0 days 00:04:04.895000,0 days 00:04:31.263000,213.0,186.0,248.0,311.0,True,HARD,2.0,True,Haas F1 Team,0 days 00:02:56.668000,,1,,False,,False,True
0 days 00:07:02.504000,BEA,87,,3.0,1.0,,,0 days 00:00:59.132000,0 days 00:00:54.623000,0 days 00:00:37.489000,0 days 00:05:30.505000,0 days 00:06:25.285000,0 days 00:07:02.617000,128.0,130.0,253.0,211.0,False,HARD,3.0,True,Haas F1 Team,0 days 00:04:31.263000,,1,,False,,False,False
0 days 00:08:35.463000,BEA,87,0 days 00:01:32.959000,4.0,1.0,,,0 days 00:00:32.271000,0 days 00:00:34.762000,0 days 00:00:25.926000,0 days 00:07:34.775000,0 days 00:08:09.537000,0 days 00:08:35.463000,210.0,187.0,252.0,314.0,True,HARD,4.0,True,Haas F1 Team,0 days 00:07:02.504000,,1,,False,,False,True
0 days 00:11:22.989000,BEA,87,,5.0,1.0,,,0 days 00:00:59.761000,0 days 00:01:02.140000,0 days 00:00:45.645000,0 days 00:09:35.434000,0 days 00:10:37.509000,0 days 00:11:23.136000,115.0,101.0,256.0,203.0,False,HARD,5.0,True,Haas F1 Team,0 days 00:08:35.463000,,1,,False,,False,False
0 days 00:12:55.064000,BEA,87,0 days 00:01:32.075000,6.0,1.0,,,0 days 00:00:31.935000,0 days 00:00:34.560000,0 days 00:00:25.580000,0 days 00:11:54.924000,0 days 00:12:29.484000,0 days 00:12:55.064000,218.0,188.0,257.0,317.0,True,HARD,6.0,True,Haas F1 Team,0 days 00:11:22.989000,,1,,False,,False,True
0 days 00:15:21.438000,BEA,87,0 days 00:02:26.374000,7.0,1.0,,,0 days 00:00:58.932000,0 days 00:00:52.902000,0 days 00:00:34.540000,0 days 00:13:53.996000,0 days 00:14:46.898000,0 days 00:15:21.438000,130.0,129.0,256.0,230.0,False,HARD,7.0,True,Haas F1 Team,0 days 00:12:55.064000,,12,,False,,False,True
0 days 00:16:53.118000,BEA,87,0 days 00:01:31.680000,8.0,1.0,,,0 days 00:00:31.985000,0 days 00:00:34.226000,0 days 00:00:25.469000,0 days 00:15:53.423000,0 days 00:16:27.649000,0 days 00:16:53.118000,219.0,188.0,263.0,318.0,True,HARD,8.0,True,Haas F1 Team,0 days 00:15:21.438000,,1,,False,,False,True
0 days 00:19:10.155000,BEA,87,0 days 00:02:17.037000,9.0,1.0,,0 days 00:19:04.142000,0 days 00:00:48.471000,0 days 00:00:47.402000,0 days 00:00:41.164000,0 days 00:17:41.589000,0 days 00:18:28.991000,0 days 00:19:10.155000,152.0,141.0,,184.0,False,HARD,9.0,True,Haas F1 Team,0 days 00:16:53.118000,,1,,False,,False,False
0 days 00:22:23.619000,BEA,87,,10.0,2.0,0 days 00:20:06.637000,,,0 days 00:00:48.643000,0 days 00:00:30.979000,,0 days 00:21:52.710000,0 days 00:22:23.634000,179.0,148.0,257.0,269.0,False,HARD,10.0,False,Haas F1 Team,0 days 00:19:10.155000,,1,,False,,False,False
0 days 00:23:55.650000,BEA,87,0 days 00:01:32.031000,11.0,2.0,,,0 days 00:00:31.996000,0 days 00:00:34.520000,0 days 00:00:25.515000,0 days 00:22:55.615000,0 days 00:23:30.135000,0 days 00:23:55.650000,212.0,189.0,266.0,314.0,False,HARD,11.0,False,Haas F1 Team,0 days 00:22:23.619000,,1,,False,,False,True
0 days 00:26:02.963000,BEA,87,0 days 00:02:07.313000,12.0,2.0,,0 days 00:25:57.322000,0 days 00:00:43.973000,0 days 00:00:45.739000,0 days 00:00:37.601000,0 days 00:24:39.623000,0 days 00:25:25.362000,0 days 00:26:02.963000,169.0,152.0,,188.0,False,HARD,12.0,False,Haas F1 Team,0 days 00:23:55.650000,,1,,False,,False,False
0 days 00:38:15.779000,BEA,87,,13.0,3.0,0 days 00:35:54.272000,,,0 days 00:00:35.815000,0 days 00:00:26.014000,,0 days 00:37:49.869000,0 days 00:38:15.819000,203.0,184.0,287.0,281.0,False,HARD,13.0,False,Haas F1 Team,0 days 00:26:02.963000,,1,,False,,False,False
0 days 00:39:50.170000,BEA,87,0 days 00:01:34.391000,14.0,3.0,,,0 days 00:00:33.063000,0 days 00:00:35.390000,0 days 00:00:25.938000,0 days 00:38:48.842000,0 days 00:39:24.232000,0 days 00:39:50.170000,212.0,184.0,283.0,298.0,False,HARD,14.0,False,Haas F1 Team,0 days 00:38:15.779000,,1,,False,,False,True
0 days 00:41:24.873000,BEA,87,0 days 00:01:34.703000,15.0,3.0,,,0 days 00:00:33.140000,0 days 00:00:35.485000,0 days 00:00:26.078000,0 days 00:40:23.310000,0 days 00:40:58.795000,0 days 00:41:24.873000,209.0,183.0,284.0,296.0,False,HARD,15.0,False,Haas F1 Team,0 days 00:39:50.170000,,1,,False,,False,True
0 days 00:42:59.843000,BEA,87,0 days 00:01:34.970000,16.0,3.0,,,0 days 00:00:33.451000,0 days 00:00:35.493000,0 days 00:00:26.026000,0 days 00:41:58.324000,0 days 00:42:33.817000,0 days 00:42:59.843000,211.0,181.0,288.0,304.0,False,HARD,16.0,False,Haas F1 Team,0 days 00:41:24.873000,,1,,False,,False,True
0 days 00:44:34.416000,BEA,87,0 days 00:01:34.573000,17.0,3.0,,,0 days 00:00:33.120000,0 days 00:00:35.353000,0 days 00:00:26.100000,0 days 00:43:32.963000,0 days 00:44:08.316000,0 days 00:44:34.416000,212.0,179.0,282.0,306.0,False,HARD,17.0,False,Haas F1 Team,0 days 00:42:59.843000,,1,,False,,False,True
0 days 00:46:09.177000,BEA,87,0 days 00:01:34.761000,18.0,3.0,,,0 days 00:00:33.321000,0 days 00:00:35.456000,0 days 00:00:25.984000,0 days 00:45:07.737000,0 days 00:45:43.193000,0 days 00:46:09.177000,210.0,179.0,282.0,310.0,False,HARD,18.0,False,Haas F1 Team,0 days 00:44:34.416000,,1,,False,,False,True
0 days 00:47:43.953000,BEA,87,0 days 00:01:34.776000,19.0,3.0,,,0 days 00:00:33.187000,0 days 00:00:35.604000,0 days 00:00:25.985000,0 days 00:46:42.364000,0 days 00:47:17.968000,0 days 00:47:43.953000,211.0,181.0,287.0,309.0,False,HARD,19.0,False,Haas F1 Team,0 days 00:46:09.177000,,1,,False,,False,True
0 days 00:49:18.613000,BEA,87,0 days 00:01:34.660000,20.0,3.0,,,0 days 00:00:33.248000,0 days 00:00:35.490000,0 days 00:00:25.922000,0 days 00:48:17.201000,0 days 00:48:52.691000,0 days 00:49:18.613000,211.0,180.0,288.0,314.0,False,HARD,20.0,False,Haas F1 Team,0 days 00:47:43.953000,,1,,False,,False,True
0 days 00:50:54.152000,BEA,87,0 days 00:01:35.539000,21.0,3.0,,,0 days 00:00:33.493000,0 days 00:00:35.778000,0 days 00:00:26.268000,0 days 00:49:52.106000,0 days 00:50:27.884000,0 days 00:50:54.152000,211.0,179.0,285.0,307.0,False,HARD,21.0,False,Haas F1 Team,0 days 00:49:18.613000,,1,,False,,False,True
0 days 00:52:29.483000,BEA,87,0 days 00:01:35.331000,22.0,3.0,,,0 days 00:00:33.260000,0 days 00:00:35.933000,0 days 00:00:26.138000,0 days 00:51:27.412000,0 days 00:52:03.345000,0 days 00:52:29.483000,210.0,178.0,288.0,310.0,False,HARD,22.0,False,Haas F1 Team,0 days 00:50:54.152000,,1,,False,,False,True
0 days 00:54:04.983000,BEA,87,0 days 00:01:35.500000,23.0,3.0,,,0 days 00:00:33.363000,0 days 00:00:36.187000,0 days 00:00:25.950000,0 days 00:53:02.846000,0 days 00:53:39.033000,0 days 00:54:04.983000,210.0,181.0,289.0,315.0,False,HARD,23.0,False,Haas F1 Team,0 days 00:52:29.483000,,1,,False,,False,True
0 days 00:55:51.821000,BEA,87,0 days 00:01:46.838000,24.0,3.0,,0 days 00:55:46.184000,0 days 00:00:33.454000,0 days 00:00:36.006000,0 days 00:00:37.378000,0 days 00:54:38.437000,0 days 00:55:14.443000,0 days 00:55:51.821000,211.0,178.0,,154.0,False,HARD,24.0,False,Haas F1 Team,0 days 00:54:04.983000,,1,,False,,False,False
0 days 01:07:42.360000,BEA,87,,25.0,4.0,0 days 01:05:44.097000,,,0 days 00:00:49.113000,0 days 00:00:29.596000,,0 days 01:07:12.889000,0 days 01:07:42.389000,173.0,149.0,259.0,282.0,False,MEDIUM,1.0,True,Haas F1 Team,0 days 00:55:51.821000,,1,,False,,False,False
0 days 01:09:14.354000,BEA,87,0 days 00:01:31.994000,26.0,4.0,,,0 days 00:00:31.939000,0 days 00:00:34.462000,0 days 00:00:25.593000,0 days 01:08:14.299000,0 days 01:08:48.761000,0 days 01:09:14.354000,215.0,186.0,262.0,325.0,False,MEDIUM,2.0,True,Haas F1 Team,0 days 01:07:42.360000,,1,,False,,False,True
0 days 01:11:37.485000,BEA,87,0 days 00:02:23.131000,27.0,4.0,,0 days 01:11:31.547000,0 days 00:00:54.042000,0 days 00:00:46.807000,0 days 00:00:42.282000,0 days 01:10:08.396000,0 days 01:10:55.203000,0 days 01:11:37.485000,162.0,138.0,,188.0,False,MEDIUM,3.0,True,Haas F1 Team,0 days 01:09:14.354000,,1,,False,,False,False
0 days 01:18:42.891000,BEA,87,,28.0,5.0,0 days 01:16:41.031000,,,0 days 00:00:44.183000,0 days 00:00:30.588000,,0 days 01:18:12.419000,0 days 01:18:42.950000,169.0,150.0,258.0,249.0,False,SOFT,1.0,True,Haas F1 Team,0 days 01:11:37.485000,,1,,False,,False,False
0 days 01:20:13.982000,BEA,87,0 days 00:01:31.091000,29.0,5.0,,,0 days 00:00:31.401000,0 days 00:00:34.113000,0 days 00:00:25.577000,0 days 01:19:14.292000,0 days 01:19:48.405000,0 days 01:20:13.982000,217.0,190.0,253.0,318.0,True,SOFT,2.0,True,Haas F1 Team,0 days 01:18:42.891000,,1,,False,,False,True
0 days 01:23:14.908000,BEA,87,,30.0,5.0,,0 days 01:23:08.403000,0 days 00:01:07.339000,0 days 00:01:02.286000,0 days 00:00:51.321000,0 days 01:21:21.438000,0 days 01:22:23.829000,0 days 01:23:14.908000,125.0,111.0,,130.0,False,SOFT,3.0,True,Haas F1 Team,0 days 01:20:13.982000,,1,,False,,False,False
0 days 01:27:23.790000,BEA,87,,31.0,6.0,0 days 01:25:19.125000,,,0 days 00:00:39.658000,0 days 00:00:39.143000,,0 days 01:26:44.825000,0 days 01:27:23.790000,167.0,169.0,257.0,96.0,False,SOFT,4.0,False,Haas F1 Team,0 days 01:23:14.908000,,1,,False,,False,False
0 days 01:29:55.777000,BEA,87,,32.0,6.0,,,0 days 00:00:49.558000,0 days 00:00:51.077000,0 days 00:00:51.323000,0 days 01:28:13.424000,0 days 01:29:04.562000,0 days 01:29:55.777000,149.0,139.0,41.0,166.0,False,SOFT,5.0,False,Haas F1 Team,0 days 01:27:23.790000,,1,,False,,False,False
0 days 01:32:15.822000,BEA,87,0 days 00:02:20.045000,33.0,6.0,,,0 days 00:00:56.207000,0 days 00:00:41.926000,0 days 00:00:41.912000,0 days 01:30:51.984000,0 days 01:31:33.910000,0 days 01:32:15.822000,171.0,173.0,52.0,230.0,False,SOFT,6.0,False,Haas F1 Team,0 days 01:29:55.777000,,1,,False,,False,True
0 days 01:34:35.633000,BEA,87,0 days 00:02:19.811000,34.0,6.0,,,0 days 00:00:59.212000,0 days 00:00:41.284000,0 days 00:00:39.315000,0 days 01:33:15.034000,0 days 01:33:56.318000,0 days 01:34:35.633000,168.0,159.0,73.0,264.0,False,SOFT,7.0,False,Haas F1 Team,0 days 01:32:15.822000,,12,,False,,False,True
0 days 01:38:03.671000,BEA,87,,35.0,6.0,,0 days 01:37:03.948000,0 days 00:01:11.910000,0 days 00:00:45.072000,0 days 00:01:31.150000,0 days 01:35:47.620000,0 days 01:36:32.705000,0 days 01:38:03.671000,182.0,173.0,,214.0,False,SOFT,8.0,False,Haas F1 Team,0 days 01:34:35.633000,,1,,False,,False,False
