Time,Driver,DriverNumber,LapTime,LapNumber,Stint,PitOutTime,PitInTime,Sector1Time,Sector2Time,Sector3Time,Sector1SessionTime,Sector2SessionTime,Sector3SessionTime,SpeedI1,SpeedI2,SpeedFL,SpeedST,IsPersonalBest,Compound,TyreLife,FreshTyre,Team,LapStartTime,LapStartDate,TrackStatus,Position,Deleted,DeletedReason,FastF1Generated,IsAccurate
0 days 00:14:55.294000,NOR,1,,1.0,1.0,0 days 00:12:59.921000,,,0 days 00:00:23.001000,0 days 00:00:44.046000,,0 days 00:14:11.362000,0 days 00:14:55.357000,244.0,219.0,281.0,62.0,False,HARD,1.0,True,McLaren,0 days 00:12:59.921000,,1,,False,,False,False
0 days 00:16:21.246000,NOR,1,0 days 00:01:25.952000,2.0,1.0,,,0 days 00:00:29.509000,0 days 00:00:18.380000,0 days 00:00:38.063000,0 days 00:15:24.803000,0 days 00:15:43.183000,0 days 00:16:21.246000,255.0,291.0,274.0,292.0,True,HARD,2.0,True,McLaren,0 days 00:14:55.294000,,12,,False,,False,True
0 days 00:17:59.501000,NOR,1,0 days 00:01:38.255000,3.0,1.0,,,0 days 00:00:32.037000,0 days 00:00:19.145000,0 days 00:00:47.073000,0 days 00:16:53.283000,0 days 00:17:12.428000,0 days 00:17:59.501000,257.0,294.0,148.0,159.0,False,HARD,3.0,True,McLaren,0 days 00:16:21.246000,,1,,False,,False,True
0 days 00:27:25.498000,NOR,1,,4.0,1.0,,0 days 00:20:17.780000,0 days 00:00:52.162000,0 days 00:00:32.327000,,0 days 00:18:51.955000,0 days 00:19:24.164000,,128.0,159.0,,141.0,False,HARD,4.0,True,McLaren,0 days 00:17:59.501000,,1,,False,,False,False
0 days 00:29:02.397000,NOR,1,0 days 00:01:36.899000,5.0,2.0,0 days 00:27:27.972000,,0 days 00:00:36.873000,0 days 00:00:18.865000,0 days 00:00:41.161000,0 days 00:28:02.371000,0 days 00:28:21.236000,0 days 00:29:02.397000,261.0,291.0,296.0,180.0,False,HARD,5.0,False,McLaren,0 days 00:27:25.498000,,1,,False,,False,False
0 days 00:30:25.109000,NOR,1,0 days 00:01:22.712000,6.0,2.0,,,0 days 00:00:28.873000,0 days 00:00:17.857000,0 days 00:00:35.982000,0 days 00:29:31.270000,0 days 00:29:49.127000,0 days 00:30:25.109000,258.0,304.0,293.0,297.0,True,HARD,6.0,False,McLaren,0 days 00:29:02.397000,,1,,False,,False,True
0 days 00:31:48.582000,NOR,1,0 days 00:01:23.473000,7.0,2.0,,,0 days 00:00:29.399000,0 days 00:00:18.015000,0 days 00:00:36.059000,0 days 00:30:54.508000,0 days 00:31:12.523000,0 days 00:31:48.582000,265.0,293.0,280.0,274.0,False,HARD,7.0,False,McLaren,0 days 00:30:25.109000,,1,,False,,False,True
0 days 00:33:11.272000,NOR,1,0 days 00:01:22.690000,8.0,2.0,,,0 days 00:00:28.904000,0 days 00:00:18.126000,0 days 00:00:35.660000,0 days 00:32:17.486000,0 days 00:32:35.612000,0 days 00:33:11.272000,269.0,293.0,280.0,266.0,True,HARD,8.0,False,McLaren,0 days 00:31:48.582000,,1,,False,,False,True
0 days 00:34:34.302000,NOR,1,0 days 00:01:23.030000,9.0,2.0,,,0 days 00:00:29.129000,0 days 00:00:18.090000,0 days 00:00:35.811000,0 days 00:33:40.401000,0 days 00:33:58.491000,0 days 00:34:34.302000,259.0,292.0,293.0,274.0,False,HARD,9.0,False,McLaren,0 days 00:33:11.272000,,1,,False,,False,True
0 days 00:36:31.053000,NOR,1,0 days 00:01:56.751000,10.0,2.0,,0 days 00:36:11.361000,0 days 00:00:37.471000,0 days 00:00:21.200000,0 days 00:00:58.080000,0 days 00:35:11.773000,0 days 00:35:32.973000,0 days 00:36:31.053000,228.0,247.0,,225.0,False,HARD,10.0,False,McLaren,0 days 00:34:34.302000,,1,,False,,False,False
0 days 00:38:15.389000,NOR,1,0 days 00:01:44.336000,11.0,3.0,0 days 00:36:33.807000,,0 days 00:00:40.070000,0 days 00:00:19.677000,0 days 00:00:44.589000,0 days 00:37:11.123000,0 days 00:37:30.800000,0 days 00:38:15.389000,254.0,292.0,282.0,89.0,False,HARD,11.0,False,McLaren,0 days 00:36:31.053000,,1,,False,,False,False
0 days 00:39:37.329000,NOR,1,0 days 00:01:21.940000,12.0,3.0,,,0 days 00:00:28.775000,0 days 00:00:17.974000,0 days 00:00:35.191000,0 days 00:38:44.164000,0 days 00:39:02.138000,0 days 00:39:37.329000,274.0,292.0,310.0,295.0,True,HARD,12.0,False,McLaren,0 days 00:38:15.389000,,1,,False,,False,True
0 days 00:52:23.427000,NOR,1,,13.0,3.0,,0 days 00:41:09.925000,0 days 00:00:32.937000,0 days 00:00:20.772000,,0 days 00:40:10.454000,0 days 00:40:31.227000,,246.0,228.0,,251.0,False,HARD,13.0,False,McLaren,0 days 00:39:37.329000,,1,,False,,False,False
0 days 00:54:10.364000,NOR,1,0 days 00:01:46.937000,14.0,4.0,0 days 00:52:26.384000,,0 days 00:00:42.277000,0 days 00:00:19.735000,0 days 00:00:44.925000,0 days 00:53:05.704000,0 days 00:53:25.439000,0 days 00:54:10.364000,252.0,275.0,288.0,164.0,False,SOFT,1.0,True,McLaren,0 days 00:52:23.427000,,1,,False,,False,False
0 days 00:55:31.158000,NOR,1,0 days 00:01:20.794000,15.0,4.0,,,0 days 00:00:28.196000,0 days 00:00:17.913000,0 days 00:00:34.685000,0 days 00:54:38.560000,0 days 00:54:56.473000,0 days 00:55:31.158000,265.0,297.0,295.0,309.0,True,SOFT,2.0,True,McLaren,0 days 00:54:10.364000,,1,,False,,False,True
0 days 00:57:27.506000,NOR,1,0 days 00:01:56.348000,16.0,4.0,,,0 days 00:00:37.959000,0 days 00:00:28.972000,0 days 00:00:49.417000,0 days 00:56:09.117000,0 days 00:56:38.089000,0 days 00:57:27.506000,163.0,162.0,168.0,237.0,False,SOFT,3.0,True,McLaren,0 days 00:55:31.158000,,1,,False,,False,True
0 days 00:59:17.546000,NOR,1,0 days 00:01:50.040000,17.0,4.0,,,0 days 00:00:39.624000,0 days 00:00:27.379000,0 days 00:00:43.037000,0 days 00:58:07.130000,0 days 00:58:34.509000,0 days 00:59:17.546000,224.0,161.0,297.0,164.0,False,SOFT,4.0,True,McLaren,0 days 00:57:27.506000,,1,,False,,False,True
0 days 01:00:38.496000,NOR,1,0 days 00:01:20.950000,18.0,4.0,,,0 days 00:00:28.187000,0 days 00:00:17.905000,0 days 00:00:34.858000,0 days 00:59:45.733000,0 days 01:00:03.638000,0 days 01:00:38.496000,272.0,296.0,299.0,289.0,False,SOFT,5.0,True,McLaren,0 days 00:59:17.546000,,1,,False,,False,True
0 days 01:02:24.386000,NOR,1,0 days 00:01:45.890000,19.0,4.0,,,0 days 00:00:39.779000,0 days 00:00:25.393000,0 days 00:00:40.718000,0 days 01:01:18.275000,0 days 01:01:43.668000,0 days 01:02:24.386000,205.0,186.0,297.0,237.0,False,SOFT,6.0,True,McLaren,0 days 01:00:38.496000,,1,,False,,False,True
0 days 01:03:49.303000,NOR,1,0 days 00:01:24.917000,20.0,4.0,,,0 days 00:00:28.091000,0 days 00:00:17.760000,0 days 00:00:39.066000,0 days 01:02:52.477000,0 days 01:03:10.237000,0 days 01:03:49.303000,272.0,304.0,307.0,296.0,False,SOFT,7.0,True,McLaren,0 days 01:02:24.386000,,1,,False,,False,True
0 days 01:05:12.688000,NOR,1,0 days 00:01:23.385000,21.0,4.0,,,0 days 00:00:29.087000,0 days 00:00:18.073000,0 days 00:00:36.225000,0 days 01:04:18.390000,0 days 01:04:36.463000,0 days 01:05:12.688000,258.0,302.0,313.0,281.0,False,SOFT,8.0,True,McLaren,0 days 01:03:49.303000,,1,,False,,False,True
0 days 01:06:35.677000,NOR,1,0 days 00:01:22.989000,22.0,4.0,,,0 days 00:00:29.171000,0 days 00:00:17.995000,0 days 00:00:35.823000,0 days 01:05:41.859000,0 days 01:05:59.854000,0 days 01:06:35.677000,260.0,295.0,290.0,282.0,False,SOFT,9.0,True,McLaren,0 days 01:05:12.688000,,1,,False,,False,True
0 days 01:08:11.565000,NOR,1,0 days 00:01:35.888000,23.0,4.0,,,0 days 00:00:28.648000,0 days 00:00:18.149000,0 days 00:00:49.091000,0 days 01:07:04.325000,0 days 01:07:22.474000,0 days 01:08:11.565000,266.0,293.0,167.0,274.0,False,SOFT,10.0,True,McLaren,0 days 01:06:35.677000,,126,,False,,False,False
0 days 01:09:44.052000,NOR,1,0 days 00:01:32.487000,24.0,4.0,,,0 days 00:00:37.280000,0 days 00:00:19.295000,0 days 00:00:35.912000,0 days 01:08:48.845000,0 days 01:09:08.140000,0 days 01:09:44.052000,202.0,300.0,283.0,158.0,False,SOFT,11.0,True,McLaren,0 days 01:08:11.565000,,671,,False,,False,False
0 days 01:11:12.176000,NOR,1,0 days 00:01:28.124000,25.0,4.0,,,0 days 00:00:29.532000,0 days 00:00:17.715000,0 days 00:00:40.877000,0 days 01:10:13.584000,0 days 01:10:31.299000,0 days 01:11:12.176000,259.0,302.0,285.0,269.0,False,SOFT,12.0,True,McLaren,0 days 01:09:44.052000,,1,,False,,False,True
0 days 01:12:35.780000,NOR,1,0 days 00:01:23.604000,26.0,4.0,,,0 days 00:00:28.811000,0 days 00:00:17.857000,0 days 00:00:36.936000,0 days 01:11:40.987000,0 days 01:11:58.844000,0 days 01:12:35.780000,268.0,299.0,304.0,277.0,False,SOFT,13.0,True,McLaren,0 days 01:11:12.176000,,1,,False,,False,True
0 days 01:14:01.054000,NOR,1,0 days 00:01:25.274000,27.0,4.0,,,0 days 00:00:29.207000,0 days 00:00:18.735000,0 days 00:00:37.332000,0 days 01:13:04.987000,0 days 01:13:23.722000,0 days 01:14:01.054000,255.0,263.0,288.0,301.0,False,SOFT,14.0,True,McLaren,0 days 01:12:35.780000,,1,,False,,False,True
0 days 01:16:38.254000,NOR,1,,28.0,4.0,,,0 days 00:00:34.218000,0 days 00:00:24.905000,0 days 00:01:37.989000,0 days 01:14:35.554000,0 days 01:15:00.393000,0 days 01:16:38.254000,215.0,198.0,147.0,271.0,False,SOFT,15.0,True,McLaren,0 days 01:14:01.054000,,1,,False,,False,False
0 days 01:18:15.613000,NOR,1,,29.0,4.0,,0 days 01:18:15.613000,0 days 00:00:33.850000,0 days 00:00:19.255000,,0 days 01:17:12.232000,0 days 01:17:31.470000,,227.0,239.0,,257.0,False,SOFT,16.0,True,McLaren,0 days 01:16:38.254000,,1,,False,,False,False
0 days 00:40:27.229000,VER,3,0 days 00:01:47.564000,1.0,1.0,0 days 00:38:41.876000,,0 days 00:00:40.495000,0 days 00:00:21.505000,0 days 00:00:45.564000,0 days 00:39:20.402000,0 days 00:39:41.863000,0 days 00:40:27.434000,233.0,267.0,280.0,179.0,False,MEDIUM,1.0,True,Red Bull Racing,0 days 00:38:41.876000,,1,,False,,False,False
0 days 00:41:49.439000,VER,3,0 days 00:01:22.210000,2.0,1.0,,,0 days 00:00:28.962000,0 days 00:00:18.187000,0 days 00:00:35.061000,0 days 00:40:56.191000,0 days 00:41:14.378000,0 days 00:41:49.439000,244.0,294.0,299.0,298.0,True,MEDIUM,2.0,True,Red Bull Racing,0 days 00:40:27.229000,,1,,False,,False,True
0 days 00:43:50.972000,VER,3,0 days 00:02:01.533000,3.0,1.0,,,0 days 00:00:45.033000,0 days 00:00:27.902000,0 days 00:00:48.598000,0 days 00:42:34.472000,0 days 00:43:02.374000,0 days 00:43:50.972000,171.0,203.0,277.0,226.0,False,MEDIUM,3.0,True,Red Bull Racing,0 days 00:41:49.439000,,1,,False,,False,True
0 days 00:45:12.052000,VER,3,0 days 00:01:21.080000,4.0,1.0,,,0 days 00:00:28.537000,0 days 00:00:17.642000,0 days 00:00:34.901000,0 days 00:44:19.509000,0 days 00:44:37.151000,0 days 00:45:12.052000,251.0,291.0,301.0,299.0,True,MEDIUM,4.0,True,Red Bull Racing,0 days 00:43:50.972000,,1,,False,,False,True
0 days 00:46:59.449000,VER,3,0 days 00:01:47.397000,5.0,1.0,,0 days 00:46:41.661000,0 days 00:00:32.679000,0 days 00:00:19.508000,0 days 00:00:55.210000,0 days 00:45:44.731000,0 days 00:46:04.239000,0 days 00:46:59.449000,235.0,287.0,,243.0,False,MEDIUM,5.0,True,Red Bull Racing,0 days 00:45:12.052000,,1,,False,,False,False
0 days 00:48:39.710000,VER,3,0 days 00:01:40.261000,6.0,2.0,0 days 00:47:01.827000,,0 days 00:00:38.960000,0 days 00:00:21.168000,0 days 00:00:40.133000,0 days 00:47:38.409000,0 days 00:47:59.577000,0 days 00:48:39.710000,227.0,266.0,284.0,207.0,False,SOFT,1.0,True,Red Bull Racing,0 days 00:46:59.449000,,1,,False,,False,False
0 days 00:50:00.076000,VER,3,0 days 00:01:20.366000,7.0,2.0,,,0 days 00:00:28.149000,0 days 00:00:17.570000,0 days 00:00:34.647000,0 days 00:49:07.859000,0 days 00:49:25.429000,0 days 00:50:00.076000,250.0,287.0,291.0,303.0,True,SOFT,2.0,True,Red Bull Racing,0 days 00:48:39.710000,,1,,False,,False,True
0 days 00:58:00.211000,VER,3,,8.0,2.0,,0 days 00:51:28.703000,0 days 00:00:33.104000,0 days 00:00:19.371000,,0 days 00:50:33.540000,0 days 00:50:52.888000,,247.0,287.0,,236.0,False,SOFT,3.0,True,Red Bull Racing,0 days 00:50:00.076000,,1,,False,,False,False
0 days 01:00:01.997000,VER,3,,9.0,3.0,0 days 00:58:00.211000,,0 days 00:01:37.242000,0 days 00:00:18.623000,0 days 00:00:44.244000,0 days 00:58:59.357000,0 days 00:59:18.029000,0 days 01:00:02.034000,259.0,287.0,289.0,211.0,False,MEDIUM,6.0,False,Red Bull Racing,0 days 00:58:00.211000,,1,,False,,False,False
0 days 01:01:26.585000,VER,3,0 days 00:01:24.588000,10.0,3.0,,,0 days 00:00:29.773000,0 days 00:00:18.335000,0 days 00:00:36.480000,0 days 01:00:31.770000,0 days 01:00:50.105000,0 days 01:01:26.585000,243.0,293.0,289.0,284.0,False,MEDIUM,7.0,False,Red Bull Racing,0 days 01:00:01.997000,,1,,False,,False,True
0 days 01:02:55.291000,VER,3,0 days 00:01:28.706000,11.0,3.0,,,0 days 00:00:29.773000,0 days 00:00:18.188000,0 days 00:00:40.745000,,0 days 01:02:14.546000,0 days 01:02:55.291000,244.0,297.0,287.0,285.0,False,MEDIUM,8.0,False,Red Bull Racing,0 days 01:01:26.585000,,1,,True,TRACK LIMITS AT TURN 10 LAP 12 ,False,True
0 days 01:04:20.209000,VER,3,0 days 00:01:24.918000,12.0,3.0,,,0 days 00:00:29.923000,0 days 00:00:18.401000,0 days 00:00:36.594000,0 days 01:03:25.214000,0 days 01:03:43.615000,0 days 01:04:20.209000,243.0,293.0,292.0,281.0,False,MEDIUM,9.0,False,Red Bull Racing,0 days 01:02:55.291000,,1,,False,,False,True
0 days 01:05:48.650000,VER,3,,13.0,3.0,,0 days 01:05:48.650000,0 days 00:00:29.709000,0 days 00:00:20.285000,,0 days 01:04:50.157000,0 days 01:05:10.446000,,244.0,278.0,,288.0,False,MEDIUM,10.0,False,Red Bull Racing,0 days 01:04:20.209000,,1,,False,,False,False
0 days 00:16:25.157000,BOR,5,,1.0,1.0,0 days 00:14:00.258000,,0 days 00:01:22.869000,0 days 00:00:20.907000,0 days 00:00:49.652000,0 days 00:15:14.848000,0 days 00:15:35.821000,0 days 00:16:25.299000,234.0,239.0,266.0,60.0,False,MEDIUM,1.0,True,Audi,0 days 00:14:00.258000,,12,,False,,False,False
0 days 00:18:01.766000,BOR,5,0 days 00:01:36.609000,2.0,1.0,,,0 days 00:00:29.889000,0 days 00:00:18.511000,0 days 00:00:48.209000,0 days 00:16:55.046000,0 days 00:17:13.557000,0 days 00:18:01.766000,250.0,283.0,277.0,283.0,True,MEDIUM,2.0,True,Audi,0 days 00:16:25.157000,,1,,False,,False,True
0 days 00:19:24.773000,BOR,5,0 days 00:01:23.007000,3.0,1.0,,,0 days 00:00:28.895000,0 days 00:00:18.401000,0 days 00:00:35.711000,0 days 00:18:30.661000,0 days 00:18:49.062000,0 days 00:19:24.773000,270.0,276.0,297.0,291.0,True,MEDIUM,3.0,True,Audi,0 days 00:18:01.766000,,1,,False,,False,True
0 days 00:21:38.439000,BOR,5,0 days 00:02:13.666000,4.0,1.0,,,0 days 00:00:50.435000,0 days 00:00:30.751000,0 days 00:00:52.480000,0 days 00:20:15.208000,0 days 00:20:45.959000,0 days 00:21:38.439000,181.0,185.0,275.0,208.0,False,MEDIUM,4.0,True,Audi,0 days 00:19:24.773000,,1,,False,,False,True
0 days 00:23:30.926000,BOR,5,0 days 00:01:52.487000,5.0,1.0,,0 days 00:23:05.610000,0 days 00:00:29.159000,0 days 00:00:17.871000,0 days 00:01:05.457000,0 days 00:22:07.598000,0 days 00:22:25.469000,0 days 00:23:30.926000,252.0,291.0,,290.0,False,MEDIUM,5.0,True,Audi,0 days 00:21:38.439000,,1,,False,,False,False
0 days 00:25:13.058000,BOR,5,0 days 00:01:42.132000,6.0,2.0,0 days 00:23:33.324000,,0 days 00:00:40.763000,0 days 00:00:20.335000,0 days 00:00:41.034000,0 days 00:24:11.689000,0 days 00:24:32.024000,0 days 00:25:13.058000,237.0,259.0,277.0,133.0,False,MEDIUM,6.0,False,Audi,0 days 00:23:30.926000,,1,,False,,False,False
0 days 00:26:35.048000,BOR,5,0 days 00:01:21.990000,7.0,2.0,,,0 days 00:00:28.553000,0 days 00:00:17.918000,0 days 00:00:35.519000,0 days 00:25:41.611000,0 days 00:25:59.529000,0 days 00:26:35.048000,271.0,280.0,297.0,289.0,True,MEDIUM,7.0,False,Audi,0 days 00:25:13.058000,,1,,False,,False,True
0 days 00:36:21.385000,BOR,5,,8.0,2.0,,0 days 00:28:27.070000,0 days 00:00:42.466000,0 days 00:00:31.240000,,0 days 00:27:17.900000,0 days 00:27:49.048000,,116.0,233.0,,298.0,False,MEDIUM,8.0,False,Audi,0 days 00:26:35.048000,,1,,False,,False,False
0 days 00:38:30.432000,BOR,5,0 days 00:02:09.047000,9.0,3.0,0 days 00:36:25.502000,,0 days 00:01:01.040000,0 days 00:00:20.400000,0 days 00:00:47.607000,0 days 00:37:22.425000,0 days 00:37:42.825000,0 days 00:38:30.432000,241.0,248.0,276.0,164.0,False,SOFT,1.0,True,Audi,0 days 00:36:21.385000,,1,,False,,False,False
0 days 00:40:15.749000,BOR,5,0 days 00:01:45.317000,10.0,3.0,,,0 days 00:00:32.803000,0 days 00:00:20.891000,0 days 00:00:51.623000,0 days 00:39:03.235000,0 days 00:39:24.126000,0 days 00:40:15.749000,230.0,193.0,278.0,284.0,False,SOFT,2.0,True,Audi,0 days 00:38:30.432000,,1,,False,,False,True
0 days 00:41:37.417000,BOR,5,0 days 00:01:21.668000,11.0,3.0,,,0 days 00:00:28.427000,0 days 00:00:17.760000,0 days 00:00:35.481000,0 days 00:40:44.176000,0 days 00:41:01.936000,0 days 00:41:37.417000,271.0,284.0,297.0,290.0,True,SOFT,3.0,True,Audi,0 days 00:40:15.749000,,1,,False,,False,True
0 days 00:44:08.783000,BOR,5,,12.0,3.0,,,0 days 00:00:47.051000,0 days 00:00:38.766000,0 days 00:01:05.423000,0 days 00:42:24.753000,0 days 00:43:03.424000,0 days 00:44:08.846000,127.0,151.0,265.0,213.0,False,SOFT,4.0,True,Audi,0 days 00:41:37.417000,,1,,False,,False,False
0 days 00:45:37.880000,BOR,5,0 days 00:01:29.097000,13.0,3.0,,,0 days 00:00:30.177000,0 days 00:00:20.515000,0 days 00:00:38.405000,0 days 00:44:38.960000,0 days 00:44:59.475000,0 days 00:45:37.880000,244.0,233.0,279.0,282.0,False,SOFT,5.0,True,Audi,0 days 00:44:08.783000,,1,,False,,False,True
0 days 00:46:59.801000,BOR,5,0 days 00:01:21.921000,14.0,3.0,,,0 days 00:00:28.346000,0 days 00:00:17.839000,0 days 00:00:35.736000,0 days 00:46:06.226000,0 days 00:46:24.065000,0 days 00:46:59.801000,272.0,278.0,295.0,291.0,False,SOFT,6.0,True,Audi,0 days 00:45:37.880000,,1,,False,,False,True
0 days 00:55:10.140000,BOR,5,,15.0,3.0,,0 days 00:48:39.978000,0 days 00:00:40.662000,0 days 00:00:20.194000,,0 days 00:47:40.494000,0 days 00:48:00.710000,,239.0,256.0,,205.0,False,SOFT,7.0,True,Audi,0 days 00:46:59.801000,,1,,False,,False,False
0 days 00:57:18.593000,BOR,5,0 days 00:02:08.453000,16.0,4.0,0 days 00:55:15.114000,0 days 00:57:05.009000,0 days 00:00:58.622000,0 days 00:00:19.297000,0 days 00:00:50.534000,0 days 00:56:08.762000,0 days 00:56:28.059000,0 days 00:57:18.593000,234.0,273.0,,173.0,False,MEDIUM,9.0,False,Audi,0 days 00:55:10.140000,,1,,False,,False,False
0 days 00:59:32.831000,BOR,5,0 days 00:02:14.238000,17.0,5.0,0 days 00:57:56.972000,,0 days 00:01:16.549000,0 days 00:00:19.709000,0 days 00:00:37.980000,0 days 00:58:35.142000,0 days 00:58:54.851000,0 days 00:59:32.831000,236.0,290.0,292.0,163.0,False,MEDIUM,10.0,False,Audi,0 days 00:57:18.593000,,1,,False,,False,False
0 days 01:01:01.120000,BOR,5,0 days 00:01:28.289000,18.0,5.0,,,0 days 00:00:31.642000,0 days 00:00:18.383000,0 days 00:00:38.264000,0 days 01:00:04.473000,0 days 01:00:22.856000,0 days 01:01:01.120000,263.0,304.0,289.0,286.0,False,MEDIUM,11.0,False,Audi,0 days 00:59:32.831000,,1,,False,,False,True
0 days 01:02:27.395000,BOR,5,0 days 00:01:26.275000,19.0,5.0,,,0 days 00:00:30.399000,0 days 00:00:18.248000,0 days 00:00:37.628000,0 days 01:01:31.519000,0 days 01:01:49.767000,0 days 01:02:27.395000,265.0,294.0,291.0,283.0,False,MEDIUM,12.0,False,Audi,0 days 01:01:01.120000,,1,,False,,False,True
0 days 01:03:53.310000,BOR,5,0 days 00:01:25.915000,20.0,5.0,,,0 days 00:00:30.313000,0 days 00:00:18.120000,0 days 00:00:37.482000,0 days 01:02:57.708000,0 days 01:03:15.828000,0 days 01:03:53.310000,266.0,290.0,293.0,285.0,False,MEDIUM,13.0,False,Audi,0 days 01:02:27.395000,,1,,False,,False,True
0 days 01:05:18.707000,BOR,5,0 days 00:01:25.397000,21.0,5.0,,,0 days 00:00:30.059000,0 days 00:00:18.119000,0 days 00:00:37.219000,0 days 01:04:23.369000,0 days 01:04:41.488000,0 days 01:05:18.707000,267.0,292.0,295.0,286.0,False,MEDIUM,14.0,False,Audi,0 days 01:03:53.310000,,1,,False,,False,True
0 days 01:06:44.591000,BOR,5,0 days 00:01:25.884000,22.0,5.0,,,0 days 00:00:30.155000,0 days 00:00:18.152000,0 days 00:00:37.577000,0 days 01:05:48.862000,0 days 01:06:07.014000,0 days 01:06:44.591000,267.0,286.0,301.0,283.0,False,MEDIUM,15.0,False,Audi,0 days 01:05:18.707000,,1,,False,,False,True
0 days 01:08:34.993000,BOR,5,0 days 00:01:50.402000,23.0,5.0,,,0 days 00:00:30.222000,0 days 00:00:18.438000,0 days 00:01:01.742000,0 days 01:07:14.813000,0 days 01:07:33.251000,0 days 01:08:34.993000,242.0,274.0,184.0,291.0,False,MEDIUM,16.0,False,Audi,0 days 01:06:44.591000,,126,,False,,False,False
0 days 01:10:06.196000,BOR,5,0 days 00:01:31.203000,24.0,5.0,,,0 days 00:00:35.491000,0 days 00:00:18.508000,0 days 00:00:37.204000,0 days 01:09:10.484000,0 days 01:09:28.992000,0 days 01:10:06.196000,223.0,292.0,299.0,229.0,False,MEDIUM,17.0,False,Audi,0 days 01:08:34.993000,,671,,False,,False,False
0 days 01:11:48.001000,BOR,5,0 days 00:01:41.805000,25.0,5.0,,0 days 01:11:29.660000,0 days 00:00:29.625000,0 days 00:00:18.122000,0 days 00:00:54.058000,0 days 01:10:35.821000,0 days 01:10:53.943000,0 days 01:11:48.001000,257.0,289.0,,298.0,False,MEDIUM,18.0,False,Audi,0 days 01:10:06.196000,,1,,False,,False,False
0 days 01:13:23.281000,BOR,5,0 days 00:01:35.280000,26.0,6.0,0 days 01:11:50.422000,,0 days 00:00:38.601000,0 days 00:00:18.699000,0 days 00:00:37.980000,0 days 01:12:26.602000,0 days 01:12:45.301000,0 days 01:13:23.281000,232.0,282.0,298.0,187.0,False,SOFT,8.0,False,Audi,0 days 01:11:48.001000,,1,,False,,False,False
0 days 01:16:08.181000,BOR,5,,27.0,6.0,,,0 days 00:00:40.355000,0 days 00:00:26.682000,0 days 00:01:37.718000,0 days 01:14:03.918000,0 days 01:14:30.463000,0 days 01:16:08.181000,163.0,205.0,72.0,220.0,False,SOFT,9.0,False,Audi,0 days 01:13:23.281000,,1,,False,,False,False
0 days 01:17:42.244000,BOR,5,,28.0,6.0,,0 days 01:17:42.244000,0 days 00:00:34.311000,0 days 00:00:18.988000,,0 days 01:16:42.571000,0 days 01:17:01.463000,,243.0,265.0,,231.0,False,SOFT,10.0,False,Audi,0 days 01:16:08.181000,,1,,False,,False,False
0 days 00:16:34.982000,HAD,6,0 days 00:02:00.376000,1.0,1.0,0 days 00:14:37.085000,,0 days 00:00:52.726000,0 days 00:00:21.821000,0 days 00:00:45.829000,0 days 00:15:27.557000,0 days 00:15:49.392000,0 days 00:16:35.166000,214.0,283.0,278.0,126.0,False,MEDIUM,1.0,True,Red Bull Racing,0 days 00:14:37.085000,,12,,False,,False,False
0 days 00:17:57.193000,HAD,6,0 days 00:01:22.211000,2.0,1.0,,,0 days 00:00:29.078000,0 days 00:00:17.760000,0 days 00:00:35.373000,0 days 00:17:04.060000,0 days 00:17:21.820000,0 days 00:17:57.193000,247.0,286.0,297.0,288.0,True,MEDIUM,2.0,True,Red Bull Racing,0 days 00:16:34.982000,,1,,False,,False,True
0 days 00:20:42.253000,HAD,6,,3.0,1.0,,,0 days 00:00:59.080000,0 days 00:00:43.316000,0 days 00:01:02.671000,0 days 00:18:56.482000,0 days 00:19:39.768000,0 days 00:20:42.374000,127.0,134.0,277.0,224.0,False,MEDIUM,3.0,True,Red Bull Racing,0 days 00:17:57.193000,,1,,False,,False,False
0 days 00:22:03.955000,HAD,6,0 days 00:01:21.702000,4.0,1.0,,,0 days 00:00:28.578000,0 days 00:00:18.120000,0 days 00:00:35.004000,0 days 00:21:10.831000,0 days 00:21:28.951000,0 days 00:22:03.955000,248.0,273.0,307.0,299.0,True,MEDIUM,4.0,True,Red Bull Racing,0 days 00:20:42.253000,,1,,False,,False,True
0 days 00:24:29.409000,HAD,6,0 days 00:02:25.454000,5.0,1.0,,,0 days 00:00:52.250000,0 days 00:00:37.564000,0 days 00:00:55.640000,0 days 00:22:56.205000,0 days 00:23:33.769000,0 days 00:24:29.409000,150.0,142.0,202.0,227.0,False,MEDIUM,5.0,True,Red Bull Racing,0 days 00:22:03.955000,,1,,False,,False,True
0 days 00:26:25.464000,HAD,6,0 days 00:01:56.055000,6.0,1.0,,,0 days 00:00:45.186000,0 days 00:00:23.334000,0 days 00:00:47.535000,0 days 00:25:14.595000,0 days 00:25:37.929000,0 days 00:26:25.464000,207.0,267.0,279.0,112.0,False,MEDIUM,6.0,True,Red Bull Racing,0 days 00:24:29.409000,,1,,False,,False,True
0 days 00:28:25.628000,HAD,6,0 days 00:02:00.164000,7.0,1.0,,,0 days 00:00:28.272000,0 days 00:00:36.801000,0 days 00:00:55.091000,0 days 00:26:53.736000,0 days 00:27:30.537000,0 days 00:28:25.628000,295.0,123.0,275.0,299.0,False,MEDIUM,7.0,True,Red Bull Racing,0 days 00:26:25.464000,,1,,False,,False,True
0 days 00:29:47.207000,HAD,6,0 days 00:01:21.579000,8.0,1.0,,,0 days 00:00:28.804000,0 days 00:00:17.800000,0 days 00:00:34.975000,0 days 00:28:54.432000,0 days 00:29:12.232000,0 days 00:29:47.207000,248.0,284.0,301.0,298.0,True,MEDIUM,8.0,True,Red Bull Racing,0 days 00:28:25.628000,,1,,False,,False,True
0 days 00:39:19.103000,HAD,6,,9.0,1.0,,0 days 00:31:34.412000,0 days 00:00:40.925000,0 days 00:00:24.727000,,0 days 00:30:28.375000,0 days 00:30:52.990000,,174.0,236.0,,240.0,False,MEDIUM,9.0,True,Red Bull Racing,0 days 00:29:47.207000,,1,,False,,False,False
0 days 00:41:19.723000,HAD,6,0 days 00:02:00.620000,10.0,2.0,0 days 00:39:21.348000,,0 days 00:00:44.510000,0 days 00:00:23.535000,0 days 00:00:52.575000,0 days 00:40:03.613000,0 days 00:40:27.148000,0 days 00:41:19.723000,237.0,240.0,276.0,165.0,False,SOFT,1.0,True,Red Bull Racing,0 days 00:39:19.103000,,1,,False,,False,False
0 days 00:42:40.664000,HAD,6,0 days 00:01:20.941000,11.0,2.0,,,0 days 00:00:28.260000,0 days 00:00:18.020000,0 days 00:00:34.661000,0 days 00:41:47.983000,0 days 00:42:06.003000,0 days 00:42:40.664000,286.0,271.0,297.0,298.0,True,SOFT,2.0,True,Red Bull Racing,0 days 00:41:19.723000,,1,,False,,False,True
0 days 00:45:06.718000,HAD,6,0 days 00:02:26.054000,12.0,2.0,,,0 days 00:00:53.366000,0 days 00:00:36.070000,0 days 00:00:56.618000,0 days 00:43:34.030000,0 days 00:44:10.100000,0 days 00:45:06.718000,140.0,159.0,208.0,225.0,False,SOFT,3.0,True,Red Bull Racing,0 days 00:42:40.664000,,1,,False,,False,True
0 days 00:46:55.848000,HAD,6,0 days 00:01:49.130000,13.0,2.0,,,0 days 00:00:42.512000,0 days 00:00:24.593000,0 days 00:00:42.025000,0 days 00:45:49.230000,0 days 00:46:13.823000,0 days 00:46:55.848000,208.0,229.0,278.0,182.0,False,SOFT,4.0,True,Red Bull Racing,0 days 00:45:06.718000,,1,,False,,False,True
0 days 00:48:16.798000,HAD,6,0 days 00:01:20.950000,14.0,2.0,,,0 days 00:00:28.507000,0 days 00:00:17.838000,0 days 00:00:34.605000,0 days 00:47:24.355000,0 days 00:47:42.193000,0 days 00:48:16.798000,248.0,279.0,289.0,301.0,False,SOFT,5.0,True,Red Bull Racing,0 days 00:46:55.848000,,1,,False,,False,True
0 days 00:56:42.398000,HAD,6,,15.0,2.0,,0 days 00:50:14.796000,0 days 00:00:42.830000,0 days 00:00:30.772000,,0 days 00:48:59.681000,0 days 00:49:30.541000,,145.0,212.0,,285.0,False,SOFT,6.0,True,Red Bull Racing,0 days 00:48:16.798000,,1,,False,,False,False
0 days 00:58:21.593000,HAD,6,0 days 00:01:39.195000,16.0,3.0,0 days 00:56:45.385000,,0 days 00:00:44.349000,0 days 00:00:18.281000,0 days 00:00:36.565000,0 days 00:57:26.747000,0 days 00:57:45.028000,0 days 00:58:21.593000,227.0,288.0,298.0,155.0,False,MEDIUM,10.0,False,Red Bull Racing,0 days 00:56:42.398000,,1,,False,,False,False
0 days 00:59:45.979000,HAD,6,0 days 00:01:24.386000,17.0,3.0,,,0 days 00:00:29.477000,0 days 00:00:18.324000,0 days 00:00:36.585000,0 days 00:58:51.070000,0 days 00:59:09.394000,0 days 00:59:45.979000,240.0,278.0,294.0,300.0,False,MEDIUM,11.0,False,Red Bull Racing,0 days 00:58:21.593000,,1,,False,,False,True
0 days 01:01:10.659000,HAD,6,0 days 00:01:24.680000,18.0,3.0,,,0 days 00:00:29.717000,0 days 00:00:18.258000,0 days 00:00:36.705000,0 days 01:00:15.696000,0 days 01:00:33.954000,0 days 01:01:10.659000,236.0,295.0,290.0,288.0,False,MEDIUM,12.0,False,Red Bull Racing,0 days 00:59:45.979000,,1,,False,,False,True
0 days 01:02:44.085000,HAD,6,0 days 00:01:33.426000,19.0,3.0,,,0 days 00:00:29.945000,0 days 00:00:21.921000,0 days 00:00:41.560000,0 days 01:01:40.604000,0 days 01:02:02.525000,0 days 01:02:44.085000,235.0,309.0,299.0,287.0,False,MEDIUM,13.0,False,Red Bull Racing,0 days 01:01:10.659000,,1,,False,,False,True
0 days 01:04:08.131000,HAD,6,0 days 00:01:24.046000,20.0,3.0,,,0 days 00:00:29.343000,0 days 00:00:18.392000,0 days 00:00:36.311000,0 days 01:03:13.428000,0 days 01:03:31.820000,0 days 01:04:08.131000,235.0,289.0,291.0,307.0,False,MEDIUM,14.0,False,Red Bull Racing,0 days 01:02:44.085000,,1,,False,,False,True
0 days 01:05:32.444000,HAD,6,0 days 00:01:24.313000,21.0,3.0,,,0 days 00:00:29.666000,0 days 00:00:18.377000,0 days 00:00:36.270000,0 days 01:04:37.797000,0 days 01:04:56.174000,0 days 01:05:32.444000,235.0,290.0,299.0,286.0,False,MEDIUM,15.0,False,Red Bull Racing,0 days 01:04:08.131000,,1,,False,,False,True
0 days 01:07:04.945000,HAD,6,0 days 00:01:32.501000,22.0,3.0,,,0 days 00:00:29.599000,0 days 00:00:18.357000,0 days 00:00:44.545000,0 days 01:06:02.043000,0 days 01:06:20.400000,0 days 01:07:04.945000,235.0,289.0,285.0,297.0,False,MEDIUM,16.0,False,Red Bull Racing,0 days 01:05:32.444000,,1,,False,,False,True
0 days 01:08:59.097000,HAD,6,0 days 00:01:54.152000,23.0,3.0,,,0 days 00:00:30.084000,0 days 00:00:30.339000,0 days 00:00:53.729000,0 days 01:07:35.029000,0 days 01:08:05.368000,0 days 01:08:59.097000,233.0,228.0,281.0,284.0,False,MEDIUM,17.0,False,Red Bull Racing,0 days 01:07:04.945000,,1267,,False,,False,False
0 days 01:10:25.006000,HAD,6,0 days 00:01:25.909000,24.0,3.0,,,0 days 00:00:29.880000,0 days 00:00:18.019000,0 days 00:00:38.010000,0 days 01:09:28.977000,0 days 01:09:46.996000,0 days 01:10:25.006000,240.0,307.0,303.0,297.0,False,MEDIUM,18.0,False,Red Bull Racing,0 days 01:08:59.097000,,1,,False,,False,True
0 days 01:11:50.194000,HAD,6,0 days 00:01:25.188000,25.0,3.0,,,0 days 00:00:30.365000,0 days 00:00:18.310000,0 days 00:00:36.513000,0 days 01:10:55.371000,0 days 01:11:13.681000,0 days 01:11:50.194000,241.0,296.0,293.0,283.0,False,MEDIUM,19.0,False,Red Bull Racing,0 days 01:10:25.006000,,1,,False,,False,True
0 days 01:13:14.811000,HAD,6,0 days 00:01:24.617000,26.0,3.0,,,0 days 00:00:29.571000,0 days 00:00:18.442000,0 days 00:00:36.604000,0 days 01:12:19.765000,0 days 01:12:38.207000,0 days 01:13:14.811000,240.0,288.0,293.0,290.0,False,MEDIUM,20.0,False,Red Bull Racing,0 days 01:11:50.194000,,1,,False,,False,True
0 days 01:16:20.485000,HAD,6,,27.0,3.0,,,0 days 00:00:45.574000,0 days 00:00:36.225000,,0 days 01:14:00.598000,0 days 01:14:36.876000,,118.0,175.0,92.0,289.0,False,MEDIUM,21.0,False,Red Bull Racing,0 days 01:13:14.811000,,1,,False,,False,False
0 days 01:18:04.951000,HAD,6,,28.0,3.0,,0 days 01:18:04.951000,0 days 00:00:41.820000,0 days 00:00:24.369000,,0 days 01:17:02.252000,0 days 01:17:26.754000,,178.0,227.0,,249.0,False,MEDIUM,22.0,False,Red Bull Racing,0 days 01:16:20.485000,,1,,False,,False,False
0 days 00:15:14.470000,GAS,10,,1.0,1.0,0 days 00:12:59.921000,,,0 days 00:00:21.599000,0 days 00:00:52.774000,,0 days 00:14:21.997000,0 days 00:15:14.597000,226.0,206.0,274.0,134.0,False,MEDIUM,1.0,True,Alpine,0 days 00:12:59.921000,,1,,False,,False,False
0 days 00:16:39.449000,GAS,10,0 days 00:01:24.979000,2.0,1.0,,,0 days 00:00:30.378000,0 days 00:00:17.932000,0 days 00:00:36.669000,0 days 00:15:44.848000,0 days 00:16:02.780000,0 days 00:16:39.449000,257.0,284.0,291.0,279.0,True,MEDIUM,2.0,True,Alpine,0 days 00:15:14.470000,,12,,False,,False,True
0 days 00:18:37.793000,GAS,10,0 days 00:01:58.344000,3.0,1.0,,,0 days 00:00:45.725000,0 days 00:00:26.338000,0 days 00:00:46.281000,0 days 00:17:25.174000,0 days 00:17:51.512000,0 days 00:18:37.793000,216.0,160.0,267.0,192.0,False,MEDIUM,3.0,True,Alpine,0 days 00:16:39.449000,,1,,False,,False,True
0 days 00:20:01.220000,GAS,10,0 days 00:01:23.427000,4.0,1.0,,,0 days 00:00:29.612000,0 days 00:00:17.799000,0 days 00:00:36.016000,0 days 00:19:07.405000,0 days 00:19:25.204000,0 days 00:20:01.220000,259.0,284.0,294.0,284.0,True,MEDIUM,4.0,True,Alpine,0 days 00:18:37.793000,,1,,False,,False,True
0 days 00:22:02.999000,GAS,10,0 days 00:02:01.779000,5.0,1.0,,,0 days 00:00:47.053000,0 days 00:00:28.866000,0 days 00:00:45.860000,0 days 00:20:48.273000,0 days 00:21:17.139000,0 days 00:22:02.999000,121.0,207.0,275.0,199.0,False,MEDIUM,5.0,True,Alpine,0 days 00:20:01.220000,,1,,False,,False,True
0 days 00:23:25.829000,GAS,10,0 days 00:01:22.830000,6.0,1.0,,,0 days 00:00:29.389000,0 days 00:00:17.720000,0 days 00:00:35.721000,0 days 00:22:32.388000,0 days 00:22:50.108000,0 days 00:23:25.829000,254.0,283.0,298.0,296.0,True,MEDIUM,6.0,True,Alpine,0 days 00:22:02.999000,,1,,False,,False,True
0 days 00:25:21.245000,GAS,10,0 days 00:01:55.416000,7.0,1.0,,,0 days 00:00:43.537000,0 days 00:00:26.323000,0 days 00:00:45.556000,0 days 00:24:09.366000,0 days 00:24:35.689000,0 days 00:25:21.245000,172.0,214.0,276.0,226.0,False,MEDIUM,7.0,True,Alpine,0 days 00:23:25.829000,,1,,False,,False,True
0 days 00:26:43.649000,GAS,10,0 days 00:01:22.404000,8.0,1.0,,,0 days 00:00:29.076000,0 days 00:00:17.651000,0 days 00:00:35.677000,0 days 00:25:50.321000,0 days 00:26:07.972000,0 days 00:26:43.649000,262.0,283.0,294.0,295.0,True,MEDIUM,8.0,True,Alpine,0 days 00:25:21.245000,,1,,False,,False,True
0 days 00:28:42.926000,GAS,10,0 days 00:01:59.277000,9.0,1.0,,,0 days 00:00:44.308000,0 days 00:00:28.982000,0 days 00:00:45.987000,0 days 00:27:27.957000,0 days 00:27:56.939000,0 days 00:28:42.926000,171.0,226.0,278.0,229.0,False,MEDIUM,9.0,True,Alpine,0 days 00:26:43.649000,,1,,False,,False,True
0 days 00:30:05.440000,GAS,10,0 days 00:01:22.514000,10.0,1.0,,,0 days 00:00:29.158000,0 days 00:00:17.657000,0 days 00:00:35.699000,0 days 00:29:12.084000,0 days 00:29:29.741000,0 days 00:30:05.440000,262.0,286.0,293.0,291.0,False,MEDIUM,10.0,True,Alpine,0 days 00:28:42.926000,,1,,False,,False,True
0 days 00:46:23.671000,GAS,10,,11.0,1.0,,0 days 00:31:53.939000,0 days 00:00:38.595000,0 days 00:00:24.989000,,0 days 00:30:44.245000,0 days 00:31:09.300000,,201.0,215.0,,228.0,False,MEDIUM,11.0,True,Alpine,0 days 00:30:05.440000,,1,,False,,False,False
0 days 00:48:09.062000,GAS,10,0 days 00:01:45.391000,12.0,2.0,0 days 00:46:25.771000,,0 days 00:00:40.593000,0 days 00:00:21.144000,0 days 00:00:43.654000,0 days 00:47:04.264000,0 days 00:47:25.408000,0 days 00:48:09.062000,245.0,255.0,285.0,170.0,False,SOFT,1.0,True,Alpine,0 days 00:46:23.671000,,1,,False,,False,False
0 days 00:49:31.836000,GAS,10,0 days 00:01:22.774000,13.0,2.0,,,0 days 00:00:28.922000,0 days 00:00:17.921000,0 days 00:00:35.931000,0 days 00:48:37.984000,0 days 00:48:55.905000,0 days 00:49:31.836000,276.0,271.0,297.0,278.0,False,SOFT,2.0,True,Alpine,0 days 00:48:09.062000,,1,,False,,False,True
0 days 00:51:38.188000,GAS,10,0 days 00:02:06.352000,14.0,2.0,,,0 days 00:00:46.995000,0 days 00:00:30.184000,0 days 00:00:49.173000,0 days 00:50:18.831000,0 days 00:50:49.015000,0 days 00:51:38.188000,140.0,194.0,272.0,232.0,False,SOFT,3.0,True,Alpine,0 days 00:49:31.836000,,1,,False,,False,True
0 days 00:53:00.355000,GAS,10,0 days 00:01:22.167000,15.0,2.0,,,0 days 00:00:28.920000,0 days 00:00:17.827000,0 days 00:00:35.420000,0 days 00:52:07.108000,0 days 00:52:24.935000,0 days 00:53:00.355000,270.0,268.0,299.0,293.0,True,SOFT,4.0,True,Alpine,0 days 00:51:38.188000,,1,,False,,False,True
0 days 00:55:10.442000,GAS,10,,16.0,2.0,,0 days 00:55:10.442000,0 days 00:00:46.656000,0 days 00:00:30.942000,,0 days 00:53:47.220000,0 days 00:54:18.217000,,148.0,170.0,,230.0,False,SOFT,5.0,True,Alpine,0 days 00:53:00.355000,,1,,False,,False,False
0 days 01:05:03.440000,PER,11,0 days 00:01:58.806000,1.0,1.0,0 days 01:03:06.759000,,0 days 00:00:44.438000,0 days 00:00:20.758000,0 days 00:00:53.610000,0 days 01:03:49.072000,0 days 01:04:09.936000,0 days 01:05:03.602000,227.0,234.0,283.0,143.0,False,SOFT,1.0,True,Cadillac,0 days 01:03:06.759000,,1,,False,,False,False
0 days 01:18:55.405000,PER,11,,2.0,1.0,,0 days 01:18:55.405000,0 days 00:00:35.629000,0 days 00:00:21.864000,,0 days 01:05:39.148000,0 days 01:06:01.034000,,224.0,208.0,,248.0,False,SOFT,2.0,True,Cadillac,0 days 01:05:03.440000,,1267,,False,,False,False
0 days 00:15:49.075000,ANT,12,0 days 00:02:01.806000,1.0,1.0,0 days 00:13:59.632000,,0 days 00:00:59.956000,0 days 00:00:20.353000,0 days 00:00:41.497000,0 days 00:14:47.524000,0 days 00:15:07.887000,0 days 00:15:49.252000,231.0,281.0,276.0,123.0,False,HARD,1.0,True,Mercedes,0 days 00:13:59.632000,,1,,False,,False,False
0 days 00:17:25.900000,ANT,12,0 days 00:01:36.825000,2.0,1.0,,,0 days 00:00:32.680000,0 days 00:00:22.089000,0 days 00:00:42.056000,0 days 00:16:21.755000,0 days 00:16:43.844000,0 days 00:17:25.900000,213.0,275.0,277.0,289.0,False,HARD,2.0,True,Mercedes,0 days 00:15:49.075000,,12,,True,TRACK LIMITS AT TURN 3 LAP 3 ,False,True
0 days 00:18:47.326000,ANT,12,0 days 00:01:21.426000,3.0,1.0,,,0 days 00:00:28.459000,0 days 00:00:17.912000,0 days 00:00:35.055000,0 days 00:17:54.359000,0 days 00:18:12.271000,0 days 00:18:47.326000,279.0,268.0,297.0,289.0,True,HARD,3.0,True,Mercedes,0 days 00:17:25.900000,,1,,False,,False,True
0 days 00:20:48.702000,ANT,12,0 days 00:02:01.376000,4.0,1.0,,,0 days 00:00:39.237000,0 days 00:00:27.242000,0 days 00:00:54.897000,0 days 00:19:26.563000,0 days 00:19:53.805000,0 days 00:20:48.702000,182.0,200.0,268.0,229.0,False,HARD,4.0,True,Mercedes,0 days 00:18:47.326000,,1,,False,,False,True
0 days 00:22:29.293000,ANT,12,0 days 00:01:40.591000,5.0,1.0,,,0 days 00:00:28.798000,0 days 00:00:24.575000,0 days 00:00:47.218000,0 days 00:21:17.500000,0 days 00:21:42.075000,0 days 00:22:29.293000,276.0,121.0,281.0,277.0,False,HARD,5.0,True,Mercedes,0 days 00:20:48.702000,,1,,False,,False,True
0 days 00:23:50.094000,ANT,12,0 days 00:01:20.801000,6.0,1.0,,,0 days 00:00:28.378000,0 days 00:00:17.770000,0 days 00:00:34.653000,0 days 00:22:57.671000,0 days 00:23:15.441000,0 days 00:23:50.094000,263.0,272.0,291.0,287.0,True,HARD,6.0,True,Mercedes,0 days 00:22:29.293000,,1,,False,,False,True
0 days 00:29:41.737000,ANT,12,,7.0,1.0,,0 days 00:25:34.196000,0 days 00:00:37.880000,0 days 00:00:22.095000,,0 days 00:24:28.245000,0 days 00:24:50.277000,,219.0,231.0,,247.0,False,HARD,7.0,True,Mercedes,0 days 00:23:50.094000,,1,,False,,False,False
0 days 00:31:23.210000,ANT,12,0 days 00:01:41.473000,8.0,2.0,0 days 00:29:44.142000,,0 days 00:00:41.919000,0 days 00:00:19.522000,0 days 00:00:40.032000,0 days 00:30:23.656000,0 days 00:30:43.178000,0 days 00:31:23.210000,235.0,287.0,280.0,158.0,False,SOFT,1.0,True,Mercedes,0 days 00:29:41.737000,,1,,False,,False,False
0 days 00:32:43.437000,ANT,12,0 days 00:01:20.227000,9.0,2.0,,,0 days 00:00:28.049000,0 days 00:00:17.603000,0 days 00:00:34.575000,0 days 00:31:51.259000,0 days 00:32:08.862000,0 days 00:32:43.437000,262.0,275.0,292.0,289.0,True,SOFT,2.0,True,Mercedes,0 days 00:31:23.210000,,1,,False,,False,True
0 days 00:34:58.580000,ANT,12,0 days 00:02:15.143000,10.0,2.0,,0 days 00:34:37.973000,0 days 00:00:40.917000,0 days 00:00:24.707000,0 days 00:01:09.519000,0 days 00:33:24.354000,0 days 00:33:49.061000,0 days 00:34:58.580000,162.0,229.0,,244.0,False,SOFT,3.0,True,Mercedes,0 days 00:32:43.437000,,1,,False,,False,False
0 days 00:36:51.125000,ANT,12,0 days 00:01:52.545000,11.0,3.0,0 days 00:35:00.999000,,0 days 00:00:45.486000,0 days 00:00:23.988000,0 days 00:00:43.071000,0 days 00:35:44.066000,0 days 00:36:08.054000,0 days 00:36:51.125000,206.0,241.0,275.0,135.0,False,SOFT,4.0,False,Mercedes,0 days 00:34:58.580000,,1,,False,,False,False
0 days 00:38:11.068000,ANT,12,0 days 00:01:19.943000,12.0,3.0,,,0 days 00:00:28.067000,0 days 00:00:17.531000,0 days 00:00:34.345000,0 days 00:37:19.192000,0 days 00:37:36.723000,0 days 00:38:11.068000,264.0,279.0,293.0,290.0,True,SOFT,5.0,False,Mercedes,0 days 00:36:51.125000,,1,,False,,False,True
0 days 00:45:58.070000,ANT,12,,13.0,3.0,,0 days 00:39:52.809000,0 days 00:00:36.878000,0 days 00:00:21.385000,,0 days 00:38:48.166000,0 days 00:39:09.610000,,237.0,249.0,,254.0,False,SOFT,6.0,False,Mercedes,0 days 00:38:11.068000,,1,,False,,False,False
0 days 00:48:09.456000,ANT,12,0 days 00:02:11.386000,14.0,4.0,0 days 00:46:01.496000,,0 days 00:01:14.761000,0 days 00:00:18.665000,0 days 00:00:37.960000,0 days 00:47:12.831000,0 days 00:47:31.496000,0 days 00:48:09.456000,247.0,293.0,285.0,214.0,False,HARD,8.0,False,Mercedes,0 days 00:45:58.070000,,1,,False,,False,False
0 days 00:49:34.106000,ANT,12,0 days 00:01:24.650000,15.0,4.0,,,0 days 00:00:30.027000,0 days 00:00:18.334000,0 days 00:00:36.289000,0 days 00:48:39.483000,0 days 00:48:57.817000,0 days 00:49:34.106000,255.0,280.0,293.0,267.0,False,HARD,9.0,False,Mercedes,0 days 00:48:09.456000,,1,,False,,False,True
0 days 00:50:58.300000,ANT,12,0 days 00:01:24.194000,16.0,4.0,,,0 days 00:00:29.032000,0 days 00:00:18.770000,0 days 00:00:36.392000,0 days 00:50:03.138000,0 days 00:50:21.908000,0 days 00:50:58.300000,273.0,266.0,292.0,282.0,False,HARD,10.0,False,Mercedes,0 days 00:49:34.106000,,1,,False,,False,True
0 days 00:52:22.389000,ANT,12,0 days 00:01:24.089000,17.0,4.0,,,0 days 00:00:29.487000,0 days 00:00:18.294000,0 days 00:00:36.308000,0 days 00:51:27.787000,0 days 00:51:46.081000,0 days 00:52:22.389000,254.0,292.0,294.0,279.0,False,HARD,11.0,False,Mercedes,0 days 00:50:58.300000,,1,,False,,False,True
0 days 00:53:46.434000,ANT,12,0 days 00:01:24.045000,18.0,4.0,,,0 days 00:00:29.471000,0 days 00:00:18.387000,0 days 00:00:36.187000,0 days 00:52:51.860000,0 days 00:53:10.247000,0 days 00:53:46.434000,259.0,292.0,291.0,284.0,False,HARD,12.0,False,Mercedes,0 days 00:52:22.389000,,1,,False,,False,True
0 days 00:55:10.487000,ANT,12,0 days 00:01:24.053000,19.0,4.0,,,0 days 00:00:29.303000,0 days 00:00:18.514000,0 days 00:00:36.236000,0 days 00:54:15.737000,0 days 00:54:34.251000,0 days 00:55:10.487000,268.0,290.0,293.0,289.0,False,HARD,13.0,False,Mercedes,0 days 00:53:46.434000,,1,,False,,False,True
0 days 00:56:34.511000,ANT,12,0 days 00:01:24.024000,20.0,4.0,,,0 days 00:00:29.353000,0 days 00:00:18.369000,0 days 00:00:36.302000,0 days 00:55:39.840000,0 days 00:55:58.209000,0 days 00:56:34.511000,253.0,290.0,289.0,290.0,False,HARD,14.0,False,Mercedes,0 days 00:55:10.487000,,1,,False,,False,True
0 days 00:57:58.267000,ANT,12,0 days 00:01:23.756000,21.0,4.0,,,0 days 00:00:29.291000,0 days 00:00:18.219000,0 days 00:00:36.246000,0 days 00:57:03.802000,0 days 00:57:22.021000,0 days 00:57:58.267000,251.0,290.0,295.0,287.0,False,HARD,15.0,False,Mercedes,0 days 00:56:34.511000,,1,,False,,False,True
0 days 00:59:21.979000,ANT,12,0 days 00:01:23.712000,22.0,4.0,,,0 days 00:00:29.306000,0 days 00:00:18.242000,0 days 00:00:36.164000,0 days 00:58:27.573000,0 days 00:58:45.815000,0 days 00:59:21.979000,246.0,290.0,298.0,289.0,False,HARD,16.0,False,Mercedes,0 days 00:57:58.267000,,1,,False,,False,True
0 days 01:00:45.668000,ANT,12,0 days 00:01:23.689000,23.0,4.0,,,0 days 00:00:29.383000,0 days 00:00:18.241000,0 days 00:00:36.065000,0 days 00:59:51.362000,0 days 01:00:09.603000,0 days 01:00:45.668000,254.0,295.0,291.0,297.0,False,HARD,17.0,False,Mercedes,0 days 00:59:21.979000,,1,,False,,False,True
0 days 01:02:10.278000,ANT,12,0 days 00:01:24.610000,24.0,4.0,,,0 days 00:00:29.658000,0 days 00:00:18.164000,0 days 00:00:36.788000,0 days 01:01:15.326000,0 days 01:01:33.490000,0 days 01:02:10.278000,255.0,300.0,296.0,286.0,False,HARD,18.0,False,Mercedes,0 days 01:00:45.668000,,1,,False,,False,True
0 days 01:03:38.937000,ANT,12,0 days 00:01:28.659000,25.0,4.0,,,0 days 00:00:29.559000,0 days 00:00:18.044000,0 days 00:00:41.056000,0 days 01:02:39.837000,0 days 01:02:57.881000,0 days 01:03:38.937000,256.0,301.0,291.0,293.0,False,HARD,19.0,False,Mercedes,0 days 01:02:10.278000,,1,,False,,False,True
0 days 01:05:03.361000,ANT,12,0 days 00:01:24.424000,26.0,4.0,,,0 days 00:00:29.512000,0 days 00:00:18.194000,0 days 00:00:36.718000,0 days 01:04:08.449000,0 days 01:04:26.643000,0 days 01:05:03.361000,251.0,298.0,285.0,291.0,False,HARD,20.0,False,Mercedes,0 days 01:03:38.937000,,1,,False,,False,True
0 days 01:06:28.251000,ANT,12,0 days 00:01:24.890000,27.0,4.0,,,0 days 00:00:30.380000,0 days 00:00:18.105000,0 days 00:00:36.405000,0 days 01:05:33.741000,0 days 01:05:51.846000,0 days 01:06:28.251000,262.0,299.0,287.0,271.0,False,HARD,21.0,False,Mercedes,0 days 01:05:03.361000,,1,,False,,False,True
0 days 01:11:15.758000,ANT,12,,28.0,4.0,,0 days 01:07:56.668000,0 days 00:00:29.429000,0 days 00:00:18.157000,,0 days 01:06:57.773000,0 days 01:07:16.001000,,263.0,294.0,,290.0,False,HARD,22.0,False,Mercedes,0 days 01:06:28.251000,,1267,,False,,False,False
0 days 01:13:40.713000,ANT,12,0 days 00:02:24.955000,29.0,5.0,0 days 01:11:19.540000,,0 days 00:01:24.830000,0 days 00:00:20.468000,0 days 00:00:39.657000,0 days 01:12:40.588000,0 days 01:13:01.056000,0 days 01:13:40.713000,243.0,287.0,268.0,129.0,False,SOFT,7.0,False,Mercedes,0 days 01:11:15.758000,,1,,False,,False,False
0 days 01:16:15.403000,ANT,12,,30.0,5.0,,,0 days 00:00:35.265000,0 days 00:00:22.589000,0 days 00:01:36.870000,0 days 01:14:16.141000,0 days 01:14:38.687000,0 days 01:16:15.403000,219.0,192.0,62.0,229.0,False,SOFT,8.0,False,Mercedes,0 days 01:13:40.713000,,1,,False,,False,False
0 days 01:17:44.865000,ANT,12,,31.0,5.0,,0 days 01:17:44.865000,0 days 00:00:32.580000,0 days 00:00:18.905000,,0 days 01:16:48.111000,0 days 01:17:06.972000,,256.0,275.0,,244.0,False,SOFT,9.0,False,Mercedes,0 days 01:16:15.403000,,1,,False,,False,False
0 days 00:29:12.380000,ALO,14,0 days 00:02:10.778000,1.0,1.0,0 days 00:27:03.513000,,0 days 00:00:52.259000,0 days 00:00:22.818000,0 days 00:00:55.701000,0 days 00:27:53.931000,0 days 00:28:16.842000,0 days 00:29:12.380000,240.0,113.0,280.0,125.0,False,SOFT,1.0,True,Aston Martin,0 days 00:27:03.513000,,1,,False,,False,False
0 days 00:42:24.380000,ALO,14,,2.0,1.0,,0 days 00:30:44.871000,0 days 00:00:32.114000,0 days 00:00:19.106000,,0 days 00:29:44.587000,0 days 00:30:03.646000,,260.0,268.0,,230.0,False,SOFT,2.0,True,Aston Martin,0 days 00:29:12.380000,,1,,False,,False,False
0 days 00:44:13.124000,ALO,14,0 days 00:01:48.744000,3.0,2.0,0 days 00:42:26.767000,,0 days 00:00:40.069000,0 days 00:00:20.568000,0 days 00:00:48.107000,0 days 00:43:04.449000,0 days 00:43:25.017000,0 days 00:44:13.124000,254.0,270.0,268.0,158.0,False,SOFT,3.0,False,Aston Martin,0 days 00:42:24.380000,,1,,False,,False,False
0 days 00:45:39.007000,ALO,14,0 days 00:01:25.883000,4.0,2.0,,,0 days 00:00:30.127000,0 days 00:00:18.641000,0 days 00:00:37.115000,0 days 00:44:43.251000,0 days 00:45:01.892000,0 days 00:45:39.007000,262.0,282.0,287.0,268.0,True,SOFT,4.0,False,Aston Martin,0 days 00:44:13.124000,,1,,False,,False,True
0 days 00:47:30.861000,ALO,14,0 days 00:01:51.854000,5.0,2.0,,,0 days 00:00:35.644000,0 days 00:00:22.855000,0 days 00:00:53.355000,0 days 00:46:14.651000,0 days 00:46:37.506000,0 days 00:47:30.861000,214.0,222.0,272.0,213.0,False,SOFT,5.0,False,Aston Martin,0 days 00:45:39.007000,,1,,False,,False,True
0 days 00:48:56.413000,ALO,14,0 days 00:01:25.552000,6.0,2.0,,,0 days 00:00:29.567000,0 days 00:00:19.017000,0 days 00:00:36.968000,0 days 00:48:00.428000,0 days 00:48:19.445000,0 days 00:48:56.413000,263.0,257.0,288.0,282.0,True,SOFT,6.0,False,Aston Martin,0 days 00:47:30.861000,,1,,False,,False,True
0 days 00:50:49.346000,ALO,14,0 days 00:01:52.933000,7.0,2.0,,,0 days 00:00:35.057000,0 days 00:00:29.621000,0 days 00:00:48.255000,0 days 00:49:31.470000,0 days 00:50:01.091000,0 days 00:50:49.346000,240.0,100.0,273.0,215.0,False,SOFT,7.0,False,Aston Martin,0 days 00:48:56.413000,,1,,False,,False,True
0 days 00:52:14.285000,ALO,14,0 days 00:01:24.939000,8.0,2.0,,,0 days 00:00:29.496000,0 days 00:00:18.752000,0 days 00:00:36.691000,0 days 00:51:18.842000,0 days 00:51:37.594000,0 days 00:52:14.285000,265.0,258.0,280.0,288.0,True,SOFT,8.0,False,Aston Martin,0 days 00:50:49.346000,,1,,False,,False,True
0 days 01:01:12.651000,ALO,14,,9.0,2.0,,0 days 00:53:55.752000,0 days 00:00:32.117000,0 days 00:00:22.801000,,0 days 00:52:46.616000,0 days 00:53:09.527000,,263.0,123.0,,252.0,False,SOFT,9.0,False,Aston Martin,0 days 00:52:14.285000,,1,,False,,False,False
0 days 01:03:09.284000,ALO,14,0 days 00:01:56.633000,10.0,3.0,0 days 01:01:14.893000,,0 days 00:00:39.668000,0 days 00:00:21.181000,0 days 00:00:55.784000,0 days 01:01:52.319000,0 days 01:02:13.500000,0 days 01:03:09.284000,252.0,150.0,270.0,178.0,False,SOFT,1.0,True,Aston Martin,0 days 01:01:12.651000,,1,,False,,False,False
0 days 01:04:54.459000,ALO,14,0 days 00:01:45.175000,11.0,3.0,,,0 days 00:00:31.664000,0 days 00:00:24.388000,0 days 00:00:49.123000,0 days 01:03:40.948000,0 days 01:04:05.336000,0 days 01:04:54.459000,256.0,83.0,290.0,296.0,False,SOFT,2.0,True,Aston Martin,0 days 01:03:09.284000,,1,,False,,False,True
0 days 01:06:46.367000,ALO,14,0 days 00:01:51.908000,12.0,3.0,,0 days 01:06:35.613000,0 days 00:00:29.224000,0 days 00:00:23.390000,0 days 00:00:59.294000,0 days 01:05:23.683000,0 days 01:05:47.073000,0 days 01:06:46.367000,267.0,219.0,,299.0,False,SOFT,3.0,True,Aston Martin,0 days 01:04:54.459000,,1,,False,,False,False
0 days 01:08:52.044000,ALO,14,0 days 00:02:05.677000,13.0,4.0,0 days 01:06:48.512000,,0 days 00:00:39.763000,0 days 00:00:29.398000,0 days 00:00:56.516000,0 days 01:07:26.130000,0 days 01:07:55.528000,0 days 01:08:52.044000,260.0,169.0,160.0,177.0,False,SOFT,4.0,False,Aston Martin,0 days 01:06:46.367000,,1267,,False,,False,False
0 days 01:10:48.082000,ALO,14,0 days 00:01:56.038000,14.0,4.0,,,0 days 00:00:38.375000,0 days 00:00:30.201000,0 days 00:00:47.462000,0 days 01:09:30.419000,0 days 01:10:00.620000,0 days 01:10:48.082000,248.0,251.0,268.0,193.0,False,SOFT,5.0,False,Aston Martin,0 days 01:08:52.044000,,71,,False,,False,False
0 days 01:12:12.744000,ALO,14,0 days 00:01:24.662000,15.0,4.0,,,0 days 00:00:29.493000,0 days 00:00:18.528000,0 days 00:00:36.641000,0 days 01:11:17.575000,0 days 01:11:36.103000,0 days 01:12:12.744000,266.0,257.0,280.0,298.0,True,SOFT,6.0,False,Aston Martin,0 days 01:10:48.082000,,1,,False,,False,True
0 days 01:13:53.635000,ALO,14,0 days 00:01:40.891000,16.0,4.0,,,0 days 00:00:33.585000,0 days 00:00:24.264000,0 days 00:00:43.042000,0 days 01:12:46.329000,0 days 01:13:10.593000,0 days 01:13:53.635000,259.0,251.0,271.0,220.0,False,SOFT,7.0,False,Aston Martin,0 days 01:12:12.744000,,1,,False,,False,True
0 days 01:16:30.209000,ALO,14,,17.0,4.0,,,0 days 00:00:37.425000,0 days 00:00:28.274000,0 days 00:01:30.775000,0 days 01:14:31.216000,0 days 01:14:59.434000,0 days 01:16:30.258000,170.0,206.0,128.0,213.0,False,SOFT,8.0,False,Aston Martin,0 days 01:13:53.635000,,1,,False,,False,False
0 days 01:18:20.538000,ALO,14,,18.0,4.0,,0 days 01:18:20.538000,0 days 00:00:35.115000,0 days 00:00:24.384000,,0 days 01:17:05.486000,0 days 01:17:29.803000,,219.0,211.0,,208.0,False,SOFT,9.0,False,Aston Martin,0 days 01:16:30.209000,,1,,False,,False,False
0 days 00:16:17.630000,LEC,16,0 days 00:02:08.422000,1.0,1.0,0 days 00:14:14.976000,,0 days 00:01:01.405000,0 days 00:00:22.234000,0 days 00:00:44.783000,0 days 00:15:10.646000,0 days 00:15:33.097000,0 days 00:16:17.728000,109.0,256.0,237.0,67.0,False,HARD,1.0,True,Ferrari,0 days 00:14:14.976000,,12,,False,,False,False
0 days 00:18:07.762000,LEC,16,0 days 00:01:50.132000,2.0,1.0,,,0 days 00:00:32.198000,0 days 00:00:20.393000,0 days 00:00:57.541000,0 days 00:16:49.828000,0 days 00:17:10.221000,0 days 00:18:07.762000,223.0,281.0,280.0,230.0,True,HARD,2.0,True,Ferrari,0 days 00:16:17.630000,,21,,False,,False,True
0 days 00:19:29.977000,LEC,16,0 days 00:01:22.215000,3.0,1.0,,,0 days 00:00:28.976000,0 days 00:00:18.022000,0 days 00:00:35.217000,0 days 00:18:36.738000,0 days 00:18:54.760000,0 days 00:19:29.977000,233.0,294.0,304.0,299.0,True,HARD,3.0,True,Ferrari,0 days 00:18:07.762000,,1,,False,,False,True
0 days 00:21:13.772000,LEC,16,0 days 00:01:43.795000,4.0,1.0,,,0 days 00:00:36.043000,0 days 00:00:24.095000,0 days 00:00:43.657000,0 days 00:20:06.020000,0 days 00:20:30.115000,0 days 00:21:13.772000,227.0,247.0,281.0,256.0,False,HARD,4.0,True,Ferrari,0 days 00:19:29.977000,,1,,False,,False,True
0 days 00:22:35.250000,LEC,16,0 days 00:01:21.478000,5.0,1.0,,,0 days 00:00:28.590000,0 days 00:00:17.839000,0 days 00:00:35.049000,0 days 00:21:42.362000,0 days 00:22:00.201000,0 days 00:22:35.250000,232.0,296.0,305.0,299.0,True,HARD,5.0,True,Ferrari,0 days 00:21:13.772000,,1,,False,,False,True
0 days 00:24:42.578000,LEC,16,0 days 00:02:07.328000,6.0,1.0,,,0 days 00:00:39.583000,0 days 00:00:32.500000,0 days 00:00:55.245000,0 days 00:23:14.833000,0 days 00:23:47.333000,0 days 00:24:42.578000,138.0,145.0,283.0,267.0,False,HARD,6.0,True,Ferrari,0 days 00:22:35.250000,,1,,False,,False,True
0 days 00:26:17.954000,LEC,16,0 days 00:01:35.376000,7.0,1.0,,,0 days 00:00:29.409000,0 days 00:00:23.744000,0 days 00:00:42.223000,0 days 00:25:11.987000,0 days 00:25:35.731000,0 days 00:26:17.954000,232.0,115.0,283.0,301.0,False,HARD,7.0,True,Ferrari,0 days 00:24:42.578000,,1,,False,,False,True
0 days 00:27:39.768000,LEC,16,0 days 00:01:21.814000,8.0,1.0,,,0 days 00:00:28.696000,0 days 00:00:17.752000,0 days 00:00:35.366000,0 days 00:26:46.650000,0 days 00:27:04.402000,0 days 00:27:39.768000,241.0,295.0,304.0,300.0,False,HARD,8.0,True,Ferrari,0 days 00:26:17.954000,,1,,False,,False,True
0 days 00:29:24.057000,LEC,16,0 days 00:01:44.289000,9.0,1.0,,,0 days 00:00:36.258000,0 days 00:00:23.817000,0 days 00:00:44.214000,0 days 00:28:16.026000,0 days 00:28:39.843000,0 days 00:29:24.057000,185.0,174.0,293.0,256.0,False,HARD,9.0,True,Ferrari,0 days 00:27:39.768000,,1,,False,,False,True
0 days 00:36:18.303000,LEC,16,,10.0,1.0,,0 days 00:30:49.787000,0 days 00:00:28.343000,0 days 00:00:18.678000,,0 days 00:29:52.705000,0 days 00:30:11.324000,,258.0,284.0,,314.0,False,HARD,10.0,True,Ferrari,0 days 00:29:24.057000,,1,,False,,False,False
0 days 00:38:21.087000,LEC,16,0 days 00:02:02.784000,11.0,2.0,0 days 00:36:22.527000,,0 days 00:00:48.421000,0 days 00:00:22.863000,0 days 00:00:51.500000,0 days 00:37:06.724000,0 days 00:37:29.587000,0 days 00:38:21.087000,90.0,275.0,283.0,125.0,False,SOFT,1.0,True,Ferrari,0 days 00:36:18.303000,,1,,False,,False,False
0 days 00:40:04.627000,LEC,16,0 days 00:01:43.540000,12.0,2.0,,,0 days 00:00:38.299000,0 days 00:00:20.990000,0 days 00:00:44.251000,0 days 00:38:59.386000,0 days 00:39:20.376000,0 days 00:40:04.627000,225.0,276.0,285.0,297.0,False,SOFT,2.0,True,Ferrari,0 days 00:38:21.087000,,1,,False,,False,True
0 days 00:41:42.366000,LEC,16,0 days 00:01:37.739000,13.0,2.0,,,0 days 00:00:30.664000,0 days 00:00:20.314000,0 days 00:00:46.761000,0 days 00:40:35.291000,0 days 00:40:55.605000,0 days 00:41:42.366000,226.0,245.0,282.0,295.0,False,SOFT,3.0,True,Ferrari,0 days 00:40:04.627000,,1,,False,,False,True
0 days 00:43:02.746000,LEC,16,0 days 00:01:20.380000,14.0,2.0,,,0 days 00:00:28.238000,0 days 00:00:17.483000,0 days 00:00:34.659000,0 days 00:42:10.604000,0 days 00:42:28.087000,0 days 00:43:02.746000,265.0,298.0,308.0,296.0,True,SOFT,4.0,True,Ferrari,0 days 00:41:42.366000,,1,,False,,False,True
0 days 00:45:02.823000,LEC,16,0 days 00:02:00.077000,15.0,2.0,,0 days 00:44:50.825000,0 days 00:00:38.076000,0 days 00:00:25.074000,0 days 00:00:56.927000,0 days 00:43:40.822000,0 days 00:44:05.896000,0 days 00:45:02.823000,214.0,214.0,,261.0,False,SOFT,5.0,True,Ferrari,0 days 00:43:02.746000,,1,,False,,False,False
0 days 00:47:39.735000,LEC,16,,16.0,3.0,0 days 00:45:06.699000,,0 days 00:01:27.747000,0 days 00:00:20.887000,0 days 00:00:48.260000,0 days 00:46:30.768000,0 days 00:46:51.736000,0 days 00:47:39.914000,221.0,275.0,283.0,187.0,False,SOFT,6.0,False,Ferrari,0 days 00:45:02.823000,,1,,False,,False,False
0 days 00:49:00.026000,LEC,16,0 days 00:01:20.291000,17.0,3.0,,,0 days 00:00:28.182000,0 days 00:00:17.462000,0 days 00:00:34.647000,0 days 00:48:07.917000,0 days 00:48:25.379000,0 days 00:49:00.026000,263.0,298.0,308.0,294.0,True,SOFT,7.0,False,Ferrari,0 days 00:47:39.735000,,1,,False,,False,True
0 days 00:50:57.675000,LEC,16,0 days 00:01:57.649000,18.0,3.0,,,0 days 00:00:37.162000,0 days 00:00:29.526000,0 days 00:00:50.961000,0 days 00:49:37.188000,0 days 00:50:06.714000,0 days 00:50:57.675000,180.0,189.0,284.0,263.0,False,SOFT,8.0,False,Ferrari,0 days 00:49:00.026000,,1,,False,,False,True
0 days 00:52:18.021000,LEC,16,0 days 00:01:20.346000,19.0,3.0,,,0 days 00:00:28.228000,0 days 00:00:17.526000,0 days 00:00:34.592000,0 days 00:51:25.903000,0 days 00:51:43.429000,0 days 00:52:18.021000,257.0,297.0,309.0,295.0,False,SOFT,9.0,False,Ferrari,0 days 00:50:57.675000,,1,,False,,False,True
0 days 01:00:32.184000,LEC,16,,20.0,3.0,,0 days 00:53:48.980000,0 days 00:00:31.793000,0 days 00:00:21.490000,,0 days 00:52:50.098000,0 days 00:53:11.548000,,199.0,282.0,,257.0,False,SOFT,10.0,False,Ferrari,0 days 00:52:18.021000,,1,,False,,False,False
0 days 01:02:33.220000,LEC,16,0 days 00:02:01.036000,21.0,4.0,0 days 01:00:35.235000,,0 days 00:01:03.517000,0 days 00:00:18.483000,0 days 00:00:39.036000,0 days 01:01:35.701000,0 days 01:01:54.184000,0 days 01:02:33.220000,236.0,301.0,273.0,176.0,False,HARD,11.0,False,Ferrari,0 days 01:00:32.184000,,1,,False,,False,False
0 days 01:03:57.642000,LEC,16,0 days 00:01:24.422000,22.0,4.0,,,0 days 00:00:29.631000,0 days 00:00:18.143000,0 days 00:00:36.648000,0 days 01:03:02.851000,0 days 01:03:20.994000,0 days 01:03:57.642000,265.0,287.0,294.0,268.0,False,HARD,12.0,False,Ferrari,0 days 01:02:33.220000,,1,,False,,False,True
0 days 01:05:25.926000,LEC,16,0 days 00:01:28.284000,23.0,4.0,,,0 days 00:00:32.961000,0 days 00:00:18.477000,0 days 00:00:36.846000,0 days 01:04:30.603000,0 days 01:04:49.080000,0 days 01:05:25.926000,259.0,286.0,286.0,293.0,False,HARD,13.0,False,Ferrari,0 days 01:03:57.642000,,1,,True,TRACK LIMITS AT TURN 2 LAP 24 ,False,True
0 days 01:06:50.320000,LEC,16,0 days 00:01:24.394000,24.0,4.0,,,0 days 00:00:29.767000,0 days 00:00:18.048000,0 days 00:00:36.579000,0 days 01:05:55.693000,0 days 01:06:13.741000,0 days 01:06:50.320000,254.0,290.0,282.0,277.0,False,HARD,14.0,False,Ferrari,0 days 01:05:25.926000,,1,,False,,False,True
0 days 01:08:49.379000,LEC,16,0 days 00:01:59.059000,25.0,4.0,,0 days 01:08:32.313000,0 days 00:00:29.497000,0 days 00:00:18.182000,0 days 00:01:11.380000,0 days 01:07:19.817000,0 days 01:07:37.999000,0 days 01:08:49.379000,274.0,273.0,,275.0,False,HARD,15.0,False,Ferrari,0 days 01:06:50.320000,,1267,,False,,False,False
0 days 01:10:21.524000,LEC,16,0 days 00:01:32.145000,26.0,5.0,0 days 01:08:51.613000,,0 days 00:00:36.936000,0 days 00:00:18.458000,0 days 00:00:36.751000,0 days 01:09:26.315000,0 days 01:09:44.773000,0 days 01:10:21.524000,259.0,283.0,289.0,188.0,False,SOFT,11.0,False,Ferrari,0 days 01:08:49.379000,,71,,False,,False,False
0 days 01:11:57.653000,LEC,16,0 days 00:01:36.129000,27.0,5.0,,,0 days 00:00:40.290000,0 days 00:00:18.878000,0 days 00:00:36.961000,0 days 01:11:01.814000,0 days 01:11:20.692000,0 days 01:11:57.653000,247.0,291.0,286.0,281.0,False,SOFT,12.0,False,Ferrari,0 days 01:10:21.524000,,1,,True,TRACK LIMITS AT TURN 3 LAP 28 ,False,True
0 days 01:13:21.688000,LEC,16,0 days 00:01:24.035000,28.0,5.0,,,0 days 00:00:29.437000,0 days 00:00:18.157000,0 days 00:00:36.441000,0 days 01:12:27.090000,0 days 01:12:45.247000,0 days 01:13:21.688000,271.0,295.0,296.0,280.0,False,SOFT,13.0,False,Ferrari,0 days 01:11:57.653000,,1,,False,,False,True
0 days 01:16:06.751000,LEC,16,,29.0,5.0,,,0 days 00:00:39.576000,0 days 00:00:26.038000,0 days 00:01:39.317000,0 days 01:14:01.621000,0 days 01:14:27.444000,0 days 01:16:06.751000,145.0,197.0,2.0,241.0,False,SOFT,14.0,False,Ferrari,0 days 01:13:21.688000,,1,,False,,False,False
0 days 01:17:34.153000,LEC,16,,30.0,5.0,,0 days 01:17:34.153000,0 days 00:00:32.216000,0 days 00:00:18.737000,,0 days 01:16:39.002000,0 days 01:16:57.759000,,256.0,275.0,,252.0,False,SOFT,15.0,False,Ferrari,0 days 01:16:06.751000,,1,,False,,False,False
0 days 00:18:17.572000,STR,18,0 days 00:02:04.535000,1.0,1.0,0 days 00:16:17.003000,,0 days 00:00:52.831000,0 days 00:00:21.682000,0 days 00:00:50.022000,0 days 00:17:06.027000,0 days 00:17:27.610000,0 days 00:18:17.572000,171.0,257.0,279.0,121.0,False,SOFT,1.0,True,Aston Martin,0 days 00:16:17.003000,,21,,False,,False,False
0 days 00:32:12.781000,STR,18,,2.0,1.0,,0 days 00:19:56.286000,0 days 00:00:32.037000,0 days 00:00:19.552000,,0 days 00:18:49.714000,0 days 00:19:09.279000,,252.0,248.0,,245.0,False,SOFT,2.0,True,Aston Martin,0 days 00:18:17.572000,,1,,False,,False,False
0 days 00:34:20.721000,STR,18,0 days 00:02:07.940000,3.0,2.0,0 days 00:32:16.029000,,0 days 00:01:00.094000,0 days 00:00:21.243000,0 days 00:00:46.603000,0 days 00:33:12.875000,0 days 00:33:34.118000,0 days 00:34:20.721000,230.0,272.0,262.0,198.0,False,SOFT,3.0,False,Aston Martin,0 days 00:32:12.781000,,1,,False,,False,False
0 days 00:35:47.935000,STR,18,0 days 00:01:27.214000,4.0,2.0,,,0 days 00:00:30.886000,0 days 00:00:18.766000,0 days 00:00:37.562000,0 days 00:34:51.607000,0 days 00:35:10.373000,0 days 00:35:47.935000,256.0,275.0,276.0,260.0,True,SOFT,4.0,False,Aston Martin,0 days 00:34:20.721000,,1,,False,,False,True
0 days 00:37:45.577000,STR,18,0 days 00:01:57.642000,5.0,2.0,,,0 days 00:00:45.138000,0 days 00:00:25.634000,0 days 00:00:46.870000,0 days 00:36:33.073000,0 days 00:36:58.707000,0 days 00:37:45.577000,160.0,219.0,270.0,199.0,False,SOFT,5.0,False,Aston Martin,0 days 00:35:47.935000,,1,,False,,False,True
0 days 00:39:11.393000,STR,18,0 days 00:01:25.816000,6.0,2.0,,,0 days 00:00:30.004000,0 days 00:00:18.851000,0 days 00:00:36.961000,0 days 00:38:15.581000,0 days 00:38:34.432000,0 days 00:39:11.393000,260.0,267.0,284.0,280.0,True,SOFT,6.0,False,Aston Martin,0 days 00:37:45.577000,,1,,False,,False,True
0 days 00:41:34.550000,STR,18,0 days 00:02:23.157000,7.0,2.0,,,0 days 00:00:46.448000,0 days 00:00:32.060000,0 days 00:01:04.649000,0 days 00:39:57.841000,0 days 00:40:29.901000,0 days 00:41:34.550000,163.0,213.0,274.0,202.0,False,SOFT,7.0,False,Aston Martin,0 days 00:39:11.393000,,1,,False,,False,True
0 days 00:43:00.411000,STR,18,0 days 00:01:25.861000,8.0,2.0,,,0 days 00:00:30.120000,0 days 00:00:18.868000,0 days 00:00:36.873000,0 days 00:42:04.670000,0 days 00:42:23.538000,0 days 00:43:00.411000,257.0,250.0,281.0,285.0,False,SOFT,8.0,False,Aston Martin,0 days 00:41:34.550000,,1,,False,,False,True
0 days 00:45:25.043000,STR,18,0 days 00:02:24.632000,9.0,2.0,,,0 days 00:00:54.709000,0 days 00:00:32.983000,0 days 00:00:56.940000,0 days 00:43:55.120000,0 days 00:44:28.103000,0 days 00:45:25.043000,143.0,155.0,234.0,197.0,False,SOFT,9.0,False,Aston Martin,0 days 00:43:00.411000,,1,,False,,False,True
0 days 00:55:49.826000,STR,18,,10.0,2.0,,0 days 00:47:31.100000,0 days 00:00:50.029000,0 days 00:00:25.712000,,0 days 00:46:15.453000,0 days 00:46:40.999000,,139.0,211.0,,143.0,False,SOFT,10.0,False,Aston Martin,0 days 00:45:25.043000,,1,,False,,False,False
0 days 00:57:57.599000,STR,18,0 days 00:02:07.773000,11.0,3.0,0 days 00:55:51.977000,,0 days 00:00:53.212000,0 days 00:00:25.589000,0 days 00:00:48.972000,0 days 00:56:43.038000,0 days 00:57:08.627000,0 days 00:57:57.599000,205.0,194.0,204.0,109.0,False,SOFT,1.0,True,Aston Martin,0 days 00:55:49.826000,,1,,False,,False,False
0 days 00:59:57.107000,STR,18,0 days 00:01:59.508000,12.0,3.0,,,0 days 00:00:37.471000,0 days 00:00:28.966000,0 days 00:00:53.071000,0 days 00:58:35.070000,0 days 00:59:04.036000,0 days 00:59:57.107000,218.0,125.0,244.0,197.0,False,SOFT,2.0,True,Aston Martin,0 days 00:57:57.599000,,1,,False,,False,True
0 days 01:01:46.971000,STR,18,,13.0,3.0,,0 days 01:01:46.971000,0 days 00:00:35.940000,0 days 00:00:26.126000,,0 days 01:00:33.046000,0 days 01:00:59.218000,,190.0,194.0,,257.0,False,SOFT,3.0,True,Aston Martin,0 days 00:59:57.107000,,1,,False,,False,False
0 days 00:15:39.436000,ALB,23,0 days 00:01:55.627000,1.0,1.0,0 days 00:13:50.164000,,0 days 00:00:54.162000,0 days 00:00:21.235000,0 days 00:00:40.230000,0 days 00:14:38.201000,0 days 00:14:59.437000,0 days 00:15:39.667000,231.0,263.0,282.0,113.0,False,HARD,1.0,True,Williams,0 days 00:13:50.164000,,1,,False,,False,False
0 days 00:17:04.555000,ALB,23,0 days 00:01:25.119000,2.0,1.0,,,0 days 00:00:30.113000,0 days 00:00:18.176000,0 days 00:00:36.830000,0 days 00:16:09.549000,0 days 00:16:27.725000,0 days 00:17:04.555000,253.0,286.0,293.0,268.0,True,HARD,2.0,True,Williams,0 days 00:15:39.436000,,12,,False,,False,True
0 days 00:18:29.009000,ALB,23,0 days 00:01:24.454000,3.0,1.0,,,0 days 00:00:29.726000,0 days 00:00:18.179000,0 days 00:00:36.549000,0 days 00:17:34.281000,0 days 00:17:52.460000,0 days 00:18:29.009000,256.0,276.0,281.0,268.0,True,HARD,3.0,True,Williams,0 days 00:17:04.555000,,1,,False,,False,True
0 days 00:20:27.490000,ALB,23,0 days 00:01:58.481000,4.0,1.0,,,0 days 00:00:43.462000,0 days 00:00:22.186000,0 days 00:00:52.833000,0 days 00:19:12.471000,0 days 00:19:34.657000,0 days 00:20:27.490000,161.0,284.0,273.0,203.0,False,HARD,4.0,True,Williams,0 days 00:18:29.009000,,1,,False,,False,True
0 days 00:21:51.047000,ALB,23,0 days 00:01:23.557000,5.0,1.0,,,0 days 00:00:29.352000,0 days 00:00:17.927000,0 days 00:00:36.278000,0 days 00:20:56.842000,0 days 00:21:14.769000,0 days 00:21:51.047000,264.0,284.0,302.0,284.0,True,HARD,5.0,True,Williams,0 days 00:20:27.490000,,1,,False,,False,True
0 days 00:23:45.455000,ALB,23,0 days 00:01:54.408000,6.0,1.0,,,0 days 00:00:44.837000,0 days 00:00:24.952000,0 days 00:00:44.619000,0 days 00:22:35.884000,0 days 00:23:00.836000,0 days 00:23:45.455000,143.0,265.0,280.0,221.0,False,HARD,6.0,True,Williams,0 days 00:21:51.047000,,1,,False,,False,True
0 days 00:25:25.454000,ALB,23,0 days 00:01:39.999000,7.0,1.0,,,0 days 00:00:32.966000,0 days 00:00:21.122000,0 days 00:00:45.911000,0 days 00:24:18.421000,0 days 00:24:39.543000,0 days 00:25:25.454000,201.0,287.0,284.0,282.0,False,HARD,7.0,True,Williams,0 days 00:23:45.455000,,1,,False,,False,True
0 days 00:26:48.314000,ALB,23,0 days 00:01:22.860000,8.0,1.0,,,0 days 00:00:28.927000,0 days 00:00:17.976000,0 days 00:00:35.957000,0 days 00:25:54.381000,0 days 00:26:12.357000,0 days 00:26:48.314000,268.0,277.0,305.0,295.0,True,HARD,8.0,True,Williams,0 days 00:25:25.454000,,1,,False,,False,True
0 days 00:28:53.919000,ALB,23,0 days 00:02:05.605000,9.0,1.0,,,0 days 00:00:44.292000,0 days 00:00:28.461000,0 days 00:00:52.852000,0 days 00:27:32.606000,0 days 00:28:01.067000,0 days 00:28:53.919000,154.0,150.0,285.0,230.0,False,HARD,9.0,True,Williams,0 days 00:26:48.314000,,1,,False,,False,True
0 days 00:30:17.074000,ALB,23,0 days 00:01:23.155000,10.0,1.0,,,0 days 00:00:28.953000,0 days 00:00:18.082000,0 days 00:00:36.120000,0 days 00:29:22.872000,0 days 00:29:40.954000,0 days 00:30:17.074000,268.0,271.0,312.0,296.0,False,HARD,10.0,True,Williams,0 days 00:28:53.919000,,1,,False,,False,True
0 days 00:36:38.784000,ALB,23,,11.0,1.0,,0 days 00:32:06.548000,0 days 00:00:40.579000,0 days 00:00:25.109000,,0 days 00:30:57.867000,0 days 00:31:23.035000,,188.0,240.0,,230.0,False,HARD,11.0,True,Williams,0 days 00:30:17.074000,,1,,False,,False,False
0 days 00:38:25.962000,ALB,23,0 days 00:01:47.178000,12.0,2.0,0 days 00:36:41.184000,,0 days 00:00:42.065000,0 days 00:00:21.465000,0 days 00:00:43.648000,0 days 00:37:20.849000,0 days 00:37:42.314000,0 days 00:38:25.962000,252.0,279.0,285.0,145.0,False,SOFT,1.0,True,Williams,0 days 00:36:38.784000,,1,,False,,False,False
0 days 00:39:47.809000,ALB,23,0 days 00:01:21.847000,13.0,2.0,,,0 days 00:00:28.668000,0 days 00:00:17.918000,0 days 00:00:35.261000,0 days 00:38:54.630000,0 days 00:39:12.548000,0 days 00:39:47.809000,264.0,273.0,311.0,297.0,True,SOFT,2.0,True,Williams,0 days 00:38:25.962000,,1,,False,,False,True
0 days 00:42:00.148000,ALB,23,0 days 00:02:12.339000,14.0,2.0,,,0 days 00:00:42.091000,0 days 00:00:30.954000,0 days 00:00:59.294000,0 days 00:40:29.900000,0 days 00:41:00.854000,0 days 00:42:00.148000,160.0,139.0,273.0,272.0,False,SOFT,3.0,True,Williams,0 days 00:39:47.809000,,1,,True,TRACK LIMITS AT TURN 9 LAP 15 ,False,True
0 days 00:43:56.091000,ALB,23,0 days 00:01:55.943000,15.0,2.0,,,0 days 00:00:42.093000,0 days 00:00:20.415000,0 days 00:00:53.435000,0 days 00:42:42.241000,0 days 00:43:02.656000,0 days 00:43:56.091000,248.0,229.0,286.0,238.0,False,SOFT,4.0,True,Williams,0 days 00:42:00.148000,,1,,False,,False,True
0 days 00:45:18.069000,ALB,23,0 days 00:01:21.978000,16.0,2.0,,,0 days 00:00:28.696000,0 days 00:00:17.971000,0 days 00:00:35.311000,0 days 00:44:24.787000,0 days 00:44:42.758000,0 days 00:45:18.069000,269.0,273.0,303.0,297.0,False,SOFT,5.0,True,Williams,0 days 00:43:56.091000,,1,,False,,False,True
0 days 00:47:26.385000,ALB,23,0 days 00:02:08.316000,17.0,2.0,,,0 days 00:00:45.164000,0 days 00:00:28.998000,0 days 00:00:54.154000,0 days 00:46:03.233000,0 days 00:46:32.231000,0 days 00:47:26.385000,166.0,186.0,202.0,230.0,False,SOFT,6.0,True,Williams,0 days 00:45:18.069000,,1,,False,,False,True
0 days 00:49:07.403000,ALB,23,0 days 00:01:41.018000,18.0,2.0,,,0 days 00:00:37.724000,0 days 00:00:21.628000,0 days 00:00:41.666000,0 days 00:48:04.109000,0 days 00:48:25.737000,0 days 00:49:07.403000,215.0,206.0,284.0,209.0,False,SOFT,7.0,True,Williams,0 days 00:47:26.385000,,1,,False,,False,True
0 days 00:56:11.378000,ALB,23,,19.0,2.0,,0 days 00:50:30.104000,0 days 00:00:28.684000,0 days 00:00:18.061000,,0 days 00:49:36.341000,0 days 00:49:54.491000,,269.0,265.0,,296.0,False,SOFT,8.0,True,Williams,0 days 00:49:07.403000,,1,,False,,False,False
0 days 00:58:15.999000,ALB,23,0 days 00:02:04.621000,20.0,3.0,0 days 00:56:14.859000,,0 days 00:01:07.735000,0 days 00:00:18.747000,0 days 00:00:38.139000,0 days 00:57:19.113000,0 days 00:57:37.860000,0 days 00:58:15.999000,249.0,281.0,290.0,215.0,False,HARD,12.0,False,Williams,0 days 00:56:11.378000,,1,,False,,False,False
0 days 00:59:41.890000,ALB,23,0 days 00:01:25.891000,21.0,3.0,,,0 days 00:00:30.098000,0 days 00:00:18.532000,0 days 00:00:37.261000,0 days 00:58:46.097000,0 days 00:59:04.629000,0 days 00:59:41.890000,254.0,279.0,288.0,280.0,False,HARD,13.0,False,Williams,0 days 00:58:15.999000,,1,,False,,False,True
0 days 01:01:08.419000,ALB,23,0 days 00:01:26.529000,22.0,3.0,,,0 days 00:00:30.396000,0 days 00:00:18.480000,0 days 00:00:37.653000,0 days 01:00:12.286000,0 days 01:00:30.766000,0 days 01:01:08.419000,253.0,282.0,289.0,280.0,False,HARD,14.0,False,Williams,0 days 00:59:41.890000,,1,,False,,False,True
0 days 01:02:57.515000,ALB,23,0 days 00:01:49.096000,23.0,3.0,,0 days 01:02:33.765000,0 days 00:00:30.397000,0 days 00:00:18.632000,0 days 00:01:00.067000,0 days 01:01:38.816000,0 days 01:01:57.448000,0 days 01:02:57.515000,259.0,297.0,,280.0,False,HARD,15.0,False,Williams,0 days 01:01:08.419000,,1,,False,,False,False
0 days 01:04:32.101000,ALB,23,0 days 00:01:34.586000,24.0,4.0,0 days 01:02:59.712000,,0 days 00:00:37.728000,0 days 00:00:18.586000,0 days 00:00:38.272000,0 days 01:03:35.243000,0 days 01:03:53.829000,0 days 01:04:32.101000,247.0,296.0,291.0,171.0,False,HARD,16.0,False,Williams,0 days 01:02:57.515000,,1,,False,,False,False
0 days 01:05:59.011000,ALB,23,0 days 00:01:26.910000,25.0,4.0,,,0 days 00:00:30.582000,0 days 00:00:18.536000,0 days 00:00:37.792000,0 days 01:05:02.683000,0 days 01:05:21.219000,0 days 01:05:59.011000,257.0,296.0,290.0,281.0,False,HARD,17.0,False,Williams,0 days 01:04:32.101000,,1,,False,,False,True
0 days 01:07:26.255000,ALB,23,0 days 00:01:27.244000,26.0,4.0,,,0 days 00:00:30.735000,0 days 00:00:18.604000,0 days 00:00:37.905000,0 days 01:06:29.746000,0 days 01:06:48.350000,0 days 01:07:26.255000,248.0,294.0,290.0,283.0,False,HARD,18.0,False,Williams,0 days 01:05:59.011000,,12,,False,,False,True
0 days 01:09:14.925000,ALB,23,0 days 00:01:48.670000,27.0,4.0,,,0 days 00:00:42.995000,0 days 00:00:23.852000,0 days 00:00:41.823000,0 days 01:08:09.250000,0 days 01:08:33.102000,0 days 01:09:14.925000,150.0,278.0,296.0,287.0,False,HARD,19.0,False,Williams,0 days 01:07:26.255000,,2671,,False,,False,False
0 days 01:10:41.573000,ALB,23,0 days 00:01:26.648000,28.0,4.0,,,0 days 00:00:30.458000,0 days 00:00:18.385000,0 days 00:00:37.805000,0 days 01:09:45.383000,0 days 01:10:03.768000,0 days 01:10:41.573000,251.0,299.0,286.0,292.0,False,HARD,20.0,False,Williams,0 days 01:09:14.925000,,1,,False,,False,True
0 days 01:12:28.464000,ALB,23,0 days 00:01:46.891000,29.0,4.0,,0 days 01:12:07.177000,0 days 00:00:30.479000,0 days 00:00:18.984000,0 days 00:00:57.428000,0 days 01:11:12.052000,0 days 01:11:31.036000,0 days 01:12:28.464000,247.0,287.0,,288.0,False,HARD,21.0,False,Williams,0 days 01:10:41.573000,,1,,False,,False,False
0 days 01:14:00.664000,ALB,23,0 days 00:01:32.200000,30.0,5.0,0 days 01:12:30.676000,,0 days 00:00:36.323000,0 days 00:00:18.583000,0 days 00:00:37.294000,0 days 01:13:04.787000,0 days 01:13:23.370000,0 days 01:14:00.664000,256.0,300.0,289.0,220.0,False,SOFT,9.0,False,Williams,0 days 01:12:28.464000,,1,,False,,False,False
0 days 01:16:45.916000,ALB,23,,31.0,5.0,,,0 days 00:00:37.113000,0 days 00:00:26.721000,,0 days 01:14:37.916000,0 days 01:15:04.655000,,174.0,276.0,176.0,270.0,False,SOFT,10.0,False,Williams,0 days 01:14:00.664000,,1,,False,,False,False
0 days 01:18:22.760000,ALB,23,,32.0,5.0,,0 days 01:18:22.760000,0 days 00:00:35.208000,0 days 00:00:21.289000,,0 days 01:17:21.269000,0 days 01:17:42.586000,,211.0,299.0,,240.0,False,SOFT,11.0,False,Williams,0 days 01:16:45.916000,,12,,False,,False,False
0 days 00:14:29.320000,HUL,27,,1.0,1.0,0 days 00:12:49.713000,,,0 days 00:00:19.976000,0 days 00:00:38.492000,,0 days 00:13:51.100000,0 days 00:14:29.420000,252.0,256.0,269.0,151.0,False,MEDIUM,1.0,True,Audi,0 days 00:12:49.713000,,1,,False,,False,False
0 days 00:15:52.582000,HUL,27,0 days 00:01:23.262000,2.0,1.0,,,0 days 00:00:29.804000,0 days 00:00:17.838000,0 days 00:00:35.620000,0 days 00:14:59.124000,0 days 00:15:16.962000,0 days 00:15:52.582000,250.0,295.0,297.0,282.0,True,MEDIUM,2.0,True,Audi,0 days 00:14:29.320000,,1,,False,,False,True
0 days 00:17:48.204000,HUL,27,0 days 00:01:55.622000,3.0,1.0,,,0 days 00:00:41.373000,0 days 00:00:29.474000,0 days 00:00:44.775000,0 days 00:16:33.955000,0 days 00:17:03.429000,0 days 00:17:48.204000,159.0,230.0,274.0,216.0,False,MEDIUM,3.0,True,Audi,0 days 00:15:52.582000,,12,,False,,False,True
0 days 00:19:10.419000,HUL,27,0 days 00:01:22.215000,4.0,1.0,,,0 days 00:00:29.221000,0 days 00:00:17.701000,0 days 00:00:35.293000,0 days 00:18:17.425000,0 days 00:18:35.126000,0 days 00:19:10.419000,254.0,292.0,298.0,289.0,True,MEDIUM,4.0,True,Audi,0 days 00:17:48.204000,,1,,False,,False,True
0 days 00:21:07.596000,HUL,27,0 days 00:01:57.177000,5.0,1.0,,,0 days 00:00:42.145000,0 days 00:00:30.898000,0 days 00:00:44.134000,0 days 00:19:52.564000,0 days 00:20:23.462000,0 days 00:21:07.596000,154.0,187.0,272.0,215.0,False,MEDIUM,5.0,True,Audi,0 days 00:19:10.419000,,1,,False,,False,True
0 days 00:22:29.353000,HUL,27,0 days 00:01:21.757000,6.0,1.0,,,0 days 00:00:28.851000,0 days 00:00:17.588000,0 days 00:00:35.318000,0 days 00:21:36.447000,0 days 00:21:54.035000,0 days 00:22:29.353000,256.0,294.0,300.0,286.0,True,MEDIUM,6.0,True,Audi,0 days 00:21:07.596000,,1,,False,,False,True
0 days 00:24:32.353000,HUL,27,0 days 00:02:03,7.0,1.0,,,0 days 00:00:40.758000,0 days 00:00:31.483000,0 days 00:00:50.759000,0 days 00:23:10.111000,0 days 00:23:41.594000,0 days 00:24:32.353000,161.0,168.0,278.0,194.0,False,MEDIUM,7.0,True,Audi,0 days 00:22:29.353000,,1,,False,,False,True
0 days 00:26:07.459000,HUL,27,0 days 00:01:35.106000,8.0,1.0,,,0 days 00:00:33.939000,0 days 00:00:22.012000,0 days 00:00:39.155000,0 days 00:25:06.292000,0 days 00:25:28.304000,0 days 00:26:07.459000,228.0,292.0,275.0,225.0,False,MEDIUM,8.0,True,Audi,0 days 00:24:32.353000,,1,,False,,False,True
0 days 00:27:29.522000,HUL,27,0 days 00:01:22.063000,9.0,1.0,,,0 days 00:00:28.926000,0 days 00:00:17.686000,0 days 00:00:35.451000,0 days 00:26:36.385000,0 days 00:26:54.071000,0 days 00:27:29.522000,252.0,293.0,299.0,290.0,False,MEDIUM,9.0,True,Audi,0 days 00:26:07.459000,,1,,False,,False,True
0 days 00:35:17.769000,HUL,27,,10.0,1.0,,0 days 00:28:58.278000,0 days 00:00:30.715000,0 days 00:00:19.595000,,0 days 00:28:00.534000,0 days 00:28:20.104000,,253.0,259.0,,247.0,False,MEDIUM,10.0,True,Audi,0 days 00:27:29.522000,,1,,False,,False,False
0 days 00:37:11.308000,HUL,27,0 days 00:01:53.539000,11.0,2.0,0 days 00:35:22.013000,,0 days 00:00:52.648000,0 days 00:00:20.806000,0 days 00:00:40.085000,0 days 00:36:10.417000,0 days 00:36:31.223000,0 days 00:37:11.308000,242.0,258.0,271.0,183.0,False,SOFT,1.0,True,Audi,0 days 00:35:17.769000,,1,,False,,False,False
0 days 00:38:43.630000,HUL,27,0 days 00:01:32.322000,12.0,2.0,,,0 days 00:00:31.885000,0 days 00:00:19.787000,0 days 00:00:40.650000,0 days 00:37:43.193000,0 days 00:38:02.980000,0 days 00:38:43.630000,258.0,264.0,280.0,224.0,False,SOFT,2.0,True,Audi,0 days 00:37:11.308000,,1,,False,,False,True
0 days 00:40:05.061000,HUL,27,0 days 00:01:21.431000,13.0,2.0,,,0 days 00:00:28.621000,0 days 00:00:17.676000,0 days 00:00:35.134000,0 days 00:39:12.251000,0 days 00:39:29.927000,0 days 00:40:05.061000,254.0,291.0,306.0,312.0,True,SOFT,3.0,True,Audi,0 days 00:38:43.630000,,1,,False,,False,True
0 days 00:42:08.782000,HUL,27,0 days 00:02:03.721000,14.0,2.0,,,0 days 00:00:42.430000,0 days 00:00:28.976000,0 days 00:00:52.315000,0 days 00:40:47.491000,0 days 00:41:16.467000,0 days 00:42:08.782000,162.0,198.0,275.0,208.0,False,SOFT,4.0,True,Audi,0 days 00:40:05.061000,,1,,False,,False,True
0 days 00:43:42.678000,HUL,27,0 days 00:01:33.896000,15.0,2.0,,,0 days 00:00:32.310000,0 days 00:00:19.563000,0 days 00:00:42.023000,0 days 00:42:41.092000,0 days 00:43:00.655000,0 days 00:43:42.678000,236.0,260.0,279.0,291.0,False,SOFT,5.0,True,Audi,0 days 00:42:08.782000,,1,,False,,False,True
0 days 00:45:04.546000,HUL,27,0 days 00:01:21.868000,16.0,2.0,,,0 days 00:00:28.626000,0 days 00:00:18.016000,0 days 00:00:35.226000,0 days 00:44:11.304000,0 days 00:44:29.320000,0 days 00:45:04.546000,269.0,281.0,297.0,291.0,False,SOFT,6.0,True,Audi,0 days 00:43:42.678000,,1,,False,,False,True
0 days 00:46:41.385000,HUL,27,0 days 00:01:36.839000,17.0,2.0,,,0 days 00:00:37.297000,0 days 00:00:19.708000,0 days 00:00:39.834000,0 days 00:45:41.843000,0 days 00:46:01.551000,0 days 00:46:41.385000,242.0,259.0,274.0,241.0,False,SOFT,7.0,True,Audi,0 days 00:45:04.546000,,1,,False,,False,True
0 days 00:48:02.736000,HUL,27,0 days 00:01:21.351000,18.0,2.0,,,0 days 00:00:28.664000,0 days 00:00:17.591000,0 days 00:00:35.096000,0 days 00:47:10.049000,0 days 00:47:27.640000,0 days 00:48:02.736000,269.0,287.0,295.0,288.0,True,SOFT,8.0,True,Audi,0 days 00:46:41.385000,,1,,False,,False,True
0 days 00:54:19.029000,HUL,27,,19.0,2.0,,0 days 00:49:36.673000,0 days 00:00:32.096000,0 days 00:00:21.088000,,0 days 00:48:35.003000,0 days 00:48:56.187000,,262.0,152.0,,241.0,False,SOFT,9.0,True,Audi,0 days 00:48:02.736000,,1,,False,,False,False
0 days 00:56:09.087000,HUL,27,0 days 00:01:50.058000,20.0,3.0,0 days 00:54:36.192000,,0 days 00:00:53.398000,0 days 00:00:18.731000,0 days 00:00:37.929000,0 days 00:55:12.427000,0 days 00:55:31.158000,0 days 00:56:09.087000,248.0,288.0,284.0,207.0,False,MEDIUM,11.0,False,Audi,0 days 00:54:19.029000,,1,,False,,False,False
0 days 00:57:34.410000,HUL,27,0 days 00:01:25.323000,21.0,3.0,,,0 days 00:00:30.248000,0 days 00:00:18.297000,0 days 00:00:36.778000,0 days 00:56:39.335000,0 days 00:56:57.632000,0 days 00:57:34.410000,253.0,287.0,289.0,277.0,False,MEDIUM,12.0,False,Audi,0 days 00:56:09.087000,,1,,False,,False,True
0 days 00:58:59.167000,HUL,27,0 days 00:01:24.757000,22.0,3.0,,,0 days 00:00:29.865000,0 days 00:00:18.266000,0 days 00:00:36.626000,0 days 00:58:04.275000,0 days 00:58:22.541000,0 days 00:58:59.167000,253.0,287.0,290.0,279.0,False,MEDIUM,13.0,False,Audi,0 days 00:57:34.410000,,1,,False,,False,True
0 days 01:00:23.846000,HUL,27,0 days 00:01:24.679000,23.0,3.0,,,0 days 00:00:29.746000,0 days 00:00:18.104000,0 days 00:00:36.829000,0 days 00:59:28.913000,0 days 00:59:47.017000,0 days 01:00:23.846000,255.0,293.0,296.0,281.0,False,MEDIUM,14.0,False,Audi,0 days 00:58:59.167000,,1,,False,,False,True
0 days 01:01:50.368000,HUL,27,0 days 00:01:26.522000,24.0,3.0,,,0 days 00:00:30.302000,0 days 00:00:18.232000,0 days 00:00:37.988000,0 days 01:00:54.148000,0 days 01:01:12.380000,0 days 01:01:50.368000,264.0,309.0,288.0,287.0,False,MEDIUM,15.0,False,Audi,0 days 01:00:23.846000,,1,,False,,False,True
0 days 01:03:15.893000,HUL,27,0 days 00:01:25.525000,25.0,3.0,,,0 days 00:00:30.079000,0 days 00:00:18.306000,0 days 00:00:37.140000,0 days 01:02:20.447000,0 days 01:02:38.753000,0 days 01:03:15.893000,251.0,286.0,289.0,278.0,False,MEDIUM,16.0,False,Audi,0 days 01:01:50.368000,,1,,False,,False,True
0 days 01:04:41.269000,HUL,27,0 days 00:01:25.376000,26.0,3.0,,,0 days 00:00:30.087000,0 days 00:00:18.256000,0 days 00:00:37.033000,0 days 01:03:45.980000,0 days 01:04:04.236000,0 days 01:04:41.269000,268.0,287.0,289.0,283.0,False,MEDIUM,17.0,False,Audi,0 days 01:03:15.893000,,1,,False,,False,True
0 days 01:06:06.490000,HUL,27,0 days 00:01:25.221000,27.0,3.0,,,0 days 00:00:30.065000,0 days 00:00:18.201000,0 days 00:00:36.955000,0 days 01:05:11.334000,0 days 01:05:29.535000,0 days 01:06:06.490000,252.0,289.0,291.0,283.0,False,MEDIUM,18.0,False,Audi,0 days 01:04:41.269000,,1,,False,,False,True
0 days 01:07:33.161000,HUL,27,0 days 00:01:26.671000,28.0,3.0,,,0 days 00:00:30.005000,0 days 00:00:18.261000,0 days 00:00:38.405000,0 days 01:06:36.495000,0 days 01:06:54.756000,0 days 01:07:33.161000,252.0,289.0,291.0,283.0,False,MEDIUM,19.0,False,Audi,0 days 01:06:06.490000,,12,,False,,False,True
0 days 01:09:37.130000,HUL,27,0 days 00:02:03.969000,29.0,3.0,,0 days 01:09:20.305000,0 days 00:00:40.765000,0 days 00:00:24.184000,0 days 00:00:59.020000,0 days 01:08:13.926000,0 days 01:08:38.110000,0 days 01:09:37.130000,205.0,224.0,,283.0,False,MEDIUM,20.0,False,Audi,0 days 01:07:33.161000,,2671,,False,,False,False
0 days 01:11:07.831000,HUL,27,0 days 00:01:30.701000,30.0,4.0,0 days 01:09:39.528000,,0 days 00:00:36.153000,0 days 00:00:17.907000,0 days 00:00:36.641000,0 days 01:10:13.283000,0 days 01:10:31.190000,0 days 01:11:07.831000,257.0,315.0,298.0,213.0,False,SOFT,10.0,False,Audi,0 days 01:09:37.130000,,1,,False,,False,False
0 days 01:12:33.622000,HUL,27,0 days 00:01:25.791000,31.0,4.0,,,0 days 00:00:30.123000,0 days 00:00:18.348000,0 days 00:00:37.320000,0 days 01:11:37.954000,0 days 01:11:56.302000,0 days 01:12:33.622000,267.0,288.0,287.0,285.0,False,SOFT,11.0,False,Audi,0 days 01:11:07.831000,,1,,False,,False,True
0 days 01:13:58.772000,HUL,27,0 days 00:01:25.150000,32.0,4.0,,,0 days 00:00:29.996000,0 days 00:00:18.489000,0 days 00:00:36.665000,0 days 01:13:03.618000,0 days 01:13:22.107000,0 days 01:13:58.772000,255.0,282.0,288.0,278.0,False,SOFT,12.0,False,Audi,0 days 01:12:33.622000,,1,,False,,False,True
0 days 01:16:41.509000,HUL,27,,33.0,4.0,,,0 days 00:00:36.688000,0 days 00:00:26.408000,0 days 00:01:39.543000,0 days 01:14:35.629000,0 days 01:15:02.017000,0 days 01:16:41.509000,171.0,206.0,137.0,229.0,False,SOFT,13.0,False,Audi,0 days 01:13:58.772000,,1,,False,,False,False
0 days 01:18:21.276000,HUL,27,,34.0,4.0,,0 days 01:18:21.276000,0 days 00:00:38.774000,0 days 00:00:20.526000,,0 days 01:17:20.350000,0 days 01:17:40.979000,,230.0,272.0,,161.0,False,SOFT,14.0,False,Audi,0 days 01:16:41.509000,,12,,False,,False,False
0 days 00:16:49.424000,LAW,30,0 days 00:01:47.608000,1.0,1.0,0 days 00:15:04.013000,,0 days 00:00:42.763000,0 days 00:00:21.730000,0 days 00:00:43.115000,0 days 00:15:44.766000,0 days 00:16:06.452000,0 days 00:16:49.573000,132.0,267.0,275.0,169.0,False,MEDIUM,1.0,True,Racing Bulls,0 days 00:15:04.013000,,12,,False,,False,False
0 days 00:18:12.061000,LAW,30,0 days 00:01:22.637000,2.0,1.0,,,0 days 00:00:29.366000,0 days 00:00:17.893000,0 days 00:00:35.378000,0 days 00:17:18.790000,0 days 00:17:36.683000,0 days 00:18:12.061000,255.0,295.0,290.0,296.0,True,MEDIUM,2.0,True,Racing Bulls,0 days 00:16:49.424000,,1,,False,,False,True
0 days 00:20:34.963000,LAW,30,0 days 00:02:22.902000,3.0,1.0,,,0 days 00:00:46.296000,0 days 00:00:37.213000,0 days 00:00:59.393000,0 days 00:18:58.357000,0 days 00:19:35.570000,0 days 00:20:34.963000,103.0,164.0,277.0,264.0,False,MEDIUM,3.0,True,Racing Bulls,0 days 00:18:12.061000,,1,,False,,False,True
0 days 00:21:56.982000,LAW,30,0 days 00:01:22.019000,4.0,1.0,,,0 days 00:00:29.022000,0 days 00:00:17.711000,0 days 00:00:35.286000,0 days 00:21:03.985000,0 days 00:21:21.696000,0 days 00:21:56.982000,257.0,300.0,293.0,296.0,True,MEDIUM,4.0,True,Racing Bulls,0 days 00:20:34.963000,,1,,False,,False,True
0 days 00:23:56.819000,LAW,30,0 days 00:01:59.837000,5.0,1.0,,,0 days 00:00:43.292000,0 days 00:00:27.692000,0 days 00:00:48.853000,0 days 00:22:40.274000,0 days 00:23:07.966000,0 days 00:23:56.819000,148.0,223.0,244.0,251.0,False,MEDIUM,5.0,True,Racing Bulls,0 days 00:21:56.982000,,1,,False,,False,True
0 days 00:25:50.858000,LAW,30,0 days 00:01:54.039000,6.0,1.0,,,0 days 00:00:36.623000,0 days 00:00:26.184000,0 days 00:00:51.232000,0 days 00:24:33.442000,0 days 00:24:59.626000,0 days 00:25:50.858000,222.0,224.0,278.0,218.0,False,MEDIUM,6.0,True,Racing Bulls,0 days 00:23:56.819000,,1,,False,,False,True
0 days 00:27:12.886000,LAW,30,0 days 00:01:22.028000,7.0,1.0,,,0 days 00:00:28.973000,0 days 00:00:17.698000,0 days 00:00:35.357000,0 days 00:26:19.831000,0 days 00:26:37.529000,0 days 00:27:12.886000,256.0,298.0,300.0,297.0,False,MEDIUM,7.0,True,Racing Bulls,0 days 00:25:50.858000,,1,,False,,False,True
0 days 00:34:51.985000,LAW,30,,8.0,1.0,,0 days 00:28:56.778000,0 days 00:00:35.912000,0 days 00:00:24.336000,,0 days 00:27:49.010000,0 days 00:28:13.289000,,205.0,237.0,,253.0,False,MEDIUM,8.0,True,Racing Bulls,0 days 00:27:12.886000,,1,,False,,False,False
0 days 00:36:38.522000,LAW,30,0 days 00:01:46.537000,9.0,2.0,0 days 00:34:54.041000,,0 days 00:00:40.987000,0 days 00:00:22.197000,0 days 00:00:43.353000,0 days 00:35:32.972000,0 days 00:35:55.169000,0 days 00:36:38.522000,231.0,251.0,278.0,181.0,False,SOFT,1.0,True,Racing Bulls,0 days 00:34:51.985000,,1,,False,,False,False
0 days 00:37:59.880000,LAW,30,0 days 00:01:21.358000,10.0,2.0,,,0 days 00:00:28.719000,0 days 00:00:17.640000,0 days 00:00:34.999000,0 days 00:37:07.241000,0 days 00:37:24.881000,0 days 00:37:59.880000,260.0,308.0,300.0,298.0,True,SOFT,2.0,True,Racing Bulls,0 days 00:36:38.522000,,1,,False,,False,True
0 days 00:39:58.855000,LAW,30,0 days 00:01:58.975000,11.0,2.0,,,0 days 00:00:38.907000,0 days 00:00:28.202000,0 days 00:00:51.866000,0 days 00:38:38.787000,0 days 00:39:06.989000,0 days 00:39:58.855000,137.0,163.0,231.0,280.0,False,SOFT,3.0,True,Racing Bulls,0 days 00:37:59.880000,,1,,False,,False,True
0 days 00:41:55.900000,LAW,30,0 days 00:01:57.045000,12.0,2.0,,,0 days 00:00:39.326000,0 days 00:00:25.970000,0 days 00:00:51.749000,0 days 00:40:38.181000,0 days 00:41:04.151000,0 days 00:41:55.900000,186.0,252.0,279.0,214.0,False,SOFT,4.0,True,Racing Bulls,0 days 00:39:58.855000,,1,,False,,False,True
0 days 00:43:18.440000,LAW,30,0 days 00:01:22.540000,13.0,2.0,,,0 days 00:00:28.793000,0 days 00:00:17.643000,0 days 00:00:36.104000,0 days 00:42:24.693000,0 days 00:42:42.336000,0 days 00:43:18.440000,260.0,304.0,303.0,298.0,False,SOFT,5.0,True,Racing Bulls,0 days 00:41:55.900000,,1,,False,,False,True
0 days 00:53:21.577000,LAW,30,,14.0,2.0,,0 days 00:44:54.260000,0 days 00:00:34.773000,0 days 00:00:22.709000,,0 days 00:43:53.424000,0 days 00:44:16.180000,,221.0,216.0,,246.0,False,SOFT,6.0,True,Racing Bulls,0 days 00:43:18.440000,,1,,False,,False,False
0 days 00:55:41.010000,LAW,30,0 days 00:02:19.433000,15.0,3.0,0 days 00:53:49.144000,0 days 00:55:23.971000,0 days 00:01:07.344000,0 days 00:00:18.697000,0 days 00:00:53.392000,0 days 00:54:28.921000,0 days 00:54:47.618000,0 days 00:55:41.010000,250.0,283.0,,181.0,False,SOFT,7.0,False,Racing Bulls,0 days 00:53:21.577000,,1,,False,,False,False
0 days 00:57:17.993000,LAW,30,0 days 00:01:36.983000,16.0,4.0,0 days 00:55:43.276000,,0 days 00:00:37.518000,0 days 00:00:19.538000,0 days 00:00:39.927000,0 days 00:56:18.528000,0 days 00:56:38.066000,0 days 00:57:17.993000,251.0,232.0,280.0,221.0,False,MEDIUM,9.0,False,Racing Bulls,0 days 00:55:41.010000,,1,,False,,False,False
0 days 00:58:43.749000,LAW,30,0 days 00:01:25.756000,17.0,4.0,,,0 days 00:00:29.815000,0 days 00:00:18.538000,0 days 00:00:37.403000,0 days 00:57:47.808000,0 days 00:58:06.346000,0 days 00:58:43.749000,263.0,288.0,292.0,274.0,False,MEDIUM,10.0,False,Racing Bulls,0 days 00:57:17.993000,,1,,False,,False,True
0 days 01:00:09.552000,LAW,30,0 days 00:01:25.803000,18.0,4.0,,,0 days 00:00:30.006000,0 days 00:00:18.404000,0 days 00:00:37.393000,0 days 00:59:13.755000,0 days 00:59:32.159000,0 days 01:00:09.552000,237.0,293.0,293.0,281.0,False,MEDIUM,11.0,False,Racing Bulls,0 days 00:58:43.749000,,1,,False,,False,True
0 days 01:01:35.585000,LAW,30,0 days 00:01:26.033000,19.0,4.0,,,0 days 00:00:30.037000,0 days 00:00:18.457000,0 days 00:00:37.539000,0 days 01:00:39.589000,0 days 01:00:58.046000,0 days 01:01:35.585000,253.0,293.0,292.0,281.0,False,MEDIUM,12.0,False,Racing Bulls,0 days 01:00:09.552000,,1,,False,,False,True
0 days 01:03:01.095000,LAW,30,0 days 00:01:25.510000,20.0,4.0,,,0 days 00:00:29.943000,0 days 00:00:18.311000,0 days 00:00:37.256000,0 days 01:02:05.528000,0 days 01:02:23.839000,0 days 01:03:01.095000,251.0,296.0,299.0,281.0,False,MEDIUM,13.0,False,Racing Bulls,0 days 01:01:35.585000,,1,,False,,False,True
0 days 01:04:26.825000,LAW,30,0 days 00:01:25.730000,21.0,4.0,,,0 days 00:00:29.971000,0 days 00:00:18.297000,0 days 00:00:37.462000,0 days 01:03:31.066000,0 days 01:03:49.363000,0 days 01:04:26.825000,253.0,298.0,296.0,286.0,False,MEDIUM,14.0,False,Racing Bulls,0 days 01:03:01.095000,,1,,False,,False,True
0 days 01:05:53.285000,LAW,30,0 days 00:01:26.460000,22.0,4.0,,,0 days 00:00:30.807000,0 days 00:00:18.168000,0 days 00:00:37.485000,0 days 01:04:57.632000,0 days 01:05:15.800000,0 days 01:05:53.285000,248.0,305.0,300.0,282.0,False,MEDIUM,15.0,False,Racing Bulls,0 days 01:04:26.825000,,1,,False,,False,True
0 days 01:07:19.347000,LAW,30,0 days 00:01:26.062000,23.0,4.0,,,0 days 00:00:30.624000,0 days 00:00:18.239000,0 days 00:00:37.199000,0 days 01:06:23.909000,0 days 01:06:42.148000,0 days 01:07:19.347000,246.0,293.0,305.0,279.0,False,MEDIUM,16.0,False,Racing Bulls,0 days 01:05:53.285000,,12,,False,,False,True
0 days 01:09:08.238000,LAW,30,0 days 00:01:48.891000,24.0,4.0,,,0 days 00:00:36.980000,0 days 00:00:25.334000,0 days 00:00:46.577000,0 days 01:07:56.327000,0 days 01:08:21.661000,0 days 01:09:08.238000,203.0,220.0,304.0,302.0,False,MEDIUM,17.0,False,Racing Bulls,0 days 01:07:19.347000,,2671,,False,,False,False
0 days 01:10:34.219000,LAW,30,0 days 00:01:25.981000,25.0,4.0,,,0 days 00:00:29.880000,0 days 00:00:18.908000,0 days 00:00:37.193000,0 days 01:09:38.118000,0 days 01:09:57.026000,0 days 01:10:34.219000,238.0,283.0,286.0,299.0,False,MEDIUM,18.0,False,Racing Bulls,0 days 01:09:08.238000,,1,,False,,False,True
0 days 01:11:59.823000,LAW,30,0 days 00:01:25.604000,26.0,4.0,,,0 days 00:00:30.218000,0 days 00:00:18.272000,0 days 00:00:37.114000,0 days 01:11:04.437000,0 days 01:11:22.709000,0 days 01:11:59.823000,237.0,296.0,298.0,276.0,False,MEDIUM,19.0,False,Racing Bulls,0 days 01:10:34.219000,,1,,False,,False,True
0 days 01:13:25.247000,LAW,30,0 days 00:01:25.424000,27.0,4.0,,,0 days 00:00:29.744000,0 days 00:00:18.362000,0 days 00:00:37.318000,0 days 01:12:29.567000,0 days 01:12:47.929000,0 days 01:13:25.247000,262.0,293.0,295.0,292.0,False,MEDIUM,20.0,False,Racing Bulls,0 days 01:11:59.823000,,1,,False,,False,True
0 days 01:16:20.486000,LAW,30,,28.0,4.0,,,0 days 00:00:41.137000,0 days 00:00:31.349000,,0 days 01:14:06.590000,0 days 01:14:37.813000,,172.0,159.0,106.0,266.0,False,MEDIUM,21.0,False,Racing Bulls,0 days 01:13:25.247000,,1,,False,,False,False
0 days 01:18:11.415000,LAW,30,,29.0,4.0,,0 days 01:18:11.415000,0 days 00:00:39.606000,0 days 00:00:27.527000,,0 days 01:17:00.187000,0 days 01:17:27.679000,,163.0,208.0,,248.0,False,MEDIUM,22.0,False,Racing Bulls,0 days 01:16:20.486000,,1,,False,,False,False
0 days 00:15:28.158000,OCO,31,0 days 00:02:25.674000,1.0,1.0,0 days 00:13:34.238000,,0 days 00:01:16.183000,0 days 00:00:21.200000,0 days 00:00:48.291000,0 days 00:14:18.977000,0 days 00:14:40.180000,0 days 00:15:28.396000,252.0,254.0,262.0,139.0,False,HARD,1.0,True,Haas F1 Team,0 days 00:13:34.238000,,1,,False,,False,False
0 days 00:16:53.288000,OCO,31,0 days 00:01:25.130000,2.0,1.0,,,0 days 00:00:30.579000,0 days 00:00:18.198000,0 days 00:00:36.353000,0 days 00:15:58.737000,0 days 00:16:16.935000,0 days 00:16:53.288000,228.0,303.0,298.0,284.0,True,HARD,2.0,True,Haas F1 Team,0 days 00:15:28.158000,,12,,False,,False,True
0 days 00:18:49.295000,OCO,31,0 days 00:01:56.007000,3.0,1.0,,,0 days 00:00:44.168000,0 days 00:00:23.051000,0 days 00:00:48.788000,0 days 00:17:37.456000,0 days 00:18:00.507000,0 days 00:18:49.295000,227.0,162.0,290.0,226.0,False,HARD,3.0,True,Haas F1 Team,0 days 00:16:53.288000,,1,,False,,False,True
0 days 00:20:13.544000,OCO,31,0 days 00:01:24.249000,4.0,1.0,,,0 days 00:00:30.205000,0 days 00:00:18.051000,0 days 00:00:35.993000,0 days 00:19:19.500000,0 days 00:19:37.551000,0 days 00:20:13.544000,229.0,298.0,295.0,293.0,True,HARD,4.0,True,Haas F1 Team,0 days 00:18:49.295000,,1,,False,,False,True
0 days 00:22:08.199000,OCO,31,0 days 00:01:54.655000,5.0,1.0,,,0 days 00:00:42.113000,0 days 00:00:25.575000,0 days 00:00:46.967000,0 days 00:20:55.657000,0 days 00:21:21.232000,0 days 00:22:08.199000,122.0,142.0,267.0,267.0,False,HARD,5.0,True,Haas F1 Team,0 days 00:20:13.544000,,1,,False,,False,True
0 days 00:23:31.424000,OCO,31,0 days 00:01:23.225000,6.0,1.0,,,0 days 00:00:29.804000,0 days 00:00:17.785000,0 days 00:00:35.636000,0 days 00:22:38.003000,0 days 00:22:55.788000,0 days 00:23:31.424000,229.0,307.0,300.0,297.0,True,HARD,6.0,True,Haas F1 Team,0 days 00:22:08.199000,,1,,False,,False,True
0 days 00:25:32.553000,OCO,31,0 days 00:02:01.129000,7.0,1.0,,,0 days 00:00:45.289000,0 days 00:00:26.207000,0 days 00:00:49.633000,0 days 00:24:16.713000,0 days 00:24:42.920000,0 days 00:25:32.553000,108.0,207.0,259.0,229.0,False,HARD,7.0,True,Haas F1 Team,0 days 00:23:31.424000,,1,,False,,False,True
0 days 00:26:55.150000,OCO,31,0 days 00:01:22.597000,8.0,1.0,,,0 days 00:00:29.480000,0 days 00:00:17.591000,0 days 00:00:35.526000,0 days 00:26:02.033000,0 days 00:26:19.624000,0 days 00:26:55.150000,260.0,301.0,301.0,294.0,True,HARD,8.0,True,Haas F1 Team,0 days 00:25:32.553000,,1,,False,,False,True
0 days 00:29:00.295000,OCO,31,0 days 00:02:05.145000,9.0,1.0,,,0 days 00:00:40.336000,0 days 00:00:27.320000,0 days 00:00:57.489000,0 days 00:27:35.486000,0 days 00:28:02.806000,0 days 00:29:00.295000,159.0,199.0,291.0,260.0,False,HARD,9.0,True,Haas F1 Team,0 days 00:26:55.150000,,1,,False,,False,True
0 days 00:36:10.039000,OCO,31,,10.0,1.0,,0 days 00:30:24.911000,0 days 00:00:29.777000,0 days 00:00:17.796000,,0 days 00:29:30.310000,0 days 00:29:48.175000,,236.0,298.0,,295.0,False,HARD,10.0,True,Haas F1 Team,0 days 00:29:00.295000,,1,,False,,False,False
0 days 00:37:54.697000,OCO,31,0 days 00:01:44.658000,11.0,2.0,0 days 00:36:12.275000,,0 days 00:00:43.194000,0 days 00:00:20.487000,0 days 00:00:40.977000,0 days 00:36:53.233000,0 days 00:37:13.720000,0 days 00:37:54.697000,235.0,258.0,271.0,155.0,False,SOFT,1.0,True,Haas F1 Team,0 days 00:36:10.039000,,1,,False,,False,False
0 days 00:39:15.876000,OCO,31,0 days 00:01:21.179000,12.0,2.0,,,0 days 00:00:28.749000,0 days 00:00:17.553000,0 days 00:00:34.877000,0 days 00:38:23.446000,0 days 00:38:40.999000,0 days 00:39:15.876000,270.0,301.0,307.0,304.0,True,SOFT,2.0,True,Haas F1 Team,0 days 00:37:54.697000,,1,,False,,False,True
0 days 00:41:18.083000,OCO,31,0 days 00:02:02.207000,13.0,2.0,,0 days 00:41:07.271000,0 days 00:00:39.532000,0 days 00:00:24.726000,0 days 00:00:57.949000,0 days 00:39:55.408000,0 days 00:40:20.134000,0 days 00:41:18.083000,193.0,228.0,,243.0,False,SOFT,3.0,True,Haas F1 Team,0 days 00:39:15.876000,,1,,False,,False,False
0 days 00:43:29.293000,OCO,31,0 days 00:02:11.210000,14.0,3.0,0 days 00:41:21.864000,,0 days 00:01:09.369000,0 days 00:00:20.618000,0 days 00:00:41.223000,0 days 00:42:27.452000,0 days 00:42:48.070000,0 days 00:43:29.293000,232.0,265.0,268.0,158.0,False,SOFT,4.0,False,Haas F1 Team,0 days 00:41:18.083000,,1,,False,,False,False
0 days 00:44:50.742000,OCO,31,0 days 00:01:21.449000,15.0,3.0,,,0 days 00:00:28.540000,0 days 00:00:17.715000,0 days 00:00:35.194000,0 days 00:43:57.833000,0 days 00:44:15.548000,0 days 00:44:50.742000,244.0,302.0,306.0,298.0,False,SOFT,5.0,False,Haas F1 Team,0 days 00:43:29.293000,,1,,False,,False,True
0 days 00:54:41.166000,OCO,31,,16.0,3.0,,0 days 00:46:31.097000,0 days 00:00:34.193000,0 days 00:00:23.005000,,0 days 00:45:25.028000,0 days 00:45:48.055000,,207.0,233.0,,253.0,False,SOFT,6.0,False,Haas F1 Team,0 days 00:44:50.742000,,1,,False,,False,False
0 days 00:57:06,OCO,31,,17.0,4.0,0 days 00:54:41.166000,0 days 00:56:54.073000,0 days 00:01:19.437000,0 days 00:00:22.285000,0 days 00:00:56.656000,0 days 00:55:47.169000,0 days 00:56:09.552000,0 days 00:57:06.061000,221.0,200.0,,180.0,False,HARD,11.0,False,Haas F1 Team,0 days 00:54:41.166000,,1,,False,,False,False
0 days 00:59:27.654000,OCO,31,0 days 00:02:21.654000,18.0,5.0,0 days 00:57:09.737000,,0 days 00:01:15.102000,0 days 00:00:18.663000,0 days 00:00:47.889000,0 days 00:58:21.102000,0 days 00:58:39.765000,0 days 00:59:27.654000,256.0,288.0,272.0,189.0,False,HARD,12.0,False,Haas F1 Team,0 days 00:57:06,,1,,False,,False,False
0 days 01:00:54.434000,OCO,31,0 days 00:01:26.780000,19.0,5.0,,,0 days 00:00:30.775000,0 days 00:00:18.472000,0 days 00:00:37.533000,0 days 00:59:58.429000,0 days 01:00:16.901000,0 days 01:00:54.434000,264.0,286.0,272.0,264.0,False,HARD,13.0,False,Haas F1 Team,0 days 00:59:27.654000,,1,,False,,False,True
0 days 01:02:20.937000,OCO,31,0 days 00:01:26.503000,20.0,5.0,,,0 days 00:00:30.180000,0 days 00:00:18.891000,0 days 00:00:37.432000,0 days 01:01:24.614000,0 days 01:01:43.505000,0 days 01:02:20.937000,272.0,274.0,280.0,268.0,False,HARD,14.0,False,Haas F1 Team,0 days 01:00:54.434000,,1,,False,,False,True
0 days 01:03:47.018000,OCO,31,0 days 00:01:26.081000,21.0,5.0,,,0 days 00:00:30.464000,0 days 00:00:18.269000,0 days 00:00:37.348000,0 days 01:02:51.401000,0 days 01:03:09.670000,0 days 01:03:47.018000,258.0,286.0,267.0,274.0,False,HARD,15.0,False,Haas F1 Team,0 days 01:02:20.937000,,1,,False,,False,True
0 days 01:05:12.619000,OCO,31,0 days 00:01:25.601000,22.0,5.0,,,0 days 00:00:30.185000,0 days 00:00:18.312000,0 days 00:00:37.104000,0 days 01:04:17.203000,0 days 01:04:35.515000,0 days 01:05:12.619000,261.0,284.0,275.0,268.0,False,HARD,16.0,False,Haas F1 Team,0 days 01:03:47.018000,,1,,False,,False,True
0 days 01:06:39.210000,OCO,31,0 days 00:01:26.591000,23.0,5.0,,,0 days 00:00:30.825000,0 days 00:00:18.216000,0 days 00:00:37.550000,0 days 01:05:43.444000,0 days 01:06:01.660000,0 days 01:06:39.210000,261.0,292.0,286.0,249.0,False,HARD,17.0,False,Haas F1 Team,0 days 01:05:12.619000,,1,,False,,False,True
0 days 01:08:48.030000,OCO,31,0 days 00:02:08.820000,24.0,5.0,,0 days 01:08:21.268000,0 days 00:00:30.031000,0 days 00:00:18.314000,0 days 00:01:20.475000,0 days 01:07:09.241000,0 days 01:07:27.555000,0 days 01:08:48.030000,266.0,285.0,,281.0,False,HARD,18.0,False,Haas F1 Team,0 days 01:06:39.210000,,1267,,False,,False,False
0 days 01:10:24.792000,OCO,31,0 days 00:01:36.762000,25.0,6.0,0 days 01:08:50.343000,,0 days 00:00:39.899000,0 days 00:00:18.799000,0 days 00:00:38.064000,0 days 01:09:27.929000,0 days 01:09:46.728000,0 days 01:10:24.792000,233.0,293.0,289.0,179.0,False,HARD,19.0,False,Haas F1 Team,0 days 01:08:48.030000,,71,,False,,False,False
0 days 01:11:51.725000,OCO,31,0 days 00:01:26.933000,26.0,6.0,,,0 days 00:00:30.188000,0 days 00:00:18.806000,0 days 00:00:37.939000,0 days 01:10:54.980000,0 days 01:11:13.786000,0 days 01:11:51.725000,230.0,287.0,276.0,293.0,False,HARD,20.0,False,Haas F1 Team,0 days 01:10:24.792000,,1,,False,,False,True
0 days 01:13:16.599000,OCO,31,0 days 00:01:24.874000,27.0,6.0,,,0 days 00:00:29.982000,0 days 00:00:18.047000,0 days 00:00:36.845000,0 days 01:12:21.707000,0 days 01:12:39.754000,0 days 01:13:16.599000,264.0,293.0,311.0,278.0,False,HARD,21.0,False,Haas F1 Team,0 days 01:11:51.725000,,1,,False,,False,True
0 days 01:15:57.575000,OCO,31,,28.0,6.0,,,0 days 00:00:39.685000,0 days 00:00:25.142000,0 days 00:01:36.184000,0 days 01:13:56.373000,0 days 01:14:21.638000,0 days 01:15:57.575000,186.0,210.0,3.0,207.0,False,HARD,22.0,False,Haas F1 Team,0 days 01:13:16.599000,,1,,False,,False,False
0 days 01:17:40.476000,OCO,31,,29.0,6.0,,0 days 01:17:40.476000,0 days 00:00:35.105000,0 days 00:00:26.178000,,0 days 01:16:32.797000,0 days 01:16:58.993000,,194.0,194.0,,232.0,False,HARD,23.0,False,Haas F1 Team,0 days 01:15:57.575000,,1,,False,,False,False
0 days 00:16:01.399000,LIN,41,0 days 00:02:04.342000,1.0,1.0,0 days 00:14:07.320000,,0 days 00:00:59.756000,0 days 00:00:21.222000,0 days 00:00:43.364000,0 days 00:14:57.044000,0 days 00:15:18.207000,0 days 00:16:01.529000,228.0,271.0,278.0,97.0,False,MEDIUM,1.0,True,Racing Bulls,0 days 00:14:07.320000,,1,,False,,False,False
0 days 00:17:42.425000,LIN,41,0 days 00:01:41.026000,2.0,1.0,,,0 days 00:00:35.215000,0 days 00:00:22.912000,0 days 00:00:42.899000,0 days 00:16:36.614000,0 days 00:16:59.526000,0 days 00:17:42.425000,214.0,271.0,273.0,298.0,True,MEDIUM,2.0,True,Racing Bulls,0 days 00:16:01.399000,,12,,False,,False,True
0 days 00:19:05.386000,LIN,41,0 days 00:01:22.961000,3.0,1.0,,,0 days 00:00:29.298000,0 days 00:00:17.837000,0 days 00:00:35.826000,0 days 00:18:11.723000,0 days 00:18:29.560000,0 days 00:19:05.386000,251.0,295.0,296.0,288.0,True,MEDIUM,3.0,True,Racing Bulls,0 days 00:17:42.425000,,1,,False,,False,True
0 days 00:20:57.845000,LIN,41,0 days 00:01:52.459000,4.0,1.0,,0 days 00:20:45.907000,0 days 00:00:33.951000,0 days 00:00:21.855000,0 days 00:00:56.653000,0 days 00:19:39.337000,0 days 00:20:01.192000,0 days 00:20:57.845000,232.0,241.0,,237.0,False,MEDIUM,4.0,True,Racing Bulls,0 days 00:19:05.386000,,1,,False,,False,False
0 days 00:23:22.972000,LIN,41,0 days 00:02:25.127000,5.0,2.0,0 days 00:21:02.113000,0 days 00:23:11.691000,0 days 00:01:08.561000,0 days 00:00:24.953000,0 days 00:00:51.613000,0 days 00:22:06.406000,0 days 00:22:31.359000,0 days 00:23:22.972000,175.0,252.0,,182.0,False,MEDIUM,5.0,False,Racing Bulls,0 days 00:20:57.845000,,1,,False,,False,False
0 days 00:25:41.287000,LIN,41,0 days 00:02:18.315000,6.0,3.0,0 days 00:23:25.541000,0 days 00:25:30.149000,0 days 00:01:02.916000,0 days 00:00:22.080000,0 days 00:00:53.319000,0 days 00:24:25.888000,0 days 00:24:47.968000,0 days 00:25:41.287000,213.0,230.0,,180.0,False,MEDIUM,6.0,False,Racing Bulls,0 days 00:23:22.972000,,1,,False,,False,False
0 days 00:33:43.874000,LIN,41,,7.0,4.0,0 days 00:25:43.965000,0 days 00:27:58.922000,0 days 00:01:11.977000,0 days 00:00:26.485000,,0 days 00:26:53.457000,0 days 00:27:20.019000,,127.0,250.0,,200.0,False,MEDIUM,7.0,False,Racing Bulls,0 days 00:25:41.287000,,1,,False,,False,False
0 days 00:35:38.267000,LIN,41,0 days 00:01:54.393000,8.0,5.0,0 days 00:33:45.947000,,0 days 00:00:44.001000,0 days 00:00:21.971000,0 days 00:00:48.421000,0 days 00:34:27.875000,0 days 00:34:49.846000,0 days 00:35:38.267000,220.0,231.0,271.0,155.0,False,SOFT,1.0,True,Racing Bulls,0 days 00:33:43.874000,,1,,False,,False,False
0 days 00:37:00.105000,LIN,41,0 days 00:01:21.838000,9.0,5.0,,,0 days 00:00:29.119000,0 days 00:00:17.581000,0 days 00:00:35.138000,0 days 00:36:07.386000,0 days 00:36:24.967000,0 days 00:37:00.105000,254.0,297.0,298.0,293.0,True,SOFT,2.0,True,Racing Bulls,0 days 00:35:38.267000,,1,,False,,False,True
0 days 00:38:59.332000,LIN,41,0 days 00:01:59.227000,10.0,5.0,,,0 days 00:00:39.637000,0 days 00:00:29.044000,0 days 00:00:50.546000,0 days 00:37:39.742000,0 days 00:38:08.786000,0 days 00:38:59.332000,148.0,246.0,275.0,248.0,False,SOFT,3.0,True,Racing Bulls,0 days 00:37:00.105000,,1,,False,,False,True
0 days 00:40:20.443000,LIN,41,0 days 00:01:21.111000,11.0,5.0,,,0 days 00:00:28.589000,0 days 00:00:17.503000,0 days 00:00:35.019000,0 days 00:39:27.921000,0 days 00:39:45.424000,0 days 00:40:20.443000,256.0,299.0,309.0,294.0,True,SOFT,4.0,True,Racing Bulls,0 days 00:38:59.332000,,1,,False,,False,True
0 days 00:42:31.270000,LIN,41,0 days 00:02:10.827000,12.0,5.0,,,0 days 00:00:45.421000,0 days 00:00:33.029000,0 days 00:00:52.377000,0 days 00:41:05.864000,0 days 00:41:38.893000,0 days 00:42:31.270000,139.0,167.0,180.0,246.0,False,SOFT,5.0,True,Racing Bulls,0 days 00:40:20.443000,,1,,False,,False,True
0 days 00:44:20.211000,LIN,41,0 days 00:01:48.941000,13.0,5.0,,,0 days 00:00:43.004000,0 days 00:00:21.552000,0 days 00:00:44.385000,0 days 00:43:14.274000,0 days 00:43:35.826000,0 days 00:44:20.211000,215.0,245.0,275.0,165.0,False,SOFT,6.0,True,Racing Bulls,0 days 00:42:31.270000,,1,,False,,False,True
0 days 00:45:41.133000,LIN,41,0 days 00:01:20.922000,14.0,5.0,,,0 days 00:00:28.513000,0 days 00:00:17.484000,0 days 00:00:34.925000,0 days 00:44:48.724000,0 days 00:45:06.208000,0 days 00:45:41.133000,253.0,302.0,307.0,296.0,True,SOFT,7.0,True,Racing Bulls,0 days 00:44:20.211000,,1,,False,,False,True
0 days 00:53:12.218000,LIN,41,,15.0,5.0,,0 days 00:47:16.811000,0 days 00:00:35.188000,0 days 00:00:22.667000,,0 days 00:46:16.583000,0 days 00:46:39.266000,,198.0,272.0,,249.0,False,SOFT,8.0,True,Racing Bulls,0 days 00:45:41.133000,,1,,False,,False,False
0 days 00:55:15.177000,LIN,41,0 days 00:02:02.959000,16.0,6.0,0 days 00:53:16.039000,,0 days 00:01:02.198000,0 days 00:00:21.728000,0 days 00:00:39.033000,0 days 00:54:14.416000,0 days 00:54:36.144000,0 days 00:55:15.177000,245.0,284.0,274.0,186.0,False,SOFT,9.0,False,Racing Bulls,0 days 00:53:12.218000,,1,,False,,False,False
0 days 00:56:41.978000,LIN,41,0 days 00:01:26.801000,17.0,6.0,,,0 days 00:00:30.485000,0 days 00:00:18.510000,0 days 00:00:37.806000,0 days 00:55:45.662000,0 days 00:56:04.172000,0 days 00:56:41.978000,237.0,300.0,297.0,272.0,False,SOFT,10.0,False,Racing Bulls,0 days 00:55:15.177000,,1,,False,,False,True
0 days 00:58:08.075000,LIN,41,0 days 00:01:26.097000,18.0,6.0,,,0 days 00:00:30.071000,0 days 00:00:18.378000,0 days 00:00:37.648000,0 days 00:57:12.049000,0 days 00:57:30.427000,0 days 00:58:08.075000,241.0,297.0,294.0,283.0,False,SOFT,11.0,False,Racing Bulls,0 days 00:56:41.978000,,1,,False,,False,True
0 days 00:59:33.739000,LIN,41,0 days 00:01:25.664000,19.0,6.0,,,0 days 00:00:30.036000,0 days 00:00:18.218000,0 days 00:00:37.410000,0 days 00:58:38.111000,0 days 00:58:56.329000,0 days 00:59:33.739000,239.0,304.0,303.0,286.0,False,SOFT,12.0,False,Racing Bulls,0 days 00:58:08.075000,,1,,False,,False,True
0 days 01:00:59.818000,LIN,41,0 days 00:01:26.079000,20.0,6.0,,,0 days 00:00:30.131000,0 days 00:00:18.270000,0 days 00:00:37.678000,0 days 01:00:03.870000,0 days 01:00:22.140000,0 days 01:00:59.818000,245.0,305.0,297.0,290.0,False,SOFT,13.0,False,Racing Bulls,0 days 00:59:33.739000,,1,,False,,False,True
0 days 01:02:25.793000,LIN,41,0 days 00:01:25.975000,21.0,6.0,,,0 days 00:00:30.367000,0 days 00:00:18.105000,0 days 00:00:37.503000,0 days 01:01:30.185000,0 days 01:01:48.290000,0 days 01:02:25.793000,242.0,309.0,303.0,282.0,False,SOFT,14.0,False,Racing Bulls,0 days 01:00:59.818000,,1,,False,,False,True
0 days 01:03:51.998000,LIN,41,0 days 00:01:26.205000,22.0,6.0,,,0 days 00:00:30.141000,0 days 00:00:18.267000,0 days 00:00:37.797000,0 days 01:02:55.934000,0 days 01:03:14.201000,0 days 01:03:51.998000,244.0,300.0,292.0,293.0,False,SOFT,15.0,False,Racing Bulls,0 days 01:02:25.793000,,1,,False,,False,True
0 days 01:05:17.516000,LIN,41,0 days 00:01:25.518000,23.0,6.0,,,0 days 00:00:30.140000,0 days 00:00:18.080000,0 days 00:00:37.298000,0 days 01:04:22.138000,0 days 01:04:40.218000,0 days 01:05:17.516000,243.0,309.0,299.0,287.0,False,SOFT,16.0,False,Racing Bulls,0 days 01:03:51.998000,,1,,False,,False,True
0 days 01:06:43.572000,LIN,41,0 days 00:01:26.056000,24.0,6.0,,,0 days 00:00:30.319000,0 days 00:00:18.127000,0 days 00:00:37.610000,0 days 01:05:47.835000,0 days 01:06:05.962000,0 days 01:06:43.572000,240.0,306.0,298.0,293.0,False,SOFT,17.0,False,Racing Bulls,0 days 01:05:17.516000,,1,,False,,False,True
0 days 01:08:33.644000,LIN,41,0 days 00:01:50.072000,25.0,6.0,,,0 days 00:00:30.208000,0 days 00:00:18.091000,0 days 00:01:01.773000,0 days 01:07:13.780000,0 days 01:07:31.871000,0 days 01:08:33.644000,244.0,306.0,215.0,291.0,False,SOFT,18.0,False,Racing Bulls,0 days 01:06:43.572000,,126,,False,,False,False
0 days 01:10:01.587000,LIN,41,0 days 00:01:27.943000,26.0,6.0,,,0 days 00:00:32.599000,0 days 00:00:18.175000,0 days 00:00:37.169000,0 days 01:09:06.243000,0 days 01:09:24.418000,0 days 01:10:01.587000,238.0,303.0,311.0,243.0,False,SOFT,19.0,False,Racing Bulls,0 days 01:08:33.644000,,671,,False,,False,False
0 days 01:11:27.329000,LIN,41,0 days 00:01:25.742000,27.0,6.0,,,0 days 00:00:30.260000,0 days 00:00:18.126000,0 days 00:00:37.356000,0 days 01:10:31.847000,0 days 01:10:49.973000,0 days 01:11:27.329000,243.0,302.0,301.0,310.0,False,SOFT,20.0,False,Racing Bulls,0 days 01:10:01.587000,,1,,False,,False,True
0 days 01:12:52.948000,LIN,41,0 days 00:01:25.619000,28.0,6.0,,,0 days 00:00:30.126000,0 days 00:00:18.142000,0 days 00:00:37.351000,0 days 01:11:57.455000,0 days 01:12:15.597000,0 days 01:12:52.948000,244.0,300.0,302.0,298.0,False,SOFT,21.0,False,Racing Bulls,0 days 01:11:27.329000,,1,,False,,False,True
0 days 01:14:59.627000,LIN,41,0 days 00:02:06.679000,29.0,6.0,,,0 days 00:00:37.181000,0 days 00:00:23.917000,0 days 00:01:05.581000,0 days 01:13:30.129000,0 days 01:13:54.046000,0 days 01:14:59.627000,180.0,222.0,23.0,242.0,False,SOFT,22.0,False,Racing Bulls,0 days 01:12:52.948000,,1,,False,,False,True
0 days 01:17:00.072000,LIN,41,,30.0,6.0,,0 days 01:17:00.072000,0 days 00:00:56.588000,0 days 00:00:26.849000,,0 days 01:15:56.328000,0 days 01:16:23.237000,,184.0,238.0,,235.0,False,SOFT,23.0,False,Racing Bulls,0 days 01:14:59.627000,,1,,False,,False,False
0 days 00:15:55.514000,COL,43,,1.0,1.0,0 days 00:13:07.104000,,,0 days 00:00:21.289000,0 days 00:01:24.278000,,0 days 00:14:31.400000,0 days 00:15:55.894000,238.0,254.0,19.0,105.0,False,MEDIUM,1.0,True,Alpine,0 days 00:13:07.104000,,1,,False,,False,False
0 days 00:17:56.030000,COL,43,0 days 00:02:00.516000,2.0,1.0,,,0 days 00:00:51.542000,0 days 00:00:20.342000,0 days 00:00:48.632000,0 days 00:16:47.056000,0 days 00:17:07.398000,0 days 00:17:56.030000,248.0,262.0,265.0,102.0,True,MEDIUM,2.0,True,Alpine,0 days 00:15:55.514000,,12,,False,,False,True
0 days 00:19:20.006000,COL,43,0 days 00:01:23.976000,3.0,1.0,,,0 days 00:00:29.764000,0 days 00:00:18.003000,0 days 00:00:36.209000,0 days 00:18:25.794000,0 days 00:18:43.797000,0 days 00:19:20.006000,267.0,298.0,319.0,270.0,True,MEDIUM,3.0,True,Alpine,0 days 00:17:56.030000,,1,,False,,False,True
0 days 00:21:31.568000,COL,43,0 days 00:02:11.562000,4.0,1.0,,,0 days 00:00:49.079000,0 days 00:00:32.010000,0 days 00:00:50.473000,0 days 00:20:09.085000,0 days 00:20:41.095000,0 days 00:21:31.568000,183.0,168.0,271.0,177.0,False,MEDIUM,4.0,True,Alpine,0 days 00:19:20.006000,,1,,False,,False,True
0 days 00:22:54.767000,COL,43,0 days 00:01:23.199000,5.0,1.0,,,0 days 00:00:29.373000,0 days 00:00:18.018000,0 days 00:00:35.808000,0 days 00:22:00.941000,0 days 00:22:18.959000,0 days 00:22:54.767000,269.0,296.0,318.0,294.0,True,MEDIUM,5.0,True,Alpine,0 days 00:21:31.568000,,1,,False,,False,True
0 days 00:25:08.139000,COL,43,0 days 00:02:13.372000,6.0,1.0,,,0 days 00:00:51.407000,0 days 00:00:37.206000,0 days 00:00:44.759000,0 days 00:23:46.174000,0 days 00:24:23.380000,0 days 00:25:08.139000,125.0,222.0,276.0,201.0,False,MEDIUM,6.0,True,Alpine,0 days 00:22:54.767000,,1,,False,,False,True
0 days 00:26:31.278000,COL,43,0 days 00:01:23.139000,7.0,1.0,,,0 days 00:00:29.272000,0 days 00:00:17.964000,0 days 00:00:35.903000,0 days 00:25:37.411000,0 days 00:25:55.375000,0 days 00:26:31.278000,266.0,296.0,320.0,299.0,True,MEDIUM,7.0,True,Alpine,0 days 00:25:08.139000,,1,,False,,False,True
0 days 00:28:50.052000,COL,43,0 days 00:02:18.774000,8.0,1.0,,,0 days 00:00:45.516000,0 days 00:00:39.714000,0 days 00:00:53.544000,0 days 00:27:16.794000,0 days 00:27:56.508000,0 days 00:28:50.052000,127.0,135.0,275.0,208.0,False,MEDIUM,8.0,True,Alpine,0 days 00:26:31.278000,,1,,False,,False,True
0 days 00:30:13.669000,COL,43,0 days 00:01:23.617000,9.0,1.0,,,0 days 00:00:29.193000,0 days 00:00:17.785000,0 days 00:00:36.639000,0 days 00:29:19.245000,0 days 00:29:37.030000,0 days 00:30:13.669000,274.0,298.0,317.0,298.0,False,MEDIUM,9.0,True,Alpine,0 days 00:28:50.052000,,1,,False,,False,True
0 days 00:41:25.126000,COL,43,,10.0,1.0,,0 days 00:31:59.252000,0 days 00:00:37.664000,0 days 00:00:22.850000,,0 days 00:30:51.547000,0 days 00:31:14.358000,,245.0,283.0,,194.0,False,MEDIUM,10.0,True,Alpine,0 days 00:30:13.669000,,1,,False,,False,False
0 days 00:43:15.922000,COL,43,0 days 00:01:50.796000,11.0,2.0,0 days 00:41:27.506000,,0 days 00:00:49.361000,0 days 00:00:20.932000,0 days 00:00:40.503000,0 days 00:42:14.487000,0 days 00:42:35.419000,0 days 00:43:15.922000,245.0,259.0,279.0,97.0,False,SOFT,1.0,True,Alpine,0 days 00:41:25.126000,,1,,False,,False,False
0 days 00:45:11.029000,COL,43,0 days 00:01:55.107000,12.0,2.0,,,0 days 00:00:34.896000,0 days 00:00:32.419000,0 days 00:00:47.792000,0 days 00:43:50.818000,0 days 00:44:23.237000,0 days 00:45:11.029000,164.0,149.0,274.0,299.0,False,SOFT,2.0,True,Alpine,0 days 00:43:15.922000,,1,,True,TRACK LIMITS AT TURN 3 LAP 13 ,False,True
0 days 00:46:33.808000,COL,43,0 days 00:01:22.779000,13.0,2.0,,,0 days 00:00:29.009000,0 days 00:00:17.979000,0 days 00:00:35.791000,0 days 00:45:40.038000,0 days 00:45:58.017000,0 days 00:46:33.808000,269.0,264.0,291.0,295.0,True,SOFT,3.0,True,Alpine,0 days 00:45:11.029000,,1,,False,,False,True
0 days 00:49:15.845000,COL,43,,14.0,2.0,,,0 days 00:01:11.689000,0 days 00:00:38.916000,0 days 00:00:51.428000,0 days 00:47:45.644000,0 days 00:48:24.631000,0 days 00:49:16.020000,185.0,115.0,267.0,184.0,False,SOFT,4.0,True,Alpine,0 days 00:46:33.808000,,1,,False,,False,False
0 days 00:50:38.464000,COL,43,0 days 00:01:22.619000,15.0,2.0,,,0 days 00:00:29.207000,0 days 00:00:17.881000,0 days 00:00:35.531000,0 days 00:49:45.052000,0 days 00:50:02.933000,0 days 00:50:38.464000,258.0,269.0,300.0,294.0,True,SOFT,5.0,True,Alpine,0 days 00:49:15.845000,,1,,False,,False,True
0 days 00:58:44.962000,COL,43,,16.0,2.0,,0 days 00:52:27.656000,0 days 00:00:43.469000,0 days 00:00:25.788000,,0 days 00:51:22.124000,0 days 00:51:47.932000,,204.0,189.0,,170.0,False,SOFT,6.0,True,Alpine,0 days 00:50:38.464000,,1,,False,,False,False
0 days 01:00:58.961000,COL,43,0 days 00:02:13.999000,17.0,3.0,0 days 00:58:48.656000,,0 days 00:01:17.857000,0 days 00:00:18.766000,0 days 00:00:37.376000,0 days 01:00:02.819000,0 days 01:00:21.585000,0 days 01:00:58.961000,249.0,291.0,281.0,181.0,False,MEDIUM,11.0,False,Alpine,0 days 00:58:44.962000,,1,,False,,False,False
0 days 01:02:24.733000,COL,43,0 days 00:01:25.772000,18.0,3.0,,,0 days 00:00:30.301000,0 days 00:00:18.224000,0 days 00:00:37.247000,0 days 01:01:29.262000,0 days 01:01:47.486000,0 days 01:02:24.733000,249.0,283.0,296.0,266.0,False,MEDIUM,12.0,False,Alpine,0 days 01:00:58.961000,,1,,False,,False,True
0 days 01:03:50.836000,COL,43,0 days 00:01:26.103000,19.0,3.0,,,0 days 00:00:30.078000,0 days 00:00:18.375000,0 days 00:00:37.650000,0 days 01:02:54.811000,0 days 01:03:13.186000,0 days 01:03:50.836000,273.0,272.0,286.0,260.0,False,MEDIUM,13.0,False,Alpine,0 days 01:02:24.733000,,1,,True,TRACK LIMITS AT TURN 6 LAP 20 ,False,True
0 days 01:05:16.445000,COL,43,0 days 00:01:25.609000,20.0,3.0,,,0 days 00:00:30.415000,0 days 00:00:18.196000,0 days 00:00:36.998000,0 days 01:04:21.251000,0 days 01:04:39.447000,0 days 01:05:16.445000,250.0,298.0,291.0,271.0,False,MEDIUM,14.0,False,Alpine,0 days 01:03:50.836000,,1,,False,,False,True
0 days 01:06:42.386000,COL,43,0 days 00:01:25.941000,21.0,3.0,,,0 days 00:00:30.409000,0 days 00:00:18.237000,0 days 00:00:37.295000,0 days 01:05:46.854000,0 days 01:06:05.091000,0 days 01:06:42.386000,254.0,299.0,290.0,279.0,False,MEDIUM,15.0,False,Alpine,0 days 01:05:16.445000,,1,,False,,False,True
0 days 01:08:32.550000,COL,43,0 days 00:01:50.164000,22.0,3.0,,,0 days 00:00:30.505000,0 days 00:00:18.187000,0 days 00:01:01.472000,0 days 01:07:12.891000,0 days 01:07:31.078000,0 days 01:08:32.550000,257.0,299.0,250.0,280.0,False,MEDIUM,16.0,False,Alpine,0 days 01:06:42.386000,,126,,False,,False,False
0 days 01:09:58.648000,COL,43,0 days 00:01:26.098000,23.0,3.0,,,0 days 00:00:30.826000,0 days 00:00:18.251000,0 days 00:00:37.021000,0 days 01:09:03.376000,0 days 01:09:21.627000,0 days 01:09:58.648000,257.0,295.0,285.0,259.0,False,MEDIUM,17.0,False,Alpine,0 days 01:08:32.550000,,671,,False,,False,False
0 days 01:11:24.591000,COL,43,0 days 00:01:25.943000,24.0,3.0,,,0 days 00:00:30.374000,0 days 00:00:18.294000,0 days 00:00:37.275000,0 days 01:10:29.022000,0 days 01:10:47.316000,0 days 01:11:24.591000,254.0,295.0,286.0,287.0,False,MEDIUM,18.0,False,Alpine,0 days 01:09:58.648000,,1,,False,,False,True
0 days 01:12:50.053000,COL,43,0 days 00:01:25.462000,25.0,3.0,,,0 days 00:00:30.224000,0 days 00:00:18.142000,0 days 00:00:37.096000,0 days 01:11:54.815000,0 days 01:12:12.957000,0 days 01:12:50.053000,258.0,300.0,288.0,286.0,False,MEDIUM,19.0,False,Alpine,0 days 01:11:24.591000,,1,,False,,False,True
0 days 01:15:06.709000,COL,43,0 days 00:02:16.656000,26.0,3.0,,,0 days 00:00:30.509000,0 days 00:00:18.749000,0 days 00:01:27.398000,0 days 01:13:20.562000,0 days 01:13:39.311000,0 days 01:15:06.709000,257.0,240.0,4.0,283.0,False,MEDIUM,20.0,False,Alpine,0 days 01:12:50.053000,,1,,False,,False,True
0 days 01:16:34.799000,COL,43,,27.0,3.0,,0 days 01:16:34.799000,0 days 00:00:33.805000,0 days 00:00:18.455000,,0 days 01:15:40.599000,0 days 01:15:59.085000,,247.0,290.0,,239.0,False,MEDIUM,21.0,False,Alpine,0 days 01:15:06.709000,,1,,False,,False,False
0 days 00:14:42.376000,HAM,44,,1.0,1.0,0 days 00:12:53.271000,,,0 days 00:00:20.198000,0 days 00:00:40.449000,,0 days 00:14:02.194000,0 days 00:14:42.541000,241.0,259.0,278.0,145.0,False,HARD,1.0,True,Ferrari,0 days 00:12:53.271000,,1,,False,,False,False
0 days 00:16:03.882000,HAM,44,0 days 00:01:21.506000,2.0,1.0,,,0 days 00:00:28.540000,0 days 00:00:17.674000,0 days 00:00:35.292000,0 days 00:15:10.916000,0 days 00:15:28.590000,0 days 00:16:03.882000,264.0,291.0,305.0,296.0,True,HARD,2.0,True,Ferrari,0 days 00:14:42.376000,,1,,False,,False,True
0 days 00:18:16.265000,HAM,44,0 days 00:02:12.383000,3.0,1.0,,,0 days 00:00:45.548000,0 days 00:00:30.836000,0 days 00:00:55.999000,0 days 00:16:49.430000,0 days 00:17:20.266000,0 days 00:18:16.265000,195.0,234.0,273.0,170.0,False,HARD,3.0,True,Ferrari,0 days 00:16:03.882000,,12,,False,,False,True
0 days 00:19:48.901000,HAM,44,0 days 00:01:32.636000,4.0,1.0,,,0 days 00:00:29.611000,0 days 00:00:23.501000,0 days 00:00:39.524000,0 days 00:18:45.876000,0 days 00:19:09.377000,0 days 00:19:48.901000,222.0,224.0,281.0,295.0,False,HARD,4.0,True,Ferrari,0 days 00:18:16.265000,,1,,False,,False,True
0 days 00:21:09.804000,HAM,44,0 days 00:01:20.903000,5.0,1.0,,,0 days 00:00:28.428000,0 days 00:00:17.657000,0 days 00:00:34.818000,0 days 00:20:17.329000,0 days 00:20:34.986000,0 days 00:21:09.804000,241.0,302.0,302.0,297.0,True,HARD,5.0,True,Ferrari,0 days 00:19:48.901000,,1,,False,,False,True
0 days 00:23:11.102000,HAM,44,0 days 00:02:01.298000,6.0,1.0,,,0 days 00:00:48.454000,0 days 00:00:28.012000,0 days 00:00:44.832000,0 days 00:21:58.258000,0 days 00:22:26.270000,0 days 00:23:11.102000,134.0,247.0,289.0,233.0,False,HARD,6.0,True,Ferrari,0 days 00:21:09.804000,,1,,False,,False,True
0 days 00:24:32.457000,HAM,44,0 days 00:01:21.355000,7.0,1.0,,,0 days 00:00:28.415000,0 days 00:00:17.981000,0 days 00:00:34.959000,0 days 00:23:39.517000,0 days 00:23:57.498000,0 days 00:24:32.457000,240.0,284.0,310.0,303.0,False,HARD,7.0,True,Ferrari,0 days 00:23:11.102000,,1,,False,,False,True
0 days 00:26:35.334000,HAM,44,0 days 00:02:02.877000,8.0,1.0,,,0 days 00:00:44.189000,0 days 00:00:33.828000,0 days 00:00:44.860000,0 days 00:25:16.646000,0 days 00:25:50.474000,0 days 00:26:35.334000,126.0,208.0,277.0,293.0,False,HARD,8.0,True,Ferrari,0 days 00:24:32.457000,,1,,False,,False,True
0 days 00:28:14.681000,HAM,44,0 days 00:01:39.347000,9.0,1.0,,,0 days 00:00:33.593000,0 days 00:00:21.625000,0 days 00:00:44.129000,0 days 00:27:08.927000,0 days 00:27:30.552000,0 days 00:28:14.681000,226.0,258.0,273.0,284.0,False,HARD,9.0,True,Ferrari,0 days 00:26:35.334000,,1,,False,,False,True
0 days 00:29:35.582000,HAM,44,0 days 00:01:20.901000,10.0,1.0,,,0 days 00:00:28.421000,0 days 00:00:17.786000,0 days 00:00:34.694000,0 days 00:28:43.102000,0 days 00:29:00.888000,0 days 00:29:35.582000,242.0,288.0,304.0,296.0,True,HARD,10.0,True,Ferrari,0 days 00:28:14.681000,,1,,False,,False,True
0 days 00:31:43.830000,HAM,44,0 days 00:02:08.248000,11.0,1.0,,,0 days 00:00:48.280000,0 days 00:00:34.733000,0 days 00:00:45.235000,0 days 00:30:23.862000,0 days 00:30:58.595000,0 days 00:31:43.830000,128.0,201.0,280.0,249.0,False,HARD,11.0,True,Ferrari,0 days 00:29:35.582000,,1,,False,,False,True
0 days 00:33:04.467000,HAM,44,0 days 00:01:20.637000,12.0,1.0,,,0 days 00:00:28.241000,0 days 00:00:17.606000,0 days 00:00:34.790000,0 days 00:32:12.071000,0 days 00:32:29.677000,0 days 00:33:04.467000,259.0,291.0,304.0,297.0,True,HARD,12.0,True,Ferrari,0 days 00:31:43.830000,,1,,False,,False,True
0 days 00:39:35.723000,HAM,44,,13.0,1.0,,0 days 00:34:47.896000,0 days 00:00:48.205000,0 days 00:00:20.215000,,0 days 00:33:52.963000,0 days 00:34:13.142000,,137.0,280.0,,233.0,False,HARD,13.0,True,Ferrari,0 days 00:33:04.467000,,1,,False,,False,False
0 days 00:41:27.654000,HAM,44,0 days 00:01:51.931000,14.0,2.0,0 days 00:39:38.025000,,0 days 00:00:39.673000,0 days 00:00:19.964000,0 days 00:00:52.294000,0 days 00:40:15.396000,0 days 00:40:35.360000,0 days 00:41:27.654000,235.0,299.0,276.0,169.0,False,SOFT,1.0,True,Ferrari,0 days 00:39:35.723000,,1,,False,,False,False
0 days 00:43:07.969000,HAM,44,0 days 00:01:40.315000,15.0,2.0,,,0 days 00:00:28.122000,0 days 00:00:25.751000,0 days 00:00:46.442000,0 days 00:41:55.776000,0 days 00:42:21.527000,0 days 00:43:07.969000,264.0,213.0,280.0,286.0,False,SOFT,2.0,True,Ferrari,0 days 00:41:27.654000,,1,,True,TRACK LIMITS AT TURN 6 LAP 16 ,False,True
0 days 00:44:28.088000,HAM,44,0 days 00:01:20.119000,16.0,2.0,,,0 days 00:00:27.943000,0 days 00:00:17.535000,0 days 00:00:34.641000,0 days 00:43:35.912000,0 days 00:43:53.447000,0 days 00:44:28.088000,262.0,292.0,306.0,291.0,True,SOFT,3.0,True,Ferrari,0 days 00:43:07.969000,,1,,False,,False,True
0 days 00:46:49.369000,HAM,44,0 days 00:02:21.281000,17.0,2.0,,0 days 00:46:28.590000,0 days 00:00:47.137000,0 days 00:00:25.335000,0 days 00:01:08.809000,0 days 00:45:15.225000,0 days 00:45:40.560000,0 days 00:46:49.369000,208.0,213.0,,233.0,False,SOFT,4.0,True,Ferrari,0 days 00:44:28.088000,,1,,False,,False,False
0 days 00:48:55.328000,HAM,44,0 days 00:02:05.959000,18.0,3.0,0 days 00:46:53.096000,,0 days 00:00:58.352000,0 days 00:00:20.022000,0 days 00:00:47.585000,0 days 00:47:47.721000,0 days 00:48:07.743000,0 days 00:48:55.328000,234.0,263.0,279.0,174.0,False,SOFT,5.0,False,Ferrari,0 days 00:46:49.369000,,1,,False,,False,False
0 days 00:50:35.429000,HAM,44,0 days 00:01:40.101000,19.0,3.0,,,0 days 00:00:37.784000,0 days 00:00:23.704000,0 days 00:00:38.613000,0 days 00:49:33.112000,0 days 00:49:56.816000,0 days 00:50:35.429000,141.0,260.0,281.0,289.0,False,SOFT,6.0,False,Ferrari,0 days 00:48:55.328000,,1,,True,TRACK LIMITS AT TURN 3 LAP 20 ,False,True
0 days 00:51:55.479000,HAM,44,0 days 00:01:20.050000,20.0,3.0,,,0 days 00:00:27.902000,0 days 00:00:17.593000,0 days 00:00:34.555000,0 days 00:51:03.331000,0 days 00:51:20.924000,0 days 00:51:55.479000,259.0,292.0,303.0,291.0,True,SOFT,7.0,False,Ferrari,0 days 00:50:35.429000,,1,,False,,False,True
0 days 00:54:03.482000,HAM,44,0 days 00:02:08.003000,21.0,3.0,,,0 days 00:00:46.993000,0 days 00:00:29.010000,0 days 00:00:52,0 days 00:52:42.472000,0 days 00:53:11.482000,0 days 00:54:03.482000,125.0,278.0,282.0,239.0,False,SOFT,8.0,False,Ferrari,0 days 00:51:55.479000,,1,,False,,False,True
0 days 01:01:37.832000,HAM,44,,22.0,3.0,,0 days 00:55:32.114000,0 days 00:00:30.279000,0 days 00:00:19.621000,,0 days 00:54:33.922000,0 days 00:54:53.463000,,266.0,277.0,,290.0,False,SOFT,9.0,False,Ferrari,0 days 00:54:03.482000,,1,,False,,False,False
0 days 01:03:31.491000,HAM,44,0 days 00:01:53.659000,23.0,4.0,0 days 01:01:41.031000,,0 days 00:00:55.842000,0 days 00:00:18.698000,0 days 00:00:39.119000,0 days 01:02:33.674000,0 days 01:02:52.372000,0 days 01:03:31.491000,258.0,281.0,283.0,184.0,False,HARD,14.0,False,Ferrari,0 days 01:01:37.832000,,1,,False,,False,False
0 days 01:04:56.293000,HAM,44,0 days 00:01:24.802000,24.0,4.0,,,0 days 00:00:29.535000,0 days 00:00:18.365000,0 days 00:00:36.902000,0 days 01:04:01.026000,0 days 01:04:19.391000,0 days 01:04:56.293000,266.0,283.0,289.0,277.0,False,HARD,15.0,False,Ferrari,0 days 01:03:31.491000,,1,,False,,False,True
0 days 01:06:20.776000,HAM,44,0 days 00:01:24.483000,25.0,4.0,,,0 days 00:00:29.766000,0 days 00:00:18.068000,0 days 00:00:36.649000,0 days 01:05:26.059000,0 days 01:05:44.127000,0 days 01:06:20.776000,250.0,291.0,296.0,285.0,False,HARD,16.0,False,Ferrari,0 days 01:04:56.293000,,1,,False,,False,True
0 days 01:07:55.163000,HAM,44,0 days 00:01:34.387000,26.0,4.0,,,0 days 00:00:29.608000,0 days 00:00:18.324000,0 days 00:00:46.455000,0 days 01:06:50.384000,0 days 01:07:08.708000,0 days 01:07:55.163000,265.0,289.0,170.0,295.0,False,HARD,17.0,False,Ferrari,0 days 01:06:20.776000,,126,,False,,False,False
0 days 01:09:33.048000,HAM,44,0 days 00:01:37.885000,27.0,4.0,,,0 days 00:00:37.131000,0 days 00:00:23.926000,0 days 00:00:36.828000,0 days 01:08:32.294000,0 days 01:08:56.220000,0 days 01:09:33.048000,211.0,257.0,303.0,180.0,False,HARD,18.0,False,Ferrari,0 days 01:07:55.163000,,671,,False,,False,False
0 days 01:10:57.009000,HAM,44,0 days 00:01:23.961000,28.0,4.0,,,0 days 00:00:29.387000,0 days 00:00:18.148000,0 days 00:00:36.426000,0 days 01:10:02.435000,0 days 01:10:20.583000,0 days 01:10:57.009000,255.0,288.0,291.0,302.0,False,HARD,19.0,False,Ferrari,0 days 01:09:33.048000,,1,,False,,False,True
0 days 01:12:21.390000,HAM,44,0 days 00:01:24.381000,29.0,4.0,,,0 days 00:00:29.610000,0 days 00:00:18.180000,0 days 00:00:36.591000,0 days 01:11:26.619000,0 days 01:11:44.799000,0 days 01:12:21.390000,274.0,284.0,288.0,282.0,False,HARD,20.0,False,Ferrari,0 days 01:10:57.009000,,1,,False,,False,True
0 days 01:13:45.822000,HAM,44,0 days 00:01:24.432000,30.0,4.0,,,0 days 00:00:29.600000,0 days 00:00:18.156000,0 days 00:00:36.676000,0 days 01:12:50.990000,0 days 01:13:09.146000,0 days 01:13:45.822000,273.0,287.0,288.0,288.0,False,HARD,21.0,False,Ferrari,0 days 01:12:21.390000,,1,,False,,False,True
0 days 01:16:26.766000,HAM,44,,31.0,4.0,,,0 days 00:00:40.879000,0 days 00:00:24.402000,0 days 00:01:35.645000,0 days 01:14:26.902000,0 days 01:14:51.282000,0 days 01:16:26.766000,189.0,227.0,118.0,178.0,False,HARD,22.0,False,Ferrari,0 days 01:13:45.822000,,1,,False,,False,False
0 days 01:17:57.943000,HAM,44,,32.0,4.0,,0 days 01:17:57.943000,0 days 00:00:35.464000,0 days 00:00:19.673000,,0 days 01:17:02.368000,0 days 01:17:22.009000,,242.0,282.0,,227.0,False,HARD,23.0,False,Ferrari,0 days 01:16:26.766000,,1,,False,,False,False
0 days 00:17:10.927000,SAI,55,0 days 00:01:59.331000,1.0,1.0,0 days 00:15:15.849000,,0 days 00:00:48.881000,0 days 00:00:20.051000,0 days 00:00:50.399000,0 days 00:16:00.801000,0 days 00:16:20.831000,0 days 00:17:11.054000,246.0,283.0,272.0,157.0,False,MEDIUM,1.0,True,Williams,0 days 00:15:15.849000,,12,,False,,False,False
0 days 00:18:44.431000,SAI,55,0 days 00:01:33.504000,2.0,1.0,,,0 days 00:00:29.787000,0 days 00:00:19.876000,0 days 00:00:43.841000,0 days 00:17:40.714000,0 days 00:18:00.590000,0 days 00:18:44.431000,240.0,275.0,277.0,283.0,True,MEDIUM,2.0,True,Williams,0 days 00:17:10.927000,,1,,False,,False,True
0 days 00:20:31.800000,SAI,55,0 days 00:01:47.369000,3.0,1.0,,0 days 00:20:07.484000,0 days 00:00:29.154000,0 days 00:00:17.877000,0 days 00:01:00.338000,0 days 00:19:13.585000,0 days 00:19:31.462000,0 days 00:20:31.800000,260.0,284.0,,289.0,False,MEDIUM,3.0,True,Williams,0 days 00:18:44.431000,,1,,False,,False,False
0 days 00:22:16.476000,SAI,55,0 days 00:01:44.676000,4.0,2.0,0 days 00:20:34.084000,,0 days 00:00:41.787000,0 days 00:00:20.153000,0 days 00:00:42.736000,0 days 00:21:13.587000,0 days 00:21:33.740000,0 days 00:22:16.476000,257.0,263.0,272.0,138.0,False,MEDIUM,4.0,False,Williams,0 days 00:20:31.800000,,1,,False,,False,False
0 days 00:23:39.028000,SAI,55,0 days 00:01:22.552000,5.0,2.0,,,0 days 00:00:28.987000,0 days 00:00:17.914000,0 days 00:00:35.651000,0 days 00:22:45.463000,0 days 00:23:03.377000,0 days 00:23:39.028000,262.0,281.0,300.0,287.0,True,MEDIUM,5.0,False,Williams,0 days 00:22:16.476000,,1,,False,,False,True
0 days 00:25:41.278000,SAI,55,0 days 00:02:02.250000,6.0,2.0,,,0 days 00:00:42.386000,0 days 00:00:30.530000,0 days 00:00:49.334000,0 days 00:24:21.414000,0 days 00:24:51.944000,0 days 00:25:41.278000,143.0,190.0,275.0,216.0,False,MEDIUM,6.0,False,Williams,0 days 00:23:39.028000,,1,,False,,False,True
0 days 00:27:03.531000,SAI,55,0 days 00:01:22.253000,7.0,2.0,,,0 days 00:00:28.994000,0 days 00:00:17.869000,0 days 00:00:35.390000,0 days 00:26:10.272000,0 days 00:26:28.141000,0 days 00:27:03.531000,262.0,280.0,303.0,289.0,True,MEDIUM,7.0,False,Williams,0 days 00:25:41.278000,,1,,False,,False,True
0 days 00:29:00.494000,SAI,55,0 days 00:01:56.963000,8.0,2.0,,,0 days 00:00:41.309000,0 days 00:00:29.215000,0 days 00:00:46.439000,0 days 00:27:44.840000,0 days 00:28:14.055000,0 days 00:29:00.494000,168.0,203.0,285.0,209.0,False,MEDIUM,8.0,False,Williams,0 days 00:27:03.531000,,1,,False,,False,True
0 days 00:30:32.864000,SAI,55,0 days 00:01:32.370000,9.0,2.0,,,0 days 00:00:32.036000,0 days 00:00:19.870000,0 days 00:00:40.464000,0 days 00:29:32.530000,0 days 00:29:52.400000,0 days 00:30:32.864000,256.0,267.0,276.0,253.0,False,MEDIUM,9.0,False,Williams,0 days 00:29:00.494000,,1,,False,,False,True
0 days 00:31:56.742000,SAI,55,,10.0,2.0,,0 days 00:31:56.742000,0 days 00:00:28.919000,0 days 00:00:18.066000,,0 days 00:31:01.984000,0 days 00:31:20.176000,,265.0,274.0,,290.0,False,MEDIUM,10.0,False,Williams,0 days 00:30:32.864000,,1,,False,,False,False
0 days 00:17:00.732000,RUS,63,0 days 00:01:53.165000,1.0,1.0,0 days 00:15:10.646000,,0 days 00:00:50.673000,0 days 00:00:21.755000,0 days 00:00:40.737000,0 days 00:15:58.518000,0 days 00:16:20.204000,0 days 00:17:00.851000,113.0,284.0,275.0,122.0,False,HARD,1.0,True,Mercedes,0 days 00:15:10.646000,,12,,False,,False,False
0 days 00:18:22.032000,RUS,63,0 days 00:01:21.300000,2.0,1.0,,,0 days 00:00:28.710000,0 days 00:00:17.724000,0 days 00:00:34.866000,0 days 00:17:29.442000,0 days 00:17:47.166000,0 days 00:18:22.032000,262.0,283.0,303.0,291.0,True,HARD,2.0,True,Mercedes,0 days 00:17:00.732000,,1,,False,,False,True
0 days 00:20:20.617000,RUS,63,0 days 00:01:58.585000,3.0,1.0,,,0 days 00:00:41.886000,0 days 00:00:27.385000,0 days 00:00:49.314000,0 days 00:19:03.918000,0 days 00:19:31.303000,0 days 00:20:20.617000,199.0,168.0,275.0,196.0,False,HARD,3.0,True,Mercedes,0 days 00:18:22.032000,,1,,False,,False,True
0 days 00:21:41.601000,RUS,63,0 days 00:01:20.984000,4.0,1.0,,,0 days 00:00:28.371000,0 days 00:00:17.649000,0 days 00:00:34.964000,0 days 00:20:48.988000,0 days 00:21:06.637000,0 days 00:21:41.601000,264.0,279.0,310.0,292.0,True,HARD,4.0,True,Mercedes,0 days 00:20:20.617000,,1,,False,,False,True
0 days 00:28:06.397000,RUS,63,,5.0,1.0,,0 days 00:23:16.131000,0 days 00:00:35.149000,0 days 00:00:20.877000,,0 days 00:22:16.918000,0 days 00:22:37.844000,,243.0,281.0,,248.0,False,HARD,5.0,True,Mercedes,0 days 00:21:41.601000,,1,,False,,False,False
0 days 00:30:10.096000,RUS,63,0 days 00:02:03.699000,6.0,2.0,0 days 00:28:08.962000,,0 days 00:01:03.207000,0 days 00:00:19.844000,0 days 00:00:40.648000,0 days 00:29:09.604000,0 days 00:29:29.448000,0 days 00:30:10.096000,262.0,175.0,278.0,191.0,False,SOFT,1.0,True,Mercedes,0 days 00:28:06.397000,,1,,False,,False,False
0 days 00:31:30.145000,RUS,63,0 days 00:01:20.049000,7.0,2.0,,,0 days 00:00:28.037000,0 days 00:00:17.555000,0 days 00:00:34.457000,0 days 00:30:38.133000,0 days 00:30:55.688000,0 days 00:31:30.145000,264.0,279.0,300.0,294.0,True,SOFT,2.0,True,Mercedes,0 days 00:30:10.096000,,1,,False,,False,True
0 days 00:33:57.139000,RUS,63,0 days 00:02:26.994000,8.0,2.0,,,0 days 00:01:07.911000,0 days 00:00:26.698000,0 days 00:00:52.385000,0 days 00:32:38.056000,0 days 00:33:04.754000,0 days 00:33:57.139000,203.0,201.0,270.0,236.0,False,SOFT,3.0,True,Mercedes,0 days 00:31:30.145000,,1,,False,,False,True
0 days 00:35:43.345000,RUS,63,0 days 00:01:46.206000,9.0,2.0,,0 days 00:35:31.721000,0 days 00:00:28.095000,0 days 00:00:17.659000,0 days 00:01:00.452000,0 days 00:34:25.234000,0 days 00:34:42.893000,0 days 00:35:43.345000,262.0,274.0,,290.0,False,SOFT,4.0,True,Mercedes,0 days 00:33:57.139000,,1,,False,,False,False
0 days 00:38:10.706000,RUS,63,0 days 00:02:27.361000,10.0,3.0,0 days 00:35:46.070000,,0 days 00:01:10.395000,0 days 00:00:29.065000,0 days 00:00:47.901000,0 days 00:36:53.740000,0 days 00:37:22.805000,0 days 00:38:10.706000,170.0,123.0,275.0,227.0,False,SOFT,5.0,False,Mercedes,0 days 00:35:43.345000,,1,,False,,False,False
0 days 00:39:50.952000,RUS,63,0 days 00:01:40.246000,11.0,3.0,,,0 days 00:00:34.001000,0 days 00:00:22.394000,0 days 00:00:43.851000,0 days 00:38:44.707000,0 days 00:39:07.101000,0 days 00:39:50.952000,163.0,192.0,276.0,292.0,False,SOFT,6.0,False,Mercedes,0 days 00:38:10.706000,,1,,False,,False,True
0 days 00:48:47.972000,RUS,63,,12.0,3.0,,0 days 00:41:47.513000,0 days 00:00:46.052000,0 days 00:00:22.657000,,0 days 00:40:37.177000,0 days 00:40:59.868000,,218.0,179.0,,289.0,False,SOFT,7.0,False,Mercedes,0 days 00:39:50.952000,,1,,False,,False,False
0 days 00:50:51.168000,RUS,63,0 days 00:02:03.196000,13.0,4.0,0 days 00:48:50.735000,,0 days 00:01:06.562000,0 days 00:00:19.038000,0 days 00:00:37.596000,0 days 00:49:54.534000,0 days 00:50:13.572000,0 days 00:50:51.168000,238.0,266.0,280.0,212.0,False,HARD,6.0,False,Mercedes,0 days 00:48:47.972000,,1,,False,,False,False
0 days 00:52:15.596000,RUS,63,0 days 00:01:24.428000,14.0,4.0,,,0 days 00:00:29.694000,0 days 00:00:18.252000,0 days 00:00:36.482000,0 days 00:51:20.862000,0 days 00:51:39.114000,0 days 00:52:15.596000,244.0,284.0,288.0,270.0,False,HARD,7.0,False,Mercedes,0 days 00:50:51.168000,,1,,False,,False,True
0 days 00:53:39.910000,RUS,63,0 days 00:01:24.314000,15.0,4.0,,,0 days 00:00:29.412000,0 days 00:00:18.384000,0 days 00:00:36.518000,0 days 00:52:45.008000,0 days 00:53:03.392000,0 days 00:53:39.910000,247.0,276.0,284.0,275.0,False,HARD,8.0,False,Mercedes,0 days 00:52:15.596000,,1,,False,,False,True
0 days 00:55:03.379000,RUS,63,0 days 00:01:23.469000,16.0,4.0,,,0 days 00:00:29.470000,0 days 00:00:18.131000,0 days 00:00:35.868000,0 days 00:54:09.380000,0 days 00:54:27.511000,0 days 00:55:03.379000,247.0,288.0,290.0,269.0,False,HARD,9.0,False,Mercedes,0 days 00:53:39.910000,,1,,False,,False,True
0 days 00:56:26.677000,RUS,63,0 days 00:01:23.298000,17.0,4.0,,,0 days 00:00:29.246000,0 days 00:00:18.127000,0 days 00:00:35.925000,0 days 00:55:32.625000,0 days 00:55:50.752000,0 days 00:56:26.677000,250.0,293.0,284.0,279.0,False,HARD,10.0,False,Mercedes,0 days 00:55:03.379000,,1,,False,,False,True
0 days 00:57:50.138000,RUS,63,0 days 00:01:23.461000,18.0,4.0,,,0 days 00:00:29.270000,0 days 00:00:18.061000,0 days 00:00:36.130000,0 days 00:56:55.947000,0 days 00:57:14.008000,0 days 00:57:50.138000,247.0,292.0,293.0,280.0,False,HARD,11.0,False,Mercedes,0 days 00:56:26.677000,,1,,False,,False,True
0 days 00:59:13.645000,RUS,63,0 days 00:01:23.507000,19.0,4.0,,,0 days 00:00:29.180000,0 days 00:00:18.090000,0 days 00:00:36.237000,0 days 00:58:19.318000,0 days 00:58:37.408000,0 days 00:59:13.645000,253.0,295.0,288.0,285.0,False,HARD,12.0,False,Mercedes,0 days 00:57:50.138000,,1,,False,,False,True
0 days 01:00:36.853000,RUS,63,0 days 00:01:23.208000,20.0,4.0,,,0 days 00:00:29.291000,0 days 00:00:17.914000,0 days 00:00:36.003000,0 days 00:59:42.936000,0 days 01:00:00.850000,0 days 01:00:36.853000,252.0,298.0,295.0,284.0,False,HARD,13.0,False,Mercedes,0 days 00:59:13.645000,,1,,False,,False,True
0 days 01:01:59.991000,RUS,63,0 days 00:01:23.138000,21.0,4.0,,,0 days 00:00:29.252000,0 days 00:00:17.962000,0 days 00:00:35.924000,0 days 01:01:06.105000,0 days 01:01:24.067000,0 days 01:01:59.991000,250.0,295.0,294.0,291.0,False,HARD,14.0,False,Mercedes,0 days 01:00:36.853000,,1,,False,,False,True
0 days 01:03:23.793000,RUS,63,0 days 00:01:23.802000,22.0,4.0,,,0 days 00:00:29.519000,0 days 00:00:18.039000,0 days 00:00:36.244000,0 days 01:02:29.510000,0 days 01:02:47.549000,0 days 01:03:23.793000,249.0,295.0,294.0,288.0,False,HARD,15.0,False,Mercedes,0 days 01:01:59.991000,,1,,False,,False,True
0 days 01:04:48.193000,RUS,63,0 days 00:01:24.400000,23.0,4.0,,,0 days 00:00:29.311000,0 days 00:00:17.957000,0 days 00:00:37.132000,0 days 01:03:53.104000,0 days 01:04:11.061000,0 days 01:04:48.193000,253.0,301.0,298.0,289.0,False,HARD,16.0,False,Mercedes,0 days 01:03:23.793000,,1,,False,,False,True
0 days 01:06:12.020000,RUS,63,0 days 00:01:23.827000,24.0,4.0,,,0 days 00:00:29.403000,0 days 00:00:18.015000,0 days 00:00:36.409000,0 days 01:05:17.596000,0 days 01:05:35.611000,0 days 01:06:12.020000,253.0,299.0,294.0,301.0,False,HARD,17.0,False,Mercedes,0 days 01:04:48.193000,,1,,False,,False,True
0 days 01:11:22.549000,RUS,63,,25.0,4.0,,0 days 01:07:36.636000,0 days 00:00:29.394000,0 days 00:00:17.960000,,0 days 01:06:41.496000,0 days 01:06:59.581000,,256.0,300.0,,293.0,False,HARD,18.0,False,Mercedes,0 days 01:06:12.020000,,1267,,False,,False,False
0 days 01:13:39.028000,RUS,63,0 days 00:02:16.479000,26.0,5.0,0 days 01:11:27.444000,,0 days 00:01:13.434000,0 days 00:00:21.367000,0 days 00:00:41.678000,0 days 01:12:35.983000,0 days 01:12:57.350000,0 days 01:13:39.028000,246.0,288.0,271.0,196.0,False,SOFT,8.0,False,Mercedes,0 days 01:11:22.549000,,1,,False,,False,False
0 days 01:16:07.292000,RUS,63,0 days 00:02:28.264000,27.0,5.0,,,0 days 00:00:33.771000,0 days 00:00:24.213000,0 days 00:01:30.280000,0 days 01:14:12.799000,0 days 01:14:37.012000,0 days 01:16:07.292000,248.0,230.0,4.0,209.0,False,SOFT,9.0,False,Mercedes,0 days 01:13:39.028000,,1,,False,,False,True
0 days 01:17:38.726000,RUS,63,,28.0,5.0,,0 days 01:17:38.726000,0 days 00:00:32.554000,0 days 00:00:18.508000,,0 days 01:16:39.973000,0 days 01:16:58.428000,,255.0,285.0,,250.0,False,SOFT,10.0,False,Mercedes,0 days 01:16:07.292000,,1,,False,,False,False
0 days 00:21:17.192000,BOT,77,0 days 00:02:18.632000,1.0,1.0,0 days 00:19:06.487000,,0 days 00:01:10.489000,0 days 00:00:21.596000,0 days 00:00:46.547000,0 days 00:20:09.431000,0 days 00:20:30.837000,0 days 00:21:17.334000,225.0,244.0,280.0,103.0,False,MEDIUM,1.0,True,Cadillac,0 days 00:19:06.487000,,1,,False,,False,False
0 days 00:22:42.625000,BOT,77,0 days 00:01:25.433000,2.0,1.0,,,0 days 00:00:30.602000,0 days 00:00:18.102000,0 days 00:00:36.729000,0 days 00:21:47.794000,0 days 00:22:05.896000,0 days 00:22:42.625000,255.0,298.0,303.0,287.0,True,MEDIUM,2.0,True,Cadillac,0 days 00:21:17.192000,,1,,False,,False,True
0 days 00:24:38.022000,BOT,77,0 days 00:01:55.397000,3.0,1.0,,,0 days 00:00:36.165000,0 days 00:00:23.738000,0 days 00:00:55.494000,0 days 00:23:18.790000,0 days 00:23:42.528000,0 days 00:24:38.022000,225.0,223.0,273.0,233.0,False,MEDIUM,3.0,True,Cadillac,0 days 00:22:42.625000,,1,,False,,False,True
0 days 00:26:28.916000,BOT,77,0 days 00:01:50.894000,4.0,1.0,,,0 days 00:00:37.732000,0 days 00:00:24.139000,0 days 00:00:49.023000,0 days 00:25:15.754000,0 days 00:25:39.893000,0 days 00:26:28.916000,219.0,277.0,272.0,287.0,False,MEDIUM,4.0,True,Cadillac,0 days 00:24:38.022000,,1,,False,,False,True
0 days 00:27:54.165000,BOT,77,0 days 00:01:25.249000,5.0,1.0,,,0 days 00:00:30.476000,0 days 00:00:18.129000,0 days 00:00:36.644000,0 days 00:26:59.392000,0 days 00:27:17.521000,0 days 00:27:54.165000,260.0,295.0,303.0,286.0,True,MEDIUM,5.0,True,Cadillac,0 days 00:26:28.916000,,1,,False,,False,True
0 days 00:29:43.063000,BOT,77,0 days 00:01:48.898000,6.0,1.0,,,0 days 00:00:37.232000,0 days 00:00:23.469000,0 days 00:00:48.197000,0 days 00:28:31.397000,0 days 00:28:54.866000,0 days 00:29:43.063000,207.0,280.0,279.0,225.0,False,MEDIUM,6.0,True,Cadillac,0 days 00:27:54.165000,,1,,False,,False,True
0 days 00:36:54.070000,BOT,77,,7.0,1.0,,0 days 00:31:17.490000,0 days 00:00:33.049000,0 days 00:00:20.808000,,0 days 00:30:16.384000,0 days 00:30:37.174000,,231.0,274.0,,292.0,False,MEDIUM,7.0,True,Cadillac,0 days 00:29:43.063000,,1,,False,,False,False
0 days 00:38:37.478000,BOT,77,0 days 00:01:43.408000,8.0,2.0,0 days 00:36:56.435000,,0 days 00:00:42.402000,0 days 00:00:20.762000,0 days 00:00:40.244000,0 days 00:37:36.472000,0 days 00:37:57.234000,0 days 00:38:37.478000,236.0,277.0,282.0,128.0,False,SOFT,1.0,True,Cadillac,0 days 00:36:54.070000,,1,,False,,False,False
0 days 00:40:01.138000,BOT,77,0 days 00:01:23.660000,9.0,2.0,,,0 days 00:00:29.352000,0 days 00:00:18.028000,0 days 00:00:36.280000,0 days 00:39:06.830000,0 days 00:39:24.858000,0 days 00:40:01.138000,264.0,294.0,303.0,296.0,True,SOFT,2.0,True,Cadillac,0 days 00:38:37.478000,,1,,False,,False,True
0 days 00:42:02.923000,BOT,77,0 days 00:02:01.785000,10.0,2.0,,,0 days 00:00:42.377000,0 days 00:00:26.776000,0 days 00:00:52.632000,0 days 00:40:43.515000,0 days 00:41:10.291000,0 days 00:42:02.923000,81.0,211.0,225.0,218.0,False,SOFT,3.0,True,Cadillac,0 days 00:40:01.138000,,1,,False,,False,True
0 days 00:44:01.241000,BOT,77,0 days 00:01:58.318000,11.0,2.0,,,0 days 00:00:42.912000,0 days 00:00:25.940000,0 days 00:00:49.466000,0 days 00:42:45.835000,0 days 00:43:11.775000,0 days 00:44:01.241000,223.0,201.0,273.0,202.0,False,SOFT,4.0,True,Cadillac,0 days 00:42:02.923000,,1,,False,,False,True
0 days 00:45:25.256000,BOT,77,0 days 00:01:24.015000,12.0,2.0,,,0 days 00:00:29.523000,0 days 00:00:18.094000,0 days 00:00:36.398000,0 days 00:44:30.764000,0 days 00:44:48.858000,0 days 00:45:25.256000,265.0,290.0,265.0,285.0,False,SOFT,5.0,True,Cadillac,0 days 00:44:01.241000,,1,,False,,False,True
0 days 00:53:33.523000,BOT,77,,13.0,2.0,,0 days 00:47:07.320000,0 days 00:00:40.716000,0 days 00:00:22.340000,,0 days 00:46:06.132000,0 days 00:46:28.473000,,141.0,285.0,,136.0,False,SOFT,6.0,True,Cadillac,0 days 00:45:25.256000,,1,,False,,False,False
0 days 00:55:59.140000,BOT,77,0 days 00:02:25.617000,14.0,3.0,0 days 00:54:00.595000,,0 days 00:01:27.288000,0 days 00:00:18.774000,0 days 00:00:39.555000,0 days 00:55:00.811000,0 days 00:55:19.585000,0 days 00:55:59.140000,258.0,292.0,262.0,218.0,False,MEDIUM,8.0,False,Cadillac,0 days 00:53:33.523000,,1,,False,,False,False
0 days 00:57:26.817000,BOT,77,0 days 00:01:27.677000,15.0,3.0,,,0 days 00:00:31.088000,0 days 00:00:18.464000,0 days 00:00:38.125000,0 days 00:56:30.228000,0 days 00:56:48.692000,0 days 00:57:26.817000,261.0,286.0,277.0,254.0,False,MEDIUM,9.0,False,Cadillac,0 days 00:55:59.140000,,1,,False,,False,True
0 days 00:58:54.703000,BOT,77,0 days 00:01:27.886000,16.0,3.0,,,0 days 00:00:31.012000,0 days 00:00:18.593000,0 days 00:00:38.281000,0 days 00:57:57.829000,0 days 00:58:16.422000,0 days 00:58:54.703000,265.0,285.0,278.0,270.0,False,MEDIUM,10.0,False,Cadillac,0 days 00:57:26.817000,,1,,False,,False,True
0 days 01:00:22.846000,BOT,77,0 days 00:01:28.143000,17.0,3.0,,,0 days 00:00:31.057000,0 days 00:00:18.440000,0 days 00:00:38.646000,0 days 00:59:25.760000,0 days 00:59:44.200000,0 days 01:00:22.846000,253.0,292.0,260.0,265.0,False,MEDIUM,11.0,False,Cadillac,0 days 00:58:54.703000,,1,,False,,False,True
0 days 01:01:52.081000,BOT,77,0 days 00:01:29.235000,18.0,3.0,,,0 days 00:00:31.075000,0 days 00:00:18.420000,0 days 00:00:39.740000,0 days 01:00:53.921000,0 days 01:01:12.341000,0 days 01:01:52.081000,255.0,297.0,283.0,257.0,False,MEDIUM,12.0,False,Cadillac,0 days 01:00:22.846000,,1,,False,,False,True
0 days 01:03:19.603000,BOT,77,0 days 00:01:27.522000,19.0,3.0,,,0 days 00:00:30.785000,0 days 00:00:18.284000,0 days 00:00:38.453000,0 days 01:02:22.866000,0 days 01:02:41.150000,0 days 01:03:19.603000,259.0,299.0,286.0,275.0,False,MEDIUM,13.0,False,Cadillac,0 days 01:01:52.081000,,1,,False,,False,True
0 days 01:04:50.212000,BOT,77,0 days 00:01:30.609000,20.0,3.0,,,0 days 00:00:31.050000,0 days 00:00:19.387000,0 days 00:00:40.172000,0 days 01:03:50.653000,0 days 01:04:10.040000,0 days 01:04:50.212000,258.0,252.0,272.0,274.0,False,MEDIUM,14.0,False,Cadillac,0 days 01:03:19.603000,,1,,False,,False,True
0 days 01:06:18.901000,BOT,77,0 days 00:01:28.689000,21.0,3.0,,,0 days 00:00:31.439000,0 days 00:00:18.528000,0 days 00:00:38.722000,0 days 01:05:21.651000,0 days 01:05:40.179000,0 days 01:06:18.901000,262.0,293.0,281.0,275.0,False,MEDIUM,15.0,False,Cadillac,0 days 01:04:50.212000,,1,,False,,False,True
0 days 01:07:57.650000,BOT,77,0 days 00:01:38.749000,22.0,3.0,,,0 days 00:00:31.085000,0 days 00:00:18.607000,0 days 00:00:49.057000,0 days 01:06:49.986000,0 days 01:07:08.593000,0 days 01:07:57.650000,268.0,291.0,215.0,280.0,False,MEDIUM,16.0,False,Cadillac,0 days 01:06:18.901000,,126,,False,,False,False
0 days 01:09:38.472000,BOT,77,0 days 00:01:40.822000,23.0,3.0,,,0 days 00:00:38.865000,0 days 00:00:22.797000,0 days 00:00:39.160000,0 days 01:08:36.515000,0 days 01:08:59.312000,0 days 01:09:38.472000,206.0,302.0,297.0,203.0,False,MEDIUM,17.0,False,Cadillac,0 days 01:07:57.650000,,671,,False,,False,False
0 days 01:11:06.725000,BOT,77,0 days 00:01:28.253000,24.0,3.0,,,0 days 00:00:31.071000,0 days 00:00:18.589000,0 days 00:00:38.593000,0 days 01:10:09.543000,0 days 01:10:28.132000,0 days 01:11:06.725000,259.0,287.0,282.0,283.0,False,MEDIUM,18.0,False,Cadillac,0 days 01:09:38.472000,,1,,False,,False,True
0 days 01:12:35.917000,BOT,77,0 days 00:01:29.192000,25.0,3.0,,,0 days 00:00:31.002000,0 days 00:00:18.557000,0 days 00:00:39.633000,0 days 01:11:37.727000,0 days 01:11:56.284000,0 days 01:12:35.917000,259.0,285.0,292.0,274.0,False,MEDIUM,19.0,False,Cadillac,0 days 01:11:06.725000,,1,,False,,False,True
0 days 01:14:06.141000,BOT,77,0 days 00:01:30.224000,26.0,3.0,,,0 days 00:00:31.779000,0 days 00:00:19.366000,0 days 00:00:39.079000,0 days 01:13:07.696000,0 days 01:13:27.062000,0 days 01:14:06.141000,272.0,285.0,299.0,250.0,False,MEDIUM,20.0,False,Cadillac,0 days 01:12:35.917000,,1,,False,,False,True
0 days 01:16:35.343000,BOT,77,0 days 00:02:29.202000,27.0,3.0,,,0 days 00:00:38.467000,0 days 00:00:25.490000,0 days 00:01:25.245000,0 days 01:14:44.608000,0 days 01:15:10.098000,0 days 01:16:35.343000,200.0,199.0,147.0,217.0,False,MEDIUM,21.0,False,Cadillac,0 days 01:14:06.141000,,1,,False,,False,True
0 days 01:18:13.702000,BOT,77,,28.0,3.0,,0 days 01:18:13.702000,0 days 00:00:33.913000,0 days 00:00:21.374000,,0 days 01:17:09.507000,0 days 01:17:30.874000,,255.0,187.0,,236.0,False,MEDIUM,22.0,False,Cadillac,0 days 01:16:35.343000,,1,,False,,False,False
0 days 00:16:10.693000,PIA,81,0 days 00:02:09.455000,1.0,1.0,0 days 00:14:12.003000,,0 days 00:01:06.846000,0 days 00:00:20.665000,0 days 00:00:41.944000,0 days 00:15:08.305000,0 days 00:15:29.040000,0 days 00:16:10.802000,251.0,276.0,243.0,63.0,False,HARD,1.0,True,McLaren,0 days 00:14:12.003000,,12,,False,,False,False
0 days 00:17:53.102000,PIA,81,0 days 00:01:42.409000,2.0,1.0,,,0 days 00:00:38.372000,0 days 00:00:19.991000,0 days 00:00:44.046000,0 days 00:16:49.065000,0 days 00:17:09.056000,0 days 00:17:53.102000,244.0,279.0,281.0,174.0,True,HARD,2.0,True,McLaren,0 days 00:16:10.693000,,21,,False,,False,True
0 days 00:19:14.775000,PIA,81,0 days 00:01:21.673000,3.0,1.0,,,0 days 00:00:28.899000,0 days 00:00:17.799000,0 days 00:00:34.975000,0 days 00:18:22.001000,0 days 00:18:39.800000,0 days 00:19:14.775000,263.0,297.0,304.0,283.0,True,HARD,3.0,True,McLaren,0 days 00:17:53.102000,,1,,False,,False,True
0 days 00:21:24.136000,PIA,81,0 days 00:02:09.361000,4.0,1.0,,,0 days 00:00:44.102000,0 days 00:00:28.695000,0 days 00:00:56.564000,0 days 00:19:58.877000,0 days 00:20:27.572000,0 days 00:21:24.136000,166.0,198.0,279.0,188.0,False,HARD,4.0,True,McLaren,0 days 00:19:14.775000,,1,,False,,False,True
0 days 00:22:45.212000,PIA,81,0 days 00:01:21.076000,5.0,1.0,,,0 days 00:00:28.494000,0 days 00:00:17.743000,0 days 00:00:34.839000,0 days 00:21:52.630000,0 days 00:22:10.373000,0 days 00:22:45.212000,268.0,288.0,307.0,293.0,True,HARD,5.0,True,McLaren,0 days 00:21:24.136000,,1,,False,,False,True
0 days 00:24:50.850000,PIA,81,0 days 00:02:05.638000,6.0,1.0,,,0 days 00:00:42.632000,0 days 00:00:27.243000,0 days 00:00:55.763000,0 days 00:23:27.844000,0 days 00:23:55.087000,0 days 00:24:50.850000,185.0,115.0,288.0,207.0,False,HARD,6.0,True,McLaren,0 days 00:22:45.212000,,1,,False,,False,True
0 days 00:26:11.488000,PIA,81,0 days 00:01:20.638000,7.0,1.0,,,0 days 00:00:28.134000,0 days 00:00:17.805000,0 days 00:00:34.699000,0 days 00:25:18.984000,0 days 00:25:36.789000,0 days 00:26:11.488000,268.0,281.0,301.0,297.0,True,HARD,7.0,True,McLaren,0 days 00:24:50.850000,,1,,False,,False,True
0 days 00:28:07.690000,PIA,81,0 days 00:01:56.202000,8.0,1.0,,,0 days 00:00:41.142000,0 days 00:00:26.208000,0 days 00:00:48.852000,0 days 00:26:52.630000,0 days 00:27:18.838000,0 days 00:28:07.690000,121.0,247.0,279.0,177.0,False,HARD,8.0,True,McLaren,0 days 00:26:11.488000,,1,,False,,False,True
0 days 00:29:28.540000,PIA,81,0 days 00:01:20.850000,9.0,1.0,,,0 days 00:00:28.343000,0 days 00:00:17.800000,0 days 00:00:34.707000,0 days 00:28:36.033000,0 days 00:28:53.833000,0 days 00:29:28.540000,263.0,276.0,303.0,285.0,False,HARD,9.0,True,McLaren,0 days 00:28:07.690000,,1,,False,,False,True
0 days 00:45:20.729000,PIA,81,,10.0,1.0,,0 days 00:31:05.860000,0 days 00:00:37.654000,0 days 00:00:22.477000,,0 days 00:30:06.353000,0 days 00:30:28.943000,,216.0,244.0,,199.0,False,HARD,10.0,True,McLaren,0 days 00:29:28.540000,,1,,False,,False,False
0 days 00:47:04.345000,PIA,81,0 days 00:01:43.616000,11.0,2.0,0 days 00:45:23.137000,,0 days 00:00:39.799000,0 days 00:00:20.018000,0 days 00:00:43.799000,0 days 00:46:00.528000,0 days 00:46:20.546000,0 days 00:47:04.345000,257.0,278.0,292.0,143.0,False,SOFT,1.0,True,McLaren,0 days 00:45:20.729000,,1,,False,,False,False
0 days 00:48:24.074000,PIA,81,0 days 00:01:19.729000,12.0,2.0,,,0 days 00:00:27.803000,0 days 00:00:17.538000,0 days 00:00:34.388000,0 days 00:47:32.148000,0 days 00:47:49.686000,0 days 00:48:24.074000,266.0,289.0,304.0,300.0,True,SOFT,2.0,True,McLaren,0 days 00:47:04.345000,,1,,False,,False,True
0 days 00:57:08.892000,PIA,81,,13.0,2.0,,0 days 00:50:07.467000,0 days 00:00:36.094000,0 days 00:00:25.173000,,0 days 00:49:00.026000,0 days 00:49:25.390000,,227.0,160.0,,185.0,False,SOFT,3.0,True,McLaren,0 days 00:48:24.074000,,1,,False,,False,False
0 days 00:59:17.691000,PIA,81,0 days 00:02:08.799000,14.0,3.0,0 days 00:57:47.475000,,0 days 00:01:13.438000,0 days 00:00:18.072000,0 days 00:00:37.289000,0 days 00:58:22.330000,0 days 00:58:40.402000,0 days 00:59:17.691000,261.0,293.0,302.0,189.0,False,SOFT,4.0,False,McLaren,0 days 00:57:08.892000,,1,,False,,False,False
0 days 01:00:42.597000,PIA,81,0 days 00:01:24.906000,15.0,3.0,,,0 days 00:00:30.216000,0 days 00:00:18.053000,0 days 00:00:36.637000,0 days 00:59:47.907000,0 days 01:00:05.960000,0 days 01:00:42.597000,257.0,295.0,288.0,242.0,False,SOFT,5.0,False,McLaren,0 days 00:59:17.691000,,1,,False,,False,True
0 days 01:02:07.807000,PIA,81,0 days 00:01:25.210000,16.0,3.0,,,0 days 00:00:29.827000,0 days 00:00:18.294000,0 days 00:00:37.089000,0 days 01:01:12.424000,0 days 01:01:30.718000,0 days 01:02:07.807000,259.0,295.0,289.0,277.0,False,SOFT,6.0,False,McLaren,0 days 01:00:42.597000,,1,,False,,False,True
0 days 01:03:32.401000,PIA,81,0 days 00:01:24.594000,17.0,3.0,,,0 days 00:00:29.299000,0 days 00:00:18.439000,0 days 00:00:36.856000,0 days 01:02:37.106000,0 days 01:02:55.545000,0 days 01:03:32.401000,255.0,294.0,291.0,283.0,False,SOFT,7.0,False,McLaren,0 days 01:02:07.807000,,1,,False,,False,True
0 days 01:04:57.049000,PIA,81,0 days 00:01:24.648000,18.0,3.0,,,0 days 00:00:29.660000,0 days 00:00:18.088000,0 days 00:00:36.900000,0 days 01:04:02.061000,0 days 01:04:20.149000,0 days 01:04:57.049000,255.0,304.0,294.0,277.0,False,SOFT,8.0,False,McLaren,0 days 01:03:32.401000,,1,,False,,False,True
0 days 01:06:21.933000,PIA,81,0 days 00:01:24.884000,19.0,3.0,,,0 days 00:00:29.528000,0 days 00:00:17.708000,0 days 00:00:37.648000,0 days 01:05:26.577000,0 days 01:05:44.285000,0 days 01:06:21.933000,257.0,310.0,282.0,287.0,False,SOFT,9.0,False,McLaren,0 days 01:04:57.049000,,1,,False,,False,True
0 days 01:07:58.502000,PIA,81,0 days 00:01:36.569000,20.0,3.0,,,0 days 00:00:29.512000,0 days 00:00:18.088000,0 days 00:00:48.969000,0 days 01:06:51.445000,0 days 01:07:09.533000,0 days 01:07:58.502000,260.0,302.0,210.0,282.0,False,SOFT,10.0,False,McLaren,0 days 01:06:21.933000,,126,,False,,False,False
0 days 01:09:36.592000,PIA,81,0 days 00:01:38.090000,21.0,3.0,,,0 days 00:00:39.055000,0 days 00:00:22.021000,0 days 00:00:37.014000,0 days 01:08:37.557000,0 days 01:08:59.578000,0 days 01:09:36.592000,185.0,316.0,288.0,188.0,False,SOFT,11.0,False,McLaren,0 days 01:07:58.502000,,671,,False,,False,False
0 days 01:11:16.684000,PIA,81,0 days 00:01:40.092000,22.0,3.0,,0 days 01:10:59.240000,0 days 00:00:29.531000,0 days 00:00:18.507000,0 days 00:00:52.054000,0 days 01:10:06.123000,0 days 01:10:24.630000,0 days 01:11:16.684000,263.0,293.0,,283.0,False,SOFT,12.0,False,McLaren,0 days 01:09:36.592000,,1,,False,,False,False
0 days 01:12:47.684000,PIA,81,0 days 00:01:31,23.0,4.0,0 days 01:11:19.454000,,0 days 00:00:35.823000,0 days 00:00:18.379000,0 days 00:00:36.798000,0 days 01:11:52.507000,0 days 01:12:10.886000,0 days 01:12:47.684000,260.0,292.0,289.0,234.0,False,HARD,11.0,False,McLaren,0 days 01:11:16.684000,,1,,False,,False,False
0 days 01:14:11.611000,PIA,81,0 days 00:01:23.927000,24.0,4.0,,,0 days 00:00:29.134000,0 days 00:00:18.455000,0 days 00:00:36.338000,0 days 01:13:16.818000,0 days 01:13:35.273000,0 days 01:14:11.611000,252.0,293.0,280.0,284.0,False,HARD,12.0,False,McLaren,0 days 01:12:47.684000,,1,,False,,False,True
0 days 01:17:05.499000,PIA,81,,25.0,4.0,,,0 days 00:00:48.715000,0 days 00:00:25.432000,0 days 00:01:39.664000,0 days 01:15:00.527000,0 days 01:15:25.926000,0 days 01:17:05.499000,87.0,283.0,174.0,214.0,False,HARD,13.0,False,McLaren,0 days 01:14:11.611000,,1,,False,,False,False
0 days 01:18:41.479000,PIA,81,,26.0,4.0,,0 days 01:18:41.479000,0 days 00:00:30.539000,0 days 00:00:18.818000,,0 days 01:17:36.179000,0 days 01:17:54.903000,,261.0,286.0,,260.0,False,HARD,14.0,False,McLaren,0 days 01:17:05.499000,,12,,False,,False,False
0 days 00:15:32.894000,BEA,87,0 days 00:01:53.957000,1.0,1.0,0 days 00:13:42.683000,,0 days 00:00:45.861000,0 days 00:00:20.354000,0 days 00:00:47.742000,0 days 00:14:24.935000,0 days 00:14:45.361000,0 days 00:15:32.950000,262.0,267.0,238.0,123.0,False,HARD,1.0,True,Haas F1 Team,0 days 00:13:42.683000,,1,,False,,False,False
0 days 00:17:17.487000,BEA,87,0 days 00:01:44.593000,2.0,1.0,,,0 days 00:00:33.750000,0 days 00:00:21.065000,0 days 00:00:49.778000,0 days 00:16:06.644000,0 days 00:16:27.709000,0 days 00:17:17.487000,239.0,155.0,259.0,216.0,True,HARD,2.0,True,Haas F1 Team,0 days 00:15:32.894000,,12,,False,,False,True
0 days 00:18:41.347000,BEA,87,0 days 00:01:23.860000,3.0,1.0,,,0 days 00:00:29.978000,0 days 00:00:17.991000,0 days 00:00:35.891000,0 days 00:17:47.465000,0 days 00:18:05.456000,0 days 00:18:41.347000,231.0,295.0,307.0,290.0,True,HARD,3.0,True,Haas F1 Team,0 days 00:17:17.487000,,1,,False,,False,True
0 days 00:20:55.369000,BEA,87,0 days 00:02:14.022000,4.0,1.0,,,0 days 00:00:50.429000,0 days 00:00:27.837000,0 days 00:00:55.756000,0 days 00:19:31.776000,0 days 00:19:59.613000,0 days 00:20:55.369000,130.0,201.0,254.0,176.0,False,HARD,4.0,True,Haas F1 Team,0 days 00:18:41.347000,,1,,False,,False,True
0 days 00:22:19.107000,BEA,87,0 days 00:01:23.738000,5.0,1.0,,,0 days 00:00:29.420000,0 days 00:00:18.222000,0 days 00:00:36.096000,0 days 00:21:24.789000,0 days 00:21:43.011000,0 days 00:22:19.107000,271.0,278.0,304.0,291.0,True,HARD,5.0,True,Haas F1 Team,0 days 00:20:55.369000,,1,,False,,False,True
0 days 00:24:21.783000,BEA,87,0 days 00:02:02.676000,6.0,1.0,,,0 days 00:00:49.276000,0 days 00:00:27.235000,0 days 00:00:46.165000,0 days 00:23:08.383000,0 days 00:23:35.618000,0 days 00:24:21.783000,172.0,216.0,265.0,193.0,False,HARD,6.0,True,Haas F1 Team,0 days 00:22:19.107000,,1,,False,,False,True
0 days 00:25:44.561000,BEA,87,0 days 00:01:22.778000,7.0,1.0,,,0 days 00:00:28.979000,0 days 00:00:18.012000,0 days 00:00:35.787000,0 days 00:24:50.762000,0 days 00:25:08.774000,0 days 00:25:44.561000,273.0,280.0,304.0,286.0,True,HARD,7.0,True,Haas F1 Team,0 days 00:24:21.783000,,1,,False,,False,True
0 days 00:27:52.107000,BEA,87,0 days 00:02:07.546000,8.0,1.0,,,0 days 00:00:54.808000,0 days 00:00:29.519000,0 days 00:00:43.219000,0 days 00:26:39.369000,0 days 00:27:08.888000,0 days 00:27:52.107000,131.0,203.0,270.0,210.0,False,HARD,8.0,True,Haas F1 Team,0 days 00:25:44.561000,,1,,False,,False,True
0 days 00:29:14.714000,BEA,87,0 days 00:01:22.607000,9.0,1.0,,,0 days 00:00:29.122000,0 days 00:00:17.721000,0 days 00:00:35.764000,0 days 00:28:21.229000,0 days 00:28:38.950000,0 days 00:29:14.714000,268.0,291.0,307.0,286.0,True,HARD,9.0,True,Haas F1 Team,0 days 00:27:52.107000,,1,,False,,False,True
0 days 00:36:14.912000,BEA,87,,10.0,1.0,,0 days 00:30:51.492000,0 days 00:00:33.560000,0 days 00:00:20.884000,,0 days 00:29:48.486000,0 days 00:30:09.404000,,221.0,217.0,,241.0,False,HARD,10.0,True,Haas F1 Team,0 days 00:29:14.714000,,1,,False,,False,False
0 days 00:38:05.137000,BEA,87,0 days 00:01:50.225000,11.0,2.0,0 days 00:36:19.636000,,0 days 00:00:46.266000,0 days 00:00:20.320000,0 days 00:00:43.639000,0 days 00:37:01.178000,0 days 00:37:21.498000,0 days 00:38:05.137000,247.0,268.0,273.0,138.0,False,SOFT,1.0,True,Haas F1 Team,0 days 00:36:14.912000,,1,,False,,False,False
0 days 00:39:26.463000,BEA,87,0 days 00:01:21.326000,12.0,2.0,,,0 days 00:00:28.652000,0 days 00:00:17.544000,0 days 00:00:35.130000,0 days 00:38:33.789000,0 days 00:38:51.333000,0 days 00:39:26.463000,243.0,311.0,309.0,295.0,True,SOFT,2.0,True,Haas F1 Team,0 days 00:38:05.137000,,1,,False,,False,True
0 days 00:41:50.604000,BEA,87,0 days 00:02:24.141000,13.0,2.0,,,0 days 00:00:54.329000,0 days 00:00:36.012000,0 days 00:00:53.800000,0 days 00:40:20.792000,0 days 00:40:56.804000,0 days 00:41:50.604000,125.0,139.0,192.0,220.0,False,SOFT,3.0,True,Haas F1 Team,0 days 00:39:26.463000,,1,,False,,False,True
0 days 00:43:36.775000,BEA,87,0 days 00:01:46.171000,14.0,2.0,,,0 days 00:00:39.095000,0 days 00:00:25.069000,0 days 00:00:42.007000,0 days 00:42:29.699000,0 days 00:42:54.768000,0 days 00:43:36.775000,180.0,230.0,269.0,168.0,False,SOFT,4.0,True,Haas F1 Team,0 days 00:41:50.604000,,1,,False,,False,True
0 days 00:50:57.305000,BEA,87,,15.0,2.0,,0 days 00:44:59.003000,0 days 00:00:28.584000,0 days 00:00:17.568000,,0 days 00:44:05.497000,0 days 00:44:23.115000,,257.0,303.0,,297.0,False,SOFT,5.0,True,Haas F1 Team,0 days 00:43:36.775000,,1,,False,,False,False
0 days 00:53:23.945000,BEA,87,0 days 00:02:26.640000,16.0,3.0,0 days 00:51:00.723000,0 days 00:53:10.610000,0 days 00:01:13.948000,0 days 00:00:20.329000,0 days 00:00:52.363000,0 days 00:52:11.253000,0 days 00:52:31.582000,0 days 00:53:23.945000,256.0,249.0,,149.0,False,HARD,11.0,False,Haas F1 Team,0 days 00:50:57.305000,,1,,False,,False,False
0 days 00:55:48.615000,BEA,87,0 days 00:02:24.670000,17.0,4.0,0 days 00:53:54.345000,,0 days 00:01:28.746000,0 days 00:00:18.446000,0 days 00:00:37.478000,0 days 00:54:52.691000,0 days 00:55:11.137000,0 days 00:55:48.615000,263.0,289.0,283.0,199.0,False,HARD,12.0,False,Haas F1 Team,0 days 00:53:23.945000,,1,,False,,False,False
0 days 00:57:15.034000,BEA,87,0 days 00:01:26.419000,18.0,4.0,,,0 days 00:00:30.411000,0 days 00:00:18.328000,0 days 00:00:37.680000,0 days 00:56:19.026000,0 days 00:56:37.354000,0 days 00:57:15.034000,267.0,290.0,279.0,267.0,False,HARD,13.0,False,Haas F1 Team,0 days 00:55:48.615000,,1,,False,,False,True
0 days 00:58:40.991000,BEA,87,0 days 00:01:25.957000,19.0,4.0,,,0 days 00:00:30.478000,0 days 00:00:18.319000,0 days 00:00:37.160000,0 days 00:57:45.512000,0 days 00:58:03.831000,0 days 00:58:40.991000,265.0,284.0,284.0,266.0,False,HARD,14.0,False,Haas F1 Team,0 days 00:57:15.034000,,1,,False,,False,True
0 days 01:00:07.092000,BEA,87,0 days 00:01:26.101000,20.0,4.0,,,0 days 00:00:30.482000,0 days 00:00:18.185000,0 days 00:00:37.434000,0 days 00:59:11.473000,0 days 00:59:29.658000,0 days 01:00:07.092000,265.0,288.0,283.0,272.0,False,HARD,15.0,False,Haas F1 Team,0 days 00:58:40.991000,,1,,False,,False,True
0 days 01:01:32.954000,BEA,87,0 days 00:01:25.862000,21.0,4.0,,,0 days 00:00:30.330000,0 days 00:00:18.207000,0 days 00:00:37.325000,0 days 01:00:37.422000,0 days 01:00:55.629000,0 days 01:01:32.954000,261.0,288.0,283.0,269.0,False,HARD,16.0,False,Haas F1 Team,0 days 01:00:07.092000,,1,,False,,False,True
0 days 01:02:59.440000,BEA,87,0 days 00:01:26.486000,22.0,4.0,,,0 days 00:00:30.610000,0 days 00:00:18.187000,0 days 00:00:37.689000,0 days 01:02:03.564000,0 days 01:02:21.751000,0 days 01:02:59.440000,262.0,290.0,274.0,273.0,False,HARD,17.0,False,Haas F1 Team,0 days 01:01:32.954000,,1,,False,,False,True
0 days 01:04:26.056000,BEA,87,0 days 00:01:26.616000,23.0,4.0,,,0 days 00:00:30.388000,0 days 00:00:18.262000,0 days 00:00:37.966000,0 days 01:03:29.828000,0 days 01:03:48.090000,0 days 01:04:26.056000,262.0,290.0,276.0,270.0,False,HARD,18.0,False,Haas F1 Team,0 days 01:02:59.440000,,1,,False,,False,True
0 days 01:05:52.757000,BEA,87,0 days 00:01:26.701000,24.0,4.0,,,0 days 00:00:30.507000,0 days 00:00:18.297000,0 days 00:00:37.897000,0 days 01:04:56.563000,0 days 01:05:14.860000,0 days 01:05:52.757000,260.0,290.0,282.0,273.0,False,HARD,19.0,False,Haas F1 Team,0 days 01:04:26.056000,,1,,False,,False,True
0 days 01:07:20.711000,BEA,87,0 days 00:01:27.954000,25.0,4.0,,,0 days 00:00:31.535000,0 days 00:00:18.375000,0 days 00:00:38.044000,0 days 01:06:24.292000,0 days 01:06:42.667000,0 days 01:07:20.711000,259.0,296.0,294.0,277.0,False,HARD,20.0,False,Haas F1 Team,0 days 01:05:52.757000,,12,,False,,False,True
0 days 01:09:09.170000,BEA,87,0 days 00:01:48.459000,26.0,4.0,,,0 days 00:00:38.384000,0 days 00:00:24.052000,0 days 00:00:46.023000,0 days 01:07:59.095000,0 days 01:08:23.147000,0 days 01:09:09.170000,178.0,210.0,301.0,282.0,False,HARD,21.0,False,Haas F1 Team,0 days 01:07:20.711000,,2671,,False,,False,False
0 days 01:10:35.170000,BEA,87,0 days 00:01:26,27.0,4.0,,,0 days 00:00:30.421000,0 days 00:00:18.081000,0 days 00:00:37.498000,0 days 01:09:39.591000,0 days 01:09:57.672000,0 days 01:10:35.170000,264.0,300.0,295.0,280.0,False,HARD,22.0,False,Haas F1 Team,0 days 01:09:09.170000,,1,,False,,False,True
0 days 01:12:01.077000,BEA,87,0 days 00:01:25.907000,28.0,4.0,,,0 days 00:00:30.323000,0 days 00:00:18.208000,0 days 00:00:37.376000,0 days 01:11:05.493000,0 days 01:11:23.701000,0 days 01:12:01.077000,265.0,300.0,291.0,287.0,False,HARD,23.0,False,Haas F1 Team,0 days 01:10:35.170000,,1,,False,,False,True
0 days 01:13:26.946000,BEA,87,0 days 00:01:25.869000,29.0,4.0,,,0 days 00:00:30.362000,0 days 00:00:18.116000,0 days 00:00:37.391000,0 days 01:12:31.439000,0 days 01:12:49.555000,0 days 01:13:26.946000,262.0,298.0,290.0,282.0,False,HARD,24.0,False,Haas F1 Team,0 days 01:12:01.077000,,1,,False,,False,True
0 days 01:15:37.702000,BEA,87,0 days 00:02:10.756000,30.0,4.0,,,0 days 00:00:39.892000,0 days 00:00:28.496000,0 days 00:01:02.368000,0 days 01:14:06.838000,0 days 01:14:35.334000,0 days 01:15:37.702000,155.0,183.0,31.0,253.0,False,HARD,25.0,False,Haas F1 Team,0 days 01:13:26.946000,,1,,False,,False,True
0 days 01:17:26.353000,BEA,87,,31.0,4.0,,0 days 01:17:26.353000,0 days 00:00:51.309000,0 days 00:00:18.668000,,0 days 01:16:29.083000,0 days 01:16:47.749000,,252.0,287.0,,231.0,False,HARD,26.0,False,Haas F1 Team,0 days 01:15:37.702000,,1,,False,,False,False
